year,month,yyyymm,sido,sigungu,passenger_private,passenger_total,van_private,van_total
2018,1,201801,강원,강릉시,79406,81585,3341,4128
2018,1,201801,강원,고성군,9460,9611,531,611
2018,1,201801,강원,동해시,33874,34669,1561,1746
2018,1,201801,강원,삼척시,22873,23386,1072,1272
2018,1,201801,강원,속초시,27904,28882,1443,1673
2018,1,201801,강원,양구군,7913,8001,381,446
2018,1,201801,강원,양양군,9829,9979,534,578
2018,1,201801,강원,영월군,13244,13518,849,995
2018,1,201801,강원,원주시,125191,128495,5283,6060
2018,1,201801,강원,인제군,11709,11853,625,719
2018,1,201801,강원,정선군,12934,13241,794,927
2018,1,201801,강원,철원군,15284,15468,971,1053
2018,1,201801,강원,춘천시,100305,102857,4123,5004
2018,1,201801,강원,태백시,15628,16161,878,1093
2018,1,201801,강원,평창군,15526,15817,856,985
2018,1,201801,강원,홍천군,23902,24242,1475,1887
2018,1,201801,강원,화천군,8559,8666,407,509
2018,1,201801,강원,횡성군,15465,16064,937,1088
2018,1,201801,경기,가평군,20834,21158,1465,1843
2018,1,201801,경기,고양시,328533,336443,12190,14399
2018,1,201801,경기,과천시,17320,18118,682,802
2018,1,201801,경기,광명시,87281,89112,3941,4495
2018,1,201801,경기,광주시,132207,133043,6178,9238
2018,1,201801,경기,구리시,55939,57062,2448,2782
2018,1,201801,경기,군포시,82124,83020,3159,3405
2018,1,201801,경기,김포시,143986,146033,6271,7752
2018,1,201801,경기,남양주시,209586,211497,10090,11085
2018,1,201801,경기,동두천시,28970,29771,1755,1871
2018,1,201801,경기,부천시,241424,247609,11832,13402
2018,1,201801,경기,성남시,287386,294587,10095,12086
2018,1,201801,경기,수원시,414477,423065,16270,19278
2018,1,201801,경기,시흥시,155995,158205,7604,8062
2018,1,201801,경기,안산시,230240,235166,12328,14602
2018,1,201801,경기,안성시,71720,72746,3745,4277
2018,1,201801,경기,안양시,173233,177290,6884,8730
2018,1,201801,경기,양주시,71496,72409,4320,5020
2018,1,201801,경기,양평군,41741,42205,2054,2852
2018,1,201801,경기,여주시,43108,43776,2333,3168
2018,1,201801,경기,연천군,15382,15632,989,1161
2018,1,201801,경기,오산시,77616,78851,3478,4028
2018,1,201801,경기,용인시,364272,371386,12431,14879
2018,1,201801,경기,의왕시,49124,49665,1804,1983
2018,1,201801,경기,의정부시,120766,122958,6153,6816
2018,1,201801,경기,이천시,80659,81797,4023,4598
2018,1,201801,경기,파주시,155083,157576,6698,9562
2018,1,201801,경기,평택시,192423,196005,8912,10612
2018,1,201801,경기,포천시,57384,63192,3680,4584
2018,1,201801,경기,하남시,75845,76442,2870,3268
2018,1,201801,경기,화성시,282248,286107,11493,14007
2018,1,201801,경남,거제시,87226,88639,3540,4231
2018,1,201801,경남,거창군,20198,20493,976,1200
2018,1,201801,경남,고성군,17575,17946,921,1080
2018,1,201801,경남,김해시,202983,205487,7988,8706
2018,1,201801,경남,남해군,11953,12216,655,847
2018,1,201801,경남,밀양시,37517,38108,1670,1994
2018,1,201801,경남,사천시,40794,41601,1710,2027
2018,1,201801,경남,산청군,11485,11686,594,698
2018,1,201801,경남,양산시,122673,123821,5122,6148
2018,1,201801,경남,의령군,8723,8848,448,555
2018,1,201801,경남,진주시,121397,124486,4408,5723
2018,1,201801,경남,창녕군,22729,23340,1205,1417
2018,1,201801,경남,창원시,452247,478608,13516,16581
2018,1,201801,경남,통영시,40486,41402,2210,2549
2018,1,201801,경남,하동군,15205,15381,723,820
2018,1,201801,경남,함안군,29092,38750,1358,1891
2018,1,201801,경남,함양군,11736,11949,575,705
2018,1,201801,경남,합천군,13855,14040,712,840
2018,1,201801,경북,경산시,101224,102567,3720,4242
2018,1,201801,경북,경주시,102742,105026,4665,5401
2018,1,201801,경북,고령군,13225,13318,745,818
2018,1,201801,경북,구미시,167229,170263,6841,7756
2018,1,201801,경북,군위군,8598,8677,438,496
2018,1,201801,경북,김천시,50426,51170,2340,2691
2018,1,201801,경북,문경시,23464,23892,1369,1552
2018,1,201801,경북,봉화군,9700,9847,502,585
2018,1,201801,경북,상주시,32135,32700,1738,2108
2018,1,201801,경북,성주군,17761,18165,890,983
2018,1,201801,경북,안동시,57283,58344,2529,2965
2018,1,201801,경북,영덕군,11653,11864,666,770
2018,1,201801,경북,영양군,5194,5278,285,340
2018,1,201801,경북,영주시,37118,37767,1891,2115
2018,1,201801,경북,영천시,37689,38237,1936,2268
2018,1,201801,경북,예천군,16352,16609,765,865
2018,1,201801,경북,울릉군,3362,3624,235,412
2018,1,201801,경북,울진군,17824,18117,787,931
2018,1,201801,경북,의성군,16441,16623,930,1088
2018,1,201801,경북,청도군,15270,15428,734,811
2018,1,201801,경북,청송군,8578,8686,432,533
2018,1,201801,경북,칠곡군,51733,52157,2293,2921
2018,1,201801,경북,포항시,202585,206958,7216,8612
2018,1,201801,광주,광산구,146162,149527,5423,5985
2018,1,201801,광주,남구,72607,74006,2559,2982
2018,1,201801,광주,동구,30173,30855,1237,1463
2018,1,201801,광주,북구,149318,155908,5256,6478
2018,1,201801,광주,서구,119886,125611,4043,4858
2018,1,201801,대구,남구,46673,48113,1916,2241
2018,1,201801,대구,달서구,217447,223320,6485,7321
2018,1,201801,대구,달성군,96635,98080,3345,3933
2018,1,201801,대구,동구,122986,128366,4309,5119
2018,1,201801,대구,북구,155794,159095,5042,5864
2018,1,201801,대구,서구,59397,61921,2436,2822
2018,1,201801,대구,수성구,186195,189520,4405,5300
2018,1,201801,대구,중구,50476,51202,1217,1662
2018,1,201801,대전,대덕구,67826,69649,3048,3610
2018,1,201801,대전,동구,69476,71929,3312,3721
2018,1,201801,대전,서구,173080,178121,5778,6450
2018,1,201801,대전,유성구,144864,147043,4339,4809
2018,1,201801,대전,중구,79327,82407,3600,4254
2018,1,201801,부산,강서구,49178,50503,1965,2258
2018,1,201801,부산,금정구,67148,70617,2904,3669
2018,1,201801,부산,기장군,56350,57169,2489,3031
2018,1,201801,부산,남구,74207,76436,2804,3272
2018,1,201801,부산,동구,37512,38929,1178,1460
2018,1,201801,부산,동래구,73749,75533,2783,3500
2018,1,201801,부산,부산진구,102600,108826,4037,4713
2018,1,201801,부산,북구,84103,85598,3184,3586
2018,1,201801,부산,사상구,66478,69767,2985,3468
2018,1,201801,부산,사하구,90722,95309,3691,4135
2018,1,201801,부산,서구,22467,22881,1167,1228
2018,1,201801,부산,수영구,57236,67784,1941,2336
2018,1,201801,부산,연제구,75581,80469,2255,3212
2018,1,201801,부산,영도구,26282,27871,1304,1658
2018,1,201801,부산,중구,17627,17902,620,721
2018,1,201801,부산,해운대구,141216,143468,4317,4637
2018,1,201801,서울,강남구,197200,213939,5729,6847
2018,1,201801,서울,강동구,109956,115324,4530,5132
2018,1,201801,서울,강북구,61289,64088,3457,4246
2018,1,201801,서울,강서구,160852,172113,6597,7980
2018,1,201801,서울,관악구,100625,103836,4848,5174
2018,1,201801,서울,광진구,79788,83035,3437,4148
2018,1,201801,서울,구로구,109038,119324,6025,6777
2018,1,201801,서울,금천구,64624,68178,4108,4618
2018,1,201801,서울,노원구,128166,134413,5214,6253
2018,1,201801,서울,도봉구,76842,82097,3635,4102
2018,1,201801,서울,동대문구,76703,79874,3971,4224
2018,1,201801,서울,동작구,90301,91668,3452,3633
2018,1,201801,서울,마포구,95567,99458,3872,4642
2018,1,201801,서울,서대문구,70407,73640,3147,3638
2018,1,201801,서울,서초구,152070,158408,4540,5499
2018,1,201801,서울,성동구,81246,87940,3071,3688
2018,1,201801,서울,성북구,97227,99967,4519,5720
2018,1,201801,서울,송파구,191498,198157,6008,7661
2018,1,201801,서울,양천구,123859,128814,4746,5622
2018,1,201801,서울,영등포구,114145,118612,5731,6127
2018,1,201801,서울,용산구,66176,67508,2647,2783
2018,1,201801,서울,은평구,105307,109537,4883,5706
2018,1,201801,서울,종로구,38832,41091,2129,4021
2018,1,201801,서울,중구,38549,40611,2538,3447
2018,1,201801,서울,중랑구,86453,92746,4695,5287
2018,1,201801,세종,세종시,111301,112173,3620,4088
2018,1,201801,울산,남구,130638,133912,3606,4283
2018,1,201801,울산,동구,56177,56761,1637,1819
2018,1,201801,울산,북구,84946,87248,2406,2698
2018,1,201801,울산,울주군,91470,92739,3303,4148
2018,1,201801,울산,중구,88813,90247,2472,2930
2018,1,201801,인천,강화군,21910,23548,1360,1645
2018,1,201801,인천,계양구,96164,241445,4822,8924
2018,1,201801,인천,남동구,200250,236939,7445,9152
2018,1,201801,인천,동구,20299,21048,1151,1247
2018,1,201801,인천,미추홀구,122106,169103,5791,8162
2018,1,201801,인천,부평구,183716,188125,7715,8721
2018,1,201801,인천,서구,178336,182811,8041,9447
2018,1,201801,인천,연수구,144422,148998,3811,4851
2018,1,201801,인천,옹진군,7544,7644,549,635
2018,1,201801,인천,중구,42759,48747,2015,2947
2018,1,201801,전남,강진군,10881,11128,621,766
2018,1,201801,전남,고흥군,17043,17310,1149,1324
2018,1,201801,전남,곡성군,8899,9180,524,633
2018,1,201801,전남,광양시,60310,61120,2599,2967
2018,1,201801,전남,구례군,8255,8621,499,582
2018,1,201801,전남,나주시,39322,40509,2012,2527
2018,1,201801,전남,담양군,16523,16856,891,1202
2018,1,201801,전남,목포시,74690,77455,3662,4260
2018,1,201801,전남,무안군,28091,28540,1522,1751
2018,1,201801,전남,보성군,12443,77810,794,3854
2018,1,201801,전남,순천시,100700,102587,3990,4881
2018,1,201801,전남,신안군,11059,11320,643,782
2018,1,201801,전남,여수시,96894,99289,4284,5104
2018,1,201801,전남,영광군,17324,17554,879,1021
2018,1,201801,전남,영암군,19454,29269,1229,1639
2018,1,201801,전남,완도군,13752,14014,827,977
2018,1,201801,전남,장성군,16332,16571,884,1035
2018,1,201801,전남,장흥군,11747,11900,671,770
2018,1,201801,전남,진도군,9317,9477,597,686
2018,1,201801,전남,함평군,10553,10753,592,720
2018,1,201801,전남,해남군,21294,21646,1601,1758
2018,1,201801,전남,화순군,21704,22009,1161,2479
2018,1,201801,전북,고창군,17787,18039,1277,1421
2018,1,201801,전북,군산시,100630,103707,4085,4719
2018,1,201801,전북,김제시,28835,29604,1629,1877
2018,1,201801,전북,남원시,24894,27740,1420,1885
2018,1,201801,전북,무주군,7404,7529,518,597
2018,1,201801,전북,부안군,17241,17502,945,1136
2018,1,201801,전북,순창군,8633,8749,505,592
2018,1,201801,전북,완주군,36030,36540,1818,2467
2018,1,201801,전북,익산시,103058,105608,5126,5828
2018,1,201801,전북,임실군,8896,9016,483,604
2018,1,201801,전북,장수군,6714,6815,414,480
2018,1,201801,전북,전주시,249347,255632,8364,10164
2018,1,201801,전북,정읍시,34932,37311,1901,2222
2018,1,201801,전북,진안군,8086,8213,487,604
2018,1,201801,제주,서귀포시,66435,68049,3640,3934
2018,1,201801,제주,제주시,209576,335558,9083,16760
2018,1,201801,충남,계룡시,18068,18215,735,887
2018,1,201801,충남,공주시,36781,37952,2053,2496
2018,1,201801,충남,금산군,17596,18977,1267,1665
2018,1,201801,충남,논산시,40276,41257,2453,2939
2018,1,201801,충남,당진시,67319,67930,2835,3200
2018,1,201801,충남,보령시,35413,35964,1699,1935
2018,1,201801,충남,부여군,20635,21301,1390,1830
2018,1,201801,충남,서산시,64762,65932,2981,3517
2018,1,201801,충남,서천군,18011,18242,909,1068
2018,1,201801,충남,아산시,123881,126321,5749,6469
2018,1,201801,충남,예산군,27883,28316,1591,1971
2018,1,201801,충남,천안시,243819,248553,10466,12250
2018,1,201801,충남,청양군,9869,10017,577,688
2018,1,201801,충남,태안군,21123,21374,1195,1325
2018,1,201801,충남,홍성군,35638,36145,1754,2056
2018,1,201801,충북,괴산군,12978,13124,850,944
2018,1,201801,충북,단양군,9615,9804,631,722
2018,1,201801,충북,보은군,10495,10687,669,807
2018,1,201801,충북,영동군,15430,15645,854,996
2018,1,201801,충북,옥천군,16980,17457,948,1082
2018,1,201801,충북,음성군,39848,40204,2388,2608
2018,1,201801,충북,제천시,47592,48480,2280,2526
2018,1,201801,충북,증평군,13973,14154,702,774
2018,1,201801,충북,진천군,30931,31246,1592,1776
2018,1,201801,충북,청주시,310903,320627,12347,15162
2018,1,201801,충북,충주시,77052,78934,3699,4245
2018,2,201802,강원,강릉시,79459,81695,3321,4105
2018,2,201802,강원,고성군,9429,9578,536,617
2018,2,201802,강원,동해시,33857,34651,1558,1745
2018,2,201802,강원,삼척시,22996,23511,1066,1266
2018,2,201802,강원,속초시,27936,28924,1435,1665
2018,2,201802,강원,양구군,7892,7979,384,449
2018,2,201802,강원,양양군,9876,10026,528,572
2018,2,201802,강원,영월군,13277,13551,843,989
2018,2,201802,강원,원주시,125454,128797,5294,6083
2018,2,201802,강원,인제군,11694,11840,628,722
2018,2,201802,강원,정선군,12952,13260,795,928
2018,2,201802,강원,철원군,15326,15510,972,1055
2018,2,201802,강원,춘천시,100573,103169,4105,4987
2018,2,201802,강원,태백시,15610,16138,872,1088
2018,2,201802,강원,평창군,15528,15821,865,995
2018,2,201802,강원,홍천군,23910,24253,1473,1888
2018,2,201802,강원,화천군,8548,8655,400,502
2018,2,201802,강원,횡성군,15508,16110,934,1077
2018,2,201802,경기,가평군,20879,21204,1453,1830
2018,2,201802,경기,고양시,328783,336653,12142,14355
2018,2,201802,경기,과천시,17351,18147,666,782
2018,2,201802,경기,광명시,87051,88881,3884,4433
2018,2,201802,경기,광주시,132557,133395,6137,9191
2018,2,201802,경기,구리시,56050,57183,2441,2772
2018,2,201802,경기,군포시,82014,82909,3144,3387
2018,2,201802,경기,김포시,144756,146803,6249,7728
2018,2,201802,경기,남양주시,210293,212180,10050,11046
2018,2,201802,경기,동두천시,28890,29700,1732,1848
2018,2,201802,경기,부천시,241497,247663,11758,13307
2018,2,201802,경기,성남시,287353,294600,9988,11993
2018,2,201802,경기,수원시,415173,423720,16253,19264
2018,2,201802,경기,시흥시,157546,159631,7614,8068
2018,2,201802,경기,안산시,228786,233851,12212,14496
2018,2,201802,경기,안성시,71788,72806,3745,4275
2018,2,201802,경기,안양시,172907,176966,6807,8624
2018,2,201802,경기,양주시,71596,72540,4318,5017
2018,2,201802,경기,양평군,41876,42337,2048,2839
2018,2,201802,경기,여주시,43033,43669,2321,3143
2018,2,201802,경기,연천군,15419,15671,993,1163
2018,2,201802,경기,오산시,78246,79486,3480,4027
2018,2,201802,경기,용인시,364951,372003,12319,14786
2018,2,201802,경기,의왕시,49045,49579,1797,2003
2018,2,201802,경기,의정부시,120983,123203,6104,6767
2018,2,201802,경기,이천시,80745,81878,3996,4575
2018,2,201802,경기,파주시,155372,157842,6661,9495
2018,2,201802,경기,평택시,193100,196669,8882,10623
2018,2,201802,경기,포천시,57320,62985,3658,4571
2018,2,201802,경기,하남시,76673,77264,2860,3257
2018,2,201802,경기,화성시,286712,290589,11559,14056
2018,2,201802,경남,거제시,87120,88505,3521,4197
2018,2,201802,경남,거창군,20293,20591,980,1205
2018,2,201802,경남,고성군,17601,17970,918,1071
2018,2,201802,경남,김해시,203366,205911,7957,8706
2018,2,201802,경남,남해군,12017,12285,653,842
2018,2,201802,경남,밀양시,37573,38158,1666,1986
2018,2,201802,경남,사천시,40814,41622,1704,2007
2018,2,201802,경남,산청군,11517,11719,590,694
2018,2,201802,경남,양산시,123239,124389,5132,6158
2018,2,201802,경남,의령군,8762,8887,440,547
2018,2,201802,경남,진주시,121665,124755,4414,5751
2018,2,201802,경남,창녕군,22829,23450,1203,1418
2018,2,201802,경남,창원시,452730,478949,13509,16512
2018,2,201802,경남,통영시,40521,41430,2211,2552
2018,2,201802,경남,하동군,15216,15393,720,817
2018,2,201802,경남,함안군,29054,38652,1343,1862
2018,2,201802,경남,함양군,11773,11982,573,703
2018,2,201802,경남,합천군,13866,14051,713,840
2018,2,201802,경북,경산시,101153,102485,3700,4220
2018,2,201802,경북,경주시,102873,105093,4648,5381
2018,2,201802,경북,고령군,13248,13341,735,808
2018,2,201802,경북,구미시,167794,170817,6836,7752
2018,2,201802,경북,군위군,8621,8701,433,491
2018,2,201802,경북,김천시,50473,51218,2328,2677
2018,2,201802,경북,문경시,23467,23900,1359,1543
2018,2,201802,경북,봉화군,9688,9835,503,584
2018,2,201802,경북,상주시,32168,32731,1738,2112
2018,2,201802,경북,성주군,17699,18099,881,974
2018,2,201802,경북,안동시,57202,58264,2520,2955
2018,2,201802,경북,영덕군,11699,11910,664,767
2018,2,201802,경북,영양군,5201,5285,283,338
2018,2,201802,경북,영주시,37163,37810,1886,2110
2018,2,201802,경북,영천시,37791,38334,1920,2249
2018,2,201802,경북,예천군,16763,17019,769,869
2018,2,201802,경북,울릉군,3410,3674,233,410
2018,2,201802,경북,울진군,17834,18128,784,928
2018,2,201802,경북,의성군,16431,16613,927,1081
2018,2,201802,경북,청도군,15378,15534,738,815
2018,2,201802,경북,청송군,8637,8745,435,536
2018,2,201802,경북,칠곡군,51695,52118,2287,2914
2018,2,201802,경북,포항시,202757,207126,7152,8547
2018,2,201802,광주,광산구,146360,149730,5413,5966
2018,2,201802,광주,남구,72643,74039,2557,2981
2018,2,201802,광주,동구,30222,30895,1229,1455
2018,2,201802,광주,북구,149802,156357,5235,6456
2018,2,201802,광주,서구,119812,125519,4073,4885
2018,2,201802,대구,남구,46705,48146,1914,2244
2018,2,201802,대구,달서구,217483,223351,6463,7273
2018,2,201802,대구,달성군,97114,98572,3359,3989
2018,2,201802,대구,동구,123193,128602,4300,5112
2018,2,201802,대구,북구,156108,159435,5027,5851
2018,2,201802,대구,서구,59392,61928,2420,2776
2018,2,201802,대구,수성구,186489,189809,4388,5286
2018,2,201802,대구,중구,50356,51073,1205,1650
2018,2,201802,대전,대덕구,67796,69638,3069,3630
2018,2,201802,대전,동구,69419,71866,3276,3686
2018,2,201802,대전,서구,173210,178264,5768,6438
2018,2,201802,대전,유성구,144941,147223,4338,4807
2018,2,201802,대전,중구,79283,82348,3585,4243
2018,2,201802,부산,강서구,49390,50721,1966,2249
2018,2,201802,부산,금정구,67289,70757,2902,3670
2018,2,201802,부산,기장군,56493,57321,2479,3020
2018,2,201802,부산,남구,74177,76399,2810,3277
2018,2,201802,부산,동구,37774,39157,1179,1486
2018,2,201802,부산,동래구,73944,75734,2777,3487
2018,2,201802,부산,부산진구,102419,108809,4017,4664
2018,2,201802,부산,북구,84154,85648,3160,3561
2018,2,201802,부산,사상구,66319,69598,2968,3453
2018,2,201802,부산,사하구,90797,95380,3685,4127
2018,2,201802,부산,서구,22634,23048,1164,1225
2018,2,201802,부산,수영구,57111,68303,1933,2338
2018,2,201802,부산,연제구,75675,81176,2249,3206
2018,2,201802,부산,영도구,26251,27848,1291,1645
2018,2,201802,부산,중구,17769,18054,623,723
2018,2,201802,부산,해운대구,141703,143963,4291,4612
2018,2,201802,서울,강남구,197224,214047,5693,6770
2018,2,201802,서울,강동구,109872,115230,4515,5116
2018,2,201802,서울,강북구,61261,64043,3438,4228
2018,2,201802,서울,강서구,160851,172148,6595,7973
2018,2,201802,서울,관악구,100540,103755,4801,5128
2018,2,201802,서울,광진구,79702,82948,3406,4120
2018,2,201802,서울,구로구,108720,118974,5975,6720
2018,2,201802,서울,금천구,64696,68214,4127,4637
2018,2,201802,서울,노원구,128005,134234,5193,6230
2018,2,201802,서울,도봉구,76802,82033,3602,4070
2018,2,201802,서울,동대문구,76690,79858,3943,4194
2018,2,201802,서울,동작구,90171,91527,3441,3624
2018,2,201802,서울,마포구,95669,99558,3862,4618
2018,2,201802,서울,서대문구,70480,73754,3126,3619
2018,2,201802,서울,서초구,152812,159172,4511,5467
2018,2,201802,서울,성동구,81164,87965,3078,3699
2018,2,201802,서울,성북구,97164,99920,4477,5675
2018,2,201802,서울,송파구,191859,198554,5976,7636
2018,2,201802,서울,양천구,123845,128793,4743,5618
2018,2,201802,서울,영등포구,113927,118438,5673,6061
2018,2,201802,서울,용산구,66130,67389,2620,2757
2018,2,201802,서울,은평구,105281,109506,4863,5688
2018,2,201802,서울,종로구,38864,41110,2129,4017
2018,2,201802,서울,중구,38534,40672,2533,3438
2018,2,201802,서울,중랑구,86434,92677,4677,5270
2018,2,201802,세종,세종시,113187,114055,3658,4122
2018,2,201802,울산,남구,130576,133924,3571,4250
2018,2,201802,울산,동구,56051,56651,1628,1810
2018,2,201802,울산,북구,85545,87865,2418,2709
2018,2,201802,울산,울주군,91814,93070,3297,4143
2018,2,201802,울산,중구,88687,90079,2477,2935
2018,2,201802,인천,강화군,21931,23559,1360,1641
2018,2,201802,인천,계양구,95799,242771,4787,8914
2018,2,201802,인천,남동구,200777,237611,7411,9133
2018,2,201802,인천,동구,20329,21076,1149,1248
2018,2,201802,인천,미추홀구,122524,169654,5792,8113
2018,2,201802,인천,부평구,183736,188314,7674,8681
2018,2,201802,인천,서구,179475,183968,7988,9395
2018,2,201802,인천,연수구,145172,149778,3784,4820
2018,2,201802,인천,옹진군,7515,7621,539,623
2018,2,201802,인천,중구,42934,48802,2015,3015
2018,2,201802,전남,강진군,10904,11150,627,771
2018,2,201802,전남,고흥군,17107,17373,1140,1315
2018,2,201802,전남,곡성군,8913,9208,523,632
2018,2,201802,전남,광양시,60280,61084,2560,2925
2018,2,201802,전남,구례군,8238,8603,492,574
2018,2,201802,전남,나주시,39571,40761,2014,2531
2018,2,201802,전남,담양군,16586,16920,889,1199
2018,2,201802,전남,목포시,74712,77471,3653,4247
2018,2,201802,전남,무안군,28075,28517,1503,1729
2018,2,201802,전남,보성군,12502,79120,795,3867
2018,2,201802,전남,순천시,101072,102947,3974,4871
2018,2,201802,전남,신안군,11070,11331,641,776
2018,2,201802,전남,여수시,96996,99432,4249,5079
2018,2,201802,전남,영광군,17280,17509,879,1018
2018,2,201802,전남,영암군,19506,28647,1230,1609
2018,2,201802,전남,완도군,13796,14056,827,979
2018,2,201802,전남,장성군,16427,16667,892,1042
2018,2,201802,전남,장흥군,11750,11903,667,766
2018,2,201802,전남,진도군,9316,9479,596,686
2018,2,201802,전남,함평군,10603,10801,592,718
2018,2,201802,전남,해남군,21312,21665,1579,1736
2018,2,201802,전남,화순군,21749,22051,1166,2482
2018,2,201802,전북,고창군,17700,17952,1274,1419
2018,2,201802,전북,군산시,100719,103790,4042,4677
2018,2,201802,전북,김제시,28860,29622,1613,1861
2018,2,201802,전북,남원시,24925,27722,1426,1882
2018,2,201802,전북,무주군,7439,7565,512,591
2018,2,201802,전북,부안군,17218,17479,949,1141
2018,2,201802,전북,순창군,8641,8756,498,586
2018,2,201802,전북,완주군,35953,36464,1802,2442
2018,2,201802,전북,익산시,103037,105598,5129,5832
2018,2,201802,전북,임실군,8843,8964,480,600
2018,2,201802,전북,장수군,6750,6852,419,485
2018,2,201802,전북,전주시,250513,256833,8408,10222
2018,2,201802,전북,정읍시,34963,37336,1897,2216
2018,2,201802,전북,진안군,8114,8240,487,604
2018,2,201802,제주,서귀포시,66793,68397,3631,3925
2018,2,201802,제주,제주시,209708,338313,9056,16789
2018,2,201802,충남,계룡시,18110,18259,721,874
2018,2,201802,충남,공주시,36829,38032,2040,2483
2018,2,201802,충남,금산군,17689,19002,1270,1664
2018,2,201802,충남,논산시,40368,41345,2436,2927
2018,2,201802,충남,당진시,67587,68205,2838,3203
2018,2,201802,충남,보령시,35473,36041,1707,1944
2018,2,201802,충남,부여군,20679,21345,1389,1826
2018,2,201802,충남,서산시,64948,66120,2986,3525
2018,2,201802,충남,서천군,18075,18308,906,1061
2018,2,201802,충남,아산시,124248,126668,5755,6472
2018,2,201802,충남,예산군,28011,28446,1602,1984
2018,2,201802,충남,천안시,245116,249857,10458,12238
2018,2,201802,충남,청양군,9866,10015,577,688
2018,2,201802,충남,태안군,21148,21399,1198,1335
2018,2,201802,충남,홍성군,35715,36222,1741,2046
2018,2,201802,충북,괴산군,12990,13136,838,932
2018,2,201802,충북,단양군,9648,9837,621,713
2018,2,201802,충북,보은군,10531,10723,677,813
2018,2,201802,충북,영동군,15506,15723,854,997
2018,2,201802,충북,옥천군,17005,17484,945,1083
2018,2,201802,충북,음성군,39957,40312,2384,2602
2018,2,201802,충북,제천시,47578,48469,2268,2516
2018,2,201802,충북,증평군,14015,14196,689,763
2018,2,201802,충북,진천군,31191,31508,1598,1782
2018,2,201802,충북,청주시,311346,321135,12353,15172
2018,2,201802,충북,충주시,77414,79287,3677,4225
2018,3,201803,강원,강릉시,79707,81940,3304,4079
2018,3,201803,강원,고성군,9425,9571,533,614
2018,3,201803,강원,동해시,33849,34640,1551,1738
2018,3,201803,강원,삼척시,23083,23597,1052,1257
2018,3,201803,강원,속초시,28002,28993,1435,1665
2018,3,201803,강원,양구군,7956,8044,383,447
2018,3,201803,강원,양양군,9909,10058,528,573
2018,3,201803,강원,영월군,13276,13546,841,985
2018,3,201803,강원,원주시,125978,129349,5281,6071
2018,3,201803,강원,인제군,11699,11845,628,722
2018,3,201803,강원,정선군,13017,13323,791,925
2018,3,201803,강원,철원군,15385,15569,960,1044
2018,3,201803,강원,춘천시,101011,103602,4100,4979
2018,3,201803,강원,태백시,15645,16169,879,1100
2018,3,201803,강원,평창군,15514,15865,866,996
2018,3,201803,강원,홍천군,24004,24348,1474,1885
2018,3,201803,강원,화천군,8595,8704,398,500
2018,3,201803,강원,횡성군,15594,16193,936,1080
2018,3,201803,경기,가평군,20970,21295,1445,1825
2018,3,201803,경기,고양시,329586,337445,12070,14260
2018,3,201803,경기,과천시,17326,18123,658,775
2018,3,201803,경기,광명시,87381,89213,3867,4416
2018,3,201803,경기,광주시,133198,134056,6173,9218
2018,3,201803,경기,구리시,56139,57272,2397,2731
2018,3,201803,경기,군포시,82027,82940,3114,3359
2018,3,201803,경기,김포시,146731,148775,6228,7720
2018,3,201803,경기,남양주시,211652,213601,10028,11038
2018,3,201803,경기,동두천시,28966,29781,1720,1836
2018,3,201803,경기,부천시,241920,248086,11731,13256
2018,3,201803,경기,성남시,287675,294940,9960,11959
2018,3,201803,경기,수원시,415652,424272,16175,19183
2018,3,201803,경기,시흥시,159394,161443,7589,8041
2018,3,201803,경기,안산시,227875,232952,12159,14460
2018,3,201803,경기,안성시,72277,73286,3734,4267
2018,3,201803,경기,안양시,172856,176924,6757,8582
2018,3,201803,경기,양주시,71957,72905,4287,4982
2018,3,201803,경기,양평군,42133,42606,2057,2866
2018,3,201803,경기,여주시,43200,43830,2310,3132
2018,3,201803,경기,연천군,15502,15749,989,1159
2018,3,201803,경기,오산시,78796,80036,3499,4049
2018,3,201803,경기,용인시,366150,373158,12259,14728
2018,3,201803,경기,의왕시,48998,49517,1783,1986
2018,3,201803,경기,의정부시,121312,123540,6076,6747
2018,3,201803,경기,이천시,81096,82254,3977,4549
2018,3,201803,경기,파주시,156028,158542,6620,9448
2018,3,201803,경기,평택시,194386,197984,8894,10650
2018,3,201803,경기,포천시,57424,62938,3628,4540
2018,3,201803,경기,하남시,77433,78033,2853,3254
2018,3,201803,경기,화성시,291272,295169,11561,14037
2018,3,201803,경남,거제시,87025,88396,3517,4179
2018,3,201803,경남,거창군,20365,20664,994,1216
2018,3,201803,경남,고성군,17583,17948,927,1078
2018,3,201803,경남,김해시,203983,206520,7936,8683
2018,3,201803,경남,남해군,12049,12315,649,830
2018,3,201803,경남,밀양시,37588,38174,1679,2003
2018,3,201803,경남,사천시,40930,41723,1700,2007
2018,3,201803,경남,산청군,11545,11747,586,691
2018,3,201803,경남,양산시,124161,125316,5144,6185
2018,3,201803,경남,의령군,8788,8913,435,540
2018,3,201803,경남,진주시,122193,125272,4386,5744
2018,3,201803,경남,창녕군,22932,23550,1202,1416
2018,3,201803,경남,창원시,453672,479984,13409,16397
2018,3,201803,경남,통영시,40522,41427,2206,2546
2018,3,201803,경남,하동군,15252,15429,718,813
2018,3,201803,경남,함안군,29064,38803,1334,1848
2018,3,201803,경남,함양군,11806,12014,573,705
2018,3,201803,경남,합천군,13937,14124,703,831
2018,3,201803,경북,경산시,101408,102682,3662,4183
2018,3,201803,경북,경주시,103145,105357,4637,5372
2018,3,201803,경북,고령군,13274,13367,737,809
2018,3,201803,경북,구미시,168335,171346,6828,7744
2018,3,201803,경북,군위군,8693,8771,443,501
2018,3,201803,경북,김천시,50603,51350,2331,2674
2018,3,201803,경북,문경시,23508,23944,1355,1541
2018,3,201803,경북,봉화군,9772,9919,515,595
2018,3,201803,경북,상주시,32174,32733,1727,2102
2018,3,201803,경북,성주군,17711,18110,883,978
2018,3,201803,경북,안동시,57189,58263,2515,2947
2018,3,201803,경북,영덕군,11732,11945,656,759
2018,3,201803,경북,영양군,5230,5314,290,345
2018,3,201803,경북,영주시,37324,37968,1871,2095
2018,3,201803,경북,영천시,37897,38443,1904,2235
2018,3,201803,경북,예천군,17029,17292,774,874
2018,3,201803,경북,울릉군,3408,3672,234,414
2018,3,201803,경북,울진군,17826,18117,785,931
2018,3,201803,경북,의성군,16501,16682,925,1079
2018,3,201803,경북,청도군,15404,15561,728,805
2018,3,201803,경북,청송군,8673,8781,441,542
2018,3,201803,경북,칠곡군,51764,52182,2278,2905
2018,3,201803,경북,포항시,203044,207398,7137,8534
2018,3,201803,광주,광산구,146779,150179,5355,5907
2018,3,201803,광주,남구,72654,74053,2540,2961
2018,3,201803,광주,동구,30212,30880,1223,1449
2018,3,201803,광주,북구,150415,156882,5221,6432
2018,3,201803,광주,서구,120086,125753,4084,4903
2018,3,201803,대구,남구,46824,48257,1891,2220
2018,3,201803,대구,달서구,217905,223739,6438,7252
2018,3,201803,대구,달성군,97768,99261,3344,3979
2018,3,201803,대구,동구,124021,129417,4312,5146
2018,3,201803,대구,북구,156415,159779,5004,5832
2018,3,201803,대구,서구,59279,61806,2402,2762
2018,3,201803,대구,수성구,186895,190210,4356,5250
2018,3,201803,대구,중구,50130,50856,1188,1600
2018,3,201803,대전,대덕구,67912,69751,3065,3627
2018,3,201803,대전,동구,69550,71981,3266,3667
2018,3,201803,대전,서구,173496,178545,5727,6392
2018,3,201803,대전,유성구,145096,147436,4339,4801
2018,3,201803,대전,중구,79300,82342,3566,4225
2018,3,201803,부산,강서구,49635,50966,1964,2244
2018,3,201803,부산,금정구,67398,70863,2893,3658
2018,3,201803,부산,기장군,56626,57450,2458,2999
2018,3,201803,부산,남구,74922,77145,2820,3286
2018,3,201803,부산,동구,37947,39269,1172,1479
2018,3,201803,부산,동래구,73956,75743,2750,3472
2018,3,201803,부산,부산진구,102190,108889,3963,4605
2018,3,201803,부산,북구,84011,85501,3152,3549
2018,3,201803,부산,사상구,66288,69557,2947,3417
2018,3,201803,부산,사하구,90819,95406,3663,4101
2018,3,201803,부산,서구,22706,23123,1158,1219
2018,3,201803,부산,수영구,56943,68959,1912,2320
2018,3,201803,부산,연제구,75653,81810,2251,3200
2018,3,201803,부산,영도구,26216,27822,1281,1640
2018,3,201803,부산,중구,18017,18308,627,729
2018,3,201803,부산,해운대구,141856,144116,4276,4604
2018,3,201803,서울,강남구,197018,213711,5697,6743
2018,3,201803,서울,강동구,109880,115278,4472,5069
2018,3,201803,서울,강북구,61255,64014,3415,4205
2018,3,201803,서울,강서구,161153,172506,6587,8008
2018,3,201803,서울,관악구,100532,103714,4749,5077
2018,3,201803,서울,광진구,79514,82733,3367,4077
2018,3,201803,서울,구로구,108721,118857,5963,6697
2018,3,201803,서울,금천구,64729,68161,4061,4586
2018,3,201803,서울,노원구,127946,134165,5163,6158
2018,3,201803,서울,도봉구,76781,82016,3572,4042
2018,3,201803,서울,동대문구,76636,79751,3936,4183
2018,3,201803,서울,동작구,90003,91353,3428,3608
2018,3,201803,서울,마포구,95698,99515,3837,4586
2018,3,201803,서울,서대문구,70462,73756,3095,3590
2018,3,201803,서울,서초구,152645,159110,4478,5432
2018,3,201803,서울,성동구,81671,88516,3045,3688
2018,3,201803,서울,성북구,97206,99973,4444,5646
2018,3,201803,서울,송파구,192191,198879,5929,7590
2018,3,201803,서울,양천구,123836,128736,4719,5595
2018,3,201803,서울,영등포구,113684,118190,5589,5979
2018,3,201803,서울,용산구,66288,67524,2598,2738
2018,3,201803,서울,은평구,105351,109572,4854,5681
2018,3,201803,서울,종로구,38779,40929,2115,3981
2018,3,201803,서울,중구,38508,40655,2506,3412
2018,3,201803,서울,중랑구,86487,92714,4634,5215
2018,3,201803,세종,세종시,115039,115902,3671,4136
2018,3,201803,울산,남구,130711,134036,3559,4246
2018,3,201803,울산,동구,56123,56722,1633,1816
2018,3,201803,울산,북구,86449,88735,2402,2692
2018,3,201803,울산,울주군,92013,93266,3271,4114
2018,3,201803,울산,중구,88687,90083,2458,2919
2018,3,201803,인천,강화군,21997,23619,1362,1647
2018,3,201803,인천,계양구,95347,242800,4752,8821
2018,3,201803,인천,남동구,201553,238346,7358,9074
2018,3,201803,인천,동구,20178,20918,1138,1237
2018,3,201803,인천,미추홀구,123701,171099,5757,8068
2018,3,201803,인천,부평구,183804,188506,7622,8630
2018,3,201803,인천,서구,181145,185592,7981,9390
2018,3,201803,인천,연수구,145690,150383,3758,4793
2018,3,201803,인천,옹진군,7526,7637,542,630
2018,3,201803,인천,중구,43175,49062,2008,3009
2018,3,201803,전남,강진군,10895,11143,615,752
2018,3,201803,전남,고흥군,17211,17475,1145,1319
2018,3,201803,전남,곡성군,8965,9256,523,632
2018,3,201803,전남,광양시,60441,61261,2539,2900
2018,3,201803,전남,구례군,8291,8658,491,572
2018,3,201803,전남,나주시,39924,41139,2030,2547
2018,3,201803,전남,담양군,16664,16998,891,1199
2018,3,201803,전남,목포시,74887,77636,3642,4237
2018,3,201803,전남,무안군,28174,28622,1499,1728
2018,3,201803,전남,보성군,12534,78461,794,3791
2018,3,201803,전남,순천시,101425,103335,3965,4854
2018,3,201803,전남,신안군,11091,11357,640,776
2018,3,201803,전남,여수시,97211,99643,4217,5066
2018,3,201803,전남,영광군,17355,17584,885,1025
2018,3,201803,전남,영암군,19589,30681,1224,1646
2018,3,201803,전남,완도군,13863,14123,830,984
2018,3,201803,전남,장성군,16486,16723,898,1048
2018,3,201803,전남,장흥군,11809,11968,669,772
2018,3,201803,전남,진도군,9360,9522,600,686
2018,3,201803,전남,함평군,10615,10811,595,718
2018,3,201803,전남,해남군,21350,21705,1588,1752
2018,3,201803,전남,화순군,21855,22152,1162,2467
2018,3,201803,전북,고창군,17704,17959,1274,1417
2018,3,201803,전북,군산시,100948,104040,4031,4666
2018,3,201803,전북,김제시,28907,29711,1614,1861
2018,3,201803,전북,남원시,24945,27692,1418,1863
2018,3,201803,전북,무주군,7469,7595,520,599
2018,3,201803,전북,부안군,17249,17509,946,1137
2018,3,201803,전북,순창군,8670,8790,485,578
2018,3,201803,전북,완주군,35927,36433,1783,2423
2018,3,201803,전북,익산시,103262,105826,5096,5797
2018,3,201803,전북,임실군,8834,8954,480,603
2018,3,201803,전북,장수군,6776,6877,421,488
2018,3,201803,전북,전주시,251303,257604,8412,10227
2018,3,201803,전북,정읍시,35084,37432,1895,2208
2018,3,201803,전북,진안군,8175,8303,475,591
2018,3,201803,제주,서귀포시,67261,68838,3612,3908
2018,3,201803,제주,제주시,209675,342278,8987,16682
2018,3,201803,충남,계룡시,18145,18299,713,868
2018,3,201803,충남,공주시,36898,38101,2036,2478
2018,3,201803,충남,금산군,17742,19043,1268,1665
2018,3,201803,충남,논산시,40465,41445,2451,2936
2018,3,201803,충남,당진시,67953,68564,2843,3215
2018,3,201803,충남,보령시,35616,36144,1709,1947
2018,3,201803,충남,부여군,20774,21435,1389,1826
2018,3,201803,충남,서산시,65322,66478,2969,3504
2018,3,201803,충남,서천군,18106,18338,903,1056
2018,3,201803,충남,아산시,124700,127142,5753,6474
2018,3,201803,충남,예산군,28139,28575,1597,1982
2018,3,201803,충남,천안시,246671,251410,10439,12215
2018,3,201803,충남,청양군,9902,10051,579,688
2018,3,201803,충남,태안군,21221,21472,1195,1328
2018,3,201803,충남,홍성군,35818,36334,1736,2044
2018,3,201803,충북,괴산군,13022,13168,845,939
2018,3,201803,충북,단양군,9708,9897,618,710
2018,3,201803,충북,보은군,10560,10750,674,809
2018,3,201803,충북,영동군,15532,15751,847,990
2018,3,201803,충북,옥천군,17056,17534,936,1075
2018,3,201803,충북,음성군,39976,40330,2391,2610
2018,3,201803,충북,제천시,47709,48619,2257,2506
2018,3,201803,충북,증평군,14070,14251,686,760
2018,3,201803,충북,진천군,31524,31830,1589,1773
2018,3,201803,충북,청주시,312465,322263,12306,15129
2018,3,201803,충북,충주시,77829,79714,3668,4221
2018,4,201804,강원,강릉시,80072,82341,3305,4076
2018,4,201804,강원,고성군,9468,9613,528,610
2018,4,201804,강원,동해시,33880,34671,1548,1735
2018,4,201804,강원,삼척시,23283,23804,1049,1252
2018,4,201804,강원,속초시,28063,29054,1425,1660
2018,4,201804,강원,양구군,7995,8084,385,449
2018,4,201804,강원,양양군,9959,10109,527,573
2018,4,201804,강원,영월군,13305,13580,838,982
2018,4,201804,강원,원주시,126459,129801,5273,6064
2018,4,201804,강원,인제군,11743,11889,619,712
2018,4,201804,강원,정선군,13056,13357,781,914
2018,4,201804,강원,철원군,15452,15635,961,1044
2018,4,201804,강원,춘천시,101171,103742,4108,4984
2018,4,201804,강원,태백시,15672,16176,869,1090
2018,4,201804,강원,평창군,15555,15906,870,1000
2018,4,201804,강원,홍천군,24085,24428,1470,1884
2018,4,201804,강원,화천군,8650,8760,400,517
2018,4,201804,강원,횡성군,15702,16287,932,1076
2018,4,201804,경기,가평군,21050,21374,1435,1821
2018,4,201804,경기,고양시,330475,338469,11991,14188
2018,4,201804,경기,과천시,17339,18135,652,772
2018,4,201804,경기,광명시,87739,89572,3872,4425
2018,4,201804,경기,광주시,134204,135043,6166,9212
2018,4,201804,경기,구리시,56361,57515,2397,2731
2018,4,201804,경기,군포시,82220,83131,3093,3338
2018,4,201804,경기,김포시,148023,150098,6212,7703
2018,4,201804,경기,남양주시,212892,214885,9954,10982
2018,4,201804,경기,동두천시,29119,29927,1716,1833
2018,4,201804,경기,부천시,242632,248905,11711,13249
2018,4,201804,경기,성남시,288011,295304,9885,11875
2018,4,201804,경기,수원시,417226,425838,16200,19256
2018,4,201804,경기,시흥시,160721,162759,7581,8032
2018,4,201804,경기,안산시,228108,233173,12171,14481
2018,4,201804,경기,안성시,72710,73710,3728,4257
2018,4,201804,경기,안양시,173169,177229,6694,8519
2018,4,201804,경기,양주시,72192,73131,4265,4949
2018,4,201804,경기,양평군,42294,42765,2059,2867
2018,4,201804,경기,여주시,43365,44001,2321,3146
2018,4,201804,경기,연천군,15562,15812,986,1161
2018,4,201804,경기,오산시,79515,80742,3485,4032
2018,4,201804,경기,용인시,367380,374299,12270,14741
2018,4,201804,경기,의왕시,49052,49567,1765,1971
2018,4,201804,경기,의정부시,121844,124061,6079,6756
2018,4,201804,경기,이천시,81526,82681,3957,4550
2018,4,201804,경기,파주시,156795,159152,6602,9406
2018,4,201804,경기,평택시,195588,199171,8880,10639
2018,4,201804,경기,포천시,57573,62892,3617,4535
2018,4,201804,경기,하남시,77975,78578,2847,3260
2018,4,201804,경기,화성시,294866,298729,11545,13968
2018,4,201804,경남,거제시,86947,88297,3502,4194
2018,4,201804,경남,거창군,20450,20748,987,1208
2018,4,201804,경남,고성군,17635,17997,940,1090
2018,4,201804,경남,김해시,204447,206970,7943,8692
2018,4,201804,경남,남해군,12106,12374,650,841
2018,4,201804,경남,밀양시,37681,38263,1667,1988
2018,4,201804,경남,사천시,41048,41849,1687,1990
2018,4,201804,경남,산청군,11610,11813,582,688
2018,4,201804,경남,양산시,124874,126006,5122,6135
2018,4,201804,경남,의령군,8864,8991,437,543
2018,4,201804,경남,진주시,122414,125489,4372,5731
2018,4,201804,경남,창녕군,23041,23669,1200,1413
2018,4,201804,경남,창원시,454051,480281,13301,16251
2018,4,201804,경남,통영시,40591,41499,2194,2537
2018,4,201804,경남,하동군,15241,15414,709,804
2018,4,201804,경남,함안군,29033,38881,1323,1829
2018,4,201804,경남,함양군,11852,12060,577,708
2018,4,201804,경남,합천군,13977,14167,696,823
2018,4,201804,경북,경산시,101608,102877,3665,4188
2018,4,201804,경북,경주시,103384,105583,4606,5339
2018,4,201804,경북,고령군,13280,13371,732,805
2018,4,201804,경북,구미시,168882,171867,6761,7680
2018,4,201804,경북,군위군,8763,8841,451,508
2018,4,201804,경북,김천시,50780,51524,2334,2671
2018,4,201804,경북,문경시,23578,24014,1353,1540
2018,4,201804,경북,봉화군,9841,9989,524,604
2018,4,201804,경북,상주시,32285,32844,1716,2090
2018,4,201804,경북,성주군,17745,18143,879,973
2018,4,201804,경북,안동시,57309,58379,2504,2939
2018,4,201804,경북,영덕군,11786,11997,658,760
2018,4,201804,경북,영양군,5258,5342,295,351
2018,4,201804,경북,영주시,37359,38005,1871,2093
2018,4,201804,경북,영천시,38013,38564,1910,2239
2018,4,201804,경북,예천군,17218,17482,769,868
2018,4,201804,경북,울릉군,3466,3732,238,423
2018,4,201804,경북,울진군,17857,18150,785,933
2018,4,201804,경북,의성군,16595,16779,930,1085
2018,4,201804,경북,청도군,15445,15601,731,808
2018,4,201804,경북,청송군,8688,8795,435,536
2018,4,201804,경북,칠곡군,51840,52260,2271,2898
2018,4,201804,경북,포항시,203433,207789,7124,8518
2018,4,201804,광주,광산구,147390,150836,5362,5944
2018,4,201804,광주,남구,72795,74155,2539,2954
2018,4,201804,광주,동구,30261,30920,1219,1470
2018,4,201804,광주,북구,150900,157286,5206,6391
2018,4,201804,광주,서구,120021,125660,4041,4878
2018,4,201804,대구,남구,46859,48291,1888,2218
2018,4,201804,대구,달서구,218235,224060,6433,7248
2018,4,201804,대구,달성군,98216,99728,3340,3974
2018,4,201804,대구,동구,124469,130046,4279,5122
2018,4,201804,대구,북구,156695,159852,4973,5792
2018,4,201804,대구,서구,59267,61815,2409,2779
2018,4,201804,대구,수성구,186784,190102,4326,5210
2018,4,201804,대구,중구,50090,50829,1180,1589
2018,4,201804,대전,대덕구,67903,69833,3056,3623
2018,4,201804,대전,동구,69697,72068,3262,3664
2018,4,201804,대전,서구,173827,178928,5737,6396
2018,4,201804,대전,유성구,145544,147865,4299,4760
2018,4,201804,대전,중구,79416,82451,3562,4218
2018,4,201804,부산,강서구,49762,51074,1958,2237
2018,4,201804,부산,금정구,67576,71044,2914,3675
2018,4,201804,부산,기장군,56758,57585,2457,2999
2018,4,201804,부산,남구,75479,77702,2812,3308
2018,4,201804,부산,동구,38200,39477,1165,1438
2018,4,201804,부산,동래구,74166,75961,2726,3456
2018,4,201804,부산,부산진구,102170,109051,3965,4606
2018,4,201804,부산,북구,84106,85598,3145,3539
2018,4,201804,부산,사상구,66320,69584,2944,3415
2018,4,201804,부산,사하구,90904,95487,3649,4087
2018,4,201804,부산,서구,22724,23142,1160,1219
2018,4,201804,부산,수영구,56806,70050,1895,2312
2018,4,201804,부산,연제구,75684,82362,2220,3167
2018,4,201804,부산,영도구,26210,27820,1286,1646
2018,4,201804,부산,중구,18302,18594,621,723
2018,4,201804,부산,해운대구,142202,144443,4248,4575
2018,4,201804,서울,강남구,196810,213447,5647,6695
2018,4,201804,서울,강동구,110141,115605,4454,5061
2018,4,201804,서울,강북구,61273,64025,3404,4193
2018,4,201804,서울,강서구,161258,172662,6596,7989
2018,4,201804,서울,관악구,100559,103759,4725,5053
2018,4,201804,서울,광진구,79487,82728,3354,4098
2018,4,201804,서울,구로구,108820,119071,5941,6691
2018,4,201804,서울,금천구,64749,68181,4034,4542
2018,4,201804,서울,노원구,127957,134138,5142,6136
2018,4,201804,서울,도봉구,76738,81953,3559,4028
2018,4,201804,서울,동대문구,76732,79832,3888,4135
2018,4,201804,서울,동작구,90109,91449,3400,3583
2018,4,201804,서울,마포구,95829,99847,3796,4593
2018,4,201804,서울,서대문구,70511,73752,3081,3580
2018,4,201804,서울,서초구,153034,159760,4447,5401
2018,4,201804,서울,성동구,82262,88990,3069,3672
2018,4,201804,서울,성북구,97237,99995,4415,5617
2018,4,201804,서울,송파구,192708,199391,5933,7601
2018,4,201804,서울,양천구,123870,128752,4689,5564
2018,4,201804,서울,영등포구,114100,118561,5530,5923
2018,4,201804,서울,용산구,66403,67637,2595,2719
2018,4,201804,서울,은평구,105466,109702,4819,5647
2018,4,201804,서울,종로구,38807,41002,2096,3909
2018,4,201804,서울,중구,38464,40625,2507,3410
2018,4,201804,서울,중랑구,86659,92885,4610,5191
2018,4,201804,세종,세종시,116929,117776,3691,4170
2018,4,201804,울산,남구,130872,134281,3540,4234
2018,4,201804,울산,동구,56166,56749,1617,1798
2018,4,201804,울산,북구,87057,89300,2400,2690
2018,4,201804,울산,울주군,92383,93557,3273,4117
2018,4,201804,울산,중구,88775,90168,2453,2912
2018,4,201804,인천,강화군,22096,23704,1350,1631
2018,4,201804,인천,계양구,95281,243932,4705,8787
2018,4,201804,인천,남동구,203069,239710,7359,9066
2018,4,201804,인천,동구,20194,20939,1127,1227
2018,4,201804,인천,미추홀구,124595,171867,5748,8039
2018,4,201804,인천,부평구,183567,188144,7605,8615
2018,4,201804,인천,서구,182369,186800,7971,9376
2018,4,201804,인천,연수구,146184,150985,3755,4789
2018,4,201804,인천,옹진군,7528,7674,542,639
2018,4,201804,인천,중구,43255,49209,2008,2999
2018,4,201804,전남,강진군,10964,11214,613,751
2018,4,201804,전남,고흥군,17281,17552,1154,1329
2018,4,201804,전남,곡성군,9002,9287,519,627
2018,4,201804,전남,광양시,60622,61442,2529,2892
2018,4,201804,전남,구례군,8309,8679,488,571
2018,4,201804,전남,나주시,40276,41485,2026,2541
2018,4,201804,전남,담양군,16735,17066,893,1201
2018,4,201804,전남,목포시,75053,77859,3605,4206
2018,4,201804,전남,무안군,28265,28664,1504,1732
2018,4,201804,전남,보성군,12565,79267,797,3807
2018,4,201804,전남,순천시,101837,103776,3954,4846
2018,4,201804,전남,신안군,11191,11460,642,779
2018,4,201804,전남,여수시,97469,99849,4208,5034
2018,4,201804,전남,영광군,17395,17623,881,1021
2018,4,201804,전남,영암군,19648,30689,1248,1644
2018,4,201804,전남,완도군,13895,14155,843,996
2018,4,201804,전남,장성군,16583,16818,897,1049
2018,4,201804,전남,장흥군,11866,12024,671,773
2018,4,201804,전남,진도군,9396,9550,596,682
2018,4,201804,전남,함평군,10678,10874,591,714
2018,4,201804,전남,해남군,21394,21745,1591,1756
2018,4,201804,전남,화순군,21926,22221,1162,2456
2018,4,201804,전북,고창군,17760,18014,1280,1424
2018,4,201804,전북,군산시,101227,104298,4003,4644
2018,4,201804,전북,김제시,29001,29826,1605,1855
2018,4,201804,전북,남원시,25052,28085,1417,1848
2018,4,201804,전북,무주군,7497,7623,518,597
2018,4,201804,전북,부안군,17334,17596,954,1148
2018,4,201804,전북,순창군,8707,8827,488,566
2018,4,201804,전북,완주군,35990,36452,1769,2407
2018,4,201804,전북,익산시,103523,106072,5095,5787
2018,4,201804,전북,임실군,8855,8980,469,590
2018,4,201804,전북,장수군,6819,6921,417,485
2018,4,201804,전북,전주시,252465,258728,8423,10238
2018,4,201804,전북,정읍시,35182,37591,1890,2203
2018,4,201804,전북,진안군,8208,8334,476,592
2018,4,201804,제주,서귀포시,67517,69091,3601,3895
2018,4,201804,제주,제주시,209425,346703,8927,16706
2018,4,201804,충남,계룡시,18155,18311,711,867
2018,4,201804,충남,공주시,36970,38169,2040,2477
2018,4,201804,충남,금산군,17779,18965,1267,1663
2018,4,201804,충남,논산시,40570,41541,2441,2931
2018,4,201804,충남,당진시,68237,68848,2822,3197
2018,4,201804,충남,보령시,35678,36205,1693,1930
2018,4,201804,충남,부여군,20799,21459,1384,1829
2018,4,201804,충남,서산시,65626,66787,2947,3481
2018,4,201804,충남,서천군,18145,18378,898,1053
2018,4,201804,충남,아산시,125165,127603,5743,6472
2018,4,201804,충남,예산군,28212,28646,1592,1980
2018,4,201804,충남,천안시,248039,252771,10384,12156
2018,4,201804,충남,청양군,9913,10062,579,689
2018,4,201804,충남,태안군,21359,21611,1203,1339
2018,4,201804,충남,홍성군,35907,36421,1730,2041
2018,4,201804,충북,괴산군,13056,13206,838,933
2018,4,201804,충북,단양군,9789,9978,617,709
2018,4,201804,충북,보은군,10598,10788,676,814
2018,4,201804,충북,영동군,15559,15776,847,989
2018,4,201804,충북,옥천군,17148,17623,929,1070
2018,4,201804,충북,음성군,40051,40403,2392,2612
2018,4,201804,충북,제천시,47900,48808,2254,2502
2018,4,201804,충북,증평군,14125,14306,680,753
2018,4,201804,충북,진천군,31871,32180,1594,1782
2018,4,201804,충북,청주시,313711,323494,12301,15137
2018,4,201804,충북,충주시,78221,80112,3658,4211
2018,5,201805,강원,강릉시,80275,82560,3301,4074
2018,5,201805,강원,고성군,9502,9646,533,615
2018,5,201805,강원,동해시,33996,34784,1553,1741
2018,5,201805,강원,삼척시,23362,23888,1045,1249
2018,5,201805,강원,속초시,28158,29177,1417,1655
2018,5,201805,강원,양구군,8017,8107,385,450
2018,5,201805,강원,양양군,10002,10151,524,569
2018,5,201805,강원,영월군,13348,13622,838,984
2018,5,201805,강원,원주시,126759,130099,5259,6047
2018,5,201805,강원,인제군,11779,11924,620,712
2018,5,201805,강원,정선군,13081,13383,780,912
2018,5,201805,강원,철원군,15492,15674,957,1041
2018,5,201805,강원,춘천시,101254,103809,4084,4964
2018,5,201805,강원,태백시,15689,16192,867,1088
2018,5,201805,강원,평창군,15580,15933,870,1000
2018,5,201805,강원,홍천군,24213,24549,1471,1887
2018,5,201805,강원,화천군,8708,8817,406,523
2018,5,201805,강원,횡성군,15732,16322,928,1071
2018,5,201805,경기,가평군,21185,21508,1447,1830
2018,5,201805,경기,고양시,331470,339377,11940,14131
2018,5,201805,경기,과천시,17343,18139,649,770
2018,5,201805,경기,광명시,87941,89777,3857,4411
2018,5,201805,경기,광주시,135215,136054,6180,9235
2018,5,201805,경기,구리시,56721,57882,2369,2705
2018,5,201805,경기,군포시,82235,83160,3083,3325
2018,5,201805,경기,김포시,149531,151611,6213,7743
2018,5,201805,경기,남양주시,214089,216059,9931,10973
2018,5,201805,경기,동두천시,29276,30084,1708,1828
2018,5,201805,경기,부천시,243139,249523,11659,13182
2018,5,201805,경기,성남시,288252,295531,9823,11817
2018,5,201805,경기,수원시,418774,427384,16147,19215
2018,5,201805,경기,시흥시,161877,163920,7579,8033
2018,5,201805,경기,안산시,228318,233335,12123,14438
2018,5,201805,경기,안성시,72612,73605,3700,4217
2018,5,201805,경기,안양시,173641,177676,6690,8504
2018,5,201805,경기,양주시,72377,73318,4238,4924
2018,5,201805,경기,양평군,42443,42919,2050,2855
2018,5,201805,경기,여주시,43420,44055,2316,3120
2018,5,201805,경기,연천군,15589,15833,986,1160
2018,5,201805,경기,오산시,80350,81537,3492,4038
2018,5,201805,경기,용인시,368827,375870,12222,14678
2018,5,201805,경기,의왕시,48985,49502,1751,1956
2018,5,201805,경기,의정부시,122178,124384,6088,6753
2018,5,201805,경기,이천시,81860,83017,3961,4549
2018,5,201805,경기,파주시,157491,159825,6593,9382
2018,5,201805,경기,평택시,196644,200241,8889,10656
2018,5,201805,경기,포천시,57787,64015,3609,4527
2018,5,201805,경기,하남시,78566,79175,2842,3259
2018,5,201805,경기,화성시,297590,301467,11517,13958
2018,5,201805,경남,거제시,86998,88281,3472,4164
2018,5,201805,경남,거창군,20502,20801,987,1209
2018,5,201805,경남,고성군,17675,18034,930,1083
2018,5,201805,경남,김해시,204916,207417,7919,8658
2018,5,201805,경남,남해군,12158,12424,648,837
2018,5,201805,경남,밀양시,37754,38331,1670,1990
2018,5,201805,경남,사천시,41265,42067,1705,2003
2018,5,201805,경남,산청군,11668,11869,580,685
2018,5,201805,경남,양산시,125429,126548,5111,6160
2018,5,201805,경남,의령군,8912,9046,429,535
2018,5,201805,경남,진주시,122621,125676,4353,5712
2018,5,201805,경남,창녕군,23104,23644,1197,1399
2018,5,201805,경남,창원시,454192,480193,13234,16199
2018,5,201805,경남,통영시,40626,41532,2180,2518
2018,5,201805,경남,하동군,15270,15445,705,800
2018,5,201805,경남,함안군,29024,38894,1318,1822
2018,5,201805,경남,함양군,11843,12050,582,714
2018,5,201805,경남,합천군,14005,14194,700,825
2018,5,201805,경북,경산시,101893,103132,3674,4191
2018,5,201805,경북,경주시,103655,105861,4620,5358
2018,5,201805,경북,고령군,13313,13404,725,798
2018,5,201805,경북,구미시,169134,172109,6742,7666
2018,5,201805,경북,군위군,8911,8989,449,506
2018,5,201805,경북,김천시,50847,51606,2332,2669
2018,5,201805,경북,문경시,23581,24016,1353,1541
2018,5,201805,경북,봉화군,9915,10062,522,601
2018,5,201805,경북,상주시,32407,32974,1723,2093
2018,5,201805,경북,성주군,17795,18159,880,973
2018,5,201805,경북,안동시,57410,58484,2496,2931
2018,5,201805,경북,영덕군,11812,12026,658,760
2018,5,201805,경북,영양군,5324,5408,291,349
2018,5,201805,경북,영주시,37409,38056,1866,2092
2018,5,201805,경북,영천시,38095,38645,1912,2234
2018,5,201805,경북,예천군,17405,17666,772,871
2018,5,201805,경북,울릉군,3452,3723,236,421
2018,5,201805,경북,울진군,17884,18178,780,930
2018,5,201805,경북,의성군,16632,16815,930,1088
2018,5,201805,경북,청도군,15498,15656,724,802
2018,5,201805,경북,청송군,8710,8819,437,538
2018,5,201805,경북,칠곡군,51943,52365,2264,2892
2018,5,201805,경북,포항시,203952,208315,7102,8498
2018,5,201805,광주,광산구,147829,151224,5324,5895
2018,5,201805,광주,남구,72980,74230,2538,2948
2018,5,201805,광주,동구,30439,31104,1215,1442
2018,5,201805,광주,북구,151035,157372,5190,6363
2018,5,201805,광주,서구,120246,125956,4051,4902
2018,5,201805,대구,남구,46852,48275,1888,2192
2018,5,201805,대구,달서구,218893,224715,6414,7230
2018,5,201805,대구,달성군,98669,100189,3321,3953
2018,5,201805,대구,동구,125140,130612,4281,5120
2018,5,201805,대구,북구,156905,160065,4956,5781
2018,5,201805,대구,서구,59287,61765,2378,2737
2018,5,201805,대구,수성구,186683,190197,4285,5173
2018,5,201805,대구,중구,50100,50842,1165,1571
2018,5,201805,대전,대덕구,67884,69905,3022,3600
2018,5,201805,대전,동구,69661,72029,3239,3637
2018,5,201805,대전,서구,174355,179390,5699,6360
2018,5,201805,대전,유성구,145576,147896,4262,4721
2018,5,201805,대전,중구,79514,82537,3546,4211
2018,5,201805,부산,강서구,49960,51249,1945,2201
2018,5,201805,부산,금정구,67621,71063,2893,3654
2018,5,201805,부산,기장군,56843,57667,2447,2988
2018,5,201805,부산,남구,75996,78214,2820,3336
2018,5,201805,부산,동구,38545,39806,1145,1416
2018,5,201805,부산,동래구,74309,76122,2727,3402
2018,5,201805,부산,부산진구,102160,109250,3947,4589
2018,5,201805,부산,북구,84160,85669,3140,3535
2018,5,201805,부산,사상구,66255,69499,2939,3406
2018,5,201805,부산,사하구,90871,95446,3640,4080
2018,5,201805,부산,서구,22984,23405,1167,1227
2018,5,201805,부산,수영구,56629,70746,1884,2304
2018,5,201805,부산,연제구,75765,83002,2198,3203
2018,5,201805,부산,영도구,26138,27743,1277,1637
2018,5,201805,부산,중구,18605,18895,614,718
2018,5,201805,부산,해운대구,142470,144715,4232,4574
2018,5,201805,서울,강남구,196296,212941,5625,6666
2018,5,201805,서울,강동구,110160,115658,4407,5016
2018,5,201805,서울,강북구,61275,64028,3386,4174
2018,5,201805,서울,강서구,161402,172868,6534,7920
2018,5,201805,서울,관악구,100586,103762,4711,5038
2018,5,201805,서울,광진구,79461,82809,3313,4055
2018,5,201805,서울,구로구,108971,119293,5917,6664
2018,5,201805,서울,금천구,64825,68233,4024,4529
2018,5,201805,서울,노원구,128017,134201,5113,6107
2018,5,201805,서울,도봉구,76773,82018,3536,4006
2018,5,201805,서울,동대문구,76763,79797,3861,4107
2018,5,201805,서울,동작구,90389,91731,3391,3574
2018,5,201805,서울,마포구,95956,100015,3749,4574
2018,5,201805,서울,서대문구,70593,73853,3042,3546
2018,5,201805,서울,서초구,152927,159729,4418,5370
2018,5,201805,서울,성동구,82394,89180,3021,3630
2018,5,201805,서울,성북구,97251,100014,4366,5569
2018,5,201805,서울,송파구,193077,199806,5894,7556
2018,5,201805,서울,양천구,123864,128702,4638,5516
2018,5,201805,서울,영등포구,113977,118413,5548,5919
2018,5,201805,서울,용산구,66406,67626,2584,2709
2018,5,201805,서울,은평구,105559,109790,4770,5598
2018,5,201805,서울,종로구,38823,41034,2084,3918
2018,5,201805,서울,중구,38505,40703,2498,3397
2018,5,201805,서울,중랑구,86657,92856,4575,5153
2018,5,201805,세종,세종시,118332,119248,3701,4182
2018,5,201805,울산,남구,130908,134288,3530,4222
2018,5,201805,울산,동구,56158,56744,1615,1799
2018,5,201805,울산,북구,87486,89704,2401,2689
2018,5,201805,울산,울주군,92743,94041,3269,4119
2018,5,201805,울산,중구,88750,90143,2455,2893
2018,5,201805,인천,강화군,22214,23825,1337,1619
2018,5,201805,인천,계양구,95173,244158,4681,8769
2018,5,201805,인천,남동구,204122,240745,7315,9077
2018,5,201805,인천,동구,20166,20913,1107,1206
2018,5,201805,인천,미추홀구,125225,172839,5720,7994
2018,5,201805,인천,부평구,183620,188370,7369,8328
2018,5,201805,인천,서구,183750,188184,8028,9429
2018,5,201805,인천,연수구,146566,151382,3738,4774
2018,5,201805,인천,옹진군,7540,7687,552,650
2018,5,201805,인천,중구,43418,49413,2009,2999
2018,5,201805,전남,강진군,11021,11269,612,749
2018,5,201805,전남,고흥군,17360,17638,1152,1328
2018,5,201805,전남,곡성군,9069,9352,518,625
2018,5,201805,전남,광양시,60836,61638,2534,2895
2018,5,201805,전남,구례군,8386,8762,486,568
2018,5,201805,전남,나주시,40540,41758,2030,2553
2018,5,201805,전남,담양군,16778,17108,890,1200
2018,5,201805,전남,목포시,75276,78089,3586,4196
2018,5,201805,전남,무안군,28345,28748,1502,1735
2018,5,201805,전남,보성군,12630,76812,794,3711
2018,5,201805,전남,순천시,102139,104049,3937,4832
2018,5,201805,전남,신안군,11230,11503,644,769
2018,5,201805,전남,여수시,97802,100200,4184,5015
2018,5,201805,전남,영광군,17401,17632,878,1018
2018,5,201805,전남,영암군,19671,34747,1248,1727
2018,5,201805,전남,완도군,13942,14202,844,996
2018,5,201805,전남,장성군,16700,16935,894,1046
2018,5,201805,전남,장흥군,11924,12083,668,770
2018,5,201805,전남,진도군,9416,9572,594,682
2018,5,201805,전남,함평군,10716,10910,594,714
2018,5,201805,전남,해남군,21413,21764,1598,1762
2018,5,201805,전남,화순군,21974,22272,1159,2453
2018,5,201805,전북,고창군,17823,18070,1278,1422
2018,5,201805,전북,군산시,101492,104567,3988,4630
2018,5,201805,전북,김제시,29099,29942,1608,1859
2018,5,201805,전북,남원시,25158,28164,1421,1846
2018,5,201805,전북,무주군,7529,7655,513,592
2018,5,201805,전북,부안군,17389,17653,956,1150
2018,5,201805,전북,순창군,8765,8884,482,559
2018,5,201805,전북,완주군,36130,36593,1779,2413
2018,5,201805,전북,익산시,103646,106198,5079,5767
2018,5,201805,전북,임실군,8929,9053,474,594
2018,5,201805,전북,장수군,6878,6980,413,482
2018,5,201805,전북,전주시,253150,259422,8398,10226
2018,5,201805,전북,정읍시,35269,37739,1896,2208
2018,5,201805,전북,진안군,8227,8357,477,592
2018,5,201805,제주,서귀포시,67830,69378,3581,3872
2018,5,201805,제주,제주시,209325,351024,8892,16679
2018,5,201805,충남,계룡시,18216,18376,720,876
2018,5,201805,충남,공주시,36963,38187,2034,2472
2018,5,201805,충남,금산군,17792,18874,1266,1638
2018,5,201805,충남,논산시,40710,41696,2421,2909
2018,5,201805,충남,당진시,68381,68994,2810,3189
2018,5,201805,충남,보령시,35721,36249,1692,1928
2018,5,201805,충남,부여군,20862,21520,1389,1832
2018,5,201805,충남,서산시,65962,67127,2953,3481
2018,5,201805,충남,서천군,18191,18424,892,1047
2018,5,201805,충남,아산시,125443,127872,5743,6477
2018,5,201805,충남,예산군,28256,28691,1582,1976
2018,5,201805,충남,천안시,249313,253986,10355,12120
2018,5,201805,충남,청양군,9958,10107,576,685
2018,5,201805,충남,태안군,21399,21651,1203,1341
2018,5,201805,충남,홍성군,35942,36458,1723,2033
2018,5,201805,충북,괴산군,13065,13215,835,930
2018,5,201805,충북,단양군,9851,10039,616,708
2018,5,201805,충북,보은군,10642,10832,667,804
2018,5,201805,충북,영동군,15584,15810,844,985
2018,5,201805,충북,옥천군,17179,17646,927,1067
2018,5,201805,충북,음성군,40146,40498,2377,2597
2018,5,201805,충북,제천시,48101,49008,2241,2490
2018,5,201805,충북,증평군,14179,14361,677,750
2018,5,201805,충북,진천군,32111,32422,1603,1791
2018,5,201805,충북,청주시,314820,324579,12269,15102
2018,5,201805,충북,충주시,78481,80385,3639,4192
2018,6,201806,강원,강릉시,80446,82776,3288,4065
2018,6,201806,강원,고성군,9530,9675,532,615
2018,6,201806,강원,동해시,34130,34919,1562,1749
2018,6,201806,강원,삼척시,23424,23946,1048,1253
2018,6,201806,강원,속초시,28251,29250,1416,1653
2018,6,201806,강원,양구군,8054,8143,382,444
2018,6,201806,강원,양양군,10036,10186,517,563
2018,6,201806,강원,영월군,13405,13676,835,982
2018,6,201806,강원,원주시,127183,130502,5252,6045
2018,6,201806,강원,인제군,11841,11987,619,712
2018,6,201806,강원,정선군,13123,13425,779,911
2018,6,201806,강원,철원군,15526,15710,958,1043
2018,6,201806,강원,춘천시,101680,104248,4072,4950
2018,6,201806,강원,태백시,15742,16255,870,1090
2018,6,201806,강원,평창군,15606,15956,872,999
2018,6,201806,강원,홍천군,24238,24573,1474,1893
2018,6,201806,강원,화천군,8732,8841,399,516
2018,6,201806,강원,횡성군,15793,16378,926,1070
2018,6,201806,경기,가평군,21328,21655,1445,1827
2018,6,201806,경기,고양시,332638,340536,11894,14104
2018,6,201806,경기,과천시,17310,18136,638,760
2018,6,201806,경기,광명시,88182,90023,3878,4447
2018,6,201806,경기,광주시,136283,137130,6198,9265
2018,6,201806,경기,구리시,57189,58345,2365,2701
2018,6,201806,경기,군포시,82395,83322,3076,3317
2018,6,201806,경기,김포시,151322,153352,6257,7807
2018,6,201806,경기,남양주시,215044,217023,9896,10950
2018,6,201806,경기,동두천시,29364,30169,1703,1824
2018,6,201806,경기,부천시,243448,249951,11598,13116
2018,6,201806,경기,성남시,288547,295823,9771,11757
2018,6,201806,경기,수원시,420092,428650,16138,19212
2018,6,201806,경기,시흥시,163033,165072,7590,8050
2018,6,201806,경기,안산시,228754,233773,12100,14423
2018,6,201806,경기,안성시,72745,73743,3698,4219
2018,6,201806,경기,안양시,173933,177937,6656,8474
2018,6,201806,경기,양주시,73033,73967,4244,4930
2018,6,201806,경기,양평군,42511,43002,2056,2847
2018,6,201806,경기,여주시,43453,44104,2312,3114
2018,6,201806,경기,연천군,15681,15927,981,1155
2018,6,201806,경기,오산시,80968,82190,3503,4051
2018,6,201806,경기,용인시,370092,377202,12190,14642
2018,6,201806,경기,의왕시,49065,49580,1742,1946
2018,6,201806,경기,의정부시,122543,124754,6054,6729
2018,6,201806,경기,이천시,82255,83410,3983,4584
2018,6,201806,경기,파주시,158301,160620,6578,9359
2018,6,201806,경기,평택시,197842,201395,8860,10660
2018,6,201806,경기,포천시,57991,64024,3591,4505
2018,6,201806,경기,하남시,79196,79805,2854,3271
2018,6,201806,경기,화성시,299871,303740,11506,13911
2018,6,201806,경남,거제시,87095,88381,3455,4135
2018,6,201806,경남,거창군,20590,20886,982,1204
2018,6,201806,경남,고성군,17704,18058,925,1081
2018,6,201806,경남,김해시,205628,208166,7896,8645
2018,6,201806,경남,남해군,12216,12482,648,835
2018,6,201806,경남,밀양시,37809,38407,1668,1982
2018,6,201806,경남,사천시,41375,42181,1699,1996
2018,6,201806,경남,산청군,11664,11871,581,687
2018,6,201806,경남,양산시,125886,126999,5123,6149
2018,6,201806,경남,의령군,8937,9070,431,539
2018,6,201806,경남,진주시,122974,126014,4337,5686
2018,6,201806,경남,창녕군,23175,23711,1197,1400
2018,6,201806,경남,창원시,454761,480557,13237,16217
2018,6,201806,경남,통영시,40706,41606,2179,2518
2018,6,201806,경남,하동군,15252,15427,704,799
2018,6,201806,경남,함안군,29041,38778,1312,1810
2018,6,201806,경남,함양군,11816,12023,579,712
2018,6,201806,경남,합천군,13995,14181,698,824
2018,6,201806,경북,경산시,102274,103500,3668,4186
2018,6,201806,경북,경주시,103941,106138,4616,5348
2018,6,201806,경북,고령군,13312,13403,728,802
2018,6,201806,경북,구미시,169508,172477,6709,7635
2018,6,201806,경북,군위군,8857,8937,442,500
2018,6,201806,경북,김천시,50878,51647,2340,2678
2018,6,201806,경북,문경시,23588,24028,1346,1538
2018,6,201806,경북,봉화군,9931,10078,520,599
2018,6,201806,경북,상주시,32420,32989,1726,2096
2018,6,201806,경북,성주군,17779,18146,878,970
2018,6,201806,경북,안동시,57473,58558,2485,2924
2018,6,201806,경북,영덕군,11842,12053,662,765
2018,6,201806,경북,영양군,5315,5398,295,355
2018,6,201806,경북,영주시,37414,38061,1876,2105
2018,6,201806,경북,영천시,38170,38728,1914,2234
2018,6,201806,경북,예천군,17515,17777,767,867
2018,6,201806,경북,울릉군,3496,3770,235,421
2018,6,201806,경북,울진군,17882,18174,781,934
2018,6,201806,경북,의성군,16625,16807,931,1090
2018,6,201806,경북,청도군,15529,15687,720,799
2018,6,201806,경북,청송군,8722,8829,439,539
2018,6,201806,경북,칠곡군,52022,52440,2274,2902
2018,6,201806,경북,포항시,204428,208782,7101,8493
2018,6,201806,광주,광산구,148396,151924,5318,5905
2018,6,201806,광주,남구,73267,74513,2534,2942
2018,6,201806,광주,동구,30458,31107,1213,1441
2018,6,201806,광주,북구,151576,157759,5161,6323
2018,6,201806,광주,서구,120495,126107,4067,4919
2018,6,201806,대구,남구,46923,48224,1883,2141
2018,6,201806,대구,달서구,219765,225525,6373,7220
2018,6,201806,대구,달성군,99108,100670,3319,3954
2018,6,201806,대구,동구,125743,131263,4269,5114
2018,6,201806,대구,북구,157363,160516,4966,5794
2018,6,201806,대구,서구,59276,61760,2347,2708
2018,6,201806,대구,수성구,187440,190955,4278,5194
2018,6,201806,대구,중구,50175,51080,1157,1574
2018,6,201806,대전,대덕구,67898,69916,3022,3606
2018,6,201806,대전,동구,69738,72098,3215,3627
2018,6,201806,대전,서구,174704,179761,5727,6384
2018,6,201806,대전,유성구,145906,148243,4276,4742
2018,6,201806,대전,중구,79611,82651,3532,4202
2018,6,201806,부산,강서구,50060,51387,1939,2201
2018,6,201806,부산,금정구,67667,71114,2881,3643
2018,6,201806,부산,기장군,57082,57903,2446,2988
2018,6,201806,부산,남구,76567,78769,2816,3334
2018,6,201806,부산,동구,38830,40080,1137,1411
2018,6,201806,부산,동래구,74301,76127,2724,3399
2018,6,201806,부산,부산진구,102167,109411,3935,4575
2018,6,201806,부산,북구,84157,85665,3120,3518
2018,6,201806,부산,사상구,66244,69494,2931,3399
2018,6,201806,부산,사하구,90929,95515,3638,4079
2018,6,201806,부산,서구,23149,23576,1167,1228
2018,6,201806,부산,수영구,56350,71557,1866,2290
2018,6,201806,부산,연제구,69559,73461,2168,3173
2018,6,201806,부산,영도구,26089,27706,1277,1639
2018,6,201806,부산,중구,18917,19208,615,719
2018,6,201806,부산,해운대구,148903,155055,4250,4615
2018,6,201806,서울,강남구,195869,210987,5585,6575
2018,6,201806,서울,강동구,110174,115694,4411,5019
2018,6,201806,서울,강북구,61230,63973,3379,4167
2018,6,201806,서울,강서구,161450,173005,6610,8011
2018,6,201806,서울,관악구,100662,103834,4695,5021
2018,6,201806,서울,광진구,79491,82850,3289,4028
2018,6,201806,서울,구로구,109019,120317,5885,6652
2018,6,201806,서울,금천구,64911,68277,4002,4506
2018,6,201806,서울,노원구,127992,134169,5067,6059
2018,6,201806,서울,도봉구,76820,82111,3515,3988
2018,6,201806,서울,동대문구,77023,80021,3840,4088
2018,6,201806,서울,동작구,90654,92009,3376,3558
2018,6,201806,서울,마포구,96059,100152,3722,4562
2018,6,201806,서울,서대문구,70599,73861,3011,3517
2018,6,201806,서울,서초구,152719,159638,4415,5367
2018,6,201806,서울,성동구,82566,89387,3020,3678
2018,6,201806,서울,성북구,97292,100053,4303,5497
2018,6,201806,서울,송파구,193587,200238,5855,7512
2018,6,201806,서울,양천구,123880,128715,4592,5469
2018,6,201806,서울,영등포구,113987,118399,5421,5792
2018,6,201806,서울,용산구,66205,67361,2576,2702
2018,6,201806,서울,은평구,105618,109844,4745,5574
2018,6,201806,서울,종로구,38850,41062,2063,3981
2018,6,201806,서울,중구,38438,41330,2489,3442
2018,6,201806,서울,중랑구,86683,92887,4535,5118
2018,6,201806,세종,세종시,119910,120824,3723,4205
2018,6,201806,울산,남구,130779,134146,3512,4200
2018,6,201806,울산,동구,56187,56775,1603,1787
2018,6,201806,울산,북구,87718,89902,2398,2687
2018,6,201806,울산,울주군,93154,94457,3291,4143
2018,6,201806,울산,중구,88815,90214,2453,2897
2018,6,201806,인천,강화군,22271,22698,1329,1610
2018,6,201806,인천,계양구,95329,246413,4654,8680
2018,6,201806,인천,남동구,205178,243005,7294,9061
2018,6,201806,인천,동구,20253,21001,1113,1213
2018,6,201806,인천,미추홀구,126005,173432,5713,8175
2018,6,201806,인천,부평구,183399,188202,7078,8033
2018,6,201806,인천,서구,185625,190018,7996,9392
2018,6,201806,인천,연수구,147036,151421,3713,4734
2018,6,201806,인천,옹진군,7550,7697,554,652
2018,6,201806,인천,중구,43618,49641,2000,2994
2018,6,201806,전남,강진군,11010,11256,610,746
2018,6,201806,전남,고흥군,17409,17691,1149,1328
2018,6,201806,전남,곡성군,9055,9349,520,626
2018,6,201806,전남,광양시,60945,61754,2542,2896
2018,6,201806,전남,구례군,8369,8750,483,565
2018,6,201806,전남,나주시,40923,42133,2028,2551
2018,6,201806,전남,담양군,16815,17154,897,1206
2018,6,201806,전남,목포시,75496,78290,3583,4190
2018,6,201806,전남,무안군,28379,28782,1504,1740
2018,6,201806,전남,보성군,12643,79159,795,3678
2018,6,201806,전남,순천시,102473,104399,3958,4856
2018,6,201806,전남,신안군,11209,11491,643,781
2018,6,201806,전남,여수시,98079,100472,4162,4996
2018,6,201806,전남,영광군,17439,17670,876,1014
2018,6,201806,전남,영암군,19701,34288,1255,1708
2018,6,201806,전남,완도군,13999,14261,850,1001
2018,6,201806,전남,장성군,16697,16931,898,1048
2018,6,201806,전남,장흥군,11917,12081,663,770
2018,6,201806,전남,진도군,9457,9613,590,682
2018,6,201806,전남,함평군,10686,10882,586,707
2018,6,201806,전남,해남군,21459,21810,1596,1762
2018,6,201806,전남,화순군,21948,22245,1147,2441
2018,6,201806,전북,고창군,17813,18060,1265,1410
2018,6,201806,전북,군산시,101773,104853,3983,4625
2018,6,201806,전북,김제시,29175,30041,1603,1853
2018,6,201806,전북,남원시,25217,28823,1419,1868
2018,6,201806,전북,무주군,7559,7689,517,595
2018,6,201806,전북,부안군,17370,17633,955,1149
2018,6,201806,전북,순창군,8757,8879,480,558
2018,6,201806,전북,완주군,36257,36724,1779,2412
2018,6,201806,전북,익산시,103839,106401,5084,5772
2018,6,201806,전북,임실군,8891,9015,468,588
2018,6,201806,전북,장수군,6842,6944,411,478
2018,6,201806,전북,전주시,254112,260411,8394,10238
2018,6,201806,전북,정읍시,35382,38020,1896,2202
2018,6,201806,전북,진안군,8259,8392,481,596
2018,6,201806,제주,서귀포시,68078,69616,3581,3884
2018,6,201806,제주,제주시,209610,355655,8867,16682
2018,6,201806,충남,계룡시,18229,18392,718,875
2018,6,201806,충남,공주시,37049,38287,2019,2456
2018,6,201806,충남,금산군,17840,18928,1277,1656
2018,6,201806,충남,논산시,40767,41760,2432,2930
2018,6,201806,충남,당진시,68647,69254,2806,3184
2018,6,201806,충남,보령시,35791,36327,1682,1921
2018,6,201806,충남,부여군,20901,21551,1382,1818
2018,6,201806,충남,서산시,66285,67440,2948,3474
2018,6,201806,충남,서천군,18218,18451,891,1046
2018,6,201806,충남,아산시,125970,128793,5763,6520
2018,6,201806,충남,예산군,28384,28824,1587,1983
2018,6,201806,충남,천안시,250648,255335,10338,12105
2018,6,201806,충남,청양군,9942,10085,579,686
2018,6,201806,충남,태안군,21430,21687,1198,1337
2018,6,201806,충남,홍성군,36042,36558,1715,2024
2018,6,201806,충북,괴산군,13088,13242,827,920
2018,6,201806,충북,단양군,9870,10058,608,701
2018,6,201806,충북,보은군,10628,10820,673,810
2018,6,201806,충북,영동군,15602,15829,837,980
2018,6,201806,충북,옥천군,17256,17720,924,1064
2018,6,201806,충북,음성군,40271,40617,2390,2612
2018,6,201806,충북,제천시,48286,49196,2243,2495
2018,6,201806,충북,증평군,14254,14436,679,750
2018,6,201806,충북,진천군,32302,32613,1596,1782
2018,6,201806,충북,청주시,315654,325420,12270,15107
2018,6,201806,충북,충주시,78814,80713,3636,4188
2018,7,201807,강원,강릉시,80679,83077,3282,4056
2018,7,201807,강원,고성군,9558,9699,533,617
2018,7,201807,강원,동해시,34195,34986,1560,1747
2018,7,201807,강원,삼척시,23531,24047,1044,1247
2018,7,201807,강원,속초시,28361,29366,1409,1645
2018,7,201807,강원,양구군,8053,8142,384,446
2018,7,201807,강원,양양군,10069,10219,517,565
2018,7,201807,강원,영월군,13437,13707,834,980
2018,7,201807,강원,원주시,127796,131099,5239,6031
2018,7,201807,강원,인제군,11887,12032,615,708
2018,7,201807,강원,정선군,13166,13469,776,908
2018,7,201807,강원,철원군,15556,15741,955,1040
2018,7,201807,강원,춘천시,102086,104634,4065,4938
2018,7,201807,강원,태백시,15766,16281,866,1085
2018,7,201807,강원,평창군,15651,16002,872,1000
2018,7,201807,강원,홍천군,24321,24657,1484,1903
2018,7,201807,강원,화천군,8745,8852,397,515
2018,7,201807,강원,횡성군,15875,16462,932,1076
2018,7,201807,경기,가평군,21444,21779,1447,1828
2018,7,201807,경기,고양시,333473,341345,11877,14079
2018,7,201807,경기,과천시,17311,18110,637,758
2018,7,201807,경기,광명시,88362,90202,3860,4429
2018,7,201807,경기,광주시,137334,138203,6193,9241
2018,7,201807,경기,구리시,57405,58558,2342,2679
2018,7,201807,경기,군포시,82535,83457,3068,3310
2018,7,201807,경기,김포시,153192,155216,6303,7850
2018,7,201807,경기,남양주시,216136,218119,9899,10965
2018,7,201807,경기,동두천시,29494,30298,1690,1811
2018,7,201807,경기,부천시,243973,250424,11536,13053
2018,7,201807,경기,성남시,288705,296050,9696,11665
2018,7,201807,경기,수원시,421242,429598,16140,19275
2018,7,201807,경기,시흥시,164016,165997,7599,8060
2018,7,201807,경기,안산시,228963,233980,12007,14336
2018,7,201807,경기,안성시,72342,73323,3673,4190
2018,7,201807,경기,안양시,174080,178092,6626,8444
2018,7,201807,경기,양주시,73466,74402,4244,4916
2018,7,201807,경기,양평군,42714,43206,2058,2851
2018,7,201807,경기,여주시,43543,44186,2317,3098
2018,7,201807,경기,연천군,15687,15935,987,1162
2018,7,201807,경기,오산시,81275,82506,3516,4060
2018,7,201807,경기,용인시,372301,379442,12210,14677
2018,7,201807,경기,의왕시,49124,49834,1734,1939
2018,7,201807,경기,의정부시,122958,125152,6012,6685
2018,7,201807,경기,이천시,82581,83737,3958,4555
2018,7,201807,경기,파주시,159087,161402,6569,9350
2018,7,201807,경기,평택시,199415,202888,8880,10673
2018,7,201807,경기,포천시,58084,63898,3562,4477
2018,7,201807,경기,하남시,79739,80339,2857,3275
2018,7,201807,경기,화성시,302135,305980,11477,13881
2018,7,201807,경남,거제시,87130,88421,3447,4114
2018,7,201807,경남,거창군,20675,20973,979,1205
2018,7,201807,경남,고성군,17739,18093,928,1084
2018,7,201807,경남,김해시,206225,208828,7885,8630
2018,7,201807,경남,남해군,12245,12510,639,827
2018,7,201807,경남,밀양시,37904,38500,1667,1982
2018,7,201807,경남,사천시,41548,42349,1698,2002
2018,7,201807,경남,산청군,11673,11879,583,689
2018,7,201807,경남,양산시,126688,127788,5111,6140
2018,7,201807,경남,의령군,8961,9094,430,537
2018,7,201807,경남,진주시,123236,126252,4327,5669
2018,7,201807,경남,창녕군,23139,23673,1195,1383
2018,7,201807,경남,창원시,455070,480630,13185,16168
2018,7,201807,경남,통영시,40782,41684,2173,2500
2018,7,201807,경남,하동군,15244,15418,701,796
2018,7,201807,경남,함안군,29036,38960,1308,1807
2018,7,201807,경남,함양군,11814,12020,585,719
2018,7,201807,경남,합천군,14025,14210,698,824
2018,7,201807,경북,경산시,102695,103927,3648,4168
2018,7,201807,경북,경주시,104258,106438,4602,5326
2018,7,201807,경북,고령군,13332,13421,733,807
2018,7,201807,경북,구미시,169860,172807,6684,7605
2018,7,201807,경북,군위군,8809,8889,443,500
2018,7,201807,경북,김천시,51048,51816,2335,2672
2018,7,201807,경북,문경시,23602,24042,1344,1537
2018,7,201807,경북,봉화군,9944,10092,515,596
2018,7,201807,경북,상주시,32531,33099,1725,2094
2018,7,201807,경북,성주군,17788,18153,889,981
2018,7,201807,경북,안동시,57620,58720,2494,2933
2018,7,201807,경북,영덕군,11820,12029,660,764
2018,7,201807,경북,영양군,5304,5387,293,353
2018,7,201807,경북,영주시,37472,38121,1874,2103
2018,7,201807,경북,영천시,38276,38834,1922,2241
2018,7,201807,경북,예천군,17612,17880,765,870
2018,7,201807,경북,울릉군,3515,3794,240,425
2018,7,201807,경북,울진군,17916,18206,777,931
2018,7,201807,경북,의성군,16724,16906,933,1093
2018,7,201807,경북,청도군,15548,15708,719,798
2018,7,201807,경북,청송군,8716,8821,441,542
2018,7,201807,경북,칠곡군,52100,52515,2285,2913
2018,7,201807,경북,포항시,204779,209130,7104,8474
2018,7,201807,광주,광산구,149048,152829,5325,5913
2018,7,201807,광주,남구,73474,74725,2543,2949
2018,7,201807,광주,동구,30489,31158,1210,1436
2018,7,201807,광주,북구,152326,158405,5124,6245
2018,7,201807,광주,서구,120433,125815,4086,4924
2018,7,201807,대구,남구,46990,48289,1879,2135
2018,7,201807,대구,달서구,220315,226095,6356,7202
2018,7,201807,대구,달성군,99515,101097,3328,3960
2018,7,201807,대구,동구,125915,131438,4261,5109
2018,7,201807,대구,북구,157610,160720,4946,5751
2018,7,201807,대구,서구,59111,61565,2358,2740
2018,7,201807,대구,수성구,187765,191342,4255,5187
2018,7,201807,대구,중구,50212,51120,1157,1568
2018,7,201807,대전,대덕구,68129,70140,3015,3579
2018,7,201807,대전,동구,69814,72183,3224,3635
2018,7,201807,대전,서구,175010,179945,5728,6377
2018,7,201807,대전,유성구,146336,148673,4264,4751
2018,7,201807,대전,중구,79741,82946,3539,4215
2018,7,201807,부산,강서구,50320,51775,1933,2201
2018,7,201807,부산,금정구,67670,71122,2877,3635
2018,7,201807,부산,기장군,57307,58130,2456,2999
2018,7,201807,부산,남구,77229,79444,2813,3328
2018,7,201807,부산,동구,39100,40424,1129,1406
2018,7,201807,부산,동래구,74384,76257,2702,3376
2018,7,201807,부산,부산진구,102235,109784,3898,4523
2018,7,201807,부산,북구,84224,85739,3113,3510
2018,7,201807,부산,사상구,66031,69286,2907,3372
2018,7,201807,부산,사하구,91067,95648,3648,4086
2018,7,201807,부산,서구,23246,23671,1178,1237
2018,7,201807,부산,수영구,55992,72353,1844,2277
2018,7,201807,부산,연제구,69492,73518,2168,3170
2018,7,201807,부산,영도구,26085,27593,1276,1627
2018,7,201807,부산,중구,19169,19461,617,722
2018,7,201807,부산,해운대구,148994,155492,4234,4583
2018,7,201807,서울,강남구,195524,211045,5548,6535
2018,7,201807,서울,강동구,110149,115673,4382,4987
2018,7,201807,서울,강북구,61287,64020,3350,4138
2018,7,201807,서울,강서구,161865,173555,6571,8022
2018,7,201807,서울,관악구,100705,103875,4693,5017
2018,7,201807,서울,광진구,79541,82888,3267,4008
2018,7,201807,서울,구로구,109073,120210,5862,6638
2018,7,201807,서울,금천구,65017,68344,3978,4480
2018,7,201807,서울,노원구,128000,134202,5042,6022
2018,7,201807,서울,도봉구,76902,82186,3505,3979
2018,7,201807,서울,동대문구,77472,80458,3822,4026
2018,7,201807,서울,동작구,90832,92196,3376,3558
2018,7,201807,서울,마포구,96109,100184,3690,4529
2018,7,201807,서울,서대문구,70600,73868,2991,3497
2018,7,201807,서울,서초구,152153,159139,4388,5345
2018,7,201807,서울,성동구,82661,89898,3000,3731
2018,7,201807,서울,성북구,97283,100040,4290,5485
2018,7,201807,서울,송파구,193816,200661,5845,7516
2018,7,201807,서울,양천구,123935,128764,4586,5451
2018,7,201807,서울,영등포구,113662,118016,5378,5746
2018,7,201807,서울,용산구,66037,67184,2560,2688
2018,7,201807,서울,은평구,105727,110029,4738,5567
2018,7,201807,서울,종로구,38827,41041,2050,4002
2018,7,201807,서울,중구,38330,41265,2485,3436
2018,7,201807,서울,중랑구,86838,93025,4497,5079
2018,7,201807,세종,세종시,121093,122018,3735,4231
2018,7,201807,울산,남구,130877,134260,3493,4218
2018,7,201807,울산,동구,56156,56747,1604,1789
2018,7,201807,울산,북구,87935,90087,2415,2700
2018,7,201807,울산,울주군,93532,94826,3278,4128
2018,7,201807,울산,중구,88764,90163,2460,2883
2018,7,201807,인천,강화군,22319,22741,1304,1585
2018,7,201807,인천,계양구,95319,248303,4608,8630
2018,7,201807,인천,남동구,205782,243684,7261,9049
2018,7,201807,인천,동구,20340,21090,1105,1206
2018,7,201807,인천,미추홀구,126481,173795,5694,8183
2018,7,201807,인천,부평구,182990,187948,7021,7980
2018,7,201807,인천,서구,186824,191189,7993,9386
2018,7,201807,인천,연수구,147468,151866,3722,4748
2018,7,201807,인천,옹진군,7592,7741,556,652
2018,7,201807,인천,중구,43802,49829,2002,3015
2018,7,201807,전남,강진군,11011,11256,609,743
2018,7,201807,전남,고흥군,17466,17748,1141,1322
2018,7,201807,전남,곡성군,9049,9336,523,630
2018,7,201807,전남,광양시,61065,61865,2547,2899
2018,7,201807,전남,구례군,8404,8786,490,572
2018,7,201807,전남,나주시,41137,42364,2019,2545
2018,7,201807,전남,담양군,16799,17138,894,1205
2018,7,201807,전남,목포시,75745,78491,3576,4215
2018,7,201807,전남,무안군,28406,28749,1507,1740
2018,7,201807,전남,보성군,12658,79267,784,3640
2018,7,201807,전남,순천시,102795,104708,3960,4848
2018,7,201807,전남,신안군,11220,11574,650,795
2018,7,201807,전남,여수시,98308,100711,4152,4985
2018,7,201807,전남,영광군,17475,17706,874,1012
2018,7,201807,전남,영암군,19795,35717,1252,1686
2018,7,201807,전남,완도군,14039,14302,846,997
2018,7,201807,전남,장성군,16679,16915,890,1040
2018,7,201807,전남,장흥군,11908,12071,664,770
2018,7,201807,전남,진도군,9471,9627,587,679
2018,7,201807,전남,함평군,10704,10899,587,708
2018,7,201807,전남,해남군,21477,21826,1587,1752
2018,7,201807,전남,화순군,21972,22266,1147,2431
2018,7,201807,전북,고창군,17872,18119,1277,1422
2018,7,201807,전북,군산시,102032,105101,3965,4613
2018,7,201807,전북,김제시,29295,30167,1614,1864
2018,7,201807,전북,남원시,25260,28836,1413,1853
2018,7,201807,전북,무주군,7566,7697,518,596
2018,7,201807,전북,부안군,17403,17665,957,1151
2018,7,201807,전북,순창군,8760,8881,476,554
2018,7,201807,전북,완주군,36241,36714,1787,2424
2018,7,201807,전북,익산시,104027,106582,5098,5771
2018,7,201807,전북,임실군,8885,9007,466,586
2018,7,201807,전북,장수군,6856,6957,417,484
2018,7,201807,전북,전주시,255268,261565,8388,10244
2018,7,201807,전북,정읍시,35496,38263,1905,2214
2018,7,201807,전북,진안군,8252,8384,478,594
2018,7,201807,제주,서귀포시,68458,70026,3567,3870
2018,7,201807,제주,제주시,209711,361261,8822,16686
2018,7,201807,충남,계룡시,18276,18440,725,881
2018,7,201807,충남,공주시,37208,38437,2011,2448
2018,7,201807,충남,금산군,17877,18951,1265,1640
2018,7,201807,충남,논산시,40845,41839,2425,2921
2018,7,201807,충남,당진시,68908,69523,2815,3195
2018,7,201807,충남,보령시,35860,36400,1692,1928
2018,7,201807,충남,부여군,20960,21605,1381,1819
2018,7,201807,충남,서산시,66587,67757,2954,3480
2018,7,201807,충남,서천군,18213,18446,896,1052
2018,7,201807,충남,아산시,126288,129094,5779,6530
2018,7,201807,충남,예산군,28493,28934,1583,1980
2018,7,201807,충남,천안시,251847,256548,10290,12049
2018,7,201807,충남,청양군,9905,10048,581,689
2018,7,201807,충남,태안군,21447,21700,1192,1332
2018,7,201807,충남,홍성군,36166,36685,1709,2018
2018,7,201807,충북,괴산군,13096,13250,826,920
2018,7,201807,충북,단양군,9896,10085,612,705
2018,7,201807,충북,보은군,10657,10853,671,806
2018,7,201807,충북,영동군,15627,15848,837,981
2018,7,201807,충북,옥천군,17289,17751,921,1060
2018,7,201807,충북,음성군,40498,40846,2397,2623
2018,7,201807,충북,제천시,48369,49281,2230,2476
2018,7,201807,충북,증평군,14307,14487,673,740
2018,7,201807,충북,진천군,32558,32867,1606,1793
2018,7,201807,충북,청주시,316606,326362,12252,15056
2018,7,201807,충북,충주시,79106,81018,3642,4192
2018,8,201808,강원,강릉시,80882,83272,3287,4049
2018,8,201808,강원,고성군,9607,9749,534,617
2018,8,201808,강원,동해시,34322,35115,1567,1753
2018,8,201808,강원,삼척시,23576,24098,1033,1238
2018,8,201808,강원,속초시,28393,29395,1407,1644
2018,8,201808,강원,양구군,8039,8128,383,445
2018,8,201808,강원,양양군,10128,10278,521,569
2018,8,201808,강원,영월군,13471,13741,829,973
2018,8,201808,강원,원주시,128197,131499,5238,6033
2018,8,201808,강원,인제군,11933,12078,613,705
2018,8,201808,강원,정선군,13173,13481,773,907
2018,8,201808,강원,철원군,15642,15829,948,1033
2018,8,201808,강원,춘천시,102423,104961,4051,4927
2018,8,201808,강원,태백시,15789,16304,862,1079
2018,8,201808,강원,평창군,15612,15963,877,1002
2018,8,201808,강원,홍천군,24378,24714,1470,1890
2018,8,201808,강원,화천군,8766,8874,397,516
2018,8,201808,강원,횡성군,16007,16594,941,1085
2018,8,201808,경기,가평군,21523,21849,1437,1816
2018,8,201808,경기,고양시,334122,342035,11833,14021
2018,8,201808,경기,과천시,17524,18324,634,755
2018,8,201808,경기,광명시,88324,90165,3813,4382
2018,8,201808,경기,광주시,138105,138976,6195,9261
2018,8,201808,경기,구리시,57505,58651,2330,2669
2018,8,201808,경기,군포시,82535,83459,3046,3286
2018,8,201808,경기,김포시,154673,156700,6294,7857
2018,8,201808,경기,남양주시,217554,219544,9906,10979
2018,8,201808,경기,동두천시,29537,30342,1686,1806
2018,8,201808,경기,부천시,244024,250491,11480,12999
2018,8,201808,경기,성남시,288740,296142,9615,11585
2018,8,201808,경기,수원시,421679,430016,16058,19211
2018,8,201808,경기,시흥시,165452,167415,7585,8044
2018,8,201808,경기,안산시,228706,233696,11977,14278
2018,8,201808,경기,안성시,72654,73630,3671,4184
2018,8,201808,경기,안양시,174046,178038,6580,8392
2018,8,201808,경기,양주시,73955,74881,4215,4895
2018,8,201808,경기,양평군,42832,43331,2048,2855
2018,8,201808,경기,여주시,43724,44369,2323,3087
2018,8,201808,경기,연천군,15754,16011,977,1151
2018,8,201808,경기,오산시,81379,82614,3489,4032
2018,8,201808,경기,용인시,374541,381570,12166,14633
2018,8,201808,경기,의왕시,49117,49816,1735,1941
2018,8,201808,경기,의정부시,123532,125714,6020,6690
2018,8,201808,경기,이천시,82782,83927,3959,4560
2018,8,201808,경기,파주시,160413,162748,6584,9347
2018,8,201808,경기,평택시,200575,204232,8865,10673
2018,8,201808,경기,포천시,58093,63767,3557,4463
2018,8,201808,경기,하남시,80401,81017,2861,3274
2018,8,201808,경기,화성시,304697,308531,11470,13876
2018,8,201808,경남,거제시,87238,88525,3428,4096
2018,8,201808,경남,거창군,20699,20998,978,1202
2018,8,201808,경남,고성군,17778,18124,931,1084
2018,8,201808,경남,김해시,206877,209479,7842,8587
2018,8,201808,경남,남해군,12263,12533,643,829
2018,8,201808,경남,밀양시,37952,38543,1667,1982
2018,8,201808,경남,사천시,41705,42504,1701,1999
2018,8,201808,경남,산청군,11717,11923,580,686
2018,8,201808,경남,양산시,127254,128388,5123,6151
2018,8,201808,경남,의령군,8973,9106,437,544
2018,8,201808,경남,진주시,123498,126533,4308,5661
2018,8,201808,경남,창녕군,23128,23663,1197,1385
2018,8,201808,경남,창원시,455155,480463,13155,16117
2018,8,201808,경남,통영시,40791,41691,2174,2501
2018,8,201808,경남,하동군,15243,15416,708,803
2018,8,201808,경남,함안군,29001,39122,1292,1782
2018,8,201808,경남,함양군,11836,12042,581,714
2018,8,201808,경남,합천군,14044,14229,695,821
2018,8,201808,경북,경산시,102945,104136,3646,4105
2018,8,201808,경북,경주시,104549,106717,4595,5307
2018,8,201808,경북,고령군,13251,13340,740,815
2018,8,201808,경북,구미시,170136,173053,6652,7573
2018,8,201808,경북,군위군,8799,8879,444,500
2018,8,201808,경북,김천시,51196,51965,2343,2680
2018,8,201808,경북,문경시,23602,24062,1347,1543
2018,8,201808,경북,봉화군,9938,10093,512,593
2018,8,201808,경북,상주시,32632,33200,1726,2096
2018,8,201808,경북,성주군,17836,18211,897,989
2018,8,201808,경북,안동시,57587,58697,2472,2973
2018,8,201808,경북,영덕군,11831,12040,660,765
2018,8,201808,경북,영양군,5292,5373,288,347
2018,8,201808,경북,영주시,37489,38136,1887,2115
2018,8,201808,경북,영천시,38410,38968,1924,2246
2018,8,201808,경북,예천군,17833,18103,771,877
2018,8,201808,경북,울릉군,3518,3797,244,430
2018,8,201808,경북,울진군,17927,18216,781,931
2018,8,201808,경북,의성군,16760,16942,938,1095
2018,8,201808,경북,청도군,15564,15723,719,798
2018,8,201808,경북,청송군,8735,8840,437,541
2018,8,201808,경북,칠곡군,52160,52569,2271,2893
2018,8,201808,경북,포항시,205295,209616,7076,8435
2018,8,201808,광주,광산구,149595,153365,5324,5906
2018,8,201808,광주,남구,73545,74801,2527,2932
2018,8,201808,광주,동구,30542,31209,1204,1430
2018,8,201808,광주,북구,152884,158811,5126,6243
2018,8,201808,광주,서구,120374,126021,4048,4888
2018,8,201808,대구,남구,47115,48428,1885,2141
2018,8,201808,대구,달서구,220625,226313,6323,7191
2018,8,201808,대구,달성군,100015,101679,3335,3969
2018,8,201808,대구,동구,125957,131479,4237,5090
2018,8,201808,대구,북구,158057,161172,4924,5725
2018,8,201808,대구,서구,58822,61280,2333,2710
2018,8,201808,대구,수성구,187827,191415,4236,5106
2018,8,201808,대구,중구,50093,51007,1161,1573
2018,8,201808,대전,대덕구,68031,70068,2989,3552
2018,8,201808,대전,동구,70111,72486,3219,3628
2018,8,201808,대전,서구,175239,180222,5735,6365
2018,8,201808,대전,유성구,146783,149115,4279,4765
2018,8,201808,대전,중구,79792,83005,3521,4197
2018,8,201808,부산,강서구,50727,52177,1929,2195
2018,8,201808,부산,금정구,67632,71096,2866,3625
2018,8,201808,부산,기장군,57476,58306,2446,2989
2018,8,201808,부산,남구,77588,79820,2806,3314
2018,8,201808,부산,동구,39485,40889,1129,1419
2018,8,201808,부산,동래구,74622,76483,2673,3349
2018,8,201808,부산,부산진구,102327,109910,3866,4481
2018,8,201808,부산,북구,84216,85727,3090,3491
2018,8,201808,부산,사상구,66011,69269,2903,3372
2018,8,201808,부산,사하구,91035,95623,3624,4064
2018,8,201808,부산,서구,23332,23756,1179,1238
2018,8,201808,부산,수영구,55832,72757,1837,2279
2018,8,201808,부산,연제구,69346,73398,2147,3147
2018,8,201808,부산,영도구,26036,27543,1267,1615
2018,8,201808,부산,중구,19386,19680,611,715
2018,8,201808,부산,해운대구,148986,155930,4222,4573
2018,8,201808,서울,강남구,195306,210852,5543,6522
2018,8,201808,서울,강동구,110076,115602,4335,4944
2018,8,201808,서울,강북구,61189,63922,3329,4117
2018,8,201808,서울,강서구,161527,173301,6453,7904
2018,8,201808,서울,관악구,100783,103958,4663,4987
2018,8,201808,서울,광진구,79561,83061,3248,3991
2018,8,201808,서울,구로구,109053,120187,5833,6608
2018,8,201808,서울,금천구,65059,68329,4001,4504
2018,8,201808,서울,노원구,127964,134148,4997,5968
2018,8,201808,서울,도봉구,76914,82215,3474,3949
2018,8,201808,서울,동대문구,77884,80862,3804,4009
2018,8,201808,서울,동작구,90980,92330,3344,3527
2018,8,201808,서울,마포구,96212,100321,3662,4504
2018,8,201808,서울,서대문구,70654,73929,2983,3489
2018,8,201808,서울,서초구,152364,159403,4348,5306
2018,8,201808,서울,성동구,82679,89765,3012,4042
2018,8,201808,서울,성북구,97257,100019,4279,5470
2018,8,201808,서울,송파구,193945,200765,5796,7464
2018,8,201808,서울,양천구,124038,128870,4540,5378
2018,8,201808,서울,영등포구,113479,117830,5315,5674
2018,8,201808,서울,용산구,66175,67309,2537,2666
2018,8,201808,서울,은평구,105819,110124,4728,5556
2018,8,201808,서울,종로구,38867,41087,2042,4010
2018,8,201808,서울,중구,38288,41196,2494,3435
2018,8,201808,서울,중랑구,86808,92993,4466,5049
2018,8,201808,세종,세종시,122522,123443,3746,4243
2018,8,201808,울산,남구,130852,134216,3479,4200
2018,8,201808,울산,동구,56107,56705,1597,1781
2018,8,201808,울산,북구,88176,90308,2391,2674
2018,8,201808,울산,울주군,93837,95130,3272,4122
2018,8,201808,울산,중구,88752,90146,2443,2864
2018,8,201808,인천,강화군,22398,22816,1305,1587
2018,8,201808,인천,계양구,95412,249616,4565,8575
2018,8,201808,인천,남동구,206899,244712,7252,9039
2018,8,201808,인천,동구,20465,21221,1108,1209
2018,8,201808,인천,미추홀구,126730,174672,5678,8242
2018,8,201808,인천,부평구,182965,188047,6982,7937
2018,8,201808,인천,서구,187205,191607,7972,9351
2018,8,201808,인천,연수구,147732,152167,3701,4730
2018,8,201808,인천,옹진군,7634,7782,567,663
2018,8,201808,인천,중구,44119,50109,1993,3003
2018,8,201808,전남,강진군,10998,11242,605,740
2018,8,201808,전남,고흥군,17502,17782,1147,1325
2018,8,201808,전남,곡성군,9051,9335,512,621
2018,8,201808,전남,광양시,61091,61890,2547,2896
2018,8,201808,전남,구례군,8401,8788,484,566
2018,8,201808,전남,나주시,41358,42494,2022,2549
2018,8,201808,전남,담양군,16824,17165,890,1202
2018,8,201808,전남,목포시,75976,78766,3571,4213
2018,8,201808,전남,무안군,28441,28781,1500,1729
2018,8,201808,전남,보성군,12642,79239,786,3580
2018,8,201808,전남,순천시,103272,105159,3961,4839
2018,8,201808,전남,신안군,11215,11574,654,793
2018,8,201808,전남,여수시,98444,100846,4135,4965
2018,8,201808,전남,영광군,17503,17734,872,1010
2018,8,201808,전남,영암군,19847,35148,1266,1685
2018,8,201808,전남,완도군,14064,14328,839,992
2018,8,201808,전남,장성군,16744,16919,887,1037
2018,8,201808,전남,장흥군,11888,12048,667,775
2018,8,201808,전남,진도군,9480,9636,583,675
2018,8,201808,전남,함평군,10698,11481,586,720
2018,8,201808,전남,해남군,21552,21900,1596,1757
2018,8,201808,전남,화순군,22040,22333,1135,2415
2018,8,201808,전북,고창군,17897,18144,1274,1417
2018,8,201808,전북,군산시,102286,105344,3948,4597
2018,8,201808,전북,김제시,29372,30305,1600,1831
2018,8,201808,전북,남원시,25365,28913,1412,1847
2018,8,201808,전북,무주군,7592,7723,526,603
2018,8,201808,전북,부안군,17437,17701,957,1150
2018,8,201808,전북,순창군,8761,8882,477,554
2018,8,201808,전북,완주군,36284,36757,1780,2415
2018,8,201808,전북,익산시,104238,106790,5078,5730
2018,8,201808,전북,임실군,8896,9017,466,586
2018,8,201808,전북,장수군,6838,6939,419,485
2018,8,201808,전북,전주시,256035,262315,8388,10263
2018,8,201808,전북,정읍시,35618,38390,1897,2207
2018,8,201808,전북,진안군,8286,8418,470,587
2018,8,201808,제주,서귀포시,68769,70333,3566,3868
2018,8,201808,제주,제주시,209639,365313,8815,16596
2018,8,201808,충남,계룡시,18329,18491,731,890
2018,8,201808,충남,공주시,37378,38606,2008,2450
2018,8,201808,충남,금산군,17931,19019,1269,1641
2018,8,201808,충남,논산시,40898,41884,2416,2912
2018,8,201808,충남,당진시,69149,69767,2795,3177
2018,8,201808,충남,보령시,35925,36465,1704,1938
2018,8,201808,충남,부여군,21004,21648,1363,1809
2018,8,201808,충남,서산시,66915,68085,2956,3484
2018,8,201808,충남,서천군,18186,18424,894,1051
2018,8,201808,충남,아산시,126497,129296,5762,6500
2018,8,201808,충남,예산군,28567,29007,1581,1978
2018,8,201808,충남,천안시,252611,257302,10255,12003
2018,8,201808,충남,청양군,9916,10058,577,685
2018,8,201808,충남,태안군,21521,21775,1193,1333
2018,8,201808,충남,홍성군,36220,36738,1701,2014
2018,8,201808,충북,괴산군,13100,13252,828,923
2018,8,201808,충북,단양군,9941,10127,612,705
2018,8,201808,충북,보은군,10681,10875,669,806
2018,8,201808,충북,영동군,15632,15842,839,983
2018,8,201808,충북,옥천군,17315,17768,925,1063
2018,8,201808,충북,음성군,40528,40875,2385,2612
2018,8,201808,충북,제천시,48548,49456,2223,2470
2018,8,201808,충북,증평군,14369,14548,676,741
2018,8,201808,충북,진천군,32953,33297,1610,1798
2018,8,201808,충북,청주시,317359,327128,12206,14991
2018,8,201808,충북,충주시,79356,81266,3623,4173
2018,9,201809,강원,강릉시,81001,83414,3282,4041
2018,9,201809,강원,고성군,9653,9795,534,617
2018,9,201809,강원,동해시,34386,35177,1565,1747
2018,9,201809,강원,삼척시,23660,24181,1028,1233
2018,9,201809,강원,속초시,28496,29497,1410,1645
2018,9,201809,강원,양구군,8048,8136,384,445
2018,9,201809,강원,양양군,10144,10294,515,563
2018,9,201809,강원,영월군,13526,13796,825,970
2018,9,201809,강원,원주시,128573,131875,5254,6047
2018,9,201809,강원,인제군,11965,12110,609,701
2018,9,201809,강원,정선군,13212,13520,766,899
2018,9,201809,강원,철원군,15651,15837,939,1026
2018,9,201809,강원,춘천시,102708,105226,4059,4937
2018,9,201809,강원,태백시,15790,16306,862,1078
2018,9,201809,강원,평창군,15661,16012,871,997
2018,9,201809,강원,홍천군,24442,24778,1467,1884
2018,9,201809,강원,화천군,8786,8900,397,516
2018,9,201809,강원,횡성군,16116,16692,943,1081
2018,9,201809,경기,가평군,21596,21921,1424,1800
2018,9,201809,경기,고양시,334706,342789,11772,13930
2018,9,201809,경기,과천시,17679,18475,635,758
2018,9,201809,경기,광명시,88345,90181,3784,4355
2018,9,201809,경기,광주시,138771,139636,6222,9260
2018,9,201809,경기,구리시,57742,58891,2324,2663
2018,9,201809,경기,군포시,82651,83573,3044,3287
2018,9,201809,경기,김포시,155823,157842,6328,7881
2018,9,201809,경기,남양주시,218309,220303,9897,10972
2018,9,201809,경기,동두천시,29594,30395,1682,1802
2018,9,201809,경기,부천시,244404,250935,11509,13028
2018,9,201809,경기,성남시,289021,296397,9582,11553
2018,9,201809,경기,수원시,421836,430314,15955,19097
2018,9,201809,경기,시흥시,166268,168228,7579,8041
2018,9,201809,경기,안산시,228948,233974,11944,14233
2018,9,201809,경기,안성시,73004,73947,3684,4195
2018,9,201809,경기,안양시,173940,177909,6558,8375
2018,9,201809,경기,양주시,74277,75202,4204,4883
2018,9,201809,경기,양평군,42907,43408,2056,2867
2018,9,201809,경기,여주시,43748,44394,2319,3097
2018,9,201809,경기,연천군,15765,16019,974,1146
2018,9,201809,경기,오산시,81523,82758,3484,4028
2018,9,201809,경기,용인시,377011,384012,12187,14663
2018,9,201809,경기,의왕시,49182,49884,1737,1944
2018,9,201809,경기,의정부시,124139,126334,6007,6676
2018,9,201809,경기,이천시,82992,84020,3959,4558
2018,9,201809,경기,파주시,161582,163920,6583,9358
2018,9,201809,경기,평택시,201459,205099,8860,10669
2018,9,201809,경기,포천시,58256,64982,3557,4467
2018,9,201809,경기,하남시,81046,81661,2873,3275
2018,9,201809,경기,화성시,307292,311230,11511,13884
2018,9,201809,경남,거제시,87310,88587,3429,4088
2018,9,201809,경남,거창군,20716,21014,974,1197
2018,9,201809,경남,고성군,17805,18158,930,1083
2018,9,201809,경남,김해시,207265,209869,7808,8564
2018,9,201809,경남,남해군,12269,12536,639,825
2018,9,201809,경남,밀양시,38023,38619,1661,1981
2018,9,201809,경남,사천시,41723,42515,1705,2002
2018,9,201809,경남,산청군,11787,11991,578,684
2018,9,201809,경남,양산시,127440,128575,5129,6159
2018,9,201809,경남,의령군,8997,9129,437,543
2018,9,201809,경남,진주시,123672,126717,4310,5656
2018,9,201809,경남,창녕군,23119,23651,1193,1384
2018,9,201809,경남,창원시,454639,479782,13150,16095
2018,9,201809,경남,통영시,40799,41696,2174,2500
2018,9,201809,경남,하동군,15235,15408,709,804
2018,9,201809,경남,함안군,28970,39151,1295,1780
2018,9,201809,경남,함양군,11858,12065,580,714
2018,9,201809,경남,합천군,14056,14241,696,822
2018,9,201809,경북,경산시,103267,104465,3649,4105
2018,9,201809,경북,경주시,104779,106935,4587,5298
2018,9,201809,경북,고령군,13245,13336,740,814
2018,9,201809,경북,구미시,170576,173535,6666,7589
2018,9,201809,경북,군위군,8773,8853,445,501
2018,9,201809,경북,김천시,51248,52022,2335,2671
2018,9,201809,경북,문경시,23630,24092,1352,1547
2018,9,201809,경북,봉화군,9953,10108,515,596
2018,9,201809,경북,상주시,32707,33278,1729,2099
2018,9,201809,경북,성주군,17805,18174,898,990
2018,9,201809,경북,안동시,57611,58721,2457,2953
2018,9,201809,경북,영덕군,11866,12074,661,765
2018,9,201809,경북,영양군,5313,5394,287,347
2018,9,201809,경북,영주시,37592,38237,1885,2111
2018,9,201809,경북,영천시,38532,39091,1914,2237
2018,9,201809,경북,예천군,17997,18266,780,886
2018,9,201809,경북,울릉군,3506,3787,245,432
2018,9,201809,경북,울진군,17913,18199,778,929
2018,9,201809,경북,의성군,16799,16983,927,1085
2018,9,201809,경북,청도군,15571,15731,717,796
2018,9,201809,경북,청송군,8764,8869,444,549
2018,9,201809,경북,칠곡군,52226,52637,2281,2904
2018,9,201809,경북,포항시,205777,210115,7078,8442
2018,9,201809,광주,광산구,149941,153723,5309,5893
2018,9,201809,광주,남구,73618,74871,2515,2918
2018,9,201809,광주,동구,30621,31292,1213,1439
2018,9,201809,광주,북구,153439,159324,5122,6235
2018,9,201809,광주,서구,120559,126171,4038,4879
2018,9,201809,대구,남구,47108,48424,1861,2113
2018,9,201809,대구,달서구,221244,226952,6318,7188
2018,9,201809,대구,달성군,100321,101992,3344,3975
2018,9,201809,대구,동구,126121,131614,4234,5088
2018,9,201809,대구,북구,158591,161710,4902,5721
2018,9,201809,대구,서구,58683,61178,2326,2681
2018,9,201809,대구,수성구,187925,191525,4239,5107
2018,9,201809,대구,중구,50442,51364,1172,1585
2018,9,201809,대전,대덕구,68019,70063,3003,3566
2018,9,201809,대전,동구,70379,72757,3210,3620
2018,9,201809,대전,서구,175518,180567,5724,6345
2018,9,201809,대전,유성구,147130,149456,4292,4779
2018,9,201809,대전,중구,79874,83080,3507,4179
2018,9,201809,부산,강서구,50997,52438,1927,2191
2018,9,201809,부산,금정구,67707,71170,2860,3614
2018,9,201809,부산,기장군,57645,58476,2443,3000
2018,9,201809,부산,남구,77964,80201,2810,3318
2018,9,201809,부산,동구,39803,41193,1120,1408
2018,9,201809,부산,동래구,74711,76523,2675,3348
2018,9,201809,부산,부산진구,102221,109932,3849,4463
2018,9,201809,부산,북구,84288,85781,3082,3481
2018,9,201809,부산,사상구,66063,69328,2899,3364
2018,9,201809,부산,사하구,91038,95621,3620,4058
2018,9,201809,부산,서구,23379,23804,1179,1239
2018,9,201809,부산,수영구,55705,73093,1837,2286
2018,9,201809,부산,연제구,69337,73482,2147,3150
2018,9,201809,부산,영도구,26019,27530,1269,1614
2018,9,201809,부산,중구,19546,19839,609,714
2018,9,201809,부산,해운대구,149144,156439,4201,4544
2018,9,201809,서울,강남구,195074,211742,5530,6523
2018,9,201809,서울,강동구,109944,115496,4326,4930
2018,9,201809,서울,강북구,61186,63912,3308,4095
2018,9,201809,서울,강서구,161385,173338,6396,7851
2018,9,201809,서울,관악구,100868,104044,4668,4988
2018,9,201809,서울,광진구,79559,83218,3243,3988
2018,9,201809,서울,구로구,109121,120287,5814,6587
2018,9,201809,서울,금천구,65261,68465,3991,4496
2018,9,201809,서울,노원구,128021,134190,4977,5947
2018,9,201809,서울,도봉구,76942,82228,3474,3952
2018,9,201809,서울,동대문구,78022,81025,3778,3984
2018,9,201809,서울,동작구,91078,92433,3340,3524
2018,9,201809,서울,마포구,96371,100478,3658,4495
2018,9,201809,서울,서대문구,70738,74029,2955,3461
2018,9,201809,서울,서초구,152431,159509,4347,5303
2018,9,201809,서울,성동구,82866,89981,3041,4062
2018,9,201809,서울,성북구,97296,100051,4260,5450
2018,9,201809,서울,송파구,194154,200991,5737,7409
2018,9,201809,서울,양천구,124127,128971,4531,5372
2018,9,201809,서울,영등포구,113266,117629,5303,5659
2018,9,201809,서울,용산구,66256,67387,2528,2657
2018,9,201809,서울,은평구,105846,110156,4714,5536
2018,9,201809,서울,종로구,38928,41060,2034,3985
2018,9,201809,서울,중구,38277,41176,2469,3409
2018,9,201809,서울,중랑구,86860,93032,4450,5029
2018,9,201809,세종,세종시,123817,124737,3750,4245
2018,9,201809,울산,남구,131043,134415,3470,4225
2018,9,201809,울산,동구,56118,56717,1594,1774
2018,9,201809,울산,북구,88464,90585,2382,2659
2018,9,201809,울산,울주군,94064,95343,3291,4136
2018,9,201809,울산,중구,88708,90089,2424,2807
2018,9,201809,인천,강화군,22493,22903,1302,1582
2018,9,201809,인천,계양구,95487,248595,4556,8589
2018,9,201809,인천,남동구,210904,248818,7243,9055
2018,9,201809,인천,동구,20507,21267,1115,1207
2018,9,201809,인천,미추홀구,126929,174649,5687,8233
2018,9,201809,인천,부평구,183241,188471,6962,7936
2018,9,201809,인천,서구,187816,192229,7962,9339
2018,9,201809,인천,연수구,147830,152329,3687,4708
2018,9,201809,인천,옹진군,7647,7793,563,659
2018,9,201809,인천,중구,44403,50389,1988,2992
2018,9,201809,전남,강진군,11011,11256,611,758
2018,9,201809,전남,고흥군,17523,17802,1146,1327
2018,9,201809,전남,곡성군,9044,9324,509,618
2018,9,201809,전남,광양시,61240,62030,2527,2874
2018,9,201809,전남,구례군,8378,8788,478,560
2018,9,201809,전남,나주시,41577,42711,2040,2562
2018,9,201809,전남,담양군,16871,17209,887,1201
2018,9,201809,전남,목포시,76096,78888,3590,4227
2018,9,201809,전남,무안군,28405,28743,1509,1744
2018,9,201809,전남,보성군,12659,78481,791,3543
2018,9,201809,전남,순천시,103560,105493,3959,4839
2018,9,201809,전남,신안군,11239,11605,659,801
2018,9,201809,전남,여수시,98627,101046,4141,4969
2018,9,201809,전남,영광군,17569,17799,869,1005
2018,9,201809,전남,영암군,19878,34678,1267,1702
2018,9,201809,전남,완도군,14078,14344,833,987
2018,9,201809,전남,장성군,16770,16949,889,1039
2018,9,201809,전남,장흥군,11902,12062,659,763
2018,9,201809,전남,진도군,9475,9631,584,677
2018,9,201809,전남,함평군,10691,13570,582,918
2018,9,201809,전남,해남군,21647,22005,1600,1767
2018,9,201809,전남,화순군,22009,22304,1134,2414
2018,9,201809,전북,고창군,17955,18201,1275,1419
2018,9,201809,전북,군산시,102499,105549,3946,4596
2018,9,201809,전북,김제시,29395,30325,1600,1837
2018,9,201809,전북,남원시,25431,28964,1417,1851
2018,9,201809,전북,무주군,7606,7737,524,600
2018,9,201809,전북,부안군,17462,17725,958,1153
2018,9,201809,전북,순창군,8785,8905,477,555
2018,9,201809,전북,완주군,36350,36823,1788,2413
2018,9,201809,전북,익산시,104424,106967,5075,5728
2018,9,201809,전북,임실군,8855,8976,466,588
2018,9,201809,전북,장수군,6877,6972,418,486
2018,9,201809,전북,전주시,256854,263116,8365,10240
2018,9,201809,전북,정읍시,35760,38515,1887,2196
2018,9,201809,전북,진안군,8313,8445,474,590
2018,9,201809,제주,서귀포시,69113,70676,3554,3856
2018,9,201809,제주,제주시,210020,369554,8801,16565
2018,9,201809,충남,계룡시,18364,18521,736,897
2018,9,201809,충남,공주시,37501,38741,1987,2430
2018,9,201809,충남,금산군,17971,19094,1257,1625
2018,9,201809,충남,논산시,40977,41967,2416,2908
2018,9,201809,충남,당진시,69250,69867,2786,3168
2018,9,201809,충남,보령시,36008,36549,1710,1944
2018,9,201809,충남,부여군,21065,21708,1362,1802
2018,9,201809,충남,서산시,67222,68400,2945,3474
2018,9,201809,충남,서천군,18190,18428,892,1050
2018,9,201809,충남,아산시,126822,129594,5763,6500
2018,9,201809,충남,예산군,28617,29058,1586,1983
2018,9,201809,충남,천안시,253462,258140,10276,12025
2018,9,201809,충남,청양군,9925,10069,563,672
2018,9,201809,충남,태안군,21524,21778,1191,1332
2018,9,201809,충남,홍성군,36245,36746,1688,2003
2018,9,201809,충북,괴산군,13081,13234,830,924
2018,9,201809,충북,단양군,9988,10172,613,707
2018,9,201809,충북,보은군,10696,10889,673,810
2018,9,201809,충북,영동군,15605,15817,838,983
2018,9,201809,충북,옥천군,17378,17831,922,1059
2018,9,201809,충북,음성군,40583,40933,2386,2613
2018,9,201809,충북,제천시,48678,49589,2229,2475
2018,9,201809,충북,증평군,14389,14568,668,737
2018,9,201809,충북,진천군,33186,33530,1617,1806
2018,9,201809,충북,청주시,318326,328144,12175,14974
2018,9,201809,충북,충주시,79505,81404,3611,4163
2018,10,201810,강원,강릉시,81179,83591,3278,4040
2018,10,201810,강원,고성군,9624,9766,530,614
2018,10,201810,강원,동해시,34437,35227,1568,1751
2018,10,201810,강원,삼척시,23715,24241,1013,1220
2018,10,201810,강원,속초시,28585,29591,1412,1647
2018,10,201810,강원,양구군,8082,8171,380,441
2018,10,201810,강원,양양군,10197,10352,511,559
2018,10,201810,강원,영월군,13536,13805,814,958
2018,10,201810,강원,원주시,128991,132277,5227,6024
2018,10,201810,강원,인제군,11996,12145,603,696
2018,10,201810,강원,정선군,13241,13549,763,897
2018,10,201810,강원,철원군,15674,15861,932,1019
2018,10,201810,강원,춘천시,102891,105416,4052,4933
2018,10,201810,강원,태백시,15756,16271,849,1068
2018,10,201810,강원,평창군,15672,16023,871,999
2018,10,201810,강원,홍천군,24442,24780,1453,1871
2018,10,201810,강원,화천군,8821,8934,398,517
2018,10,201810,강원,횡성군,16210,16648,951,1086
2018,10,201810,경기,가평군,21619,21939,1419,1793
2018,10,201810,경기,고양시,335383,343632,11737,13881
2018,10,201810,경기,과천시,17766,18562,633,759
2018,10,201810,경기,광명시,88413,90244,3783,4349
2018,10,201810,경기,광주시,139822,140688,6209,9228
2018,10,201810,경기,구리시,58214,59364,2323,2661
2018,10,201810,경기,군포시,82715,83643,3027,3273
2018,10,201810,경기,김포시,156985,159002,6337,7905
2018,10,201810,경기,남양주시,219022,221009,9866,10937
2018,10,201810,경기,동두천시,29538,30339,1674,1795
2018,10,201810,경기,부천시,244910,251428,11414,12925
2018,10,201810,경기,성남시,289068,296323,9488,11459
2018,10,201810,경기,수원시,422437,430881,15928,19038
2018,10,201810,경기,시흥시,167589,169545,7598,8066
2018,10,201810,경기,안산시,229425,234442,11891,14185
2018,10,201810,경기,안성시,73202,74135,3669,4186
2018,10,201810,경기,안양시,174017,177960,6531,8344
2018,10,201810,경기,양주시,74638,75547,4207,4870
2018,10,201810,경기,양평군,43033,43540,2045,2856
2018,10,201810,경기,여주시,43886,44543,2314,3090
2018,10,201810,경기,연천군,15782,16032,974,1148
2018,10,201810,경기,오산시,81878,83103,3497,4044
2018,10,201810,경기,용인시,379669,386860,12236,14713
2018,10,201810,경기,의왕시,49265,50092,1727,1937
2018,10,201810,경기,의정부시,124544,126771,5962,6633
2018,10,201810,경기,이천시,83302,84340,3970,4581
2018,10,201810,경기,파주시,162547,164807,6594,9367
2018,10,201810,경기,평택시,202880,206533,8853,10671
2018,10,201810,경기,포천시,58359,64915,3573,4479
2018,10,201810,경기,하남시,81886,82498,2867,3266
2018,10,201810,경기,화성시,310095,313967,11525,13904
2018,10,201810,경남,거제시,87461,88727,3437,4092
2018,10,201810,경남,거창군,20749,21049,967,1188
2018,10,201810,경남,고성군,17815,18160,926,1083
2018,10,201810,경남,김해시,207595,210222,7777,8537
2018,10,201810,경남,남해군,12254,12522,635,824
2018,10,201810,경남,밀양시,38090,38686,1659,1980
2018,10,201810,경남,사천시,41801,42592,1706,2004
2018,10,201810,경남,산청군,11803,12015,580,688
2018,10,201810,경남,양산시,127914,129026,5091,6125
2018,10,201810,경남,의령군,9003,9137,442,547
2018,10,201810,경남,진주시,123997,127054,4307,5650
2018,10,201810,경남,창녕군,23172,23703,1212,1402
2018,10,201810,경남,창원시,454849,479602,13136,16081
2018,10,201810,경남,통영시,40830,41730,2174,2502
2018,10,201810,경남,하동군,15239,15413,704,799
2018,10,201810,경남,함안군,28910,39174,1295,1773
2018,10,201810,경남,함양군,11944,12148,577,711
2018,10,201810,경남,합천군,14080,14266,697,824
2018,10,201810,경북,경산시,103713,104920,3669,4126
2018,10,201810,경북,경주시,105007,107143,4575,5287
2018,10,201810,경북,고령군,13266,13360,727,801
2018,10,201810,경북,구미시,170958,173898,6653,7570
2018,10,201810,경북,군위군,8771,8853,444,500
2018,10,201810,경북,김천시,51334,52107,2339,2674
2018,10,201810,경북,문경시,23701,24168,1355,1552
2018,10,201810,경북,봉화군,9984,10140,511,591
2018,10,201810,경북,상주시,32828,33407,1735,2107
2018,10,201810,경북,성주군,17831,18205,896,992
2018,10,201810,경북,안동시,57667,58786,2434,2927
2018,10,201810,경북,영덕군,11789,11999,660,764
2018,10,201810,경북,영양군,5337,5418,291,351
2018,10,201810,경북,영주시,37635,38279,1867,2097
2018,10,201810,경북,영천시,38626,39189,1914,2236
2018,10,201810,경북,예천군,18115,18384,780,889
2018,10,201810,경북,울릉군,3517,3798,244,434
2018,10,201810,경북,울진군,17959,18244,777,929
2018,10,201810,경북,의성군,16800,16986,920,1079
2018,10,201810,경북,청도군,15631,15790,711,793
2018,10,201810,경북,청송군,8741,8846,439,543
2018,10,201810,경북,칠곡군,52271,52682,2280,2901
2018,10,201810,경북,포항시,205926,210237,7042,8404
2018,10,201810,광주,광산구,150249,154073,5307,5890
2018,10,201810,광주,남구,73734,74984,2481,2884
2018,10,201810,광주,동구,30716,31398,1206,1433
2018,10,201810,광주,북구,154036,159879,5105,6218
2018,10,201810,광주,서구,120802,126339,4047,4885
2018,10,201810,대구,남구,47036,48351,1842,2112
2018,10,201810,대구,달서구,221788,227659,6267,7139
2018,10,201810,대구,달성군,100531,102177,3345,3981
2018,10,201810,대구,동구,126331,131840,4202,5062
2018,10,201810,대구,북구,158889,162018,4880,5691
2018,10,201810,대구,서구,58499,60941,2295,2649
2018,10,201810,대구,수성구,187818,191397,4209,5078
2018,10,201810,대구,중구,50497,51408,1171,1579
2018,10,201810,대전,대덕구,67997,70054,2971,3536
2018,10,201810,대전,동구,70532,72917,3192,3604
2018,10,201810,대전,서구,175457,180578,5708,6325
2018,10,201810,대전,유성구,147767,150087,4280,4771
2018,10,201810,대전,중구,79850,83054,3482,4155
2018,10,201810,부산,강서구,51248,52665,1909,2171
2018,10,201810,부산,금정구,67737,71209,2848,3609
2018,10,201810,부산,기장군,57874,58708,2452,3007
2018,10,201810,부산,남구,78291,80525,2798,3302
2018,10,201810,부산,동구,39939,41324,1114,1403
2018,10,201810,부산,동래구,74722,76522,2671,3344
2018,10,201810,부산,부산진구,102028,110070,3835,4442
2018,10,201810,부산,북구,84371,85891,3057,3458
2018,10,201810,부산,사상구,66166,69417,2878,3341
2018,10,201810,부산,사하구,91097,95683,3636,4076
2018,10,201810,부산,서구,23449,23876,1186,1246
2018,10,201810,부산,수영구,55563,73561,1835,2293
2018,10,201810,부산,연제구,69506,73722,2157,3157
2018,10,201810,부산,영도구,26002,27513,1263,1612
2018,10,201810,부산,중구,19806,20103,605,715
2018,10,201810,부산,해운대구,149342,156940,4189,4532
2018,10,201810,서울,강남구,195198,211823,5483,6472
2018,10,201810,서울,강동구,109722,115300,4284,4887
2018,10,201810,서울,강북구,61199,63910,3279,4067
2018,10,201810,서울,강서구,161585,173605,6366,7825
2018,10,201810,서울,관악구,100808,103987,4634,4956
2018,10,201810,서울,광진구,79809,83425,3213,3953
2018,10,201810,서울,구로구,109042,120209,5793,6568
2018,10,201810,서울,금천구,65365,68512,3972,4476
2018,10,201810,서울,노원구,127971,134122,4945,5913
2018,10,201810,서울,도봉구,76989,82238,3479,3956
2018,10,201810,서울,동대문구,78119,81198,3771,3981
2018,10,201810,서울,동작구,91027,92369,3307,3491
2018,10,201810,서울,마포구,96641,100758,3656,4497
2018,10,201810,서울,서대문구,70728,74023,2952,3461
2018,10,201810,서울,서초구,152367,159516,4332,5289
2018,10,201810,서울,성동구,83039,89879,3014,4009
2018,10,201810,서울,성북구,97156,99912,4220,5412
2018,10,201810,서울,송파구,194262,201274,5697,7371
2018,10,201810,서울,양천구,124220,129046,4499,5341
2018,10,201810,서울,영등포구,113168,117637,5256,5612
2018,10,201810,서울,용산구,66412,67547,2495,2626
2018,10,201810,서울,은평구,106003,110305,4683,5506
2018,10,201810,서울,종로구,38937,41200,2011,3934
2018,10,201810,서울,중구,38311,41160,2464,3400
2018,10,201810,서울,중랑구,86887,93034,4430,5011
2018,10,201810,세종,세종시,125085,126025,3736,4236
2018,10,201810,울산,남구,131039,134405,3500,4250
2018,10,201810,울산,동구,56143,56746,1574,1754
2018,10,201810,울산,북구,88669,90767,2376,2648
2018,10,201810,울산,울주군,94236,95506,3268,4116
2018,10,201810,울산,중구,88689,90080,2422,2798
2018,10,201810,인천,강화군,22591,23006,1306,1585
2018,10,201810,인천,계양구,95364,250128,4515,8543
2018,10,201810,인천,남동구,212524,250288,7242,9071
2018,10,201810,인천,동구,20579,21350,1109,1218
2018,10,201810,인천,미추홀구,127216,174658,5684,8206
2018,10,201810,인천,부평구,183317,188819,6941,7895
2018,10,201810,인천,서구,188661,193070,7981,9357
2018,10,201810,인천,연수구,148638,153156,3677,4696
2018,10,201810,인천,옹진군,7652,7796,562,659
2018,10,201810,인천,중구,44728,50752,1982,2993
2018,10,201810,전남,강진군,10982,11229,606,754
2018,10,201810,전남,고흥군,17552,17833,1145,1326
2018,10,201810,전남,곡성군,9038,9312,509,618
2018,10,201810,전남,광양시,61362,62148,2529,2881
2018,10,201810,전남,구례군,8403,8799,475,556
2018,10,201810,전남,나주시,41870,43014,2047,2569
2018,10,201810,전남,담양군,16861,17201,886,1201
2018,10,201810,전남,목포시,76076,78863,3560,4191
2018,10,201810,전남,무안군,28560,28902,1509,1745
2018,10,201810,전남,보성군,12677,77212,791,3483
2018,10,201810,전남,순천시,103940,105866,3949,4819
2018,10,201810,전남,신안군,11272,11639,659,802
2018,10,201810,전남,여수시,98768,101180,4123,4949
2018,10,201810,전남,영광군,17596,17825,860,995
2018,10,201810,전남,영암군,19916,33922,1272,1673
2018,10,201810,전남,완도군,14086,14360,826,979
2018,10,201810,전남,장성군,16830,17010,894,1039
2018,10,201810,전남,장흥군,11949,12110,658,762
2018,10,201810,전남,진도군,9499,9658,582,677
2018,10,201810,전남,함평군,10718,15455,585,961
2018,10,201810,전남,해남군,21740,22095,1617,1786
2018,10,201810,전남,화순군,22047,22346,1131,2408
2018,10,201810,전북,고창군,17980,18236,1290,1434
2018,10,201810,전북,군산시,102653,105695,3938,4586
2018,10,201810,전북,김제시,29386,30312,1621,1854
2018,10,201810,전북,남원시,25478,29001,1397,1822
2018,10,201810,전북,무주군,7616,7745,524,601
2018,10,201810,전북,부안군,17433,17704,956,1156
2018,10,201810,전북,순창군,8816,8938,478,556
2018,10,201810,전북,완주군,36422,36902,1789,2416
2018,10,201810,전북,익산시,104535,107101,5053,5709
2018,10,201810,전북,임실군,8860,8981,461,583
2018,10,201810,전북,장수군,6874,6969,415,482
2018,10,201810,전북,전주시,257545,263819,8364,10226
2018,10,201810,전북,정읍시,35882,38664,1888,2196
2018,10,201810,전북,진안군,8329,8458,467,582
2018,10,201810,제주,서귀포시,69344,70907,3556,3858
2018,10,201810,제주,제주시,210009,373048,8764,16415
2018,10,201810,충남,계룡시,18339,18496,727,889
2018,10,201810,충남,공주시,37540,38777,1986,2431
2018,10,201810,충남,금산군,17997,19134,1249,1615
2018,10,201810,충남,논산시,41006,42006,2394,2886
2018,10,201810,충남,당진시,69441,70067,2799,3183
2018,10,201810,충남,보령시,36088,36640,1703,1933
2018,10,201810,충남,부여군,21076,21720,1355,1791
2018,10,201810,충남,서산시,67510,68642,2932,3461
2018,10,201810,충남,서천군,18189,18428,886,1043
2018,10,201810,충남,아산시,127202,129958,5743,6485
2018,10,201810,충남,예산군,28714,29154,1571,1968
2018,10,201810,충남,천안시,254511,259172,10261,11997
2018,10,201810,충남,청양군,9929,10071,554,663
2018,10,201810,충남,태안군,21578,21832,1179,1320
2018,10,201810,충남,홍성군,36352,36848,1687,2002
2018,10,201810,충북,괴산군,13098,13257,825,920
2018,10,201810,충북,단양군,10033,10223,605,702
2018,10,201810,충북,보은군,10733,10925,674,810
2018,10,201810,충북,영동군,15624,15837,832,976
2018,10,201810,충북,옥천군,17392,17848,922,1059
2018,10,201810,충북,음성군,40685,41039,2384,2612
2018,10,201810,충북,제천시,48770,49683,2200,2448
2018,10,201810,충북,증평군,14374,14554,660,719
2018,10,201810,충북,진천군,33434,33776,1620,1807
2018,10,201810,충북,청주시,319778,329607,12203,15010
2018,10,201810,충북,충주시,79840,81756,3602,4150
2018,11,201811,강원,강릉시,81552,83985,3269,4028
2018,11,201811,강원,고성군,9635,9776,532,611
2018,11,201811,강원,동해시,34480,35273,1565,1746
2018,11,201811,강원,삼척시,23794,24323,1006,1212
2018,11,201811,강원,속초시,28655,29678,1400,1628
2018,11,201811,강원,양구군,8130,8222,379,441
2018,11,201811,강원,양양군,10236,10395,511,561
2018,11,201811,강원,영월군,13536,13806,818,964
2018,11,201811,강원,원주시,129446,132724,5217,6011
2018,11,201811,강원,인제군,11997,12145,596,696
2018,11,201811,강원,정선군,13237,13545,751,886
2018,11,201811,강원,철원군,15679,15868,925,1013
2018,11,201811,강원,춘천시,103162,105704,4043,4933
2018,11,201811,강원,태백시,15760,16278,855,1075
2018,11,201811,강원,평창군,15700,16050,881,1011
2018,11,201811,강원,홍천군,24464,24809,1433,1856
2018,11,201811,강원,화천군,8843,8958,397,519
2018,11,201811,강원,횡성군,16233,16670,948,1085
2018,11,201811,경기,가평군,21675,22008,1415,1786
2018,11,201811,경기,고양시,336574,344767,11724,13844
2018,11,201811,경기,과천시,17861,18656,635,763
2018,11,201811,경기,광명시,88446,90316,3754,4319
2018,11,201811,경기,광주시,140636,141554,6207,9264
2018,11,201811,경기,구리시,58535,59677,2304,2640
2018,11,201811,경기,군포시,82879,83829,3009,3258
2018,11,201811,경기,김포시,158635,160747,6315,7950
2018,11,201811,경기,남양주시,219944,221927,9852,10921
2018,11,201811,경기,동두천시,29565,30380,1661,1784
2018,11,201811,경기,부천시,245741,252293,11408,12936
2018,11,201811,경기,성남시,289195,296533,9485,11460
2018,11,201811,경기,수원시,424572,432972,15876,18990
2018,11,201811,경기,시흥시,169085,171080,7643,8115
2018,11,201811,경기,안산시,230175,235200,11884,14156
2018,11,201811,경기,안성시,73588,74503,3672,4211
2018,11,201811,경기,안양시,174061,178019,6521,8336
2018,11,201811,경기,양주시,74948,75862,4175,4845
2018,11,201811,경기,양평군,43213,43723,2035,2855
2018,11,201811,경기,여주시,43997,44649,2307,3082
2018,11,201811,경기,연천군,15839,16097,968,1142
2018,11,201811,경기,오산시,82590,83821,3502,4053
2018,11,201811,경기,용인시,381892,389096,12220,14689
2018,11,201811,경기,의왕시,49341,50182,1723,1933
2018,11,201811,경기,의정부시,125099,127341,5984,6657
2018,11,201811,경기,이천시,83603,84645,3988,4581
2018,11,201811,경기,파주시,163379,165618,6611,9395
2018,11,201811,경기,평택시,204329,207985,8854,10653
2018,11,201811,경기,포천시,58452,64806,3560,4467
2018,11,201811,경기,하남시,83214,83825,2885,3288
2018,11,201811,경기,화성시,313242,317075,11542,13913
2018,11,201811,경남,거제시,87543,88818,3428,4085
2018,11,201811,경남,거창군,20834,21134,958,1180
2018,11,201811,경남,고성군,17862,18200,924,1078
2018,11,201811,경남,김해시,208031,210672,7792,8543
2018,11,201811,경남,남해군,12266,12533,629,816
2018,11,201811,경남,밀양시,38106,38706,1653,1975
2018,11,201811,경남,사천시,41888,42674,1720,2019
2018,11,201811,경남,산청군,11839,12056,580,691
2018,11,201811,경남,양산시,128460,129607,5069,6101
2018,11,201811,경남,의령군,9023,9159,442,548
2018,11,201811,경남,진주시,124364,127420,4295,5635
2018,11,201811,경남,창녕군,23234,23764,1208,1398
2018,11,201811,경남,창원시,454951,479430,13104,16051
2018,11,201811,경남,통영시,40888,41805,2164,2493
2018,11,201811,경남,하동군,15273,15447,707,802
2018,11,201811,경남,함안군,29502,39834,1284,1761
2018,11,201811,경남,함양군,11915,12121,579,711
2018,11,201811,경남,합천군,14079,14267,692,823
2018,11,201811,경북,경산시,104054,105250,3671,4133
2018,11,201811,경북,경주시,105274,107401,4563,5277
2018,11,201811,경북,고령군,13244,13336,729,804
2018,11,201811,경북,구미시,171294,174206,6611,7531
2018,11,201811,경북,군위군,8749,8833,448,504
2018,11,201811,경북,김천시,51469,52244,2333,2674
2018,11,201811,경북,문경시,23714,24180,1341,1538
2018,11,201811,경북,봉화군,10010,10165,506,585
2018,11,201811,경북,상주시,32952,33530,1731,2098
2018,11,201811,경북,성주군,17873,18248,895,989
2018,11,201811,경북,안동시,57732,58851,2433,2931
2018,11,201811,경북,영덕군,11811,12023,660,764
2018,11,201811,경북,영양군,5361,5445,292,353
2018,11,201811,경북,영주시,37642,38289,1862,2092
2018,11,201811,경북,영천시,38963,39526,1917,2237
2018,11,201811,경북,예천군,18199,18467,786,896
2018,11,201811,경북,울릉군,3510,3786,244,431
2018,11,201811,경북,울진군,17977,18262,774,926
2018,11,201811,경북,의성군,16863,17048,922,1085
2018,11,201811,경북,청도군,15665,15825,717,799
2018,11,201811,경북,청송군,8777,8882,446,551
2018,11,201811,경북,칠곡군,52259,52684,2275,2800
2018,11,201811,경북,포항시,206420,210750,7053,8416
2018,11,201811,광주,광산구,150833,154735,5317,5899
2018,11,201811,광주,남구,73718,74967,2481,2884
2018,11,201811,광주,동구,30820,31518,1182,1414
2018,11,201811,광주,북구,154251,160063,5082,6189
2018,11,201811,광주,서구,121083,126585,4057,4905
2018,11,201811,대구,남구,46966,48282,1821,2092
2018,11,201811,대구,달서구,222596,228489,6250,7123
2018,11,201811,대구,달성군,100961,102621,3355,3993
2018,11,201811,대구,동구,126843,132315,4192,5051
2018,11,201811,대구,북구,159448,162589,4868,5676
2018,11,201811,대구,서구,58418,60855,2301,2655
2018,11,201811,대구,수성구,188103,191686,4215,5080
2018,11,201811,대구,중구,50567,51459,1171,1579
2018,11,201811,대전,대덕구,68133,70187,2951,3517
2018,11,201811,대전,동구,70782,73189,3165,3581
2018,11,201811,대전,서구,175706,180805,5704,6318
2018,11,201811,대전,유성구,148292,150642,4268,4733
2018,11,201811,대전,중구,79760,82954,3458,4152
2018,11,201811,부산,강서구,51587,52960,1921,2186
2018,11,201811,부산,금정구,67871,71334,2839,3600
2018,11,201811,부산,기장군,58045,58877,2444,2999
2018,11,201811,부산,남구,78528,80753,2790,3298
2018,11,201811,부산,동구,40291,41712,1120,1404
2018,11,201811,부산,동래구,74616,76378,2655,3314
2018,11,201811,부산,부산진구,101907,110355,3810,4415
2018,11,201811,부산,북구,84292,85829,3061,3466
2018,11,201811,부산,사상구,66213,69510,2860,3332
2018,11,201811,부산,사하구,91085,95687,3635,4077
2018,11,201811,부산,서구,23475,23905,1168,1229
2018,11,201811,부산,수영구,57961,76353,1826,2291
2018,11,201811,부산,연제구,70046,74428,2164,3190
2018,11,201811,부산,영도구,26021,27542,1257,1605
2018,11,201811,부산,중구,20045,20334,598,709
2018,11,201811,부산,해운대구,149532,157425,4189,4534
2018,11,201811,서울,강남구,195086,211858,5451,6411
2018,11,201811,서울,강동구,109398,114910,4282,4878
2018,11,201811,서울,강북구,61117,63850,3274,4064
2018,11,201811,서울,강서구,161926,174037,6336,7853
2018,11,201811,서울,관악구,100583,103772,4596,4919
2018,11,201811,서울,광진구,80088,83714,3182,3919
2018,11,201811,서울,구로구,108900,120112,5766,6533
2018,11,201811,서울,금천구,65775,68874,3957,4462
2018,11,201811,서울,노원구,127803,133954,4923,5900
2018,11,201811,서울,도봉구,76952,82211,3457,3933
2018,11,201811,서울,동대문구,78187,81252,3748,3951
2018,11,201811,서울,동작구,91042,92381,3283,3468
2018,11,201811,서울,마포구,96850,100947,3656,4452
2018,11,201811,서울,서대문구,70934,74232,2925,3437
2018,11,201811,서울,서초구,152089,159318,4290,5232
2018,11,201811,서울,성동구,83416,90464,2982,3963
2018,11,201811,서울,성북구,97139,99878,4187,5381
2018,11,201811,서울,송파구,194437,201467,5669,7360
2018,11,201811,서울,양천구,124143,129021,4470,5316
2018,11,201811,서울,영등포구,112872,117285,5214,5564
2018,11,201811,서울,용산구,66300,67469,2468,2607
2018,11,201811,서울,은평구,106180,110486,4642,5462
2018,11,201811,서울,종로구,38967,41212,2002,3953
2018,11,201811,서울,중구,38314,41164,2431,3337
2018,11,201811,서울,중랑구,86858,92978,4413,4983
2018,11,201811,세종,세종시,125960,126884,3728,4269
2018,11,201811,울산,남구,131290,134673,3467,4221
2018,11,201811,울산,동구,56206,56815,1574,1751
2018,11,201811,울산,북구,88961,91042,2368,2645
2018,11,201811,울산,울주군,94342,95675,3251,4104
2018,11,201811,울산,중구,88615,90012,2410,2782
2018,11,201811,인천,강화군,22643,22964,1301,1580
2018,11,201811,인천,계양구,95478,252495,4496,8550
2018,11,201811,인천,남동구,214113,251699,7255,9121
2018,11,201811,인천,동구,20623,21395,1117,1226
2018,11,201811,인천,미추홀구,125215,172582,5653,8163
2018,11,201811,인천,부평구,183260,189107,6888,7843
2018,11,201811,인천,서구,189662,194090,7968,9344
2018,11,201811,인천,연수구,149599,154204,3678,4703
2018,11,201811,인천,옹진군,7637,7779,560,655
2018,11,201811,인천,중구,45157,51321,1974,2986
2018,11,201811,전남,강진군,11045,11292,612,764
2018,11,201811,전남,고흥군,17578,17859,1146,1325
2018,11,201811,전남,곡성군,9037,9310,511,619
2018,11,201811,전남,광양시,61885,62670,2540,2893
2018,11,201811,전남,구례군,8438,8826,478,561
2018,11,201811,전남,나주시,42195,43346,2044,2568
2018,11,201811,전남,담양군,16972,17320,892,1212
2018,11,201811,전남,목포시,76251,79065,3548,4181
2018,11,201811,전남,무안군,28700,29041,1514,1753
2018,11,201811,전남,보성군,12716,76044,789,3425
2018,11,201811,전남,순천시,104209,106138,3933,4813
2018,11,201811,전남,신안군,11297,11663,663,810
2018,11,201811,전남,여수시,99063,101504,4100,4938
2018,11,201811,전남,영광군,17662,17890,866,999
2018,11,201811,전남,영암군,19971,33366,1277,1652
2018,11,201811,전남,완도군,14130,14405,826,979
2018,11,201811,전남,장성군,16910,17142,896,1042
2018,11,201811,전남,장흥군,11978,12141,662,767
2018,11,201811,전남,진도군,9571,9728,588,684
2018,11,201811,전남,함평군,10728,17486,580,1008
2018,11,201811,전남,해남군,21722,22078,1627,1800
2018,11,201811,전남,화순군,22224,22525,1133,2414
2018,11,201811,전북,고창군,17982,18244,1287,1431
2018,11,201811,전북,군산시,102823,105833,3950,4599
2018,11,201811,전북,김제시,29469,30414,1636,1870
2018,11,201811,전북,남원시,25538,29056,1401,1819
2018,11,201811,전북,무주군,7631,7759,518,596
2018,11,201811,전북,부안군,17418,17686,944,1142
2018,11,201811,전북,순창군,8823,8946,473,551
2018,11,201811,전북,완주군,36505,36995,1771,2393
2018,11,201811,전북,익산시,104678,107237,5039,5697
2018,11,201811,전북,임실군,8881,9003,462,583
2018,11,201811,전북,장수군,6881,6977,414,480
2018,11,201811,전북,전주시,258655,264943,8349,10207
2018,11,201811,전북,정읍시,35965,38781,1886,2195
2018,11,201811,전북,진안군,8326,8464,466,582
2018,11,201811,제주,서귀포시,69545,71101,3542,3841
2018,11,201811,제주,제주시,210288,377287,8723,16375
2018,11,201811,충남,계룡시,18322,18445,734,894
2018,11,201811,충남,공주시,37731,39090,1985,2483
2018,11,201811,충남,금산군,18014,19181,1249,1605
2018,11,201811,충남,논산시,41105,42115,2386,2882
2018,11,201811,충남,당진시,69563,70189,2796,3177
2018,11,201811,충남,보령시,36081,36635,1677,1917
2018,11,201811,충남,부여군,21140,21780,1349,1779
2018,11,201811,충남,서산시,67855,68982,2937,3480
2018,11,201811,충남,서천군,18165,18408,874,1020
2018,11,201811,충남,아산시,127672,130416,5715,6454
2018,11,201811,충남,예산군,28778,29219,1571,1971
2018,11,201811,충남,천안시,255557,260195,10231,11969
2018,11,201811,충남,청양군,10025,10169,563,671
2018,11,201811,충남,태안군,21593,21849,1189,1314
2018,11,201811,충남,홍성군,36429,36932,1688,2004
2018,11,201811,충북,괴산군,13264,13422,828,923
2018,11,201811,충북,단양군,10044,10231,604,705
2018,11,201811,충북,보은군,10754,10946,677,812
2018,11,201811,충북,영동군,15643,15854,833,978
2018,11,201811,충북,옥천군,17430,17892,929,1068
2018,11,201811,충북,음성군,40722,41073,2370,2602
2018,11,201811,충북,제천시,48853,49761,2188,2438
2018,11,201811,충북,증평군,14363,14543,659,718
2018,11,201811,충북,진천군,33721,34059,1622,1810
2018,11,201811,충북,청주시,320864,330730,12177,14999
2018,11,201811,충북,충주시,80014,81931,3568,4113
2018,12,201812,강원,강릉시,81193,83624,3192,3931
2018,12,201812,강원,고성군,9638,9778,532,608
2018,12,201812,강원,동해시,34529,35317,1558,1740
2018,12,201812,강원,삼척시,23812,24334,1011,1215
2018,12,201812,강원,속초시,28647,29676,1395,1620
2018,12,201812,강원,양구군,8147,8238,381,444
2018,12,201812,강원,양양군,10315,10474,507,556
2018,12,201812,강원,영월군,13563,13831,820,965
2018,12,201812,강원,원주시,129739,132982,5182,5968
2018,12,201812,강원,인제군,12024,12172,591,686
2018,12,201812,강원,정선군,13249,13553,758,894
2018,12,201812,강원,철원군,15703,15888,927,1012
2018,12,201812,강원,춘천시,103224,105796,4035,4922
2018,12,201812,강원,태백시,15717,16226,853,1071
2018,12,201812,강원,평창군,15727,16075,880,1004
2018,12,201812,강원,홍천군,24505,24844,1428,1844
2018,12,201812,강원,화천군,8837,8951,393,516
2018,12,201812,강원,횡성군,16229,16660,942,1077
2018,12,201812,경기,가평군,21683,22007,1409,1773
2018,12,201812,경기,고양시,337343,345444,11694,13792
2018,12,201812,경기,과천시,17926,18737,637,763
2018,12,201812,경기,광명시,88542,90404,3766,4335
2018,12,201812,경기,광주시,141313,142294,6205,9275
2018,12,201812,경기,구리시,58506,59652,2315,2653
2018,12,201812,경기,군포시,83044,83973,2994,3241
2018,12,201812,경기,김포시,159979,162070,6321,7964
2018,12,201812,경기,남양주시,220433,222425,9820,10889
2018,12,201812,경기,동두천시,29580,30379,1658,1782
2018,12,201812,경기,부천시,245798,252283,11387,12922
2018,12,201812,경기,성남시,289171,296486,9466,11452
2018,12,201812,경기,수원시,426104,434471,15885,18983
2018,12,201812,경기,시흥시,170349,172347,7623,8100
2018,12,201812,경기,안산시,230712,235729,11914,14188
2018,12,201812,경기,안성시,73711,74624,3668,4203
2018,12,201812,경기,안양시,173924,177875,6491,8310
2018,12,201812,경기,양주시,75303,76236,4173,4844
2018,12,201812,경기,양평군,43246,43756,2016,2812
2018,12,201812,경기,여주시,44021,44691,2320,3120
2018,12,201812,경기,연천군,15842,16106,957,1132
2018,12,201812,경기,오산시,82874,84102,3500,4055
2018,12,201812,경기,용인시,383842,390987,12216,14676
2018,12,201812,경기,의왕시,49453,50302,1722,1941
2018,12,201812,경기,의정부시,125874,128108,5972,6645
2018,12,201812,경기,이천시,83818,84842,3993,4577
2018,12,201812,경기,파주시,164075,166283,6629,9403
2018,12,201812,경기,평택시,205178,208842,8853,10637
2018,12,201812,경기,포천시,58513,64707,3559,4458
2018,12,201812,경기,하남시,84481,85115,2889,3295
2018,12,201812,경기,화성시,315920,319706,11561,13940
2018,12,201812,경남,거제시,87487,88761,3414,4069
2018,12,201812,경남,거창군,20871,21170,960,1183
2018,12,201812,경남,고성군,17911,18249,926,1079
2018,12,201812,경남,김해시,208521,211173,7772,8531
2018,12,201812,경남,남해군,12314,12585,624,812
2018,12,201812,경남,밀양시,38157,38750,1654,1979
2018,12,201812,경남,사천시,41908,42697,1724,2027
2018,12,201812,경남,산청군,11862,12082,579,693
2018,12,201812,경남,양산시,128603,129752,5061,6090
2018,12,201812,경남,의령군,9069,9204,440,546
2018,12,201812,경남,진주시,124603,127655,4266,5607
2018,12,201812,경남,창녕군,23252,23781,1204,1393
2018,12,201812,경남,창원시,455104,479034,13077,16007
2018,12,201812,경남,통영시,40838,41753,2155,2493
2018,12,201812,경남,하동군,15348,15523,704,800
2018,12,201812,경남,함안군,29429,39888,1277,1752
2018,12,201812,경남,함양군,11890,12095,576,709
2018,12,201812,경남,합천군,14043,14232,690,821
2018,12,201812,경북,경산시,104176,105376,3669,4129
2018,12,201812,경북,경주시,105496,107606,4540,5255
2018,12,201812,경북,고령군,13253,13345,730,805
2018,12,201812,경북,구미시,171530,174428,6593,7509
2018,12,201812,경북,군위군,8744,8829,447,503
2018,12,201812,경북,김천시,51392,52167,2321,2657
2018,12,201812,경북,문경시,23725,24187,1338,1535
2018,12,201812,경북,봉화군,10038,10193,500,580
2018,12,201812,경북,상주시,33061,33635,1723,2088
2018,12,201812,경북,성주군,17951,18322,893,988
2018,12,201812,경북,안동시,57874,59000,2446,2946
2018,12,201812,경북,영덕군,11869,12082,656,760
2018,12,201812,경북,영양군,5369,5453,292,351
2018,12,201812,경북,영주시,37620,38265,1866,2095
2018,12,201812,경북,영천시,39174,39731,1915,2235
2018,12,201812,경북,예천군,18282,18550,781,892
2018,12,201812,경북,울릉군,3492,3766,242,424
2018,12,201812,경북,울진군,18033,18317,774,923
2018,12,201812,경북,의성군,16913,17099,920,1083
2018,12,201812,경북,청도군,15714,15875,714,796
2018,12,201812,경북,청송군,8805,8910,446,551
2018,12,201812,경북,칠곡군,52279,52704,2276,2802
2018,12,201812,경북,포항시,206667,210989,7028,8384
2018,12,201812,광주,광산구,151201,154962,5286,5856
2018,12,201812,광주,남구,73796,75055,2459,2858
2018,12,201812,광주,동구,30806,31507,1182,1414
2018,12,201812,광주,북구,154202,160085,5059,6164
2018,12,201812,광주,서구,121137,126625,4068,4925
2018,12,201812,대구,남구,46911,48215,1807,2077
2018,12,201812,대구,달서구,223059,228921,6269,7142
2018,12,201812,대구,달성군,101345,102998,3348,3986
2018,12,201812,대구,동구,127074,132643,4203,5053
2018,12,201812,대구,북구,159415,162562,4842,5650
2018,12,201812,대구,서구,58293,60723,2317,2672
2018,12,201812,대구,수성구,188646,192209,4185,5049
2018,12,201812,대구,중구,50447,51329,1167,1577
2018,12,201812,대전,대덕구,67994,70037,2925,3490
2018,12,201812,대전,동구,71106,73517,3180,3599
2018,12,201812,대전,서구,175732,180969,5679,6308
2018,12,201812,대전,유성구,148478,150816,4279,4746
2018,12,201812,대전,중구,79578,82762,3441,4126
2018,12,201812,부산,강서구,52011,53378,1915,2205
2018,12,201812,부산,금정구,67952,71414,2827,3589
2018,12,201812,부산,기장군,58207,59047,2439,2997
2018,12,201812,부산,남구,78527,80716,2782,3273
2018,12,201812,부산,동구,40672,42035,1110,1405
2018,12,201812,부산,동래구,74437,76193,2628,3304
2018,12,201812,부산,부산진구,101683,110573,3795,4370
2018,12,201812,부산,북구,84243,85777,3046,3447
2018,12,201812,부산,사상구,66264,69561,2852,3273
2018,12,201812,부산,사하구,90929,95553,3607,4048
2018,12,201812,부산,서구,23498,23929,1156,1217
2018,12,201812,부산,수영구,57774,76702,1819,2296
2018,12,201812,부산,연제구,70462,75010,2167,3188
2018,12,201812,부산,영도구,26039,27550,1249,1599
2018,12,201812,부산,중구,20282,20569,600,709
2018,12,201812,부산,해운대구,149329,157455,4179,4521
2018,12,201812,서울,강남구,195292,212076,5402,6352
2018,12,201812,서울,강동구,109248,114815,4254,4844
2018,12,201812,서울,강북구,61092,63826,3249,4039
2018,12,201812,서울,강서구,162062,174547,6339,7855
2018,12,201812,서울,관악구,100408,103598,4562,4884
2018,12,201812,서울,광진구,80190,83785,3172,3910
2018,12,201812,서울,구로구,108837,120003,5709,6474
2018,12,201812,서울,금천구,65901,68981,3966,4473
2018,12,201812,서울,노원구,127709,133873,4895,5865
2018,12,201812,서울,도봉구,76874,82138,3454,3928
2018,12,201812,서울,동대문구,78039,81128,3719,3919
2018,12,201812,서울,동작구,91371,92708,3288,3471
2018,12,201812,서울,마포구,96997,101087,3619,4419
2018,12,201812,서울,서대문구,71059,74370,2895,3431
2018,12,201812,서울,서초구,152133,159429,4270,5214
2018,12,201812,서울,성동구,83654,90672,2980,4075
2018,12,201812,서울,성북구,97220,99950,4168,5362
2018,12,201812,서울,송파구,194619,201641,5633,7311
2018,12,201812,서울,양천구,124190,129001,4437,5274
2018,12,201812,서울,영등포구,113029,117556,5183,5526
2018,12,201812,서울,용산구,66464,67628,2452,2596
2018,12,201812,서울,은평구,106223,110499,4599,5423
2018,12,201812,서울,종로구,38959,41209,1978,3919
2018,12,201812,서울,중구,38205,41046,2416,3286
2018,12,201812,서울,중랑구,86924,93071,4363,4930
2018,12,201812,세종,세종시,126762,127696,3743,4296
2018,12,201812,울산,남구,131424,134803,3461,4203
2018,12,201812,울산,동구,56043,56661,1570,1746
2018,12,201812,울산,북구,89210,91266,2375,2664
2018,12,201812,울산,울주군,94369,95682,3247,4099
2018,12,201812,울산,중구,88464,89871,2391,2754
2018,12,201812,인천,강화군,22729,23078,1297,1581
2018,12,201812,인천,계양구,95430,255342,4492,8636
2018,12,201812,인천,남동구,214951,252640,7224,9093
2018,12,201812,인천,동구,20596,21431,1120,1248
2018,12,201812,인천,미추홀구,125728,173479,5633,8155
2018,12,201812,인천,부평구,183145,189284,6870,7827
2018,12,201812,인천,서구,190451,194882,7911,9287
2018,12,201812,인천,연수구,150602,155258,3692,4715
2018,12,201812,인천,옹진군,7623,7765,558,652
2018,12,201812,인천,중구,45490,51658,1975,2979
2018,12,201812,전남,강진군,11063,11314,610,760
2018,12,201812,전남,고흥군,17598,17881,1136,1332
2018,12,201812,전남,곡성군,9031,9303,504,611
2018,12,201812,전남,광양시,63123,63901,2569,2910
2018,12,201812,전남,구례군,8621,9009,484,567
2018,12,201812,전남,나주시,42377,43653,2048,2573
2018,12,201812,전남,담양군,17027,17378,891,1198
2018,12,201812,전남,목포시,76305,79066,3533,4151
2018,12,201812,전남,무안군,28754,29095,1502,1737
2018,12,201812,전남,보성군,12765,74929,791,3283
2018,12,201812,전남,순천시,104051,105967,3907,4757
2018,12,201812,전남,신안군,11280,11636,664,812
2018,12,201812,전남,여수시,99112,101527,4089,4924
2018,12,201812,전남,영광군,17742,17970,865,997
2018,12,201812,전남,영암군,20012,33119,1262,1622
2018,12,201812,전남,완도군,14155,14431,832,986
2018,12,201812,전남,장성군,16955,17188,905,1050
2018,12,201812,전남,장흥군,11996,12159,661,764
2018,12,201812,전남,진도군,9570,9728,587,682
2018,12,201812,전남,함평군,10749,20873,583,1040
2018,12,201812,전남,해남군,21696,22054,1622,1792
2018,12,201812,전남,화순군,22166,22468,1138,2420
2018,12,201812,전북,고창군,17992,18271,1290,1434
2018,12,201812,전북,군산시,102859,105850,3926,4571
2018,12,201812,전북,김제시,29458,30410,1623,1855
2018,12,201812,전북,남원시,25541,29044,1395,1804
2018,12,201812,전북,무주군,7663,7789,516,594
2018,12,201812,전북,부안군,17365,17632,939,1140
2018,12,201812,전북,순창군,8869,8991,483,562
2018,12,201812,전북,완주군,36460,36954,1765,2384
2018,12,201812,전북,익산시,104745,107301,5035,5688
2018,12,201812,전북,임실군,9367,9490,471,592
2018,12,201812,전북,장수군,7025,7122,413,479
2018,12,201812,전북,전주시,259040,265332,8356,10193
2018,12,201812,전북,정읍시,35962,38775,1885,2200
2018,12,201812,전북,진안군,8303,8442,467,584
2018,12,201812,제주,서귀포시,69670,71219,3533,3829
2018,12,201812,제주,제주시,210234,380668,8712,16361
2018,12,201812,충남,계룡시,18354,18476,738,891
2018,12,201812,충남,공주시,37773,39099,1978,2468
2018,12,201812,충남,금산군,18045,19100,1251,1601
2018,12,201812,충남,논산시,41124,42133,2386,2883
2018,12,201812,충남,당진시,69693,70319,2804,3182
2018,12,201812,충남,보령시,36178,36729,1674,1915
2018,12,201812,충남,부여군,21151,21786,1330,1760
2018,12,201812,충남,서산시,67978,69108,2941,3484
2018,12,201812,충남,서천군,18167,18410,874,1020
2018,12,201812,충남,아산시,128009,130688,5708,6441
2018,12,201812,충남,예산군,28853,29291,1559,1962
2018,12,201812,충남,천안시,256203,260844,10208,11940
2018,12,201812,충남,청양군,10104,10251,560,668
2018,12,201812,충남,태안군,21626,21879,1184,1309
2018,12,201812,충남,홍성군,36466,36968,1690,2004
2018,12,201812,충북,괴산군,13644,13797,836,933
2018,12,201812,충북,단양군,10020,10208,599,701
2018,12,201812,충북,보은군,10774,10967,668,803
2018,12,201812,충북,영동군,15712,15922,839,981
2018,12,201812,충북,옥천군,17492,17954,922,1062
2018,12,201812,충북,음성군,40677,41023,2360,2592
2018,12,201812,충북,제천시,48935,49843,2176,2426
2018,12,201812,충북,증평군,14367,14545,657,717
2018,12,201812,충북,진천군,33985,34322,1624,1812
2018,12,201812,충북,청주시,321653,331496,12146,14934
2018,12,201812,충북,충주시,80236,82382,3555,4104
2019,1,201901,강원,강릉시,81505,83927,3185,3908
2019,1,201901,강원,고성군,9676,9816,534,610
2019,1,201901,강원,동해시,34604,35402,1554,1735
2019,1,201901,강원,삼척시,23883,24404,1011,1213
2019,1,201901,강원,속초시,28690,29710,1388,1611
2019,1,201901,강원,양구군,8169,8258,377,441
2019,1,201901,강원,양양군,10374,10529,503,553
2019,1,201901,강원,영월군,13629,13896,810,953
2019,1,201901,강원,원주시,130443,133687,5183,5963
2019,1,201901,강원,인제군,12053,12201,589,683
2019,1,201901,강원,정선군,13246,13551,752,888
2019,1,201901,강원,철원군,15711,15898,927,1012
2019,1,201901,강원,춘천시,103646,106192,4026,4923
2019,1,201901,강원,태백시,15714,16222,852,1069
2019,1,201901,강원,평창군,15761,16107,883,1008
2019,1,201901,강원,홍천군,24558,24900,1435,1847
2019,1,201901,강원,화천군,8864,8979,392,512
2019,1,201901,강원,횡성군,16300,16730,934,1069
2019,1,201901,경기,가평군,21762,22084,1410,1755
2019,1,201901,경기,고양시,338388,346444,11626,13703
2019,1,201901,경기,과천시,18011,18822,631,757
2019,1,201901,경기,광명시,88771,90617,3754,4326
2019,1,201901,경기,광주시,142045,143024,6218,9317
2019,1,201901,경기,구리시,58689,59848,2315,2650
2019,1,201901,경기,군포시,83377,84279,3013,3256
2019,1,201901,경기,김포시,161243,163321,6324,7977
2019,1,201901,경기,남양주시,221642,223633,9840,10912
2019,1,201901,경기,동두천시,29587,30378,1660,1783
2019,1,201901,경기,부천시,245997,252445,11378,12910
2019,1,201901,경기,성남시,289653,297200,9444,11455
2019,1,201901,경기,수원시,426203,434593,15834,18923
2019,1,201901,경기,시흥시,171852,173846,7633,8109
2019,1,201901,경기,안산시,231358,236380,11883,14110
2019,1,201901,경기,안성시,74105,75013,3659,4197
2019,1,201901,경기,안양시,173956,177911,6448,8259
2019,1,201901,경기,양주시,76000,76929,4152,4816
2019,1,201901,경기,양평군,43320,43828,2023,2821
2019,1,201901,경기,여주시,44220,44864,2325,3112
2019,1,201901,경기,연천군,15880,16142,949,1124
2019,1,201901,경기,오산시,82971,84176,3504,4041
2019,1,201901,경기,용인시,385669,392737,12197,14643
2019,1,201901,경기,의왕시,49689,50528,1722,1958
2019,1,201901,경기,의정부시,126758,128987,5976,6656
2019,1,201901,경기,이천시,84334,85353,4000,4583
2019,1,201901,경기,파주시,164975,167119,6624,9400
2019,1,201901,경기,평택시,206366,210035,8861,10641
2019,1,201901,경기,포천시,58728,64742,3560,4464
2019,1,201901,경기,하남시,85447,86098,2895,3303
2019,1,201901,경기,화성시,320129,323824,11666,14026
2019,1,201901,경남,거제시,87593,88840,3438,4088
2019,1,201901,경남,거창군,20955,21251,965,1192
2019,1,201901,경남,고성군,17945,18281,921,1079
2019,1,201901,경남,김해시,209411,212047,7752,8509
2019,1,201901,경남,남해군,12341,12607,624,811
2019,1,201901,경남,밀양시,38360,38945,1650,1968
2019,1,201901,경남,사천시,42087,42873,1719,2022
2019,1,201901,경남,산청군,11911,12131,574,688
2019,1,201901,경남,양산시,129302,130441,5075,6116
2019,1,201901,경남,의령군,9097,9228,435,538
2019,1,201901,경남,진주시,125129,128163,4278,5630
2019,1,201901,경남,창녕군,23336,23863,1205,1392
2019,1,201901,경남,창원시,455564,479004,13073,15972
2019,1,201901,경남,통영시,40922,41834,2152,2488
2019,1,201901,경남,하동군,15401,15574,708,803
2019,1,201901,경남,함안군,29401,39919,1269,1740
2019,1,201901,경남,함양군,11889,12093,570,701
2019,1,201901,경남,합천군,14095,14281,687,817
2019,1,201901,경북,경산시,104444,105686,3690,4155
2019,1,201901,경북,경주시,105774,107872,4526,5241
2019,1,201901,경북,고령군,13274,13366,731,806
2019,1,201901,경북,구미시,171994,174869,6600,7516
2019,1,201901,경북,군위군,8767,8852,445,500
2019,1,201901,경북,김천시,51562,52336,2315,2649
2019,1,201901,경북,문경시,23845,24308,1341,1536
2019,1,201901,경북,봉화군,10063,10218,500,580
2019,1,201901,경북,상주시,33093,33674,1728,2093
2019,1,201901,경북,성주군,17932,18293,892,985
2019,1,201901,경북,안동시,57923,59044,2451,2952
2019,1,201901,경북,영덕군,11927,12138,654,761
2019,1,201901,경북,영양군,5391,5475,288,347
2019,1,201901,경북,영주시,37713,38361,1851,2081
2019,1,201901,경북,영천시,39171,39729,1929,2246
2019,1,201901,경북,예천군,18419,18690,786,896
2019,1,201901,경북,울릉군,3485,3759,238,420
2019,1,201901,경북,울진군,18058,18345,769,911
2019,1,201901,경북,의성군,16953,17138,921,1084
2019,1,201901,경북,청도군,15770,15933,717,797
2019,1,201901,경북,청송군,8873,8979,453,558
2019,1,201901,경북,칠곡군,52371,52821,2266,2814
2019,1,201901,경북,포항시,207460,211775,7056,8404
2019,1,201901,광주,광산구,151802,155595,5280,5846
2019,1,201901,광주,남구,74218,75477,2457,2857
2019,1,201901,광주,동구,30942,31655,1178,1406
2019,1,201901,광주,북구,154769,160558,5057,6153
2019,1,201901,광주,서구,121049,126525,4096,4960
2019,1,201901,대구,남구,46966,48211,1805,2071
2019,1,201901,대구,달서구,223019,228845,6257,7129
2019,1,201901,대구,달성군,102321,104045,3355,3992
2019,1,201901,대구,동구,127114,132656,4210,5055
2019,1,201901,대구,북구,159498,162609,4843,5627
2019,1,201901,대구,서구,57968,60393,2300,2654
2019,1,201901,대구,수성구,189384,192976,4158,5020
2019,1,201901,대구,중구,50505,51391,1161,1569
2019,1,201901,대전,대덕구,67862,69948,2940,3509
2019,1,201901,대전,동구,71328,73733,3164,3544
2019,1,201901,대전,서구,176048,181325,5660,6285
2019,1,201901,대전,유성구,148732,151011,4245,4709
2019,1,201901,대전,중구,79645,82802,3434,4154
2019,1,201901,부산,강서구,52524,53872,1912,2196
2019,1,201901,부산,금정구,67979,71434,2819,3579
2019,1,201901,부산,기장군,58452,59293,2449,3008
2019,1,201901,부산,남구,78610,80790,2790,3282
2019,1,201901,부산,동구,40867,42186,1095,1378
2019,1,201901,부산,동래구,74685,76495,2636,3347
2019,1,201901,부산,부산진구,101649,110951,3775,4344
2019,1,201901,부산,북구,84406,85941,3008,3369
2019,1,201901,부산,사상구,66196,69452,2855,3268
2019,1,201901,부산,사하구,90791,95404,3593,4031
2019,1,201901,부산,서구,23568,24002,1159,1219
2019,1,201901,부산,수영구,57605,77201,1824,2323
2019,1,201901,부산,연제구,70544,75209,2153,3177
2019,1,201901,부산,영도구,25983,27490,1243,1593
2019,1,201901,부산,중구,20542,20823,599,703
2019,1,201901,부산,해운대구,149643,157921,4157,4496
2019,1,201901,서울,강남구,195192,211579,5396,6337
2019,1,201901,서울,강동구,109318,115009,4219,4803
2019,1,201901,서울,강북구,61126,63859,3242,4032
2019,1,201901,서울,강서구,161908,174447,6344,7865
2019,1,201901,서울,관악구,100454,103682,4531,4857
2019,1,201901,서울,광진구,80284,83884,3149,3889
2019,1,201901,서울,구로구,108981,120035,5679,6436
2019,1,201901,서울,금천구,66133,69195,3955,4461
2019,1,201901,서울,노원구,127941,134082,4885,5850
2019,1,201901,서울,도봉구,76904,82172,3448,3925
2019,1,201901,서울,동대문구,78087,81190,3702,3904
2019,1,201901,서울,동작구,92045,93380,3277,3461
2019,1,201901,서울,마포구,97085,101177,3606,4401
2019,1,201901,서울,서대문구,71420,74741,2887,3429
2019,1,201901,서울,서초구,152140,159548,4261,5206
2019,1,201901,서울,성동구,83402,90341,2963,4029
2019,1,201901,서울,성북구,97406,100121,4113,5304
2019,1,201901,서울,송파구,196402,203131,5623,7329
2019,1,201901,서울,양천구,124389,129193,4396,5245
2019,1,201901,서울,영등포구,112969,117438,5155,5476
2019,1,201901,서울,용산구,66582,67740,2445,2590
2019,1,201901,서울,은평구,106731,110936,4603,5420
2019,1,201901,서울,종로구,38968,41223,1970,3910
2019,1,201901,서울,중구,38246,41072,2409,3379
2019,1,201901,서울,중랑구,87094,93204,4354,4923
2019,1,201901,세종,세종시,128422,129359,3766,4321
2019,1,201901,울산,남구,131659,135037,3466,4196
2019,1,201901,울산,동구,56060,56663,1568,1744
2019,1,201901,울산,북구,89641,91647,2388,2669
2019,1,201901,울산,울주군,94561,95871,3244,4094
2019,1,201901,울산,중구,88503,89906,2389,2751
2019,1,201901,인천,강화군,22857,23202,1298,1582
2019,1,201901,인천,계양구,95410,257564,4479,8625
2019,1,201901,인천,남동구,215744,253405,7223,9115
2019,1,201901,인천,동구,20684,21571,1118,1244
2019,1,201901,인천,미추홀구,126114,174376,5668,8162
2019,1,201901,인천,부평구,183350,190017,6846,7815
2019,1,201901,인천,서구,191300,195727,7947,9334
2019,1,201901,인천,연수구,151933,156683,3685,4634
2019,1,201901,인천,옹진군,7688,7830,559,655
2019,1,201901,인천,중구,46008,52248,1978,3042
2019,1,201901,전남,강진군,11078,11331,608,756
2019,1,201901,전남,고흥군,17704,17984,1140,1336
2019,1,201901,전남,곡성군,9062,9333,500,606
2019,1,201901,전남,광양시,62590,63365,2565,2903
2019,1,201901,전남,구례군,8545,8920,484,567
2019,1,201901,전남,나주시,42779,44107,2044,2565
2019,1,201901,전남,담양군,17014,17363,893,1198
2019,1,201901,전남,목포시,76494,79255,3528,4145
2019,1,201901,전남,무안군,28888,29219,1503,1732
2019,1,201901,전남,보성군,12826,74030,790,3210
2019,1,201901,전남,순천시,104723,106634,3911,4769
2019,1,201901,전남,신안군,11328,11690,668,816
2019,1,201901,전남,여수시,99468,101876,4097,4930
2019,1,201901,전남,영광군,17783,18012,865,992
2019,1,201901,전남,영암군,20040,32559,1269,1634
2019,1,201901,전남,완도군,14266,14541,828,982
2019,1,201901,전남,장성군,17017,17248,906,1051
2019,1,201901,전남,장흥군,12012,12173,667,767
2019,1,201901,전남,진도군,9589,9743,589,685
2019,1,201901,전남,함평군,10802,22270,577,1094
2019,1,201901,전남,해남군,21815,22168,1631,1799
2019,1,201901,전남,화순군,22156,22454,1128,2409
2019,1,201901,전북,고창군,18118,18401,1305,1450
2019,1,201901,전북,군산시,103211,106194,3927,4569
2019,1,201901,전북,김제시,29572,30507,1621,1853
2019,1,201901,전북,남원시,25676,29128,1401,1803
2019,1,201901,전북,무주군,7650,7776,518,595
2019,1,201901,전북,부안군,17402,17673,944,1148
2019,1,201901,전북,순창군,8879,9000,483,556
2019,1,201901,전북,완주군,36603,37098,1762,2380
2019,1,201901,전북,익산시,104947,107513,5021,5673
2019,1,201901,전북,임실군,9129,9252,469,590
2019,1,201901,전북,장수군,7068,7165,411,476
2019,1,201901,전북,전주시,259792,266097,8357,10189
2019,1,201901,전북,정읍시,36146,38935,1897,2212
2019,1,201901,전북,진안군,8343,8482,472,591
2019,1,201901,제주,서귀포시,69889,71442,3535,3831
2019,1,201901,제주,제주시,209933,383653,8712,16370
2019,1,201901,충남,계룡시,18370,18492,738,891
2019,1,201901,충남,공주시,37851,39096,1971,2467
2019,1,201901,충남,금산군,18053,19134,1249,1599
2019,1,201901,충남,논산시,41325,42339,2385,2889
2019,1,201901,충남,당진시,69881,70506,2799,3177
2019,1,201901,충남,보령시,36303,36858,1675,1917
2019,1,201901,충남,부여군,21181,21809,1331,1758
2019,1,201901,충남,서산시,68284,69410,2935,3475
2019,1,201901,충남,서천군,18238,18480,879,1028
2019,1,201901,충남,아산시,128711,131348,5708,6438
2019,1,201901,충남,예산군,28970,29410,1550,1950
2019,1,201901,충남,천안시,257159,261767,10187,11910
2019,1,201901,충남,청양군,10058,10204,566,674
2019,1,201901,충남,태안군,21677,21946,1167,1297
2019,1,201901,충남,홍성군,36616,37118,1691,2002
2019,1,201901,충북,괴산군,13540,13692,831,925
2019,1,201901,충북,단양군,10056,10241,598,700
2019,1,201901,충북,보은군,10811,11003,668,804
2019,1,201901,충북,영동군,15674,15883,838,981
2019,1,201901,충북,옥천군,17523,17985,916,1055
2019,1,201901,충북,음성군,40810,41155,2374,2604
2019,1,201901,충북,제천시,49016,49924,2186,2436
2019,1,201901,충북,증평군,14345,14523,657,717
2019,1,201901,충북,진천군,34395,34732,1632,1813
2019,1,201901,충북,청주시,323042,332893,12160,14958
2019,1,201901,충북,충주시,80615,82964,3568,4118
2019,2,201902,강원,강릉시,81678,84106,3184,3894
2019,2,201902,강원,고성군,9704,9844,531,609
2019,2,201902,강원,동해시,34665,35463,1559,1740
2019,2,201902,강원,삼척시,23866,24388,997,1200
2019,2,201902,강원,속초시,28619,29647,1381,1606
2019,2,201902,강원,양구군,8126,8214,369,432
2019,2,201902,강원,양양군,10440,10597,510,560
2019,2,201902,강원,영월군,13586,13854,799,941
2019,2,201902,강원,원주시,130911,134168,5165,5949
2019,2,201902,강원,인제군,12062,12210,590,684
2019,2,201902,강원,정선군,13224,13526,750,886
2019,2,201902,강원,철원군,15711,15898,939,1024
2019,2,201902,강원,춘천시,103759,106302,4002,4896
2019,2,201902,강원,태백시,15723,16235,853,1069
2019,2,201902,강원,평창군,15838,16183,881,1006
2019,2,201902,강원,홍천군,24575,24917,1441,1851
2019,2,201902,강원,화천군,8867,8982,393,514
2019,2,201902,강원,횡성군,16307,16739,937,1073
2019,2,201902,경기,가평군,21748,22071,1416,1754
2019,2,201902,경기,고양시,338280,346241,11497,13589
2019,2,201902,경기,과천시,18072,18882,644,771
2019,2,201902,경기,광명시,88606,90451,3674,4242
2019,2,201902,경기,광주시,142021,142987,6180,9295
2019,2,201902,경기,구리시,58590,59746,2300,2634
2019,2,201902,경기,군포시,83284,84184,2983,3225
2019,2,201902,경기,김포시,162008,164060,6341,7980
2019,2,201902,경기,남양주시,222018,224047,9751,10828
2019,2,201902,경기,동두천시,29608,30404,1664,1787
2019,2,201902,경기,부천시,244574,250992,11211,12732
2019,2,201902,경기,성남시,289311,296859,9343,11328
2019,2,201902,경기,수원시,425150,433545,15770,18801
2019,2,201902,경기,시흥시,173453,175451,7618,8096
2019,2,201902,경기,안산시,230871,235852,11820,14037
2019,2,201902,경기,안성시,74252,75148,3652,4188
2019,2,201902,경기,안양시,173657,177642,6396,8206
2019,2,201902,경기,양주시,76130,77064,4140,4802
2019,2,201902,경기,양평군,43308,43813,2025,2823
2019,2,201902,경기,여주시,44097,44728,2315,3090
2019,2,201902,경기,연천군,15853,16115,955,1135
2019,2,201902,경기,오산시,83279,84488,3464,4003
2019,2,201902,경기,용인시,385387,392340,12110,14546
2019,2,201902,경기,의왕시,49953,50815,1715,1954
2019,2,201902,경기,의정부시,127009,129247,5929,6614
2019,2,201902,경기,이천시,84501,85522,3969,4556
2019,2,201902,경기,파주시,164613,166736,6566,9353
2019,2,201902,경기,평택시,207006,210669,8845,10625
2019,2,201902,경기,포천시,58763,64647,3545,4448
2019,2,201902,경기,하남시,86394,87055,2860,3264
2019,2,201902,경기,화성시,322956,326625,11641,13976
2019,2,201902,경남,거제시,87507,88747,3414,4066
2019,2,201902,경남,거창군,21010,21305,967,1194
2019,2,201902,경남,고성군,17923,18258,926,1081
2019,2,201902,경남,김해시,210169,212794,7728,8485
2019,2,201902,경남,남해군,12379,12646,619,805
2019,2,201902,경남,밀양시,38314,38897,1646,1956
2019,2,201902,경남,사천시,42048,42835,1722,2026
2019,2,201902,경남,산청군,11905,12119,575,689
2019,2,201902,경남,양산시,129645,130779,5073,6107
2019,2,201902,경남,의령군,9124,9255,435,540
2019,2,201902,경남,진주시,125566,128602,4276,5618
2019,2,201902,경남,창녕군,23377,23905,1203,1389
2019,2,201902,경남,창원시,453416,476522,13078,15971
2019,2,201902,경남,통영시,40895,41806,2136,2462
2019,2,201902,경남,하동군,15417,15591,709,805
2019,2,201902,경남,함안군,29309,39900,1270,1736
2019,2,201902,경남,함양군,11875,12080,570,700
2019,2,201902,경남,합천군,14110,14295,687,818
2019,2,201902,경북,경산시,104489,105728,3691,4156
2019,2,201902,경북,경주시,105933,108010,4509,5220
2019,2,201902,경북,고령군,13256,13349,730,803
2019,2,201902,경북,구미시,172188,175060,6560,7476
2019,2,201902,경북,군위군,8800,8885,441,496
2019,2,201902,경북,김천시,51734,52512,2310,2635
2019,2,201902,경북,문경시,23897,24360,1349,1543
2019,2,201902,경북,봉화군,10061,10216,501,581
2019,2,201902,경북,상주시,33149,33734,1732,2103
2019,2,201902,경북,성주군,17968,18330,892,985
2019,2,201902,경북,안동시,57964,59086,2439,2941
2019,2,201902,경북,영덕군,11915,12127,656,762
2019,2,201902,경북,영양군,5379,5463,289,349
2019,2,201902,경북,영주시,37821,38469,1845,2071
2019,2,201902,경북,영천시,39161,39717,1929,2245
2019,2,201902,경북,예천군,18474,18745,787,902
2019,2,201902,경북,울릉군,3518,3795,236,418
2019,2,201902,경북,울진군,18055,18339,763,906
2019,2,201902,경북,의성군,17037,17221,931,1094
2019,2,201902,경북,청도군,15825,16007,724,807
2019,2,201902,경북,청송군,8896,9002,457,560
2019,2,201902,경북,칠곡군,52440,52889,2254,2794
2019,2,201902,경북,포항시,207793,212046,7074,8416
2019,2,201902,광주,광산구,152185,155984,5290,5856
2019,2,201902,광주,남구,74826,76069,2450,2849
2019,2,201902,광주,동구,30970,31686,1165,1392
2019,2,201902,광주,북구,154909,160685,5049,6143
2019,2,201902,광주,서구,120332,125755,4054,4912
2019,2,201902,대구,남구,46837,48082,1804,2071
2019,2,201902,대구,달서구,223197,228987,6247,7122
2019,2,201902,대구,달성군,102894,104630,3373,4009
2019,2,201902,대구,동구,126700,132298,4211,5056
2019,2,201902,대구,북구,159266,162376,4836,5618
2019,2,201902,대구,서구,57594,60007,2294,2646
2019,2,201902,대구,수성구,189726,193254,4113,4978
2019,2,201902,대구,중구,50315,51202,1162,1565
2019,2,201902,대전,대덕구,67684,69777,2942,3502
2019,2,201902,대전,동구,71465,73850,3169,3546
2019,2,201902,대전,서구,176000,181152,5650,6270
2019,2,201902,대전,유성구,148643,150909,4178,4638
2019,2,201902,대전,중구,79612,82718,3429,4139
2019,2,201902,부산,강서구,53065,54418,1918,2202
2019,2,201902,부산,금정구,67945,71414,2810,3570
2019,2,201902,부산,기장군,58574,59416,2454,3017
2019,2,201902,부산,남구,78488,80663,2781,3275
2019,2,201902,부산,동구,40985,42275,1086,1374
2019,2,201902,부산,동래구,74871,76680,2643,3354
2019,2,201902,부산,부산진구,101606,111253,3766,4343
2019,2,201902,부산,북구,84304,85842,2986,3348
2019,2,201902,부산,사상구,65923,69180,2829,3242
2019,2,201902,부산,사하구,90652,95255,3583,4020
2019,2,201902,부산,서구,23567,23999,1150,1210
2019,2,201902,부산,수영구,59842,79924,1835,2352
2019,2,201902,부산,연제구,70426,75173,2142,3163
2019,2,201902,부산,영도구,25960,27471,1243,1593
2019,2,201902,부산,중구,20793,21073,596,700
2019,2,201902,부산,해운대구,149785,158194,4131,4465
2019,2,201902,서울,강남구,195424,211680,5386,6327
2019,2,201902,서울,강동구,109315,115088,4220,4810
2019,2,201902,서울,강북구,61072,63802,3223,4014
2019,2,201902,서울,강서구,161264,173856,6316,7829
2019,2,201902,서울,관악구,100315,103541,4528,4853
2019,2,201902,서울,광진구,80433,83952,3134,3869
2019,2,201902,서울,구로구,108915,120310,5636,6385
2019,2,201902,서울,금천구,66292,69338,3965,4471
2019,2,201902,서울,노원구,127894,134030,4871,5808
2019,2,201902,서울,도봉구,76895,82143,3444,3920
2019,2,201902,서울,동대문구,78141,81221,3688,3883
2019,2,201902,서울,동작구,92283,93618,3248,3432
2019,2,201902,서울,마포구,97098,101168,3587,4389
2019,2,201902,서울,서대문구,71706,75056,2894,3439
2019,2,201902,서울,서초구,152033,159626,4215,5151
2019,2,201902,서울,성동구,82996,89881,2914,4015
2019,2,201902,서울,성북구,97427,100145,4092,5286
2019,2,201902,서울,송파구,198143,204834,5596,7301
2019,2,201902,서울,양천구,124334,129121,4384,5227
2019,2,201902,서울,영등포구,112538,116949,5095,5419
2019,2,201902,서울,용산구,66453,67532,2432,2576
2019,2,201902,서울,은평구,107043,111249,4571,5389
2019,2,201902,서울,종로구,38920,41171,1969,3909
2019,2,201902,서울,중구,38299,41109,2394,3361
2019,2,201902,서울,중랑구,87101,93216,4335,4932
2019,2,201902,세종,세종시,129939,130870,3774,4328
2019,2,201902,울산,남구,131681,135054,3469,4192
2019,2,201902,울산,동구,55878,56487,1553,1729
2019,2,201902,울산,북구,90024,92004,2394,2678
2019,2,201902,울산,울주군,95040,96337,3232,4081
2019,2,201902,울산,중구,88283,89686,2389,2749
2019,2,201902,인천,강화군,22967,23311,1298,1584
2019,2,201902,인천,계양구,95281,259170,4445,8597
2019,2,201902,인천,남동구,215944,253430,7181,9072
2019,2,201902,인천,동구,20647,21578,1110,1238
2019,2,201902,인천,미추홀구,126116,174233,5600,8061
2019,2,201902,인천,부평구,183214,190339,6819,7814
2019,2,201902,인천,서구,191587,196031,7897,9272
2019,2,201902,인천,연수구,152900,157676,3699,4652
2019,2,201902,인천,옹진군,7632,7773,555,652
2019,2,201902,인천,중구,46636,52962,1992,3078
2019,2,201902,전남,강진군,11105,11358,614,762
2019,2,201902,전남,고흥군,17751,18031,1137,1333
2019,2,201902,전남,곡성군,9073,9355,497,603
2019,2,201902,전남,광양시,62446,63203,2530,2869
2019,2,201902,전남,구례군,8482,8856,487,570
2019,2,201902,전남,나주시,43064,44391,2059,2574
2019,2,201902,전남,담양군,17006,17349,890,1195
2019,2,201902,전남,목포시,76535,79276,3526,4141
2019,2,201902,전남,무안군,28943,29277,1496,1727
2019,2,201902,전남,보성군,12801,72929,784,3160
2019,2,201902,전남,순천시,104947,106856,3921,4782
2019,2,201902,전남,신안군,11370,11732,671,819
2019,2,201902,전남,여수시,99692,102110,4096,4931
2019,2,201902,전남,영광군,17810,18040,865,991
2019,2,201902,전남,영암군,20106,32444,1268,1624
2019,2,201902,전남,완도군,14261,14538,824,983
2019,2,201902,전남,장성군,16990,17225,891,1039
2019,2,201902,전남,장흥군,12027,12188,671,772
2019,2,201902,전남,진도군,9603,9756,587,684
2019,2,201902,전남,함평군,10793,23370,574,1120
2019,2,201902,전남,해남군,21813,22165,1638,1810
2019,2,201902,전남,화순군,22168,22463,1126,2392
2019,2,201902,전북,고창군,18135,18421,1304,1450
2019,2,201902,전북,군산시,103417,106381,3933,4567
2019,2,201902,전북,김제시,29567,30526,1613,1847
2019,2,201902,전북,남원시,25716,29071,1401,1798
2019,2,201902,전북,무주군,7650,7776,514,591
2019,2,201902,전북,부안군,17435,17707,942,1144
2019,2,201902,전북,순창군,8886,9008,486,565
2019,2,201902,전북,완주군,36584,37080,1766,2383
2019,2,201902,전북,익산시,104864,107439,5007,5663
2019,2,201902,전북,임실군,9073,9198,471,593
2019,2,201902,전북,장수군,7053,7150,410,475
2019,2,201902,전북,전주시,260640,266892,8373,10193
2019,2,201902,전북,정읍시,36220,38987,1905,2221
2019,2,201902,전북,진안군,8384,8525,468,587
2019,2,201902,제주,서귀포시,69988,71531,3537,3833
2019,2,201902,제주,제주시,209610,386095,8679,16390
2019,2,201902,충남,계룡시,18402,18524,737,893
2019,2,201902,충남,공주시,37823,39051,1948,2432
2019,2,201902,충남,금산군,18112,19261,1252,1603
2019,2,201902,충남,논산시,41458,42473,2392,2899
2019,2,201902,충남,당진시,70048,70671,2800,3181
2019,2,201902,충남,보령시,36357,36908,1685,1926
2019,2,201902,충남,부여군,21192,21815,1327,1751
2019,2,201902,충남,서산시,68537,69654,2957,3492
2019,2,201902,충남,서천군,18236,18478,874,1023
2019,2,201902,충남,아산시,129192,131776,5719,6458
2019,2,201902,충남,예산군,29065,29503,1542,1943
2019,2,201902,충남,천안시,257752,262339,10125,11843
2019,2,201902,충남,청양군,10068,10220,564,673
2019,2,201902,충남,태안군,21768,22038,1171,1298
2019,2,201902,충남,홍성군,36643,37155,1674,1984
2019,2,201902,충북,괴산군,13489,13640,825,918
2019,2,201902,충북,단양군,10066,10248,594,694
2019,2,201902,충북,보은군,10840,11032,670,804
2019,2,201902,충북,영동군,15686,15896,832,976
2019,2,201902,충북,옥천군,17535,17992,914,1053
2019,2,201902,충북,음성군,40803,41154,2380,2617
2019,2,201902,충북,제천시,49095,50014,2188,2441
2019,2,201902,충북,증평군,14357,14535,655,716
2019,2,201902,충북,진천군,34687,35020,1626,1805
2019,2,201902,충북,청주시,323809,333738,12174,14974
2019,2,201902,충북,충주시,80879,83376,3577,4127
2019,3,201903,강원,강릉시,81772,84225,3123,3834
2019,3,201903,강원,고성군,9691,9833,531,609
2019,3,201903,강원,동해시,34647,35444,1565,1749
2019,3,201903,강원,삼척시,23912,24444,985,1191
2019,3,201903,강원,속초시,28731,29754,1375,1602
2019,3,201903,강원,양구군,8196,8283,369,433
2019,3,201903,강원,양양군,10425,10581,502,552
2019,3,201903,강원,영월군,13631,13899,806,949
2019,3,201903,강원,원주시,131153,134394,5129,5913
2019,3,201903,강원,인제군,12071,12219,585,681
2019,3,201903,강원,정선군,13269,13576,754,891
2019,3,201903,강원,철원군,15738,15925,933,1018
2019,3,201903,강원,춘천시,103796,106329,3957,4856
2019,3,201903,강원,태백시,15724,16232,841,1054
2019,3,201903,강원,평창군,15854,16200,874,1000
2019,3,201903,강원,홍천군,24651,24995,1452,1864
2019,3,201903,강원,화천군,8889,9005,390,511
2019,3,201903,강원,횡성군,16334,16767,932,1063
2019,3,201903,경기,가평군,21812,22144,1418,1753
2019,3,201903,경기,고양시,338490,346319,11378,13488
2019,3,201903,경기,과천시,18104,18914,637,766
2019,3,201903,경기,광명시,88345,90198,3635,4205
2019,3,201903,경기,광주시,142346,143311,6162,9202
2019,3,201903,경기,구리시,58571,59745,2279,2622
2019,3,201903,경기,군포시,83042,83936,2942,3182
2019,3,201903,경기,김포시,161993,164021,6250,7889
2019,3,201903,경기,남양주시,222638,224685,9683,10758
2019,3,201903,경기,동두천시,29445,30242,1641,1764
2019,3,201903,경기,부천시,243743,250191,11076,12598
2019,3,201903,경기,성남시,288951,296442,9273,11251
2019,3,201903,경기,수원시,423698,432017,15691,18719
2019,3,201903,경기,시흥시,174707,176693,7572,8051
2019,3,201903,경기,안산시,230901,235886,11806,14031
2019,3,201903,경기,안성시,74421,75298,3638,4179
2019,3,201903,경기,안양시,173480,177448,6329,8121
2019,3,201903,경기,양주시,76569,77437,4141,4809
2019,3,201903,경기,양평군,43382,43884,2023,2821
2019,3,201903,경기,여주시,44131,44778,2298,3101
2019,3,201903,경기,연천군,15898,16157,948,1130
2019,3,201903,경기,오산시,83427,84619,3446,3989
2019,3,201903,경기,용인시,385426,392457,11995,14448
2019,3,201903,경기,의왕시,50620,51455,1715,1956
2019,3,201903,경기,의정부시,127339,129569,5928,6614
2019,3,201903,경기,이천시,84536,85549,3974,4559
2019,3,201903,경기,파주시,165097,167219,6520,9285
2019,3,201903,경기,평택시,208213,211882,8801,10559
2019,3,201903,경기,포천시,58556,65248,3490,4406
2019,3,201903,경기,하남시,87359,88016,2855,3262
2019,3,201903,경기,화성시,326270,329900,11684,14040
2019,3,201903,경남,거제시,87500,88723,3393,4029
2019,3,201903,경남,거창군,21043,21338,957,1185
2019,3,201903,경남,고성군,17917,18251,929,1081
2019,3,201903,경남,김해시,211078,213731,7679,8445
2019,3,201903,경남,남해군,12418,12693,619,807
2019,3,201903,경남,밀양시,38363,38945,1656,1967
2019,3,201903,경남,사천시,42052,42841,1731,2039
2019,3,201903,경남,산청군,11908,12128,570,686
2019,3,201903,경남,양산시,129850,131012,5063,6089
2019,3,201903,경남,의령군,9111,9242,436,543
2019,3,201903,경남,진주시,126035,129080,4265,5614
2019,3,201903,경남,창녕군,23421,23942,1199,1382
2019,3,201903,경남,창원시,453003,475701,12957,15835
2019,3,201903,경남,통영시,40880,41789,2146,2473
2019,3,201903,경남,하동군,15396,15570,705,800
2019,3,201903,경남,함안군,29277,39991,1262,1734
2019,3,201903,경남,함양군,11882,12120,572,702
2019,3,201903,경남,합천군,14133,14317,684,815
2019,3,201903,경북,경산시,104566,105802,3664,4132
2019,3,201903,경북,경주시,106057,108128,4446,5156
2019,3,201903,경북,고령군,13283,13375,729,802
2019,3,201903,경북,구미시,172481,175314,6557,7478
2019,3,201903,경북,군위군,8827,8911,432,487
2019,3,201903,경북,김천시,51963,52737,2304,2630
2019,3,201903,경북,문경시,23990,24452,1343,1536
2019,3,201903,경북,봉화군,10109,10264,500,581
2019,3,201903,경북,상주시,33179,33761,1744,2116
2019,3,201903,경북,성주군,17928,18288,887,981
2019,3,201903,경북,안동시,57890,59012,2422,2916
2019,3,201903,경북,영덕군,11901,12109,654,756
2019,3,201903,경북,영양군,5382,5466,292,352
2019,3,201903,경북,영주시,37808,38453,1837,2066
2019,3,201903,경북,영천시,39317,39869,1928,2241
2019,3,201903,경북,예천군,18721,18989,790,906
2019,3,201903,경북,울릉군,3524,3845,245,440
2019,3,201903,경북,울진군,18087,18364,764,906
2019,3,201903,경북,의성군,17084,17264,931,1091
2019,3,201903,경북,청도군,15828,16009,712,794
2019,3,201903,경북,청송군,8891,8997,452,556
2019,3,201903,경북,칠곡군,52554,52990,2250,2790
2019,3,201903,경북,포항시,208472,212695,7068,8415
2019,3,201903,광주,광산구,153033,156906,5295,5858
2019,3,201903,광주,남구,75207,76482,2433,2842
2019,3,201903,광주,동구,30989,31714,1150,1376
2019,3,201903,광주,북구,155171,160917,5028,6110
2019,3,201903,광주,서구,120125,125539,4021,4888
2019,3,201903,대구,남구,46723,47926,1792,2052
2019,3,201903,대구,달서구,223575,229489,6251,7132
2019,3,201903,대구,달성군,103403,105150,3369,4001
2019,3,201903,대구,동구,126609,132412,4195,5055
2019,3,201903,대구,북구,159295,162411,4831,5616
2019,3,201903,대구,서구,57339,59742,2301,2651
2019,3,201903,대구,수성구,190349,193872,4081,4947
2019,3,201903,대구,중구,50571,51465,1157,1562
2019,3,201903,대전,대덕구,67569,69690,2939,3499
2019,3,201903,대전,동구,71674,74085,3162,3545
2019,3,201903,대전,서구,176145,181270,5643,6238
2019,3,201903,대전,유성구,148822,151125,4138,4605
2019,3,201903,대전,중구,79722,82795,3407,4105
2019,3,201903,부산,강서구,53381,54739,1914,2195
2019,3,201903,부산,금정구,67803,71257,2783,3538
2019,3,201903,부산,기장군,58710,59544,2435,2997
2019,3,201903,부산,남구,78353,80527,2762,3252
2019,3,201903,부산,동구,41189,42405,1082,1365
2019,3,201903,부산,동래구,75204,77006,2645,3340
2019,3,201903,부산,부산진구,101295,111538,3734,4315
2019,3,201903,부산,북구,84133,85674,2969,3332
2019,3,201903,부산,사상구,65787,69049,2844,3257
2019,3,201903,부산,사하구,90579,95176,3554,3995
2019,3,201903,부산,서구,23523,23955,1147,1206
2019,3,201903,부산,수영구,59584,80356,1827,2369
2019,3,201903,부산,연제구,70436,75274,2121,3154
2019,3,201903,부산,영도구,25945,27448,1256,1604
2019,3,201903,부산,중구,20974,21253,579,683
2019,3,201903,부산,해운대구,149958,158632,4134,4467
2019,3,201903,서울,강남구,195383,211513,5348,6281
2019,3,201903,서울,강동구,109033,114802,4188,4778
2019,3,201903,서울,강북구,60921,63640,3178,3976
2019,3,201903,서울,강서구,161022,173842,6249,7783
2019,3,201903,서울,관악구,100079,103292,4466,4792
2019,3,201903,서울,광진구,80257,83757,3087,3458
2019,3,201903,서울,구로구,109228,120316,5606,6354
2019,3,201903,서울,금천구,66211,69262,3921,4430
2019,3,201903,서울,노원구,127766,133918,4831,5771
2019,3,201903,서울,도봉구,76812,82064,3405,3884
2019,3,201903,서울,동대문구,77994,81064,3657,3855
2019,3,201903,서울,동작구,92265,93597,3232,3416
2019,3,201903,서울,마포구,96935,101068,3547,4325
2019,3,201903,서울,서대문구,71735,75126,2873,3416
2019,3,201903,서울,서초구,151994,159626,4203,5135
2019,3,201903,서울,성동구,82638,89425,2900,4391
2019,3,201903,서울,성북구,98176,100888,4049,5248
2019,3,201903,서울,송파구,199311,206038,5564,7266
2019,3,201903,서울,양천구,124208,128981,4357,5202
2019,3,201903,서울,영등포구,112704,117011,5057,5357
2019,3,201903,서울,용산구,66479,67567,2398,2542
2019,3,201903,서울,은평구,107256,111463,4525,5344
2019,3,201903,서울,종로구,38882,40992,1961,3878
2019,3,201903,서울,중구,38146,40996,2382,3348
2019,3,201903,서울,중랑구,87059,93182,4281,4878
2019,3,201903,세종,세종시,131417,132382,3803,4354
2019,3,201903,울산,남구,131533,134882,3462,4185
2019,3,201903,울산,동구,55740,56348,1537,1714
2019,3,201903,울산,북구,90878,92837,2398,2684
2019,3,201903,울산,울주군,95509,96840,3235,4084
2019,3,201903,울산,중구,88084,89481,2369,2725
2019,3,201903,인천,강화군,22997,23338,1305,1593
2019,3,201903,인천,계양구,95065,259906,4403,8750
2019,3,201903,인천,남동구,215853,253661,7157,9037
2019,3,201903,인천,동구,20596,21602,1104,1233
2019,3,201903,인천,미추홀구,126202,173158,5556,7938
2019,3,201903,인천,부평구,182974,190547,6773,7770
2019,3,201903,인천,서구,191902,196339,7850,9220
2019,3,201903,인천,연수구,153656,158464,3684,4651
2019,3,201903,인천,옹진군,7634,7778,553,655
2019,3,201903,인천,중구,47345,53895,2004,3060
2019,3,201903,전남,강진군,11118,11369,608,758
2019,3,201903,전남,고흥군,17779,18056,1139,1336
2019,3,201903,전남,곡성군,9088,9366,502,608
2019,3,201903,전남,광양시,62404,63161,2509,2842
2019,3,201903,전남,구례군,8473,8857,486,569
2019,3,201903,전남,나주시,43300,44612,2074,2594
2019,3,201903,전남,담양군,17053,17400,889,1195
2019,3,201903,전남,목포시,76627,79332,3508,4115
2019,3,201903,전남,무안군,29023,29361,1496,1727
2019,3,201903,전남,보성군,12766,71402,778,3082
2019,3,201903,전남,순천시,105235,107144,3881,4729
2019,3,201903,전남,신안군,11325,11670,660,821
2019,3,201903,전남,여수시,100009,102431,4069,4917
2019,3,201903,전남,영광군,17877,18108,871,996
2019,3,201903,전남,영암군,20158,32274,1260,1604
2019,3,201903,전남,완도군,14334,14610,821,983
2019,3,201903,전남,장성군,16980,17222,896,1047
2019,3,201903,전남,장흥군,12071,12230,671,771
2019,3,201903,전남,진도군,9619,9772,583,680
2019,3,201903,전남,함평군,10798,25947,573,1161
2019,3,201903,전남,해남군,21865,22216,1630,1802
2019,3,201903,전남,화순군,22173,22467,1115,2392
2019,3,201903,전북,고창군,18079,18366,1290,1436
2019,3,201903,전북,군산시,103475,106375,3894,4533
2019,3,201903,전북,김제시,29563,30524,1608,1843
2019,3,201903,전북,남원시,25770,29831,1403,1799
2019,3,201903,전북,무주군,7679,7806,517,594
2019,3,201903,전북,부안군,17490,17762,951,1152
2019,3,201903,전북,순창군,8893,9017,485,564
2019,3,201903,전북,완주군,36481,36977,1746,2359
2019,3,201903,전북,익산시,104789,107376,5020,5674
2019,3,201903,전북,임실군,8996,9118,470,591
2019,3,201903,전북,장수군,7024,7121,412,477
2019,3,201903,전북,전주시,261211,267497,8357,10175
2019,3,201903,전북,정읍시,36275,38997,1884,2201
2019,3,201903,전북,진안군,8423,8564,470,590
2019,3,201903,제주,서귀포시,70314,71851,3524,3821
2019,3,201903,제주,제주시,209531,389192,8662,16367
2019,3,201903,충남,계룡시,18491,18615,739,898
2019,3,201903,충남,공주시,37816,39104,1935,2410
2019,3,201903,충남,금산군,18144,19317,1254,1600
2019,3,201903,충남,논산시,41559,42573,2399,2905
2019,3,201903,충남,당진시,70347,70978,2790,3171
2019,3,201903,충남,보령시,36473,37030,1680,1921
2019,3,201903,충남,부여군,21230,21853,1319,1743
2019,3,201903,충남,서산시,68678,69780,2943,3482
2019,3,201903,충남,서천군,18222,18464,862,1012
2019,3,201903,충남,아산시,129545,132102,5699,6443
2019,3,201903,충남,예산군,29045,29485,1541,1944
2019,3,201903,충남,천안시,258462,263051,10115,11822
2019,3,201903,충남,청양군,10077,10224,565,673
2019,3,201903,충남,태안군,21821,22092,1163,1292
2019,3,201903,충남,홍성군,36740,37255,1671,1983
2019,3,201903,충북,괴산군,13447,13598,818,913
2019,3,201903,충북,단양군,10087,10268,589,689
2019,3,201903,충북,보은군,10873,11063,669,805
2019,3,201903,충북,영동군,15667,15875,824,966
2019,3,201903,충북,옥천군,17541,18001,914,1052
2019,3,201903,충북,음성군,40893,41241,2370,2609
2019,3,201903,충북,제천시,49109,50025,2169,2421
2019,3,201903,충북,증평군,14355,14532,655,715
2019,3,201903,충북,진천군,34992,35329,1642,1817
2019,3,201903,충북,청주시,324432,334393,12106,14932
2019,3,201903,충북,충주시,80861,83554,3545,4090
2019,4,201904,강원,강릉시,82000,84509,3107,3822
2019,4,201904,강원,고성군,9731,9873,527,603
2019,4,201904,강원,동해시,34752,35539,1558,1749
2019,4,201904,강원,삼척시,23973,24505,980,1181
2019,4,201904,강원,속초시,28802,29832,1384,1614
2019,4,201904,강원,양구군,8213,8301,369,433
2019,4,201904,강원,양양군,10441,10600,500,550
2019,4,201904,강원,영월군,13643,13910,806,949
2019,4,201904,강원,원주시,131498,134726,5126,5922
2019,4,201904,강원,인제군,12142,12354,581,676
2019,4,201904,강원,정선군,13274,13584,733,871
2019,4,201904,강원,철원군,15764,15953,929,1016
2019,4,201904,강원,춘천시,103869,106429,3967,4853
2019,4,201904,강원,태백시,15717,16218,832,1050
2019,4,201904,강원,평창군,15900,16245,874,1002
2019,4,201904,강원,홍천군,24673,25015,1439,1854
2019,4,201904,강원,화천군,8936,9052,388,509
2019,4,201904,강원,횡성군,16381,16812,921,1051
2019,4,201904,경기,가평군,21832,22165,1406,1748
2019,4,201904,경기,고양시,339051,346746,11297,13409
2019,4,201904,경기,과천시,18132,18945,634,766
2019,4,201904,경기,광명시,88129,89971,3600,4173
2019,4,201904,경기,광주시,143059,144044,6150,9194
2019,4,201904,경기,구리시,58569,59734,2264,2606
2019,4,201904,경기,군포시,82950,83829,2911,3156
2019,4,201904,경기,김포시,162744,164635,6216,7862
2019,4,201904,경기,남양주시,223700,225766,9634,10761
2019,4,201904,경기,동두천시,29406,30189,1614,1741
2019,4,201904,경기,부천시,243676,250137,11021,12527
2019,4,201904,경기,성남시,288771,296161,9144,11124
2019,4,201904,경기,수원시,423761,432055,15591,18611
2019,4,201904,경기,시흥시,175583,177583,7527,8010
2019,4,201904,경기,안산시,230624,235539,11687,13909
2019,4,201904,경기,안성시,74546,75427,3621,4167
2019,4,201904,경기,안양시,173507,177462,6293,8085
2019,4,201904,경기,양주시,76981,77839,4126,4757
2019,4,201904,경기,양평군,43564,44069,2019,2815
2019,4,201904,경기,여주시,44225,44853,2299,3095
2019,4,201904,경기,연천군,15924,16183,949,1135
2019,4,201904,경기,오산시,83269,84481,3414,3956
2019,4,201904,경기,용인시,386871,393776,11920,14354
2019,4,201904,경기,의왕시,51038,51842,1698,1944
2019,4,201904,경기,의정부시,127553,129766,5892,6583
2019,4,201904,경기,이천시,84748,85785,3949,4532
2019,4,201904,경기,파주시,165509,167614,6480,9220
2019,4,201904,경기,평택시,208992,212723,8750,10509
2019,4,201904,경기,포천시,58523,65017,3481,4397
2019,4,201904,경기,하남시,87972,88640,2860,3271
2019,4,201904,경기,화성시,328868,332554,11626,13994
2019,4,201904,경남,거제시,87593,88806,3396,4042
2019,4,201904,경남,거창군,21110,21407,962,1189
2019,4,201904,경남,고성군,17926,18260,926,1080
2019,4,201904,경남,김해시,211918,214573,7682,8446
2019,4,201904,경남,남해군,12448,12724,614,802
2019,4,201904,경남,밀양시,38432,39015,1654,1965
2019,4,201904,경남,사천시,42049,42836,1720,2040
2019,4,201904,경남,산청군,11902,12129,573,688
2019,4,201904,경남,양산시,130016,131162,5037,6065
2019,4,201904,경남,의령군,9137,9268,435,542
2019,4,201904,경남,진주시,126347,129386,4252,5591
2019,4,201904,경남,창녕군,23399,23921,1201,1382
2019,4,201904,경남,창원시,453333,476773,12891,15765
2019,4,201904,경남,통영시,40863,41770,2140,2464
2019,4,201904,경남,하동군,15428,15603,701,797
2019,4,201904,경남,함안군,29188,40017,1251,1716
2019,4,201904,경남,함양군,11926,12185,572,702
2019,4,201904,경남,합천군,14152,14337,677,808
2019,4,201904,경북,경산시,104687,105961,3655,4125
2019,4,201904,경북,경주시,106254,108362,4431,5138
2019,4,201904,경북,고령군,13290,13382,726,798
2019,4,201904,경북,구미시,172685,175512,6496,7413
2019,4,201904,경북,군위군,8838,8921,432,486
2019,4,201904,경북,김천시,52101,52880,2302,2631
2019,4,201904,경북,문경시,24029,24496,1351,1545
2019,4,201904,경북,봉화군,10152,10309,500,582
2019,4,201904,경북,상주시,33259,33840,1738,2110
2019,4,201904,경북,성주군,17991,18349,889,983
2019,4,201904,경북,안동시,57971,59105,2413,2910
2019,4,201904,경북,영덕군,11917,12123,644,745
2019,4,201904,경북,영양군,5408,5493,294,353
2019,4,201904,경북,영주시,37806,38448,1848,2074
2019,4,201904,경북,영천시,39390,39948,1913,2227
2019,4,201904,경북,예천군,18896,19166,790,905
2019,4,201904,경북,울릉군,3561,3936,249,449
2019,4,201904,경북,울진군,18099,18377,745,888
2019,4,201904,경북,의성군,17086,17266,932,1091
2019,4,201904,경북,청도군,15905,16087,713,793
2019,4,201904,경북,청송군,8917,9023,454,559
2019,4,201904,경북,칠곡군,52567,53004,2232,2772
2019,4,201904,경북,포항시,208543,212788,7000,8350
2019,4,201904,광주,광산구,153641,157450,5260,5820
2019,4,201904,광주,남구,75422,76685,2423,2836
2019,4,201904,광주,동구,31286,32013,1150,1379
2019,4,201904,광주,북구,155110,160774,4984,6182
2019,4,201904,광주,서구,120034,125400,4008,4749
2019,4,201904,대구,남구,46648,47839,1757,2022
2019,4,201904,대구,달서구,223874,229631,6174,7048
2019,4,201904,대구,달성군,103705,105451,3345,3980
2019,4,201904,대구,동구,126465,132302,4175,5030
2019,4,201904,대구,북구,159365,162451,4780,5575
2019,4,201904,대구,서구,57124,59582,2265,2615
2019,4,201904,대구,수성구,190447,193907,4034,4902
2019,4,201904,대구,중구,48848,49733,1153,1554
2019,4,201904,대전,대덕구,67500,69641,2921,3483
2019,4,201904,대전,동구,71821,74246,3136,3520
2019,4,201904,대전,서구,176162,181137,5589,6199
2019,4,201904,대전,유성구,148998,151425,4135,4599
2019,4,201904,대전,중구,79780,82849,3412,4115
2019,4,201904,부산,강서구,53631,55004,1908,2191
2019,4,201904,부산,금정구,67790,71249,2772,3534
2019,4,201904,부산,기장군,58833,59667,2422,2983
2019,4,201904,부산,남구,78382,80544,2740,3230
2019,4,201904,부산,동구,39822,40990,1082,1356
2019,4,201904,부산,동래구,75448,77256,2630,3321
2019,4,201904,부산,부산진구,101193,111956,3667,4247
2019,4,201904,부산,북구,84074,85610,2945,3308
2019,4,201904,부산,사상구,65685,68938,2822,3238
2019,4,201904,부산,사하구,90450,95042,3542,3986
2019,4,201904,부산,서구,23480,23912,1149,1206
2019,4,201904,부산,수영구,59464,81020,1813,2381
2019,4,201904,부산,연제구,76161,81132,2106,3139
2019,4,201904,부산,영도구,25876,27379,1235,1584
2019,4,201904,부산,중구,21217,21495,580,684
2019,4,201904,부산,해운대구,144713,153754,4121,4447
2019,4,201904,서울,강남구,195480,211376,5270,6201
2019,4,201904,서울,강동구,108798,114561,4149,4739
2019,4,201904,서울,강북구,60739,63461,3145,3943
2019,4,201904,서울,강서구,160855,173698,6173,7709
2019,4,201904,서울,관악구,99971,103197,4420,4745
2019,4,201904,서울,광진구,80095,83567,3067,3441
2019,4,201904,서울,구로구,109170,120063,5572,6321
2019,4,201904,서울,금천구,66349,69394,3884,4396
2019,4,201904,서울,노원구,127450,133610,4743,5686
2019,4,201904,서울,도봉구,76741,82006,3381,3860
2019,4,201904,서울,동대문구,77914,81016,3623,3821
2019,4,201904,서울,동작구,92291,93624,3183,3367
2019,4,201904,서울,마포구,96867,100997,3505,4287
2019,4,201904,서울,서대문구,71685,75273,2860,3406
2019,4,201904,서울,서초구,152064,159708,4150,5089
2019,4,201904,서울,성동구,82429,89505,2875,4600
2019,4,201904,서울,성북구,98610,101303,4002,5206
2019,4,201904,서울,송파구,199787,206538,5544,7247
2019,4,201904,서울,양천구,124189,128997,4326,5167
2019,4,201904,서울,영등포구,112403,116679,5012,5306
2019,4,201904,서울,용산구,66374,67443,2378,2521
2019,4,201904,서울,은평구,107270,111583,4451,5270
2019,4,201904,서울,종로구,38783,40882,1938,3855
2019,4,201904,서울,중구,38123,40985,2356,3322
2019,4,201904,서울,중랑구,86802,92912,4223,4817
2019,4,201904,세종,세종시,132433,133395,3786,4341
2019,4,201904,울산,남구,131406,134722,3448,4180
2019,4,201904,울산,동구,55644,56255,1539,1720
2019,4,201904,울산,북구,91804,93760,2418,2704
2019,4,201904,울산,울주군,95856,97220,3211,4060
2019,4,201904,울산,중구,87830,89223,2341,2711
2019,4,201904,인천,강화군,23024,23370,1304,1606
2019,4,201904,인천,계양구,94746,261244,4364,8723
2019,4,201904,인천,남동구,215565,253577,7097,8944
2019,4,201904,인천,동구,20639,21718,1107,1234
2019,4,201904,인천,미추홀구,126564,173592,5509,7856
2019,4,201904,인천,부평구,182920,190864,6699,7694
2019,4,201904,인천,서구,192302,196738,7756,9162
2019,4,201904,인천,연수구,154877,159474,3653,4625
2019,4,201904,인천,옹진군,7640,7785,543,646
2019,4,201904,인천,중구,47803,54527,2001,3070
2019,4,201904,전남,강진군,11123,11374,609,762
2019,4,201904,전남,고흥군,17819,18099,1149,1347
2019,4,201904,전남,곡성군,9120,9410,502,608
2019,4,201904,전남,광양시,62486,63241,2489,2824
2019,4,201904,전남,구례군,8508,8894,487,572
2019,4,201904,전남,나주시,43525,44831,2082,2599
2019,4,201904,전남,담양군,17115,17455,892,1200
2019,4,201904,전남,목포시,76721,79432,3491,4093
2019,4,201904,전남,무안군,29065,29409,1489,1725
2019,4,201904,전남,보성군,12753,69976,776,3015
2019,4,201904,전남,순천시,105445,107349,3860,4704
2019,4,201904,전남,신안군,11377,11723,662,825
2019,4,201904,전남,여수시,100368,102819,4056,4904
2019,4,201904,전남,영광군,17896,18126,873,995
2019,4,201904,전남,영암군,20197,32190,1256,1597
2019,4,201904,전남,완도군,14381,14656,817,985
2019,4,201904,전남,장성군,17090,17340,888,1040
2019,4,201904,전남,장흥군,12070,12229,671,772
2019,4,201904,전남,진도군,9626,9782,580,677
2019,4,201904,전남,함평군,10783,28018,575,1214
2019,4,201904,전남,해남군,21917,22267,1626,1799
2019,4,201904,전남,화순군,22204,22500,1109,2383
2019,4,201904,전북,고창군,18121,18411,1291,1437
2019,4,201904,전북,군산시,103697,106561,3901,4533
2019,4,201904,전북,김제시,29605,30549,1616,1851
2019,4,201904,전북,남원시,25778,29703,1403,1799
2019,4,201904,전북,무주군,7710,7836,514,588
2019,4,201904,전북,부안군,17479,17751,945,1151
2019,4,201904,전북,순창군,8905,9029,478,558
2019,4,201904,전북,완주군,36470,36964,1757,2365
2019,4,201904,전북,익산시,104922,107498,4968,5627
2019,4,201904,전북,임실군,9002,9122,467,587
2019,4,201904,전북,장수군,7012,7111,408,473
2019,4,201904,전북,전주시,262019,268318,8342,10144
2019,4,201904,전북,정읍시,36305,39053,1879,2195
2019,4,201904,전북,진안군,8418,8550,476,597
2019,4,201904,제주,서귀포시,70451,71976,3486,3781
2019,4,201904,제주,제주시,209229,392387,8597,16376
2019,4,201904,충남,계룡시,18473,18596,726,886
2019,4,201904,충남,공주시,37898,39202,1935,2412
2019,4,201904,충남,금산군,18149,19327,1245,1593
2019,4,201904,충남,논산시,41681,42686,2401,2908
2019,4,201904,충남,당진시,70485,71120,2778,3159
2019,4,201904,충남,보령시,36448,37007,1673,1913
2019,4,201904,충남,부여군,21216,21821,1309,1731
2019,4,201904,충남,서산시,68868,69958,2942,3483
2019,4,201904,충남,서천군,18228,18466,853,1001
2019,4,201904,충남,아산시,129857,132364,5671,6410
2019,4,201904,충남,예산군,29176,29621,1546,1955
2019,4,201904,충남,천안시,259202,263742,10055,11763
2019,4,201904,충남,청양군,10077,10222,558,668
2019,4,201904,충남,태안군,21849,22117,1173,1302
2019,4,201904,충남,홍성군,36812,37320,1676,1987
2019,4,201904,충북,괴산군,13462,13613,812,908
2019,4,201904,충북,단양군,10096,10277,586,687
2019,4,201904,충북,보은군,10859,11052,664,800
2019,4,201904,충북,영동군,15681,15890,820,964
2019,4,201904,충북,옥천군,17569,18030,912,1051
2019,4,201904,충북,음성군,40935,41284,2349,2588
2019,4,201904,충북,제천시,49234,50148,2166,2418
2019,4,201904,충북,증평군,14534,14712,665,726
2019,4,201904,충북,진천군,35175,35503,1640,1814
2019,4,201904,충북,청주시,328087,338033,12047,14885
2019,4,201904,충북,충주시,81096,83979,3535,4083
2019,5,201905,강원,강릉시,82228,84735,3107,3820
2019,5,201905,강원,고성군,9684,9823,522,603
2019,5,201905,강원,동해시,34806,35595,1556,1747
2019,5,201905,강원,삼척시,24021,24548,974,1175
2019,5,201905,강원,속초시,28976,29994,1378,1607
2019,5,201905,강원,양구군,8236,8326,372,436
2019,5,201905,강원,양양군,10516,10675,501,551
2019,5,201905,강원,영월군,13677,13933,814,962
2019,5,201905,강원,원주시,131998,135216,5120,5911
2019,5,201905,강원,인제군,12176,12389,578,674
2019,5,201905,강원,정선군,13262,13572,729,867
2019,5,201905,강원,철원군,15795,15983,925,1014
2019,5,201905,강원,춘천시,104086,106666,3934,4823
2019,5,201905,강원,태백시,15713,16208,821,1043
2019,5,201905,강원,평창군,15927,16271,878,1007
2019,5,201905,강원,홍천군,24756,25100,1439,1855
2019,5,201905,강원,화천군,8952,9069,393,514
2019,5,201905,강원,횡성군,16443,16873,918,1048
2019,5,201905,경기,가평군,21958,22293,1404,1743
2019,5,201905,경기,고양시,340142,347698,11261,13433
2019,5,201905,경기,과천시,18148,18951,626,757
2019,5,201905,경기,광명시,88059,89889,3578,4152
2019,5,201905,경기,광주시,143663,144646,6088,9117
2019,5,201905,경기,구리시,58570,59728,2224,2573
2019,5,201905,경기,군포시,83008,83891,2888,3133
2019,5,201905,경기,김포시,163576,165452,6187,7853
2019,5,201905,경기,남양주시,224701,226754,9588,10712
2019,5,201905,경기,동두천시,29454,30234,1603,1728
2019,5,201905,경기,부천시,244505,250963,10928,12432
2019,5,201905,경기,성남시,288876,296207,9074,11064
2019,5,201905,경기,수원시,424802,433055,15476,18465
2019,5,201905,경기,시흥시,176917,178919,7526,8009
2019,5,201905,경기,안산시,230917,235752,11626,13866
2019,5,201905,경기,안성시,74693,75574,3596,4142
2019,5,201905,경기,안양시,173703,177650,6241,8021
2019,5,201905,경기,양주시,77462,78321,4094,4716
2019,5,201905,경기,양평군,43793,44299,2022,2826
2019,5,201905,경기,여주시,44335,44981,2302,3089
2019,5,201905,경기,연천군,15921,16179,950,1137
2019,5,201905,경기,오산시,83408,84623,3381,3923
2019,5,201905,경기,용인시,389061,395808,11873,14298
2019,5,201905,경기,의왕시,51530,52307,1704,1949
2019,5,201905,경기,의정부시,127899,130089,5865,6549
2019,5,201905,경기,이천시,84969,86011,3926,4513
2019,5,201905,경기,파주시,166036,168134,6426,9204
2019,5,201905,경기,평택시,209993,213704,8732,10450
2019,5,201905,경기,포천시,58600,64956,3465,4355
2019,5,201905,경기,하남시,88524,89198,2850,3251
2019,5,201905,경기,화성시,331223,334414,11702,14065
2019,5,201905,경남,거제시,87664,88875,3389,4035
2019,5,201905,경남,거창군,21176,21474,959,1186
2019,5,201905,경남,고성군,17937,18271,923,1075
2019,5,201905,경남,김해시,212831,215478,7656,8426
2019,5,201905,경남,남해군,12483,12759,614,802
2019,5,201905,경남,밀양시,38532,39114,1660,1978
2019,5,201905,경남,사천시,42129,42908,1717,2033
2019,5,201905,경남,산청군,11919,12143,574,685
2019,5,201905,경남,양산시,130360,131495,5045,6059
2019,5,201905,경남,의령군,9133,9265,435,541
2019,5,201905,경남,진주시,126733,129783,4234,5575
2019,5,201905,경남,창녕군,23418,23938,1201,1383
2019,5,201905,경남,창원시,453632,477986,12868,15756
2019,5,201905,경남,통영시,40850,41756,2126,2452
2019,5,201905,경남,하동군,15495,15670,700,796
2019,5,201905,경남,함안군,29149,40144,1244,1713
2019,5,201905,경남,함양군,11940,12205,570,700
2019,5,201905,경남,합천군,14154,14338,676,806
2019,5,201905,경북,경산시,104952,106211,3656,4127
2019,5,201905,경북,경주시,106399,108498,4427,5134
2019,5,201905,경북,고령군,13284,13381,722,796
2019,5,201905,경북,구미시,173116,175947,6486,7403
2019,5,201905,경북,군위군,8826,8910,431,487
2019,5,201905,경북,김천시,52271,53046,2303,2633
2019,5,201905,경북,문경시,24084,24555,1353,1547
2019,5,201905,경북,봉화군,10128,10294,500,582
2019,5,201905,경북,상주시,33272,33853,1735,2101
2019,5,201905,경북,성주군,18016,18364,884,977
2019,5,201905,경북,안동시,58098,59233,2399,2899
2019,5,201905,경북,영덕군,11942,12139,639,741
2019,5,201905,경북,영양군,5412,5497,295,353
2019,5,201905,경북,영주시,37789,38431,1846,2077
2019,5,201905,경북,영천시,39626,40185,1906,2221
2019,5,201905,경북,예천군,19017,19290,783,899
2019,5,201905,경북,울릉군,3596,3973,248,452
2019,5,201905,경북,울진군,18147,18424,742,885
2019,5,201905,경북,의성군,17134,17309,932,1091
2019,5,201905,경북,청도군,15958,16138,705,786
2019,5,201905,경북,청송군,8968,9075,462,568
2019,5,201905,경북,칠곡군,52545,52980,2225,2764
2019,5,201905,경북,포항시,208947,213181,6958,8312
2019,5,201905,광주,광산구,154374,158160,5259,5820
2019,5,201905,광주,남구,75645,76907,2408,2819
2019,5,201905,광주,동구,31538,32257,1148,1381
2019,5,201905,광주,북구,155077,160695,4960,6161
2019,5,201905,광주,서구,120077,125457,3935,4680
2019,5,201905,대구,남구,46500,47696,1756,2023
2019,5,201905,대구,달서구,224075,229902,6135,7016
2019,5,201905,대구,달성군,103940,105682,3321,3959
2019,5,201905,대구,동구,126623,132400,4140,4995
2019,5,201905,대구,북구,160088,163122,4751,5549
2019,5,201905,대구,서구,57034,59479,2241,2591
2019,5,201905,대구,수성구,190506,193975,3995,4883
2019,5,201905,대구,중구,48876,49763,1145,1550
2019,5,201905,대전,대덕구,67421,69593,2895,3457
2019,5,201905,대전,동구,71816,74262,3136,3526
2019,5,201905,대전,서구,176145,181126,5523,6130
2019,5,201905,대전,유성구,149181,151606,4046,4509
2019,5,201905,대전,중구,79834,82902,3405,4112
2019,5,201905,부산,강서구,53897,55251,1893,2177
2019,5,201905,부산,금정구,67823,71287,2748,3512
2019,5,201905,부산,기장군,58952,59788,2424,2986
2019,5,201905,부산,남구,78592,80749,2731,3224
2019,5,201905,부산,동구,39956,41140,1085,1362
2019,5,201905,부산,동래구,75499,77326,2605,3303
2019,5,201905,부산,부산진구,101194,112285,3638,4225
2019,5,201905,부산,북구,84090,85614,2925,3289
2019,5,201905,부산,사상구,65805,69044,2800,3217
2019,5,201905,부산,사하구,90429,95006,3524,3969
2019,5,201905,부산,서구,23424,23859,1135,1195
2019,5,201905,부산,수영구,59212,81423,1782,2370
2019,5,201905,부산,연제구,76443,81523,2098,3146
2019,5,201905,부산,영도구,25812,27305,1232,1583
2019,5,201905,부산,중구,21366,21644,571,675
2019,5,201905,부산,해운대구,144692,154198,4090,4422
2019,5,201905,서울,강남구,195656,211447,5223,6079
2019,5,201905,서울,강동구,108721,114621,4110,4706
2019,5,201905,서울,강북구,60650,63357,3122,3924
2019,5,201905,서울,강서구,161080,174134,6100,7646
2019,5,201905,서울,관악구,99922,103146,4389,4716
2019,5,201905,서울,광진구,80021,83472,3038,3415
2019,5,201905,서울,구로구,109140,119758,5526,6266
2019,5,201905,서울,금천구,66357,69388,3840,4352
2019,5,201905,서울,노원구,127369,133458,4708,5639
2019,5,201905,서울,도봉구,76768,82019,3349,3872
2019,5,201905,서울,동대문구,77915,81011,3603,3804
2019,5,201905,서울,동작구,92255,93590,3150,3334
2019,5,201905,서울,마포구,96844,100997,3466,4255
2019,5,201905,서울,서대문구,71680,75297,2841,3392
2019,5,201905,서울,서초구,151442,159199,4119,5063
2019,5,201905,서울,성동구,82403,89466,2823,4558
2019,5,201905,서울,성북구,98793,101470,3974,5176
2019,5,201905,서울,송파구,199852,206483,5494,7208
2019,5,201905,서울,양천구,123974,128748,4283,5125
2019,5,201905,서울,영등포구,112723,116913,4986,5252
2019,5,201905,서울,용산구,66335,67411,2352,2499
2019,5,201905,서울,은평구,107164,111487,4413,5239
2019,5,201905,서울,종로구,38683,40812,1922,4009
2019,5,201905,서울,중구,38119,41037,2335,3383
2019,5,201905,서울,중랑구,86729,92828,4202,4801
2019,5,201905,세종,세종시,133275,134215,3793,4349
2019,5,201905,울산,남구,131304,134659,3427,4168
2019,5,201905,울산,동구,55593,56201,1542,1723
2019,5,201905,울산,북구,92452,94364,2387,2674
2019,5,201905,울산,울주군,96022,97399,3180,4031
2019,5,201905,울산,중구,87583,88972,2333,2701
2019,5,201905,인천,강화군,23091,65966,1306,2925
2019,5,201905,인천,계양구,94473,264977,4297,8922
2019,5,201905,인천,남동구,214870,252867,7013,8862
2019,5,201905,인천,동구,20503,21648,1105,1232
2019,5,201905,인천,미추홀구,126956,132062,5483,6425
2019,5,201905,인천,부평구,182801,190936,6661,7747
2019,5,201905,인천,서구,192886,197344,7665,9048
2019,5,201905,인천,연수구,155809,160505,3630,4518
2019,5,201905,인천,옹진군,7628,7763,542,649
2019,5,201905,인천,중구,48392,55156,2013,3191
2019,5,201905,전남,강진군,11104,11367,605,759
2019,5,201905,전남,고흥군,17883,18161,1144,1342
2019,5,201905,전남,곡성군,9120,9406,503,610
2019,5,201905,전남,광양시,62648,63401,2488,2822
2019,5,201905,전남,구례군,8466,8850,483,572
2019,5,201905,전남,나주시,43633,44924,2088,2608
2019,5,201905,전남,담양군,17110,17449,886,1194
2019,5,201905,전남,목포시,76859,79512,3479,4074
2019,5,201905,전남,무안군,29093,29439,1495,1731
2019,5,201905,전남,보성군,12744,68676,779,2951
2019,5,201905,전남,순천시,105704,107609,3864,4710
2019,5,201905,전남,신안군,11373,11719,667,834
2019,5,201905,전남,여수시,100724,103168,4044,4884
2019,5,201905,전남,영광군,17946,18175,872,991
2019,5,201905,전남,영암군,20226,32071,1253,1592
2019,5,201905,전남,완도군,14398,14674,821,989
2019,5,201905,전남,장성군,17079,17329,881,1035
2019,5,201905,전남,장흥군,12141,12300,676,779
2019,5,201905,전남,진도군,9647,9803,576,673
2019,5,201905,전남,함평군,10807,29514,579,1254
2019,5,201905,전남,해남군,21924,22274,1623,1796
2019,5,201905,전남,화순군,22249,22544,1102,2379
2019,5,201905,전북,고창군,18188,18474,1289,1437
2019,5,201905,전북,군산시,103796,106637,3888,4523
2019,5,201905,전북,김제시,29677,30620,1620,1854
2019,5,201905,전북,남원시,25788,30584,1397,1836
2019,5,201905,전북,무주군,7713,7838,510,585
2019,5,201905,전북,부안군,17470,17740,942,1147
2019,5,201905,전북,순창군,8893,9015,481,561
2019,5,201905,전북,완주군,36432,36917,1761,2358
2019,5,201905,전북,익산시,104957,107515,4954,5619
2019,5,201905,전북,임실군,9005,9124,469,589
2019,5,201905,전북,장수군,7041,7141,406,474
2019,5,201905,전북,전주시,262855,269137,8276,10083
2019,5,201905,전북,정읍시,36349,39110,1890,2210
2019,5,201905,전북,진안군,8451,8583,475,596
2019,5,201905,제주,서귀포시,70687,72213,3475,3771
2019,5,201905,제주,제주시,210223,395934,8555,16379
2019,5,201905,충남,계룡시,18560,18680,725,887
2019,5,201905,충남,공주시,37997,39285,1932,2410
2019,5,201905,충남,금산군,18132,19310,1235,1584
2019,5,201905,충남,논산시,41740,42737,2411,2920
2019,5,201905,충남,당진시,70619,71249,2772,3151
2019,5,201905,충남,보령시,36477,37035,1675,1917
2019,5,201905,충남,부여군,21240,21838,1309,1736
2019,5,201905,충남,서산시,69081,70166,2938,3479
2019,5,201905,충남,서천군,18270,18509,852,1000
2019,5,201905,충남,아산시,130237,132684,5686,6428
2019,5,201905,충남,예산군,29165,29611,1532,1942
2019,5,201905,충남,천안시,259931,264506,9969,11678
2019,5,201905,충남,청양군,10093,10239,557,669
2019,5,201905,충남,태안군,21903,22170,1168,1299
2019,5,201905,충남,홍성군,36963,37470,1661,1976
2019,5,201905,충북,괴산군,13460,13612,814,909
2019,5,201905,충북,단양군,10124,10307,587,690
2019,5,201905,충북,보은군,10889,11083,671,807
2019,5,201905,충북,영동군,15693,15903,816,959
2019,5,201905,충북,옥천군,17584,18041,920,1061
2019,5,201905,충북,음성군,41023,41372,2355,2602
2019,5,201905,충북,제천시,49375,50284,2156,2407
2019,5,201905,충북,증평군,14664,14842,674,734
2019,5,201905,충북,진천군,35348,35676,1643,1815
2019,5,201905,충북,청주시,328812,338738,11976,14843
2019,5,201905,충북,충주시,81352,84224,3529,4074
2019,6,201906,강원,강릉시,82427,84957,3104,3814
2019,6,201906,강원,고성군,9709,9849,527,612
2019,6,201906,강원,동해시,34874,35667,1550,1745
2019,6,201906,강원,삼척시,24052,24585,968,1176
2019,6,201906,강원,속초시,29055,30071,1373,1612
2019,6,201906,강원,양구군,8311,8402,378,451
2019,6,201906,강원,양양군,10578,10739,501,552
2019,6,201906,강원,영월군,13720,13972,806,954
2019,6,201906,강원,원주시,132592,135809,5112,5911
2019,6,201906,강원,인제군,12207,12420,585,679
2019,6,201906,강원,정선군,13307,13634,727,871
2019,6,201906,강원,철원군,15808,15995,917,1006
2019,6,201906,강원,춘천시,104244,106832,3916,4811
2019,6,201906,강원,태백시,15737,16233,814,1042
2019,6,201906,강원,평창군,15972,16313,876,1007
2019,6,201906,강원,홍천군,24783,25127,1443,1859
2019,6,201906,강원,화천군,8971,9088,396,517
2019,6,201906,강원,횡성군,16465,16899,918,1048
2019,6,201906,경기,가평군,22020,22355,1397,1731
2019,6,201906,경기,고양시,341284,348783,11223,13403
2019,6,201906,경기,과천시,18170,18967,627,757
2019,6,201906,경기,광명시,88015,89846,3579,4167
2019,6,201906,경기,광주시,143899,144886,6070,9092
2019,6,201906,경기,구리시,58547,59732,2205,2562
2019,6,201906,경기,군포시,83094,83983,2882,3125
2019,6,201906,경기,김포시,164473,166341,6165,7901
2019,6,201906,경기,남양주시,225726,227780,9542,10671
2019,6,201906,경기,동두천시,29466,30240,1610,1736
2019,6,201906,경기,부천시,245121,251497,10882,12358
2019,6,201906,경기,성남시,289021,296388,9043,11051
2019,6,201906,경기,수원시,426423,434710,15431,18428
2019,6,201906,경기,시흥시,178196,180203,7548,8036
2019,6,201906,경기,안산시,231621,236429,11548,13776
2019,6,201906,경기,안성시,75117,75997,3605,4151
2019,6,201906,경기,안양시,173858,177802,6197,7978
2019,6,201906,경기,양주시,77783,78646,4124,4751
2019,6,201906,경기,양평군,43915,44423,2006,2816
2019,6,201906,경기,여주시,44429,45074,2288,3073
2019,6,201906,경기,연천군,15953,16211,944,1130
2019,6,201906,경기,오산시,83782,84987,3382,3924
2019,6,201906,경기,용인시,391178,397877,11843,14278
2019,6,201906,경기,의왕시,51940,52718,1707,1960
2019,6,201906,경기,의정부시,128331,130539,5847,6542
2019,6,201906,경기,이천시,85213,86256,3917,4499
2019,6,201906,경기,파주시,166522,168592,6422,9185
2019,6,201906,경기,평택시,210817,214500,8748,10498
2019,6,201906,경기,포천시,58873,65079,3449,4345
2019,6,201906,경기,하남시,89117,89792,2870,3274
2019,6,201906,경기,화성시,333813,336910,11666,14056
2019,6,201906,경남,거제시,87867,89089,3381,4021
2019,6,201906,경남,거창군,21224,21522,958,1187
2019,6,201906,경남,고성군,17942,18271,923,1077
2019,6,201906,경남,김해시,213671,216317,7655,8429
2019,6,201906,경남,남해군,12518,12787,611,798
2019,6,201906,경남,밀양시,38566,39150,1654,1974
2019,6,201906,경남,사천시,42228,42995,1711,2019
2019,6,201906,경남,산청군,11935,12166,577,687
2019,6,201906,경남,양산시,130534,131662,5019,6028
2019,6,201906,경남,의령군,9159,9292,437,541
2019,6,201906,경남,진주시,127001,130062,4216,5551
2019,6,201906,경남,창녕군,23397,23914,1197,1378
2019,6,201906,경남,창원시,454152,479251,12815,15734
2019,6,201906,경남,통영시,40877,41775,2125,2454
2019,6,201906,경남,하동군,15527,15702,702,792
2019,6,201906,경남,함안군,29114,40192,1243,1715
2019,6,201906,경남,함양군,12016,12279,571,702
2019,6,201906,경남,합천군,14174,14358,680,810
2019,6,201906,경북,경산시,105390,106639,3630,4104
2019,6,201906,경북,경주시,106600,108672,4401,5109
2019,6,201906,경북,고령군,13282,13377,710,783
2019,6,201906,경북,구미시,173533,176372,6490,7419
2019,6,201906,경북,군위군,8815,8899,431,487
2019,6,201906,경북,김천시,52260,53036,2288,2617
2019,6,201906,경북,문경시,24275,24740,1352,1537
2019,6,201906,경북,봉화군,10133,10302,502,584
2019,6,201906,경북,상주시,33313,33891,1733,2078
2019,6,201906,경북,성주군,18018,18362,883,976
2019,6,201906,경북,안동시,58132,59263,2398,2903
2019,6,201906,경북,영덕군,11969,12165,639,743
2019,6,201906,경북,영양군,5424,5509,296,354
2019,6,201906,경북,영주시,37761,38419,1835,2066
2019,6,201906,경북,영천시,39732,40290,1919,2233
2019,6,201906,경북,예천군,19101,19378,784,910
2019,6,201906,경북,울릉군,3619,4005,248,453
2019,6,201906,경북,울진군,18171,18448,738,879
2019,6,201906,경북,의성군,17178,17354,934,1094
2019,6,201906,경북,청도군,16001,16179,702,783
2019,6,201906,경북,청송군,8997,9102,465,570
2019,6,201906,경북,칠곡군,52506,52942,2223,2760
2019,6,201906,경북,포항시,209268,213473,6940,8291
2019,6,201906,광주,광산구,154762,158499,5231,5781
2019,6,201906,광주,남구,75846,77104,2394,2799
2019,6,201906,광주,동구,31870,32575,1148,1374
2019,6,201906,광주,북구,155158,160776,4953,6152
2019,6,201906,광주,서구,120088,125535,3938,4687
2019,6,201906,대구,남구,46401,47594,1731,1999
2019,6,201906,대구,달서구,224461,230282,6123,7007
2019,6,201906,대구,달성군,104113,105856,3328,3965
2019,6,201906,대구,동구,126730,132509,4094,4938
2019,6,201906,대구,북구,160758,163800,4735,5526
2019,6,201906,대구,서구,56754,59181,2236,2577
2019,6,201906,대구,수성구,190863,194324,3969,4868
2019,6,201906,대구,중구,49029,49921,1141,1545
2019,6,201906,대전,대덕구,67233,69363,2869,3429
2019,6,201906,대전,동구,71808,74236,3129,3524
2019,6,201906,대전,서구,176222,181156,5499,6096
2019,6,201906,대전,유성구,149459,151952,4014,4476
2019,6,201906,대전,중구,79951,83060,3391,4097
2019,6,201906,부산,강서구,54054,55311,1903,2183
2019,6,201906,부산,금정구,67872,71271,2742,3503
2019,6,201906,부산,기장군,59024,59865,2417,2977
2019,6,201906,부산,남구,78662,80784,2721,3216
2019,6,201906,부산,동구,40046,41262,1079,1358
2019,6,201906,부산,동래구,75664,77569,2586,3280
2019,6,201906,부산,부산진구,101364,112540,3633,4219
2019,6,201906,부산,북구,84018,85604,2905,3271
2019,6,201906,부산,사상구,65758,69000,2801,3216
2019,6,201906,부산,사하구,90441,94972,3513,3955
2019,6,201906,부산,서구,23398,23836,1128,1188
2019,6,201906,부산,수영구,59363,82081,1785,2375
2019,6,201906,부산,연제구,76528,81689,2098,3195
2019,6,201906,부산,영도구,25833,27329,1230,1577
2019,6,201906,부산,중구,21644,21924,579,685
2019,6,201906,부산,해운대구,144875,154819,4064,4394
2019,6,201906,서울,강남구,195280,211208,5200,6097
2019,6,201906,서울,강동구,108726,114639,4063,4660
2019,6,201906,서울,강북구,60546,63268,3101,3903
2019,6,201906,서울,강서구,161117,174243,6071,7620
2019,6,201906,서울,관악구,99812,103107,4357,4691
2019,6,201906,서울,광진구,80020,83458,3014,3422
2019,6,201906,서울,구로구,109149,119739,5488,6241
2019,6,201906,서울,금천구,66395,69423,3817,4325
2019,6,201906,서울,노원구,127251,133317,4673,5602
2019,6,201906,서울,도봉구,76707,81826,3327,3813
2019,6,201906,서울,동대문구,78019,81061,3585,3773
2019,6,201906,서울,동작구,92286,93539,3115,3298
2019,6,201906,서울,마포구,96888,101062,3436,4218
2019,6,201906,서울,서대문구,71677,75340,2816,3370
2019,6,201906,서울,서초구,151413,159219,4082,5030
2019,6,201906,서울,성동구,82517,89639,2809,5155
2019,6,201906,서울,성북구,99012,101670,3956,5158
2019,6,201906,서울,송파구,199662,206264,5454,7164
2019,6,201906,서울,양천구,123907,128735,4270,5112
2019,6,201906,서울,영등포구,112306,116460,4954,5220
2019,6,201906,서울,용산구,66251,67384,2345,2491
2019,6,201906,서울,은평구,107145,111478,4370,5193
2019,6,201906,서울,종로구,38703,40831,1901,3989
2019,6,201906,서울,중구,38089,41011,2341,3380
2019,6,201906,서울,중랑구,86628,92743,4180,4780
2019,6,201906,세종,세종시,134389,135302,3801,4356
2019,6,201906,울산,남구,131168,134515,3418,4177
2019,6,201906,울산,동구,55503,56112,1533,1717
2019,6,201906,울산,북구,93163,95058,2391,2682
2019,6,201906,울산,울주군,96306,97679,3169,4016
2019,6,201906,울산,중구,87588,88978,2307,2656
2019,6,201906,인천,강화군,23162,67340,1288,3625
2019,6,201906,인천,계양구,94397,268509,4296,8513
2019,6,201906,인천,남동구,214796,252776,6974,8837
2019,6,201906,인천,동구,20523,21728,1102,1230
2019,6,201906,인천,미추홀구,127508,131916,5432,5797
2019,6,201906,인천,부평구,182963,191321,6602,7694
2019,6,201906,인천,서구,193602,198082,7586,8954
2019,6,201906,인천,연수구,156512,161275,3640,4534
2019,6,201906,인천,옹진군,7592,7724,549,656
2019,6,201906,인천,중구,48814,55648,2011,3162
2019,6,201906,전남,강진군,11115,11377,602,757
2019,6,201906,전남,고흥군,17918,18196,1138,1336
2019,6,201906,전남,곡성군,9136,9417,501,608
2019,6,201906,전남,광양시,62722,63483,2485,2819
2019,6,201906,전남,구례군,8455,8834,481,573
2019,6,201906,전남,나주시,43654,44943,2087,2607
2019,6,201906,전남,담양군,17088,17426,881,1188
2019,6,201906,전남,목포시,77085,79737,3480,4075
2019,6,201906,전남,무안군,29134,29480,1481,1719
2019,6,201906,전남,보성군,12772,67484,785,2897
2019,6,201906,전남,순천시,106270,108160,3854,4738
2019,6,201906,전남,신안군,11391,11738,656,829
2019,6,201906,전남,여수시,100840,103297,4039,4878
2019,6,201906,전남,영광군,18025,18254,884,1004
2019,6,201906,전남,영암군,20280,31987,1252,1586
2019,6,201906,전남,완도군,14402,14678,827,994
2019,6,201906,전남,장성군,17231,17481,877,1032
2019,6,201906,전남,장흥군,12189,12348,675,779
2019,6,201906,전남,진도군,9665,9821,577,674
2019,6,201906,전남,함평군,10785,31528,580,1284
2019,6,201906,전남,해남군,21970,22319,1625,1799
2019,6,201906,전남,화순군,22234,22538,1104,2376
2019,6,201906,전북,고창군,18177,18469,1289,1440
2019,6,201906,전북,군산시,104067,106887,3874,4507
2019,6,201906,전북,김제시,29736,30675,1621,1857
2019,6,201906,전북,남원시,25826,30657,1386,1827
2019,6,201906,전북,무주군,7712,7836,507,580
2019,6,201906,전북,부안군,17508,17779,939,1142
2019,6,201906,전북,순창군,8934,9056,486,559
2019,6,201906,전북,완주군,36493,36976,1767,2363
2019,6,201906,전북,익산시,105051,107595,4936,5598
2019,6,201906,전북,임실군,9006,9125,471,593
2019,6,201906,전북,장수군,7060,7159,400,471
2019,6,201906,전북,전주시,263684,269951,8234,10049
2019,6,201906,전북,정읍시,36416,39149,1890,2210
2019,6,201906,전북,진안군,8475,8613,466,587
2019,6,201906,제주,서귀포시,70958,72489,3467,3769
2019,6,201906,제주,제주시,210582,400040,8501,16333
2019,6,201906,충남,계룡시,18579,18696,719,880
2019,6,201906,충남,공주시,38063,39325,1940,2423
2019,6,201906,충남,금산군,18161,19345,1232,1585
2019,6,201906,충남,논산시,41756,42759,2400,2909
2019,6,201906,충남,당진시,70710,71337,2766,3148
2019,6,201906,충남,보령시,36549,37110,1676,1917
2019,6,201906,충남,부여군,21276,21874,1302,1721
2019,6,201906,충남,서산시,69242,70323,2943,3486
2019,6,201906,충남,서천군,18255,18495,852,1002
2019,6,201906,충남,아산시,130620,133014,5679,6415
2019,6,201906,충남,예산군,29261,29710,1547,1961
2019,6,201906,충남,천안시,260720,265283,9934,11646
2019,6,201906,충남,청양군,10112,10258,554,666
2019,6,201906,충남,태안군,21969,22236,1169,1299
2019,6,201906,충남,홍성군,37052,37556,1651,1965
2019,6,201906,충북,괴산군,13496,13644,810,908
2019,6,201906,충북,단양군,10166,10351,588,689
2019,6,201906,충북,보은군,10892,11086,665,805
2019,6,201906,충북,영동군,15709,15919,816,963
2019,6,201906,충북,옥천군,17618,18067,916,1058
2019,6,201906,충북,음성군,41041,41390,2344,2591
2019,6,201906,충북,제천시,49445,50354,2143,2391
2019,6,201906,충북,증평군,14756,14931,679,738
2019,6,201906,충북,진천군,35519,35840,1641,1813
2019,6,201906,충북,청주시,329671,339626,11945,14801
2019,6,201906,충북,충주시,81564,84512,3524,4070
2019,7,201907,강원,강릉시,82576,85120,3085,3788
2019,7,201907,강원,고성군,9687,9824,523,605
2019,7,201907,강원,동해시,34954,35734,1541,1731
2019,7,201907,강원,삼척시,24177,24711,968,1168
2019,7,201907,강원,속초시,29171,30182,1367,1603
2019,7,201907,강원,양구군,8317,8407,383,457
2019,7,201907,강원,양양군,10621,10783,502,553
2019,7,201907,강원,영월군,13740,14000,814,962
2019,7,201907,강원,원주시,133217,136414,5105,5895
2019,7,201907,강원,인제군,12193,12407,581,675
2019,7,201907,강원,정선군,13354,13681,729,870
2019,7,201907,강원,철원군,15894,16080,915,1004
2019,7,201907,강원,춘천시,104586,107179,3910,4826
2019,7,201907,강원,태백시,15749,16250,800,1027
2019,7,201907,강원,평창군,15986,16390,880,1008
2019,7,201907,강원,홍천군,24795,25136,1442,1858
2019,7,201907,강원,화천군,8992,9108,396,517
2019,7,201907,강원,횡성군,16534,16972,926,1053
2019,7,201907,경기,가평군,22046,22379,1387,1700
2019,7,201907,경기,고양시,343176,350607,11205,13390
2019,7,201907,경기,과천시,18211,19012,628,758
2019,7,201907,경기,광명시,88150,89968,3577,4174
2019,7,201907,경기,광주시,144428,145425,6048,9046
2019,7,201907,경기,구리시,58644,59836,2205,2561
2019,7,201907,경기,군포시,83166,84053,2887,3127
2019,7,201907,경기,김포시,165234,167152,6136,7876
2019,7,201907,경기,남양주시,227134,229156,9537,10670
2019,7,201907,경기,동두천시,29512,30286,1607,1733
2019,7,201907,경기,부천시,245717,252128,10771,12245
2019,7,201907,경기,성남시,289081,296428,9001,11022
2019,7,201907,경기,수원시,427491,435874,15302,18306
2019,7,201907,경기,시흥시,179167,181147,7532,8006
2019,7,201907,경기,안산시,232578,237411,11459,13678
2019,7,201907,경기,안성시,75847,76727,3610,4151
2019,7,201907,경기,안양시,174108,177969,6181,7938
2019,7,201907,경기,양주시,78109,78974,4136,4760
2019,7,201907,경기,양평군,43986,44494,1994,2805
2019,7,201907,경기,여주시,44599,45249,2290,3060
2019,7,201907,경기,연천군,15970,16229,940,1127
2019,7,201907,경기,오산시,84070,85337,3383,3927
2019,7,201907,경기,용인시,392783,397560,11875,14194
2019,7,201907,경기,의왕시,52402,53242,1687,1938
2019,7,201907,경기,의정부시,128843,131052,5830,6517
2019,7,201907,경기,이천시,85600,86643,3921,4510
2019,7,201907,경기,파주시,167118,169168,6395,9136
2019,7,201907,경기,평택시,212411,216104,8740,10496
2019,7,201907,경기,포천시,59030,65040,3441,4341
2019,7,201907,경기,하남시,89916,90592,2876,3277
2019,7,201907,경기,화성시,336647,339704,11718,14135
2019,7,201907,경남,거제시,88075,89296,3365,4002
2019,7,201907,경남,거창군,21256,21554,959,1188
2019,7,201907,경남,고성군,17893,18230,917,1069
2019,7,201907,경남,김해시,214327,217035,7638,8411
2019,7,201907,경남,남해군,12531,12804,606,794
2019,7,201907,경남,밀양시,38648,39238,1652,1973
2019,7,201907,경남,사천시,42251,43020,1717,2019
2019,7,201907,경남,산청군,11951,12180,579,688
2019,7,201907,경남,양산시,130769,131901,5020,6028
2019,7,201907,경남,의령군,9170,9301,436,539
2019,7,201907,경남,진주시,127460,130514,4199,5528
2019,7,201907,경남,창녕군,23422,23942,1198,1380
2019,7,201907,경남,창원시,455160,480948,12776,15705
2019,7,201907,경남,통영시,40928,41828,2138,2464
2019,7,201907,경남,하동군,15530,15704,698,794
2019,7,201907,경남,함안군,29106,40301,1237,1707
2019,7,201907,경남,함양군,12050,12312,573,706
2019,7,201907,경남,합천군,14211,14396,676,806
2019,7,201907,경북,경산시,105699,106956,3625,4102
2019,7,201907,경북,경주시,106630,108682,4402,5108
2019,7,201907,경북,고령군,13329,13427,709,781
2019,7,201907,경북,구미시,173926,176744,6444,7367
2019,7,201907,경북,군위군,8840,8924,441,497
2019,7,201907,경북,김천시,52353,53125,2296,2623
2019,7,201907,경북,문경시,24290,24754,1348,1536
2019,7,201907,경북,봉화군,10174,10343,496,577
2019,7,201907,경북,상주시,33381,33956,1736,2073
2019,7,201907,경북,성주군,18007,18345,883,978
2019,7,201907,경북,안동시,58220,59339,2387,2885
2019,7,201907,경북,영덕군,12028,12220,644,747
2019,7,201907,경북,영양군,5436,5521,294,352
2019,7,201907,경북,영주시,37832,38480,1830,2061
2019,7,201907,경북,영천시,39803,40360,1902,2215
2019,7,201907,경북,예천군,19137,19415,799,927
2019,7,201907,경북,울릉군,3624,4009,247,453
2019,7,201907,경북,울진군,18234,18503,732,872
2019,7,201907,경북,의성군,17247,17429,932,1093
2019,7,201907,경북,청도군,15997,16175,703,786
2019,7,201907,경북,청송군,9008,9113,470,575
2019,7,201907,경북,칠곡군,52545,52979,2232,2753
2019,7,201907,경북,포항시,209716,213917,6933,8288
2019,7,201907,광주,광산구,155124,158953,5231,5784
2019,7,201907,광주,남구,76082,77338,2392,2797
2019,7,201907,광주,동구,32580,33295,1147,1376
2019,7,201907,광주,북구,155342,160908,4932,6135
2019,7,201907,광주,서구,120248,125481,3903,4645
2019,7,201907,대구,남구,46340,47548,1732,1990
2019,7,201907,대구,달서구,225343,231187,6117,7005
2019,7,201907,대구,달성군,104518,106283,3324,3969
2019,7,201907,대구,동구,126772,132627,4046,4898
2019,7,201907,대구,북구,161103,164138,4723,5512
2019,7,201907,대구,서구,56571,58920,2205,2546
2019,7,201907,대구,수성구,190899,194372,3970,4872
2019,7,201907,대구,중구,48902,49783,1141,1539
2019,7,201907,대전,대덕구,67358,69420,2850,3410
2019,7,201907,대전,동구,71839,74275,3138,3534
2019,7,201907,대전,서구,176563,181513,5486,6087
2019,7,201907,대전,유성구,149425,152067,3969,4432
2019,7,201907,대전,중구,80033,83150,3373,4060
2019,7,201907,부산,강서구,54180,55433,1904,2183
2019,7,201907,부산,금정구,67976,71358,2729,3484
2019,7,201907,부산,기장군,59080,59926,2407,2967
2019,7,201907,부산,남구,78761,80863,2716,3204
2019,7,201907,부산,동구,40142,41350,1076,1355
2019,7,201907,부산,동래구,75929,77733,2563,3256
2019,7,201907,부산,부산진구,101552,112797,3618,4181
2019,7,201907,부산,북구,84026,85604,2894,3258
2019,7,201907,부산,사상구,65787,69015,2785,3196
2019,7,201907,부산,사하구,90528,95080,3488,3898
2019,7,201907,부산,서구,23408,23847,1120,1177
2019,7,201907,부산,수영구,59475,82768,1780,2439
2019,7,201907,부산,연제구,76565,81902,2064,3147
2019,7,201907,부산,영도구,25833,27329,1228,1573
2019,7,201907,부산,중구,21801,22086,580,685
2019,7,201907,부산,해운대구,145021,153964,4037,4366
2019,7,201907,서울,강남구,195398,211202,5156,6043
2019,7,201907,서울,강동구,109250,115171,4050,4646
2019,7,201907,서울,강북구,60589,63203,3092,3880
2019,7,201907,서울,강서구,161200,174296,5995,7551
2019,7,201907,서울,관악구,99886,103182,4322,4651
2019,7,201907,서울,광진구,79977,83510,2977,3391
2019,7,201907,서울,구로구,109244,119793,5468,6212
2019,7,201907,서울,금천구,66519,69596,3786,4293
2019,7,201907,서울,노원구,127198,133467,4638,5585
2019,7,201907,서울,도봉구,76745,81866,3310,3797
2019,7,201907,서울,동대문구,78094,81113,3568,3754
2019,7,201907,서울,동작구,92366,93622,3099,3281
2019,7,201907,서울,마포구,96822,101064,3407,4202
2019,7,201907,서울,서대문구,71566,75239,2799,3352
2019,7,201907,서울,서초구,151725,159491,4019,4951
2019,7,201907,서울,성동구,82491,89612,2769,5117
2019,7,201907,서울,성북구,99362,102003,3927,5135
2019,7,201907,서울,송파구,199476,206086,5404,7115
2019,7,201907,서울,양천구,124017,128848,4256,5105
2019,7,201907,서울,영등포구,112337,117031,4938,5191
2019,7,201907,서울,용산구,66116,67274,2332,2477
2019,7,201907,서울,은평구,107130,111448,4338,5160
2019,7,201907,서울,종로구,38717,40852,1897,3991
2019,7,201907,서울,중구,38166,41000,2317,3322
2019,7,201907,서울,중랑구,86546,92574,4151,4730
2019,7,201907,세종,세종시,135758,136672,3808,4377
2019,7,201907,울산,남구,131129,134405,3402,4159
2019,7,201907,울산,동구,55554,56163,1530,1714
2019,7,201907,울산,북구,93695,95564,2404,2699
2019,7,201907,울산,울주군,96715,98180,3151,4006
2019,7,201907,울산,중구,87520,88914,2308,2655
2019,7,201907,인천,강화군,23248,69825,1284,3786
2019,7,201907,인천,계양구,94265,271109,4264,8465
2019,7,201907,인천,남동구,214790,253028,6937,8792
2019,7,201907,인천,동구,20561,21830,1127,1250
2019,7,201907,인천,미추홀구,127984,132251,5392,5759
2019,7,201907,인천,부평구,182727,191476,6524,7622
2019,7,201907,인천,서구,194242,198737,7540,8910
2019,7,201907,인천,연수구,157282,162024,3645,4538
2019,7,201907,인천,옹진군,7601,7733,555,662
2019,7,201907,인천,중구,49247,56180,2004,3176
2019,7,201907,전남,강진군,11124,11385,599,767
2019,7,201907,전남,고흥군,17943,18220,1139,1337
2019,7,201907,전남,곡성군,9134,9413,500,607
2019,7,201907,전남,광양시,62955,63713,2493,2830
2019,7,201907,전남,구례군,8453,8841,476,568
2019,7,201907,전남,나주시,43706,44985,2094,2616
2019,7,201907,전남,담양군,17119,17456,873,1182
2019,7,201907,전남,목포시,77200,79869,3479,4077
2019,7,201907,전남,무안군,29206,29548,1480,1717
2019,7,201907,전남,보성군,12800,65934,778,2796
2019,7,201907,전남,순천시,106785,108670,3853,4722
2019,7,201907,전남,신안군,11437,11773,657,827
2019,7,201907,전남,여수시,101030,103505,4025,4864
2019,7,201907,전남,영광군,18079,18308,878,1001
2019,7,201907,전남,영암군,20316,31900,1253,1587
2019,7,201907,전남,완도군,14467,14752,823,991
2019,7,201907,전남,장성군,17209,17459,879,1034
2019,7,201907,전남,장흥군,12243,12401,675,779
2019,7,201907,전남,진도군,9666,9823,577,675
2019,7,201907,전남,함평군,10819,33434,577,1306
2019,7,201907,전남,해남군,21998,22348,1626,1801
2019,7,201907,전남,화순군,22259,22563,1107,2395
2019,7,201907,전북,고창군,18178,18470,1299,1450
2019,7,201907,전북,군산시,104062,106802,3834,4475
2019,7,201907,전북,김제시,29737,30655,1604,1839
2019,7,201907,전북,남원시,25821,30582,1376,1810
2019,7,201907,전북,무주군,7711,7835,504,577
2019,7,201907,전북,부안군,17540,17811,944,1141
2019,7,201907,전북,순창군,8923,9047,486,559
2019,7,201907,전북,완주군,36425,36910,1770,2368
2019,7,201907,전북,익산시,105174,107713,4909,5576
2019,7,201907,전북,임실군,9003,9123,466,591
2019,7,201907,전북,장수군,7079,7179,398,470
2019,7,201907,전북,전주시,264544,270828,8205,10012
2019,7,201907,전북,정읍시,36533,39224,1884,2204
2019,7,201907,전북,진안군,8508,8643,469,588
2019,7,201907,제주,서귀포시,71014,72537,3449,3754
2019,7,201907,제주,제주시,210162,404832,8438,16323
2019,7,201907,충남,계룡시,18572,18688,715,876
2019,7,201907,충남,공주시,38151,39485,1945,2439
2019,7,201907,충남,금산군,18181,19371,1231,1579
2019,7,201907,충남,논산시,41791,42804,2407,2921
2019,7,201907,충남,당진시,70844,71471,2760,3139
2019,7,201907,충남,보령시,36660,37226,1679,1918
2019,7,201907,충남,부여군,21298,21895,1294,1715
2019,7,201907,충남,서산시,69405,70478,2949,3491
2019,7,201907,충남,서천군,18273,18513,852,1002
2019,7,201907,충남,아산시,130971,133313,5674,6403
2019,7,201907,충남,예산군,29293,29735,1554,1963
2019,7,201907,충남,천안시,261475,266006,9942,11645
2019,7,201907,충남,청양군,10118,10262,556,668
2019,7,201907,충남,태안군,22052,22310,1167,1297
2019,7,201907,충남,홍성군,37117,37622,1641,1954
2019,7,201907,충북,괴산군,13521,13669,808,906
2019,7,201907,충북,단양군,10178,10361,589,688
2019,7,201907,충북,보은군,10907,11102,664,802
2019,7,201907,충북,영동군,15767,15978,816,960
2019,7,201907,충북,옥천군,17663,18109,924,1064
2019,7,201907,충북,음성군,41125,41472,2337,2585
2019,7,201907,충북,제천시,49619,50540,2131,2381
2019,7,201907,충북,증평군,14793,14968,678,737
2019,7,201907,충북,진천군,35728,36047,1638,1813
2019,7,201907,충북,청주시,330539,340533,11914,14779
2019,7,201907,충북,충주시,81899,85035,3501,4050
2019,8,201908,강원,강릉시,82801,85402,3085,3803
2019,8,201908,강원,고성군,9701,9836,527,609
2019,8,201908,강원,동해시,35072,35861,1535,1724
2019,8,201908,강원,삼척시,24226,24761,967,1167
2019,8,201908,강원,속초시,29258,30264,1371,1606
2019,8,201908,강원,양구군,8330,8419,383,456
2019,8,201908,강원,양양군,10643,10810,499,550
2019,8,201908,강원,영월군,13784,14044,808,956
2019,8,201908,강원,원주시,133719,136896,5131,5926
2019,8,201908,강원,인제군,12210,12419,584,680
2019,8,201908,강원,정선군,13394,13716,728,868
2019,8,201908,강원,철원군,15942,16126,909,998
2019,8,201908,강원,춘천시,104883,107489,3908,4808
2019,8,201908,강원,태백시,15761,16261,799,1025
2019,8,201908,강원,평창군,16009,16413,873,1001
2019,8,201908,강원,홍천군,24816,25152,1431,1849
2019,8,201908,강원,화천군,8998,9117,395,524
2019,8,201908,강원,횡성군,16606,17049,929,1050
2019,8,201908,경기,가평군,22106,22442,1390,1700
2019,8,201908,경기,고양시,345631,353049,11190,13357
2019,8,201908,경기,과천시,18254,19056,623,751
2019,8,201908,경기,광명시,88032,89876,3593,4189
2019,8,201908,경기,광주시,144820,145866,6037,9029
2019,8,201908,경기,구리시,58494,59683,2188,2547
2019,8,201908,경기,군포시,83404,84315,2882,3119
2019,8,201908,경기,김포시,165729,167750,6115,7860
2019,8,201908,경기,남양주시,228567,230665,9498,10625
2019,8,201908,경기,동두천시,29546,30321,1595,1721
2019,8,201908,경기,부천시,245796,252225,10695,12187
2019,8,201908,경기,성남시,288830,296214,8962,11013
2019,8,201908,경기,수원시,427114,435549,15079,18053
2019,8,201908,경기,시흥시,180220,182227,7544,8028
2019,8,201908,경기,안산시,232704,237481,11415,13614
2019,8,201908,경기,안성시,76004,76878,3620,4180
2019,8,201908,경기,안양시,174186,178063,6121,7870
2019,8,201908,경기,양주시,78345,79213,4105,4725
2019,8,201908,경기,양평군,44101,44609,1993,2801
2019,8,201908,경기,여주시,44718,45359,2283,3095
2019,8,201908,경기,연천군,16006,16262,940,1128
2019,8,201908,경기,오산시,84953,86207,3386,3927
2019,8,201908,경기,용인시,394140,398761,11814,14119
2019,8,201908,경기,의왕시,52685,53523,1672,1927
2019,8,201908,경기,의정부시,129300,131519,5781,6458
2019,8,201908,경기,이천시,85652,86731,3921,4474
2019,8,201908,경기,파주시,167546,169574,6350,9077
2019,8,201908,경기,평택시,214024,217754,8772,10524
2019,8,201908,경기,포천시,59103,64962,3433,4373
2019,8,201908,경기,하남시,90846,91541,2893,3295
2019,8,201908,경기,화성시,339077,342007,11726,14133
2019,8,201908,경남,거제시,88169,89394,3366,3984
2019,8,201908,경남,거창군,21251,21548,962,1190
2019,8,201908,경남,고성군,17917,18252,916,1068
2019,8,201908,경남,김해시,215196,217886,7628,8402
2019,8,201908,경남,남해군,12554,12826,605,794
2019,8,201908,경남,밀양시,38700,39293,1642,1962
2019,8,201908,경남,사천시,42297,43063,1713,2017
2019,8,201908,경남,산청군,11970,12193,580,689
2019,8,201908,경남,양산시,131036,132171,4991,6005
2019,8,201908,경남,의령군,9214,9339,437,540
2019,8,201908,경남,진주시,127801,130856,4204,5550
2019,8,201908,경남,창녕군,23432,23946,1192,1372
2019,8,201908,경남,창원시,455590,481525,12712,15636
2019,8,201908,경남,통영시,40961,41855,2136,2463
2019,8,201908,경남,하동군,15546,15721,703,802
2019,8,201908,경남,함안군,29060,40364,1239,1707
2019,8,201908,경남,함양군,12065,12327,571,705
2019,8,201908,경남,합천군,14215,14400,677,807
2019,8,201908,경북,경산시,106008,107239,3609,4091
2019,8,201908,경북,경주시,106866,108946,4398,5103
2019,8,201908,경북,고령군,13328,13427,707,778
2019,8,201908,경북,구미시,174251,177051,6426,7350
2019,8,201908,경북,군위군,8812,8896,438,493
2019,8,201908,경북,김천시,52471,53250,2281,2608
2019,8,201908,경북,문경시,24340,24803,1355,1544
2019,8,201908,경북,봉화군,10168,10337,497,578
2019,8,201908,경북,상주시,33448,34022,1740,2077
2019,8,201908,경북,성주군,18023,18357,875,969
2019,8,201908,경북,안동시,58347,59457,2372,2883
2019,8,201908,경북,영덕군,12072,12262,644,747
2019,8,201908,경북,영양군,5450,5535,293,352
2019,8,201908,경북,영주시,37869,38518,1830,2059
2019,8,201908,경북,영천시,39903,40458,1900,2214
2019,8,201908,경북,예천군,19214,19490,797,927
2019,8,201908,경북,울릉군,3610,3996,251,458
2019,8,201908,경북,울진군,18275,18544,731,872
2019,8,201908,경북,의성군,17285,17466,936,1092
2019,8,201908,경북,청도군,16030,16211,700,782
2019,8,201908,경북,청송군,9028,9133,468,575
2019,8,201908,경북,칠곡군,52579,53013,2226,2742
2019,8,201908,경북,포항시,210042,214238,6912,8263
2019,8,201908,광주,광산구,155400,159201,5218,5773
2019,8,201908,광주,남구,76299,77548,2376,2781
2019,8,201908,광주,동구,33104,33814,1140,1368
2019,8,201908,광주,북구,155519,161016,4914,6160
2019,8,201908,광주,서구,120305,125541,3867,4567
2019,8,201908,대구,남구,46379,47582,1725,1980
2019,8,201908,대구,달서구,225861,231733,6102,6981
2019,8,201908,대구,달성군,104870,106643,3320,3960
2019,8,201908,대구,동구,126638,132661,4026,4858
2019,8,201908,대구,북구,161427,164461,4733,5509
2019,8,201908,대구,서구,56432,58778,2168,2499
2019,8,201908,대구,수성구,191269,194749,3972,4874
2019,8,201908,대구,중구,49140,50016,1129,1527
2019,8,201908,대전,대덕구,67194,69258,2819,3378
2019,8,201908,대전,동구,71978,74406,3114,3506
2019,8,201908,대전,서구,176590,181579,5471,6074
2019,8,201908,대전,유성구,149659,152276,3944,4406
2019,8,201908,대전,중구,80058,83179,3356,4039
2019,8,201908,부산,강서구,54373,55615,1889,2166
2019,8,201908,부산,금정구,67986,71365,2722,3477
2019,8,201908,부산,기장군,59177,60034,2407,2970
2019,8,201908,부산,남구,78635,80707,2690,3172
2019,8,201908,부산,동구,40553,41710,1074,1357
2019,8,201908,부산,동래구,76375,78181,2558,3248
2019,8,201908,부산,부산진구,101767,112978,3605,4171
2019,8,201908,부산,북구,84060,85633,2898,3260
2019,8,201908,부산,사상구,65686,68903,2756,3165
2019,8,201908,부산,사하구,90436,95001,3469,3879
2019,8,201908,부산,서구,23325,23767,1111,1168
2019,8,201908,부산,수영구,59411,83180,1773,2453
2019,8,201908,부산,연제구,76568,82166,2051,3136
2019,8,201908,부산,영도구,25788,27284,1223,1567
2019,8,201908,부산,중구,21968,22250,577,685
2019,8,201908,부산,해운대구,145160,154343,4052,4383
2019,8,201908,서울,강남구,195477,211416,5135,6054
2019,8,201908,서울,강동구,109647,115466,4034,4629
2019,8,201908,서울,강북구,60550,63124,3076,3859
2019,8,201908,서울,강서구,161059,174158,5964,7498
2019,8,201908,서울,관악구,100015,103308,4295,4624
2019,8,201908,서울,광진구,79944,83466,2959,3336
2019,8,201908,서울,구로구,109554,119976,5455,6195
2019,8,201908,서울,금천구,66597,69661,3763,4270
2019,8,201908,서울,노원구,127104,133363,4598,5544
2019,8,201908,서울,도봉구,76804,81911,3288,3774
2019,8,201908,서울,동대문구,78062,81129,3558,3747
2019,8,201908,서울,동작구,92309,93571,3068,3251
2019,8,201908,서울,마포구,96724,100876,3387,4180
2019,8,201908,서울,서대문구,71528,75221,2788,3341
2019,8,201908,서울,서초구,152476,160207,3982,4916
2019,8,201908,서울,성동구,82632,90246,2729,5187
2019,8,201908,서울,성북구,99502,102167,3911,5119
2019,8,201908,서울,송파구,199309,205947,5346,7043
2019,8,201908,서울,양천구,124083,128917,4231,5079
2019,8,201908,서울,영등포구,111908,116514,4912,5192
2019,8,201908,서울,용산구,66043,67232,2323,2467
2019,8,201908,서울,은평구,107017,111330,4325,5143
2019,8,201908,서울,종로구,38702,40836,1873,3970
2019,8,201908,서울,중구,38197,40998,2310,3304
2019,8,201908,서울,중랑구,86484,92526,4149,4728
2019,8,201908,세종,세종시,136814,137728,3838,4403
2019,8,201908,울산,남구,130951,134212,3383,4139
2019,8,201908,울산,동구,55544,56155,1525,1709
2019,8,201908,울산,북구,94122,95970,2392,2684
2019,8,201908,울산,울주군,97229,98778,3136,3993
2019,8,201908,울산,중구,87404,88792,2300,2648
2019,8,201908,인천,강화군,23287,69964,1278,3826
2019,8,201908,인천,계양구,94035,271366,4227,8488
2019,8,201908,인천,남동구,214257,252065,6905,8762
2019,8,201908,인천,동구,20579,21920,1101,1205
2019,8,201908,인천,미추홀구,128345,132560,5337,5701
2019,8,201908,인천,부평구,182679,191719,6476,7592
2019,8,201908,인천,서구,194042,198555,7457,8860
2019,8,201908,인천,연수구,158690,163524,3659,4556
2019,8,201908,인천,옹진군,7591,7722,555,662
2019,8,201908,인천,중구,49515,56274,1995,3131
2019,8,201908,전남,강진군,11157,11416,606,775
2019,8,201908,전남,고흥군,17986,18264,1138,1335
2019,8,201908,전남,곡성군,9116,9392,498,605
2019,8,201908,전남,광양시,63082,63853,2475,2814
2019,8,201908,전남,구례군,8460,8848,462,553
2019,8,201908,전남,나주시,43841,45116,2097,2620
2019,8,201908,전남,담양군,17140,17474,869,1178
2019,8,201908,전남,목포시,77218,79891,3465,4059
2019,8,201908,전남,무안군,29253,29591,1481,1716
2019,8,201908,전남,보성군,12844,64750,777,2724
2019,8,201908,전남,순천시,106969,108860,3840,4691
2019,8,201908,전남,신안군,11457,11803,660,821
2019,8,201908,전남,여수시,101174,103661,4026,4860
2019,8,201908,전남,영광군,18104,18334,879,999
2019,8,201908,전남,영암군,20544,32039,1267,1599
2019,8,201908,전남,완도군,14476,14759,832,999
2019,8,201908,전남,장성군,17219,17466,880,1033
2019,8,201908,전남,장흥군,12227,12385,675,778
2019,8,201908,전남,진도군,9681,9838,577,675
2019,8,201908,전남,함평군,10851,35213,574,1329
2019,8,201908,전남,해남군,22014,22363,1630,1806
2019,8,201908,전남,화순군,22242,22544,1105,2387
2019,8,201908,전북,고창군,18211,18503,1308,1461
2019,8,201908,전북,군산시,104156,106855,3824,4465
2019,8,201908,전북,김제시,29729,30647,1599,1832
2019,8,201908,전북,남원시,25883,30716,1375,1815
2019,8,201908,전북,무주군,7735,7859,505,577
2019,8,201908,전북,부안군,17544,17815,952,1150
2019,8,201908,전북,순창군,8940,9063,490,569
2019,8,201908,전북,완주군,36504,36988,1778,2372
2019,8,201908,전북,익산시,105385,107923,4904,5567
2019,8,201908,전북,임실군,8990,9109,466,592
2019,8,201908,전북,장수군,7097,7196,402,473
2019,8,201908,전북,전주시,265327,271617,8190,9983
2019,8,201908,전북,정읍시,36633,39270,1870,2192
2019,8,201908,전북,진안군,8509,8644,475,597
2019,8,201908,제주,서귀포시,71113,72639,3458,3761
2019,8,201908,제주,제주시,210070,408528,8413,16326
2019,8,201908,충남,계룡시,18657,18774,714,874
2019,8,201908,충남,공주시,38228,39560,1933,2429
2019,8,201908,충남,금산군,18226,19422,1233,1577
2019,8,201908,충남,논산시,41837,42848,2401,2912
2019,8,201908,충남,당진시,70967,71598,2773,3148
2019,8,201908,충남,보령시,36754,37314,1676,1913
2019,8,201908,충남,부여군,21348,21937,1293,1714
2019,8,201908,충남,서산시,69611,70688,2962,3502
2019,8,201908,충남,서천군,18255,18494,851,1000
2019,8,201908,충남,아산시,131265,133597,5676,6407
2019,8,201908,충남,예산군,29330,29772,1549,1959
2019,8,201908,충남,천안시,262154,266624,9893,11588
2019,8,201908,충남,청양군,10138,10277,556,667
2019,8,201908,충남,태안군,22126,22387,1169,1299
2019,8,201908,충남,홍성군,37254,37758,1637,1950
2019,8,201908,충북,괴산군,13533,13679,809,905
2019,8,201908,충북,단양군,10148,10329,590,690
2019,8,201908,충북,보은군,10933,11128,665,802
2019,8,201908,충북,영동군,15828,16037,819,962
2019,8,201908,충북,옥천군,17707,18149,929,1070
2019,8,201908,충북,음성군,41259,41602,2319,2569
2019,8,201908,충북,제천시,49692,50612,2120,2374
2019,8,201908,충북,증평군,14819,14995,680,738
2019,8,201908,충북,진천군,35840,36160,1649,1823
2019,8,201908,충북,청주시,331425,341403,11873,14759
2019,8,201908,충북,충주시,82081,85361,3491,4040
2019,9,201909,강원,강릉시,83147,85716,3100,3820
2019,9,201909,강원,고성군,9711,9846,523,605
2019,9,201909,강원,동해시,35208,35995,1538,1725
2019,9,201909,강원,삼척시,24274,24806,962,1161
2019,9,201909,강원,속초시,29317,30303,1372,1603
2019,9,201909,강원,양구군,8337,8423,381,459
2019,9,201909,강원,양양군,10673,10842,497,549
2019,9,201909,강원,영월군,13771,14022,794,942
2019,9,201909,강원,원주시,134233,137413,5138,5934
2019,9,201909,강원,인제군,12219,12423,586,681
2019,9,201909,강원,정선군,13387,13707,729,868
2019,9,201909,강원,철원군,16002,16185,904,992
2019,9,201909,강원,춘천시,105145,107738,3886,4794
2019,9,201909,강원,태백시,15804,16304,793,1021
2019,9,201909,강원,평창군,16026,16428,871,1005
2019,9,201909,강원,홍천군,24873,25209,1432,1855
2019,9,201909,강원,화천군,8968,9087,392,522
2019,9,201909,강원,횡성군,16662,17112,930,1053
2019,9,201909,경기,가평군,22153,22488,1379,1680
2019,9,201909,경기,고양시,346803,354170,11067,13219
2019,9,201909,경기,과천시,18247,19049,614,745
2019,9,201909,경기,광명시,87901,89733,3528,4122
2019,9,201909,경기,광주시,145644,146695,6041,9041
2019,9,201909,경기,구리시,58366,59543,2166,2526
2019,9,201909,경기,군포시,83461,84372,2835,3073
2019,9,201909,경기,김포시,166012,168005,6096,7836
2019,9,201909,경기,남양주시,229595,231691,9423,10563
2019,9,201909,경기,동두천시,29602,30375,1597,1722
2019,9,201909,경기,부천시,245352,251769,10583,12065
2019,9,201909,경기,성남시,289029,296361,8907,10966
2019,9,201909,경기,수원시,428021,436478,14893,17813
2019,9,201909,경기,시흥시,180781,182780,7460,7943
2019,9,201909,경기,안산시,231947,236732,11281,13500
2019,9,201909,경기,안성시,76070,76966,3575,4132
2019,9,201909,경기,안양시,174093,177938,6067,7813
2019,9,201909,경기,양주시,78426,79291,4069,4690
2019,9,201909,경기,양평군,44219,44727,1988,2810
2019,9,201909,경기,여주시,44642,45288,2260,3070
2019,9,201909,경기,연천군,16035,16291,925,1112
2019,9,201909,경기,오산시,85564,86814,3380,3918
2019,9,201909,경기,용인시,394100,398764,11645,13961
2019,9,201909,경기,의왕시,52910,53738,1667,1919
2019,9,201909,경기,의정부시,129287,131506,5719,6397
2019,9,201909,경기,이천시,85768,86848,3880,4434
2019,9,201909,경기,파주시,167634,169642,6320,9047
2019,9,201909,경기,평택시,215195,218938,8691,10435
2019,9,201909,경기,포천시,59177,65978,3417,4341
2019,9,201909,경기,하남시,91439,92137,2902,3304
2019,9,201909,경기,화성시,340813,343726,11716,14221
2019,9,201909,경남,거제시,88345,89563,3382,4003
2019,9,201909,경남,거창군,21311,21609,962,1190
2019,9,201909,경남,고성군,17953,18290,915,1065
2019,9,201909,경남,김해시,215908,218592,7595,8389
2019,9,201909,경남,남해군,12584,12854,608,794
2019,9,201909,경남,밀양시,38815,39410,1636,1955
2019,9,201909,경남,사천시,42299,43065,1712,2017
2019,9,201909,경남,산청군,12004,12227,582,693
2019,9,201909,경남,양산시,131409,132547,4991,6004
2019,9,201909,경남,의령군,9245,9370,437,543
2019,9,201909,경남,진주시,128213,131253,4197,5552
2019,9,201909,경남,창녕군,23446,23950,1200,1382
2019,9,201909,경남,창원시,456595,482986,12675,15623
2019,9,201909,경남,통영시,41010,41903,2133,2468
2019,9,201909,경남,하동군,15555,15729,703,809
2019,9,201909,경남,함안군,29086,40549,1232,1702
2019,9,201909,경남,함양군,12097,12360,572,705
2019,9,201909,경남,합천군,14254,14441,672,804
2019,9,201909,경북,경산시,106268,107480,3605,4090
2019,9,201909,경북,경주시,106996,109053,4397,5098
2019,9,201909,경북,고령군,13348,13447,706,777
2019,9,201909,경북,구미시,174732,177522,6420,7344
2019,9,201909,경북,군위군,8857,8935,437,493
2019,9,201909,경북,김천시,52618,53400,2280,2608
2019,9,201909,경북,문경시,24411,24873,1363,1550
2019,9,201909,경북,봉화군,10185,10348,500,582
2019,9,201909,경북,상주시,33559,34131,1736,2075
2019,9,201909,경북,성주군,18054,18384,879,972
2019,9,201909,경북,안동시,58391,59495,2358,2872
2019,9,201909,경북,영덕군,12132,12322,652,754
2019,9,201909,경북,영양군,5456,5541,292,351
2019,9,201909,경북,영주시,37919,38566,1823,2051
2019,9,201909,경북,영천시,40061,40617,1897,2211
2019,9,201909,경북,예천군,19312,19587,801,931
2019,9,201909,경북,울릉군,3602,3988,253,460
2019,9,201909,경북,울진군,18300,18566,729,873
2019,9,201909,경북,의성군,17343,17524,943,1098
2019,9,201909,경북,청도군,16064,16243,699,781
2019,9,201909,경북,청송군,9060,9165,468,575
2019,9,201909,경북,칠곡군,52643,53080,2220,2736
2019,9,201909,경북,포항시,210487,214675,6894,8248
2019,9,201909,광주,광산구,155633,159422,5209,5767
2019,9,201909,광주,남구,76398,77648,2369,2769
2019,9,201909,광주,동구,33455,34171,1152,1383
2019,9,201909,광주,북구,155926,161371,4896,6140
2019,9,201909,광주,서구,120417,125615,3838,4540
2019,9,201909,대구,남구,46459,47668,1725,1980
2019,9,201909,대구,달서구,226542,232358,6080,6959
2019,9,201909,대구,달성군,105210,106988,3318,3958
2019,9,201909,대구,동구,126710,132723,4013,4834
2019,9,201909,대구,북구,161694,164720,4740,5516
2019,9,201909,대구,서구,56318,58708,2154,2487
2019,9,201909,대구,수성구,191552,195047,3950,4854
2019,9,201909,대구,중구,49440,50322,1118,1513
2019,9,201909,대전,대덕구,67144,69198,2787,3345
2019,9,201909,대전,동구,72126,74578,3097,3489
2019,9,201909,대전,서구,177146,182100,5454,6061
2019,9,201909,대전,유성구,149931,152549,3917,4383
2019,9,201909,대전,중구,79939,83066,3356,4039
2019,9,201909,부산,강서구,54560,55789,1892,2165
2019,9,201909,부산,금정구,67926,71310,2720,3406
2019,9,201909,부산,기장군,59298,60156,2392,2954
2019,9,201909,부산,남구,78626,80695,2689,3171
2019,9,201909,부산,동구,40823,41947,1073,1360
2019,9,201909,부산,동래구,76773,78581,2565,3250
2019,9,201909,부산,부산진구,101927,113115,3600,4234
2019,9,201909,부산,북구,84186,85754,2893,3256
2019,9,201909,부산,사상구,65647,68865,2726,3135
2019,9,201909,부산,사하구,90484,95050,3457,3870
2019,9,201909,부산,서구,23289,23733,1103,1159
2019,9,201909,부산,수영구,59415,83858,1775,2468
2019,9,201909,부산,연제구,76582,82256,2069,3156
2019,9,201909,부산,영도구,25724,27214,1208,1553
2019,9,201909,부산,중구,22162,22444,584,693
2019,9,201909,부산,해운대구,145430,154925,4024,4357
2019,9,201909,서울,강남구,196017,211909,5102,5964
2019,9,201909,서울,강동구,109789,115586,4021,4614
2019,9,201909,서울,강북구,60579,63154,3062,3845
2019,9,201909,서울,강서구,161201,174424,5917,7445
2019,9,201909,서울,관악구,100194,103500,4275,4604
2019,9,201909,서울,광진구,79948,83496,2939,3314
2019,9,201909,서울,구로구,109815,120254,5444,6191
2019,9,201909,서울,금천구,66589,69703,3739,4244
2019,9,201909,서울,노원구,127118,133390,4555,5523
2019,9,201909,서울,도봉구,76812,81919,3281,3749
2019,9,201909,서울,동대문구,78138,81137,3563,3749
2019,9,201909,서울,동작구,92369,93633,3037,3220
2019,9,201909,서울,마포구,97002,101144,3393,4187
2019,9,201909,서울,서대문구,71511,75195,2766,3320
2019,9,201909,서울,서초구,152028,159654,3966,4897
2019,9,201909,서울,성동구,82531,90142,2689,5343
2019,9,201909,서울,성북구,99624,102277,3903,5108
2019,9,201909,서울,송파구,199404,206075,5324,7037
2019,9,201909,서울,양천구,124037,128868,4196,5044
2019,9,201909,서울,영등포구,111926,116503,4878,5160
2019,9,201909,서울,용산구,65995,67190,2313,2454
2019,9,201909,서울,은평구,107221,111514,4306,5124
2019,9,201909,서울,종로구,38689,40821,1871,3997
2019,9,201909,서울,중구,38470,41248,2297,3263
2019,9,201909,서울,중랑구,86571,92606,4166,4748
2019,9,201909,세종,세종시,137817,138732,3836,4402
2019,9,201909,울산,남구,130928,134210,3375,4126
2019,9,201909,울산,동구,55543,56151,1522,1706
2019,9,201909,울산,북구,94565,96406,2398,2690
2019,9,201909,울산,울주군,97521,99054,3133,3991
2019,9,201909,울산,중구,87446,88839,2288,2632
2019,9,201909,인천,강화군,23299,70048,1279,3816
2019,9,201909,인천,계양구,94046,271796,4192,8308
2019,9,201909,인천,남동구,214511,252076,6855,8690
2019,9,201909,인천,동구,20635,22053,1099,1207
2019,9,201909,인천,미추홀구,128867,133053,5314,5679
2019,9,201909,인천,부평구,182745,192070,6433,7553
2019,9,201909,인천,서구,194220,198765,7406,8801
2019,9,201909,인천,연수구,159694,164115,3655,4522
2019,9,201909,인천,옹진군,7601,7733,552,660
2019,9,201909,인천,중구,49799,56545,1986,3110
2019,9,201909,전남,강진군,11182,11440,609,785
2019,9,201909,전남,고흥군,18048,18327,1136,1331
2019,9,201909,전남,곡성군,9123,9396,497,604
2019,9,201909,전남,광양시,63157,63921,2459,2800
2019,9,201909,전남,구례군,8480,8871,461,553
2019,9,201909,전남,나주시,44098,45372,2096,2609
2019,9,201909,전남,담양군,17188,17522,871,1174
2019,9,201909,전남,목포시,77404,80081,3463,4055
2019,9,201909,전남,무안군,29302,29641,1480,1720
2019,9,201909,전남,보성군,12860,63648,775,2686
2019,9,201909,전남,순천시,107421,109309,3823,4671
2019,9,201909,전남,신안군,11468,11817,662,824
2019,9,201909,전남,여수시,101471,103958,4034,4878
2019,9,201909,전남,영광군,18170,18400,886,1008
2019,9,201909,전남,영암군,20679,32001,1288,1619
2019,9,201909,전남,완도군,14512,14794,832,998
2019,9,201909,전남,장성군,17405,17652,878,1030
2019,9,201909,전남,장흥군,12280,12437,675,774
2019,9,201909,전남,진도군,9699,9856,576,676
2019,9,201909,전남,함평군,10884,37010,573,1332
2019,9,201909,전남,해남군,22011,22366,1613,1790
2019,9,201909,전남,화순군,22342,22643,1100,2404
2019,9,201909,전북,고창군,18182,18473,1288,1443
2019,9,201909,전북,군산시,104217,106908,3818,4459
2019,9,201909,전북,김제시,29779,30692,1587,1823
2019,9,201909,전북,남원시,25978,30757,1382,1816
2019,9,201909,전북,무주군,7752,7872,506,578
2019,9,201909,전북,부안군,17596,17877,945,1147
2019,9,201909,전북,순창군,8947,9070,485,563
2019,9,201909,전북,완주군,36516,36999,1771,2359
2019,9,201909,전북,익산시,105415,107945,4896,5556
2019,9,201909,전북,임실군,9002,9121,469,590
2019,9,201909,전북,장수군,7086,7185,401,473
2019,9,201909,전북,전주시,266288,272561,8190,9993
2019,9,201909,전북,정읍시,36651,39235,1859,2179
2019,9,201909,전북,진안군,8467,8601,472,595
2019,9,201909,제주,서귀포시,71102,72622,3439,3741
2019,9,201909,제주,제주시,209713,411191,8311,16166
2019,9,201909,충남,계룡시,18711,18828,712,873
2019,9,201909,충남,공주시,38260,39594,1928,2422
2019,9,201909,충남,금산군,18288,19551,1230,1575
2019,9,201909,충남,논산시,41949,42958,2407,2923
2019,9,201909,충남,당진시,71233,71867,2768,3143
2019,9,201909,충남,보령시,36850,37415,1662,1899
2019,9,201909,충남,부여군,21401,21987,1286,1710
2019,9,201909,충남,서산시,69888,70960,2960,3502
2019,9,201909,충남,서천군,18301,18539,849,997
2019,9,201909,충남,아산시,131703,134492,5658,6412
2019,9,201909,충남,예산군,29384,29826,1547,1958
2019,9,201909,충남,천안시,262663,267139,9884,11565
2019,9,201909,충남,청양군,10177,10316,560,670
2019,9,201909,충남,태안군,22153,22408,1174,1304
2019,9,201909,충남,홍성군,37393,37897,1647,1960
2019,9,201909,충북,괴산군,13547,13692,811,907
2019,9,201909,충북,단양군,10149,10336,583,687
2019,9,201909,충북,보은군,10961,11156,666,806
2019,9,201909,충북,영동군,15892,16101,816,958
2019,9,201909,충북,옥천군,17737,18179,925,1066
2019,9,201909,충북,음성군,41291,41635,2312,2561
2019,9,201909,충북,제천시,49821,50743,2122,2379
2019,9,201909,충북,증평군,14875,15052,687,745
2019,9,201909,충북,진천군,35986,36305,1651,1827
2019,9,201909,충북,청주시,332284,342243,11864,14730
2019,9,201909,충북,충주시,82452,85804,3497,4050
2019,10,201910,강원,강릉시,83190,85744,3080,3799
2019,10,201910,강원,고성군,9734,9869,518,600
2019,10,201910,강원,동해시,35146,35935,1518,1702
2019,10,201910,강원,삼척시,24185,24724,952,1152
2019,10,201910,강원,속초시,29390,30382,1364,1596
2019,10,201910,강원,양구군,8332,8418,384,459
2019,10,201910,강원,양양군,10718,10888,496,549
2019,10,201910,강원,영월군,13767,14022,793,940
2019,10,201910,강원,원주시,134331,137504,5098,5894
2019,10,201910,강원,인제군,12255,12461,580,677
2019,10,201910,강원,정선군,13379,13699,728,866
2019,10,201910,강원,철원군,15951,16138,902,990
2019,10,201910,강원,춘천시,105256,107855,3845,4789
2019,10,201910,강원,태백시,15799,16300,777,1005
2019,10,201910,강원,평창군,16032,16426,866,1000
2019,10,201910,강원,홍천군,24837,25178,1429,1854
2019,10,201910,강원,화천군,8978,9098,385,516
2019,10,201910,강원,횡성군,16679,17139,927,1050
2019,10,201910,경기,가평군,22154,22488,1375,1661
2019,10,201910,경기,고양시,347712,355052,10998,13145
2019,10,201910,경기,과천시,18211,19012,607,738
2019,10,201910,경기,광명시,87635,89468,3640,4231
2019,10,201910,경기,광주시,146377,147401,6059,9061
2019,10,201910,경기,구리시,58236,59406,2148,2511
2019,10,201910,경기,군포시,83713,84617,2798,3037
2019,10,201910,경기,김포시,166339,168243,6059,7800
2019,10,201910,경기,남양주시,230409,232501,9414,10569
2019,10,201910,경기,동두천시,29599,30367,1587,1710
2019,10,201910,경기,부천시,245066,251485,10425,11896
2019,10,201910,경기,성남시,288889,296126,8849,10871
2019,10,201910,경기,수원시,428371,436822,14733,17674
2019,10,201910,경기,시흥시,181890,183894,7375,7865
2019,10,201910,경기,안산시,231737,236526,11238,13453
2019,10,201910,경기,안성시,75837,76740,3548,4102
2019,10,201910,경기,안양시,173817,177666,6011,7758
2019,10,201910,경기,양주시,78716,79583,4048,4664
2019,10,201910,경기,양평군,44244,44752,1970,2794
2019,10,201910,경기,여주시,44704,45345,2249,3069
2019,10,201910,경기,연천군,16039,16292,917,1106
2019,10,201910,경기,오산시,86288,87516,3357,3897
2019,10,201910,경기,용인시,395351,400025,11609,13918
2019,10,201910,경기,의왕시,52974,53798,1673,1927
2019,10,201910,경기,의정부시,129553,131760,5690,6368
2019,10,201910,경기,이천시,86028,87101,3864,4426
2019,10,201910,경기,파주시,167626,169701,6245,8963
2019,10,201910,경기,평택시,216480,220209,8665,10402
2019,10,201910,경기,포천시,59226,65879,3404,4349
2019,10,201910,경기,하남시,91948,92647,2880,3280
2019,10,201910,경기,화성시,343126,345998,11669,14214
2019,10,201910,경남,거제시,88364,89574,3383,4006
2019,10,201910,경남,거창군,21362,21661,966,1200
2019,10,201910,경남,고성군,17952,18285,904,1059
2019,10,201910,경남,김해시,216497,219142,7550,8348
2019,10,201910,경남,남해군,12622,12893,602,796
2019,10,201910,경남,밀양시,38824,39417,1614,1930
2019,10,201910,경남,사천시,42258,43028,1705,2005
2019,10,201910,경남,산청군,11989,12213,578,691
2019,10,201910,경남,양산시,131742,132877,4969,5988
2019,10,201910,경남,의령군,9213,9339,433,536
2019,10,201910,경남,진주시,128394,131406,4175,5514
2019,10,201910,경남,창녕군,23458,23959,1190,1376
2019,10,201910,경남,창원시,456560,480584,12558,15530
2019,10,201910,경남,통영시,41028,41924,2131,2468
2019,10,201910,경남,하동군,15562,15736,700,807
2019,10,201910,경남,함안군,29020,40686,1226,1692
2019,10,201910,경남,함양군,12071,12333,572,706
2019,10,201910,경남,합천군,14267,14455,677,816
2019,10,201910,경북,경산시,106423,107634,3616,4095
2019,10,201910,경북,경주시,107094,109150,4393,5088
2019,10,201910,경북,고령군,13329,13427,704,776
2019,10,201910,경북,구미시,174916,177695,6381,7296
2019,10,201910,경북,군위군,8908,8984,429,484
2019,10,201910,경북,김천시,52719,53493,2285,2617
2019,10,201910,경북,문경시,24426,24892,1358,1546
2019,10,201910,경북,봉화군,10225,10384,499,581
2019,10,201910,경북,상주시,33604,34175,1765,2104
2019,10,201910,경북,성주군,18103,18426,874,968
2019,10,201910,경북,안동시,58456,59560,2360,2869
2019,10,201910,경북,영덕군,12104,12296,644,747
2019,10,201910,경북,영양군,5480,5562,296,355
2019,10,201910,경북,영주시,37916,38561,1814,2041
2019,10,201910,경북,영천시,40116,40670,1896,2213
2019,10,201910,경북,예천군,19384,19659,807,938
2019,10,201910,경북,울릉군,3603,3985,249,454
2019,10,201910,경북,울진군,18262,18526,731,876
2019,10,201910,경북,의성군,17342,17523,936,1093
2019,10,201910,경북,청도군,16101,16282,701,783
2019,10,201910,경북,청송군,9048,9153,462,569
2019,10,201910,경북,칠곡군,52726,53162,2199,2713
2019,10,201910,경북,포항시,210492,214659,6839,8185
2019,10,201910,광주,광산구,155887,159675,5198,5753
2019,10,201910,광주,남구,76632,77891,2356,2755
2019,10,201910,광주,동구,33661,34387,1167,1398
2019,10,201910,광주,북구,156076,161474,4882,6119
2019,10,201910,광주,서구,120533,125771,3804,4507
2019,10,201910,대구,남구,46491,47711,1705,1975
2019,10,201910,대구,달서구,226963,235373,6063,6973
2019,10,201910,대구,달성군,105403,107193,3299,3936
2019,10,201910,대구,동구,126764,132934,3959,4777
2019,10,201910,대구,북구,161741,164764,4708,5484
2019,10,201910,대구,서구,56165,58572,2145,2478
2019,10,201910,대구,수성구,191355,194862,3936,4836
2019,10,201910,대구,중구,49717,50608,1116,1486
2019,10,201910,대전,대덕구,66942,69019,2772,3329
2019,10,201910,대전,동구,72132,74562,3076,3467
2019,10,201910,대전,서구,177718,182645,5424,6032
2019,10,201910,대전,유성구,150176,152811,3903,4370
2019,10,201910,대전,중구,79885,83001,3331,4021
2019,10,201910,부산,강서구,54820,56024,1890,2164
2019,10,201910,부산,금정구,67772,71174,2699,3388
2019,10,201910,부산,기장군,59266,60138,2374,2938
2019,10,201910,부산,남구,78675,80741,2667,3149
2019,10,201910,부산,동구,41105,42217,1072,1356
2019,10,201910,부산,동래구,77077,78877,2565,3253
2019,10,201910,부산,부산진구,102062,113210,3566,4211
2019,10,201910,부산,북구,84092,85667,2880,3242
2019,10,201910,부산,사상구,65646,68855,2697,3103
2019,10,201910,부산,사하구,90324,94876,3442,3853
2019,10,201910,부산,서구,23271,23715,1096,1151
2019,10,201910,부산,수영구,59282,82314,1766,2471
2019,10,201910,부산,연제구,76702,82435,2045,3135
2019,10,201910,부산,영도구,25674,27163,1193,1538
2019,10,201910,부산,중구,22365,22647,577,686
2019,10,201910,부산,해운대구,145377,155274,4022,4353
2019,10,201910,서울,강남구,196316,212165,5095,5948
2019,10,201910,서울,강동구,111435,117291,4009,4618
2019,10,201910,서울,강북구,60615,63181,3054,3836
2019,10,201910,서울,강서구,161445,174775,5906,7434
2019,10,201910,서울,관악구,99969,103272,4254,4584
2019,10,201910,서울,광진구,79790,83300,2924,3305
2019,10,201910,서울,구로구,109901,120279,5410,6159
2019,10,201910,서울,금천구,66550,69657,3717,4224
2019,10,201910,서울,노원구,126769,133015,4510,5483
2019,10,201910,서울,도봉구,76683,81777,3261,3729
2019,10,201910,서울,동대문구,78089,81026,3525,3706
2019,10,201910,서울,동작구,92267,93527,3031,3215
2019,10,201910,서울,마포구,97230,101371,3369,4160
2019,10,201910,서울,서대문구,71443,75159,2766,3329
2019,10,201910,서울,서초구,151740,159267,3946,4882
2019,10,201910,서울,성동구,82467,90081,2642,5401
2019,10,201910,서울,성북구,100151,102816,3896,5102
2019,10,201910,서울,송파구,199124,205849,5293,7007
2019,10,201910,서울,양천구,123978,128804,4173,5023
2019,10,201910,서울,영등포구,111779,116410,4827,5108
2019,10,201910,서울,용산구,65914,67113,2309,2453
2019,10,201910,서울,은평구,107276,111555,4278,5096
2019,10,201910,서울,종로구,38662,40842,1860,3815
2019,10,201910,서울,중구,38445,41178,2258,3212
2019,10,201910,서울,중랑구,86413,92485,4087,4690
2019,10,201910,세종,세종시,139225,140165,3850,4426
2019,10,201910,울산,남구,130833,134130,3350,4096
2019,10,201910,울산,동구,55365,55975,1522,1708
2019,10,201910,울산,북구,95074,96890,2384,2682
2019,10,201910,울산,울주군,97574,99107,3132,3989
2019,10,201910,울산,중구,87231,88615,2280,2627
2019,10,201910,인천,강화군,23334,69810,1284,3829
2019,10,201910,인천,계양구,93818,272674,4168,8208
2019,10,201910,인천,남동구,214549,249210,6808,8701
2019,10,201910,인천,동구,20542,22074,1137,1246
2019,10,201910,인천,미추홀구,129465,138848,5268,5635
2019,10,201910,인천,부평구,182623,192344,6391,7503
2019,10,201910,인천,서구,194857,199384,7359,8701
2019,10,201910,인천,연수구,160698,165122,3649,4518
2019,10,201910,인천,옹진군,7612,7744,551,660
2019,10,201910,인천,중구,50423,57114,1978,3099
2019,10,201910,전남,강진군,11178,11439,610,786
2019,10,201910,전남,고흥군,18040,18322,1142,1337
2019,10,201910,전남,곡성군,9105,9374,492,599
2019,10,201910,전남,광양시,63249,64008,2455,2793
2019,10,201910,전남,구례군,8498,8885,464,556
2019,10,201910,전남,나주시,44213,45471,2093,2603
2019,10,201910,전남,담양군,17197,17528,867,1171
2019,10,201910,전남,목포시,77660,80332,3447,4039
2019,10,201910,전남,무안군,29353,29694,1493,1731
2019,10,201910,전남,보성군,12848,62505,770,2586
2019,10,201910,전남,순천시,107795,109695,3831,4683
2019,10,201910,전남,신안군,11495,11845,654,815
2019,10,201910,전남,여수시,101632,104115,4006,4854
2019,10,201910,전남,영광군,18218,18449,885,1006
2019,10,201910,전남,영암군,20678,31875,1292,1622
2019,10,201910,전남,완도군,14535,14816,832,1000
2019,10,201910,전남,장성군,17406,17658,870,1022
2019,10,201910,전남,장흥군,12263,12421,671,770
2019,10,201910,전남,진도군,9714,9873,576,676
2019,10,201910,전남,함평군,10885,39411,571,1366
2019,10,201910,전남,해남군,22006,22361,1609,1788
2019,10,201910,전남,화순군,22381,22682,1098,2400
2019,10,201910,전북,고창군,18113,18402,1286,1440
2019,10,201910,전북,군산시,104356,107035,3801,4441
2019,10,201910,전북,김제시,29835,30740,1588,1824
2019,10,201910,전북,남원시,26065,30795,1382,1815
2019,10,201910,전북,무주군,7734,7854,502,574
2019,10,201910,전북,부안군,17558,17836,929,1131
2019,10,201910,전북,순창군,8956,9080,476,555
2019,10,201910,전북,완주군,36333,36811,1736,2322
2019,10,201910,전북,익산시,105296,107800,4850,5515
2019,10,201910,전북,임실군,8979,9098,472,594
2019,10,201910,전북,장수군,7109,7205,403,476
2019,10,201910,전북,전주시,266160,272439,8085,9890
2019,10,201910,전북,정읍시,36635,39189,1859,2174
2019,10,201910,전북,진안군,8468,8610,468,592
2019,10,201910,제주,서귀포시,71110,72616,3428,3731
2019,10,201910,제주,제주시,209260,414480,8265,16104
2019,10,201910,충남,계룡시,18676,18793,706,865
2019,10,201910,충남,공주시,38189,39552,1919,2413
2019,10,201910,충남,금산군,18301,19579,1223,1580
2019,10,201910,충남,논산시,41989,43013,2408,2915
2019,10,201910,충남,당진시,71320,71958,2776,3152
2019,10,201910,충남,보령시,36903,37470,1639,1875
2019,10,201910,충남,부여군,21402,21979,1274,1704
2019,10,201910,충남,서산시,69872,70937,2941,3482
2019,10,201910,충남,서천군,18355,18593,851,1001
2019,10,201910,충남,아산시,132140,134853,5656,6405
2019,10,201910,충남,예산군,29387,29829,1549,1959
2019,10,201910,충남,천안시,263751,268214,9840,11510
2019,10,201910,충남,청양군,10205,10347,560,670
2019,10,201910,충남,태안군,22159,22415,1162,1294
2019,10,201910,충남,홍성군,37411,37917,1636,1949
2019,10,201910,충북,괴산군,13639,13788,810,907
2019,10,201910,충북,단양군,10151,10338,576,681
2019,10,201910,충북,보은군,10958,11154,656,796
2019,10,201910,충북,영동군,15936,16143,815,955
2019,10,201910,충북,옥천군,17733,18164,933,1073
2019,10,201910,충북,음성군,41340,41685,2294,2543
2019,10,201910,충북,제천시,49899,50822,2109,2365
2019,10,201910,충북,증평군,14893,15067,680,738
2019,10,201910,충북,진천군,36047,36367,1651,1827
2019,10,201910,충북,청주시,333458,343436,11826,14714
2019,10,201910,충북,충주시,82471,85908,3478,4031
2019,11,201911,강원,강릉시,83292,85870,3059,3782
2019,11,201911,강원,고성군,9765,9902,521,604
2019,11,201911,강원,동해시,35248,36042,1513,1699
2019,11,201911,강원,삼척시,24198,24739,959,1161
2019,11,201911,강원,속초시,29475,30476,1356,1587
2019,11,201911,강원,양구군,8294,8383,380,455
2019,11,201911,강원,양양군,10746,10916,488,543
2019,11,201911,강원,영월군,13796,14053,777,928
2019,11,201911,강원,원주시,134840,137996,5090,5882
2019,11,201911,강원,인제군,12276,12483,572,668
2019,11,201911,강원,정선군,13403,13726,728,872
2019,11,201911,강원,철원군,15956,16142,898,987
2019,11,201911,강원,춘천시,105574,108182,3829,4771
2019,11,201911,강원,태백시,15799,16303,775,1003
2019,11,201911,강원,평창군,16012,16411,863,997
2019,11,201911,강원,홍천군,24863,25216,1417,1840
2019,11,201911,강원,화천군,9060,9181,387,515
2019,11,201911,강원,횡성군,16730,17191,926,1051
2019,11,201911,경기,가평군,22125,22466,1374,1673
2019,11,201911,경기,고양시,349489,356872,10961,13115
2019,11,201911,경기,과천시,18295,19092,608,742
2019,11,201911,경기,광명시,87421,89255,3464,4055
2019,11,201911,경기,광주시,146744,147764,6016,9012
2019,11,201911,경기,구리시,58254,59428,2136,2499
2019,11,201911,경기,군포시,83956,84859,2787,3026
2019,11,201911,경기,김포시,166795,168685,6039,7784
2019,11,201911,경기,남양주시,230952,233052,9392,10559
2019,11,201911,경기,동두천시,29574,30347,1570,1693
2019,11,201911,경기,부천시,245246,251634,10323,11799
2019,11,201911,경기,성남시,289098,296401,8783,10803
2019,11,201911,경기,수원시,429380,437914,14710,17647
2019,11,201911,경기,시흥시,183034,185024,7338,7830
2019,11,201911,경기,안산시,231942,236723,11133,13355
2019,11,201911,경기,안성시,76106,77014,3531,4084
2019,11,201911,경기,안양시,173918,177769,5964,7715
2019,11,201911,경기,양주시,79069,79933,4028,4638
2019,11,201911,경기,양평군,44336,44841,1948,2775
2019,11,201911,경기,여주시,44870,45509,2246,3064
2019,11,201911,경기,연천군,16087,16341,906,1096
2019,11,201911,경기,오산시,87198,88416,3426,3973
2019,11,201911,경기,용인시,396961,401660,11508,13813
2019,11,201911,경기,의왕시,53072,53906,1657,1909
2019,11,201911,경기,의정부시,129790,131992,5672,6346
2019,11,201911,경기,이천시,86409,87482,3851,4416
2019,11,201911,경기,파주시,167658,169708,6235,8937
2019,11,201911,경기,평택시,217845,221574,8652,10388
2019,11,201911,경기,포천시,59322,65813,3388,4333
2019,11,201911,경기,하남시,92642,93350,2890,3301
2019,11,201911,경기,화성시,345561,348438,11675,14239
2019,11,201911,경남,거제시,88524,89736,3380,4000
2019,11,201911,경남,거창군,21358,21659,958,1197
2019,11,201911,경남,고성군,17943,18277,902,1057
2019,11,201911,경남,김해시,217174,219808,7519,8307
2019,11,201911,경남,남해군,12627,12896,596,794
2019,11,201911,경남,밀양시,38898,39491,1606,1923
2019,11,201911,경남,사천시,42291,43060,1703,1999
2019,11,201911,경남,산청군,12016,12239,573,695
2019,11,201911,경남,양산시,132013,133150,4949,5968
2019,11,201911,경남,의령군,9204,9331,430,532
2019,11,201911,경남,진주시,128617,131621,4147,5480
2019,11,201911,경남,창녕군,23489,23990,1184,1370
2019,11,201911,경남,창원시,457065,482000,12509,15466
2019,11,201911,경남,통영시,41046,41937,2126,2458
2019,11,201911,경남,하동군,15581,15757,700,806
2019,11,201911,경남,함안군,29020,40825,1220,1689
2019,11,201911,경남,함양군,11979,12243,577,714
2019,11,201911,경남,합천군,14282,14470,680,825
2019,11,201911,경북,경산시,106703,107911,3597,4076
2019,11,201911,경북,경주시,107298,109361,4364,5060
2019,11,201911,경북,고령군,13308,13409,693,765
2019,11,201911,경북,구미시,175213,177977,6361,7273
2019,11,201911,경북,군위군,8970,9046,423,478
2019,11,201911,경북,김천시,52761,53531,2269,2601
2019,11,201911,경북,문경시,24515,24985,1351,1537
2019,11,201911,경북,봉화군,10228,10384,491,573
2019,11,201911,경북,상주시,33688,34258,1768,2108
2019,11,201911,경북,성주군,18097,18439,866,959
2019,11,201911,경북,안동시,58594,59700,2353,2867
2019,11,201911,경북,영덕군,12081,12276,644,749
2019,11,201911,경북,영양군,5479,5561,295,354
2019,11,201911,경북,영주시,37968,38617,1801,2026
2019,11,201911,경북,영천시,40185,40740,1892,2206
2019,11,201911,경북,예천군,19472,19751,802,932
2019,11,201911,경북,울릉군,3587,3956,250,451
2019,11,201911,경북,울진군,18270,18535,729,874
2019,11,201911,경북,의성군,17366,17549,932,1089
2019,11,201911,경북,청도군,16103,16283,688,770
2019,11,201911,경북,청송군,9046,9153,462,567
2019,11,201911,경북,칠곡군,52687,53138,2190,2694
2019,11,201911,경북,포항시,210936,215100,6814,8163
2019,11,201911,광주,광산구,156163,160031,5153,5718
2019,11,201911,광주,남구,76967,78233,2351,2778
2019,11,201911,광주,동구,33783,34511,1163,1394
2019,11,201911,광주,북구,156220,161506,4866,6100
2019,11,201911,광주,서구,120683,125896,3796,4498
2019,11,201911,대구,남구,46658,47860,1696,1986
2019,11,201911,대구,달서구,227676,236047,6029,6939
2019,11,201911,대구,달성군,105865,107660,3294,3933
2019,11,201911,대구,동구,126971,133762,3954,4773
2019,11,201911,대구,북구,161852,164862,4699,5477
2019,11,201911,대구,서구,56123,58525,2120,2453
2019,11,201911,대구,수성구,191458,194984,3930,4808
2019,11,201911,대구,중구,49926,50827,1123,1491
2019,11,201911,대전,대덕구,66826,68903,2765,3322
2019,11,201911,대전,동구,72146,74564,3039,3429
2019,11,201911,대전,서구,177112,182061,5379,5989
2019,11,201911,대전,유성구,151590,154205,3931,4396
2019,11,201911,대전,중구,79883,82971,3312,3999
2019,11,201911,부산,강서구,55092,56322,1885,2162
2019,11,201911,부산,금정구,67795,71213,2688,3377
2019,11,201911,부산,기장군,59332,60217,2366,2930
2019,11,201911,부산,남구,78627,80715,2655,3139
2019,11,201911,부산,동구,41319,42633,1065,1349
2019,11,201911,부산,동래구,77361,79209,2548,3239
2019,11,201911,부산,부산진구,101977,113495,3550,4199
2019,11,201911,부산,북구,84330,85917,2875,3236
2019,11,201911,부산,사상구,65747,68909,2674,3075
2019,11,201911,부산,사하구,90433,94971,3418,3826
2019,11,201911,부산,서구,23252,23700,1085,1140
2019,11,201911,부산,수영구,59179,82730,1760,2488
2019,11,201911,부산,연제구,77025,82886,2043,3131
2019,11,201911,부산,영도구,25646,27139,1183,1528
2019,11,201911,부산,중구,22648,22935,574,682
2019,11,201911,부산,해운대구,145805,155957,4002,4335
2019,11,201911,서울,강남구,196750,212421,5068,5956
2019,11,201911,서울,강동구,112459,118283,4028,4635
2019,11,201911,서울,강북구,60794,63374,3026,3808
2019,11,201911,서울,강서구,161641,174985,5846,7367
2019,11,201911,서울,관악구,99805,103122,4242,4576
2019,11,201911,서울,광진구,79748,83349,2905,3286
2019,11,201911,서울,구로구,110123,120427,5388,6131
2019,11,201911,서울,금천구,66592,69678,3687,4192
2019,11,201911,서울,노원구,126837,133068,4478,5453
2019,11,201911,서울,도봉구,76621,81725,3244,3714
2019,11,201911,서울,동대문구,78238,81181,3507,3683
2019,11,201911,서울,동작구,92098,93356,3000,3184
2019,11,201911,서울,마포구,97299,101454,3357,4142
2019,11,201911,서울,서대문구,71401,75121,2725,3296
2019,11,201911,서울,서초구,151740,159296,3948,4883
2019,11,201911,서울,성동구,82445,89989,2614,5333
2019,11,201911,서울,성북구,100453,103104,3858,5064
2019,11,201911,서울,송파구,199335,206034,5255,6970
2019,11,201911,서울,양천구,123946,128758,4147,4998
2019,11,201911,서울,영등포구,111635,116291,4811,5089
2019,11,201911,서울,용산구,65867,67066,2299,2444
2019,11,201911,서울,은평구,107278,111577,4245,5065
2019,11,201911,서울,종로구,38682,40932,1845,3788
2019,11,201911,서울,중구,38409,41130,2256,3203
2019,11,201911,서울,중랑구,86372,92454,4080,4682
2019,11,201911,세종,세종시,140364,141303,3855,4436
2019,11,201911,울산,남구,130921,134138,3336,4076
2019,11,201911,울산,동구,55276,55892,1515,1701
2019,11,201911,울산,북구,95658,97696,2394,2694
2019,11,201911,울산,울주군,97664,99193,3116,3969
2019,11,201911,울산,중구,87137,88527,2273,2621
2019,11,201911,인천,강화군,23402,69911,1288,3859
2019,11,201911,인천,계양구,93605,273111,4136,8201
2019,11,201911,인천,남동구,215180,249633,6783,8680
2019,11,201911,인천,동구,20668,22318,1092,1198
2019,11,201911,인천,미추홀구,130029,139128,5215,5582
2019,11,201911,인천,부평구,182751,192870,6343,7468
2019,11,201911,인천,서구,195601,200167,7328,8681
2019,11,201911,인천,연수구,161392,165825,3633,4520
2019,11,201911,인천,옹진군,7597,7727,543,653
2019,11,201911,인천,중구,50871,57651,1988,3093
2019,11,201911,전남,강진군,11176,11434,607,793
2019,11,201911,전남,고흥군,18067,18350,1145,1338
2019,11,201911,전남,곡성군,9093,9361,485,592
2019,11,201911,전남,광양시,63669,64425,2457,2797
2019,11,201911,전남,구례군,8503,8903,462,554
2019,11,201911,전남,나주시,44261,45516,2089,2582
2019,11,201911,전남,담양군,17282,17620,869,1171
2019,11,201911,전남,목포시,77836,80493,3442,4033
2019,11,201911,전남,무안군,29377,29724,1495,1731
2019,11,201911,전남,보성군,12870,61235,773,2539
2019,11,201911,전남,순천시,108036,109932,3832,4680
2019,11,201911,전남,신안군,11445,11869,645,814
2019,11,201911,전남,여수시,102142,104619,3970,4820
2019,11,201911,전남,영광군,18261,18495,880,1000
2019,11,201911,전남,영암군,20756,35735,1284,1703
2019,11,201911,전남,완도군,14569,14850,825,993
2019,11,201911,전남,장성군,17480,17735,874,1017
2019,11,201911,전남,장흥군,12269,12432,666,769
2019,11,201911,전남,진도군,9742,9899,577,677
2019,11,201911,전남,함평군,10917,36969,572,1337
2019,11,201911,전남,해남군,22098,22458,1599,1782
2019,11,201911,전남,화순군,22385,22686,1095,2399
2019,11,201911,전북,고창군,18169,18461,1295,1449
2019,11,201911,전북,군산시,104323,106995,3755,4393
2019,11,201911,전북,김제시,29773,30685,1577,1812
2019,11,201911,전북,남원시,26047,30729,1375,1808
2019,11,201911,전북,무주군,7753,7874,500,577
2019,11,201911,전북,부안군,17550,17833,918,1122
2019,11,201911,전북,순창군,8941,9067,476,556
2019,11,201911,전북,완주군,36512,36988,1730,2313
2019,11,201911,전북,익산시,105238,107726,4811,5475
2019,11,201911,전북,임실군,9110,9229,471,594
2019,11,201911,전북,장수군,7100,7198,398,472
2019,11,201911,전북,전주시,267221,273464,8102,9900
2019,11,201911,전북,정읍시,36580,39094,1839,2160
2019,11,201911,전북,진안군,8489,8633,466,590
2019,11,201911,제주,서귀포시,71093,72616,3405,3706
2019,11,201911,제주,제주시,209114,418679,8249,16148
2019,11,201911,충남,계룡시,18693,18810,698,856
2019,11,201911,충남,공주시,38179,39555,1914,2408
2019,11,201911,충남,금산군,18272,19575,1218,1575
2019,11,201911,충남,논산시,42008,43042,2401,2909
2019,11,201911,충남,당진시,71308,71951,2776,3154
2019,11,201911,충남,보령시,36991,37554,1633,1869
2019,11,201911,충남,부여군,21380,21960,1263,1693
2019,11,201911,충남,서산시,69998,71062,2934,3478
2019,11,201911,충남,서천군,18377,18615,848,999
2019,11,201911,충남,아산시,132386,135084,5645,6404
2019,11,201911,충남,예산군,29445,29887,1535,1945
2019,11,201911,충남,천안시,264259,268688,9807,11477
2019,11,201911,충남,청양군,10312,10462,557,667
2019,11,201911,충남,태안군,22151,22411,1150,1282
2019,11,201911,충남,홍성군,37480,37987,1634,1953
2019,11,201911,충북,괴산군,13778,13925,803,903
2019,11,201911,충북,단양군,10143,10327,572,674
2019,11,201911,충북,보은군,10983,11179,653,793
2019,11,201911,충북,영동군,15971,16178,810,944
2019,11,201911,충북,옥천군,17775,18217,932,1072
2019,11,201911,충북,음성군,41388,41731,2303,2554
2019,11,201911,충북,제천시,49865,50785,2082,2339
2019,11,201911,충북,증평군,14867,15043,678,736
2019,11,201911,충북,진천군,36185,36505,1652,1829
2019,11,201911,충북,청주시,334355,344326,11751,14674
2019,11,201911,충북,충주시,82619,86036,3456,4009
2019,12,201912,강원,강릉시,83421,85986,3062,3781
2019,12,201912,강원,고성군,9769,9906,520,601
2019,12,201912,강원,동해시,35391,36188,1506,1692
2019,12,201912,강원,삼척시,24177,24718,954,1157
2019,12,201912,강원,속초시,29501,30492,1351,1578
2019,12,201912,강원,양구군,8279,8368,374,449
2019,12,201912,강원,양양군,10797,10968,484,539
2019,12,201912,강원,영월군,13832,14090,775,927
2019,12,201912,강원,원주시,135326,138449,5090,5876
2019,12,201912,강원,인제군,12290,12493,569,665
2019,12,201912,강원,정선군,13426,13748,723,869
2019,12,201912,강원,철원군,16006,16193,899,987
2019,12,201912,강원,춘천시,105972,108568,3818,4755
2019,12,201912,강원,태백시,15763,16258,772,1000
2019,12,201912,강원,평창군,15955,16348,851,983
2019,12,201912,강원,홍천군,24862,25215,1408,1832
2019,12,201912,강원,화천군,9072,9193,389,524
2019,12,201912,강원,횡성군,16727,17196,928,1054
2019,12,201912,경기,가평군,22119,22462,1362,1662
2019,12,201912,경기,고양시,350654,357927,10918,13102
2019,12,201912,경기,과천시,18412,19211,603,739
2019,12,201912,경기,광명시,87528,89349,3431,4021
2019,12,201912,경기,광주시,147472,148460,5990,8959
2019,12,201912,경기,구리시,58317,59473,2122,2482
2019,12,201912,경기,군포시,84157,85056,2759,2999
2019,12,201912,경기,김포시,167277,169188,5996,7774
2019,12,201912,경기,남양주시,231544,233648,9342,10524
2019,12,201912,경기,동두천시,29624,30396,1563,1686
2019,12,201912,경기,부천시,245654,251949,10330,11851
2019,12,201912,경기,성남시,289307,296609,8745,10770
2019,12,201912,경기,수원시,431057,439562,14730,17679
2019,12,201912,경기,시흥시,183540,185531,7316,7822
2019,12,201912,경기,안산시,232172,236919,11087,13304
2019,12,201912,경기,안성시,76286,77199,3527,4088
2019,12,201912,경기,안양시,173570,177402,5930,7688
2019,12,201912,경기,양주시,79335,80188,4015,4621
2019,12,201912,경기,양평군,44413,44916,1943,2759
2019,12,201912,경기,여주시,44927,45564,2224,3027
2019,12,201912,경기,연천군,16095,16348,894,1085
2019,12,201912,경기,오산시,88112,89298,3405,3946
2019,12,201912,경기,용인시,398605,403280,11447,13744
2019,12,201912,경기,의왕시,53535,54360,1647,1899
2019,12,201912,경기,의정부시,130074,132278,5650,6331
2019,12,201912,경기,이천시,86773,87838,3856,4414
2019,12,201912,경기,파주시,168045,170043,6257,8954
2019,12,201912,경기,평택시,219099,222819,8628,10357
2019,12,201912,경기,포천시,59350,65689,3388,4317
2019,12,201912,경기,하남시,93075,93784,2891,3301
2019,12,201912,경기,화성시,347887,350721,11698,14290
2019,12,201912,경남,거제시,88697,89899,3370,3988
2019,12,201912,경남,거창군,21440,21739,959,1197
2019,12,201912,경남,고성군,17893,18223,901,1055
2019,12,201912,경남,김해시,218052,220670,7498,8280
2019,12,201912,경남,남해군,12612,12879,601,796
2019,12,201912,경남,밀양시,38902,39492,1589,1908
2019,12,201912,경남,사천시,42389,43155,1706,1998
2019,12,201912,경남,산청군,12027,12247,574,682
2019,12,201912,경남,양산시,132550,133680,4947,5967
2019,12,201912,경남,의령군,9244,9370,436,537
2019,12,201912,경남,진주시,128937,131930,4141,5468
2019,12,201912,경남,창녕군,23467,23960,1182,1367
2019,12,201912,경남,창원시,457699,483474,12515,15448
2019,12,201912,경남,통영시,41059,41945,2106,2425
2019,12,201912,경남,하동군,15612,15786,691,797
2019,12,201912,경남,함안군,28963,41069,1224,1687
2019,12,201912,경남,함양군,12013,12273,581,716
2019,12,201912,경남,합천군,14306,14493,675,818
2019,12,201912,경북,경산시,106946,108143,3587,4078
2019,12,201912,경북,경주시,107501,109563,4356,5052
2019,12,201912,경북,고령군,13338,13437,697,770
2019,12,201912,경북,구미시,175618,178373,6328,7241
2019,12,201912,경북,군위군,9029,9105,424,479
2019,12,201912,경북,김천시,52849,53617,2254,2586
2019,12,201912,경북,문경시,24690,25158,1344,1530
2019,12,201912,경북,봉화군,10249,10405,490,573
2019,12,201912,경북,상주시,34060,34629,1759,2095
2019,12,201912,경북,성주군,18201,18538,865,957
2019,12,201912,경북,안동시,58768,59873,2348,2860
2019,12,201912,경북,영덕군,12058,12252,645,748
2019,12,201912,경북,영양군,5492,5574,295,356
2019,12,201912,경북,영주시,38031,38680,1788,2011
2019,12,201912,경북,영천시,40278,40832,1907,2221
2019,12,201912,경북,예천군,19472,19753,790,920
2019,12,201912,경북,울릉군,3572,3928,252,449
2019,12,201912,경북,울진군,18312,18572,727,874
2019,12,201912,경북,의성군,17578,17759,930,1088
2019,12,201912,경북,청도군,16119,16300,690,772
2019,12,201912,경북,청송군,9055,9164,456,562
2019,12,201912,경북,칠곡군,52664,53116,2186,2687
2019,12,201912,경북,포항시,211305,215432,6787,8129
2019,12,201912,광주,광산구,156317,160185,5154,5713
2019,12,201912,광주,남구,77041,78292,2344,2768
2019,12,201912,광주,동구,33881,34597,1159,1391
2019,12,201912,광주,북구,156187,161450,4843,6078
2019,12,201912,광주,서구,121029,126201,3802,4503
2019,12,201912,대구,남구,46602,47788,1691,1981
2019,12,201912,대구,달서구,228043,236350,5993,6898
2019,12,201912,대구,달성군,106094,107875,3284,3919
2019,12,201912,대구,동구,127055,133869,3965,4774
2019,12,201912,대구,북구,161741,164744,4646,5424
2019,12,201912,대구,서구,56011,58380,2119,2450
2019,12,201912,대구,수성구,191764,195253,3876,4758
2019,12,201912,대구,중구,49848,50744,1119,1484
2019,12,201912,대전,대덕구,66797,68891,2754,3311
2019,12,201912,대전,동구,72030,74455,3010,3397
2019,12,201912,대전,서구,177307,182249,5364,5968
2019,12,201912,대전,유성구,152525,155114,3895,4362
2019,12,201912,대전,중구,79862,82937,3304,3989
2019,12,201912,부산,강서구,55562,56783,1890,2170
2019,12,201912,부산,금정구,67765,71189,2695,3380
2019,12,201912,부산,기장군,59320,60214,2357,2923
2019,12,201912,부산,남구,78612,80698,2642,3125
2019,12,201912,부산,동구,41743,43249,1081,1410
2019,12,201912,부산,동래구,77643,79490,2529,3215
2019,12,201912,부산,부산진구,102056,114327,3525,4118
2019,12,201912,부산,북구,84465,86063,2860,3219
2019,12,201912,부산,사상구,65690,68826,2675,3073
2019,12,201912,부산,사하구,90338,94864,3392,3796
2019,12,201912,부산,서구,23290,23736,1079,1134
2019,12,201912,부산,수영구,59138,83105,1751,2488
2019,12,201912,부산,연제구,77590,83627,2054,3125
2019,12,201912,부산,영도구,25600,27097,1183,1526
2019,12,201912,부산,중구,23055,23334,568,678
2019,12,201912,부산,해운대구,145971,156110,3970,4307
2019,12,201912,서울,강남구,197246,213230,5045,5948
2019,12,201912,서울,강동구,113415,119220,4018,4618
2019,12,201912,서울,강북구,60759,63342,2986,3768
2019,12,201912,서울,강서구,162313,175694,5853,7348
2019,12,201912,서울,관악구,99661,102976,4192,4526
2019,12,201912,서울,광진구,79610,83181,2877,3382
2019,12,201912,서울,구로구,110153,120424,5379,6156
2019,12,201912,서울,금천구,66815,69930,3662,4169
2019,12,201912,서울,노원구,126840,133071,4456,5429
2019,12,201912,서울,도봉구,76593,81714,3212,3685
2019,12,201912,서울,동대문구,78232,81208,3476,3647
2019,12,201912,서울,동작구,92000,93256,2980,3164
2019,12,201912,서울,마포구,97366,101540,3340,4133
2019,12,201912,서울,서대문구,71452,75150,2691,3249
2019,12,201912,서울,서초구,151834,159258,3929,4851
2019,12,201912,서울,성동구,82514,89939,2604,5316
2019,12,201912,서울,성북구,100483,103131,3827,5026
2019,12,201912,서울,송파구,199517,206270,5229,6823
2019,12,201912,서울,양천구,123962,128764,4128,4970
2019,12,201912,서울,영등포구,111536,116250,4771,5048
2019,12,201912,서울,용산구,65989,67160,2286,2431
2019,12,201912,서울,은평구,107152,111468,4194,5014
2019,12,201912,서울,종로구,38643,40900,1826,3772
2019,12,201912,서울,중구,38341,41182,2249,3202
2019,12,201912,서울,중랑구,86464,92545,4040,4635
2019,12,201912,세종,세종시,141324,142265,3852,4439
2019,12,201912,울산,남구,131069,134274,3325,4042
2019,12,201912,울산,동구,55138,55789,1506,1692
2019,12,201912,울산,북구,96510,98528,2392,2708
2019,12,201912,울산,울주군,97885,99390,3118,3972
2019,12,201912,울산,중구,87043,88428,2276,2629
2019,12,201912,인천,강화군,23419,70153,1284,3851
2019,12,201912,인천,계양구,93514,275292,4117,8187
2019,12,201912,인천,남동구,216292,250181,6765,8651
2019,12,201912,인천,동구,20597,22362,1078,1186
2019,12,201912,인천,미추홀구,130833,139552,5203,5564
2019,12,201912,인천,부평구,182441,192904,6309,7425
2019,12,201912,인천,서구,196582,201141,7312,8663
2019,12,201912,인천,연수구,162060,166609,3621,4508
2019,12,201912,인천,옹진군,7578,7711,545,651
2019,12,201912,인천,중구,51250,57944,1988,3070
2019,12,201912,전남,강진군,11188,11440,605,789
2019,12,201912,전남,고흥군,18101,18382,1136,1334
2019,12,201912,전남,곡성군,9100,9362,478,584
2019,12,201912,전남,광양시,65650,66396,2508,2847
2019,12,201912,전남,구례군,8629,9025,464,554
2019,12,201912,전남,나주시,44457,45700,2091,2584
2019,12,201912,전남,담양군,17303,17636,870,1172
2019,12,201912,전남,목포시,77913,80567,3418,3996
2019,12,201912,전남,무안군,29322,29663,1481,1730
2019,12,201912,전남,보성군,12863,60379,766,2465
2019,12,201912,전남,순천시,107613,109486,3804,4649
2019,12,201912,전남,신안군,11439,12149,644,824
2019,12,201912,전남,여수시,102267,104718,3932,4784
2019,12,201912,전남,영광군,18336,18564,881,1000
2019,12,201912,전남,영암군,20816,35543,1282,1688
2019,12,201912,전남,완도군,14596,14877,819,986
2019,12,201912,전남,장성군,17507,17734,869,1011
2019,12,201912,전남,장흥군,12305,12466,657,759
2019,12,201912,전남,진도군,9759,9916,577,677
2019,12,201912,전남,함평군,10907,37777,564,1382
2019,12,201912,전남,해남군,22187,22542,1607,1789
2019,12,201912,전남,화순군,22381,22678,1083,2346
2019,12,201912,전북,고창군,18202,18493,1286,1438
2019,12,201912,전북,군산시,104584,107236,3759,4394
2019,12,201912,전북,김제시,29858,30713,1570,1804
2019,12,201912,전북,남원시,26042,30673,1367,1797
2019,12,201912,전북,무주군,7784,7905,502,580
2019,12,201912,전북,부안군,17548,17828,915,1116
2019,12,201912,전북,순창군,8982,9111,469,546
2019,12,201912,전북,완주군,36538,37013,1731,2310
2019,12,201912,전북,익산시,105429,107913,4811,5471
2019,12,201912,전북,임실군,9314,9433,475,597
2019,12,201912,전북,장수군,7112,7210,392,465
2019,12,201912,전북,전주시,268209,274510,8113,9941
2019,12,201912,전북,정읍시,36628,39117,1839,2164
2019,12,201912,전북,진안군,8484,8630,469,595
2019,12,201912,제주,서귀포시,71107,72601,3395,3691
2019,12,201912,제주,제주시,208934,422453,8205,16060
2019,12,201912,충남,계룡시,18627,18744,714,871
2019,12,201912,충남,공주시,38239,39624,1911,2402
2019,12,201912,충남,금산군,18269,19568,1205,1560
2019,12,201912,충남,논산시,41987,43018,2388,2896
2019,12,201912,충남,당진시,71540,72181,2757,3135
2019,12,201912,충남,보령시,37062,37623,1621,1857
2019,12,201912,충남,부여군,21336,21913,1257,1685
2019,12,201912,충남,서산시,70231,71289,2925,3473
2019,12,201912,충남,서천군,18402,18642,845,996
2019,12,201912,충남,아산시,132566,135240,5597,6338
2019,12,201912,충남,예산군,29499,29935,1534,1947
2019,12,201912,충남,천안시,265276,269667,9776,11450
2019,12,201912,충남,청양군,10386,10537,555,665
2019,12,201912,충남,태안군,22221,22480,1141,1271
2019,12,201912,충남,홍성군,37548,38054,1637,1952
2019,12,201912,충북,괴산군,14090,14240,811,911
2019,12,201912,충북,단양군,10152,10335,573,675
2019,12,201912,충북,보은군,10993,11188,649,790
2019,12,201912,충북,영동군,15970,16177,812,947
2019,12,201912,충북,옥천군,17801,18263,912,1053
2019,12,201912,충북,음성군,41506,41846,2285,2537
2019,12,201912,충북,제천시,50008,50924,2080,2336
2019,12,201912,충북,증평군,14909,15083,672,729
2019,12,201912,충북,진천군,36214,36534,1653,1831
2019,12,201912,충북,청주시,334697,344648,11641,14553
2019,12,201912,충북,충주시,82775,86182,3427,3981
2020,1,202001,강원,강릉시,83532,86095,3049,3768
2020,1,202001,강원,고성군,9776,9915,523,604
2020,1,202001,강원,동해시,35460,36263,1506,1691
2020,1,202001,강원,삼척시,24182,24730,965,1169
2020,1,202001,강원,속초시,29608,30598,1350,1577
2020,1,202001,강원,양구군,8221,8310,373,448
2020,1,202001,강원,양양군,10834,11004,485,540
2020,1,202001,강원,영월군,13911,14170,780,930
2020,1,202001,강원,원주시,136131,139241,5103,5890
2020,1,202001,강원,인제군,12319,12522,564,660
2020,1,202001,강원,정선군,13442,13763,719,866
2020,1,202001,강원,철원군,16020,16207,896,987
2020,1,202001,강원,춘천시,106325,108929,3810,4740
2020,1,202001,강원,태백시,15778,16276,771,999
2020,1,202001,강원,평창군,15997,16387,851,984
2020,1,202001,강원,홍천군,24900,25255,1412,1837
2020,1,202001,강원,화천군,9069,9189,381,517
2020,1,202001,강원,횡성군,16755,17226,926,1051
2020,1,202001,경기,가평군,22166,22501,1358,1660
2020,1,202001,경기,고양시,351798,359049,10877,13065
2020,1,202001,경기,과천시,18460,19260,601,738
2020,1,202001,경기,광명시,87573,89392,3395,3987
2020,1,202001,경기,광주시,147898,148926,5962,8920
2020,1,202001,경기,구리시,58356,59507,2128,2500
2020,1,202001,경기,군포시,84438,85333,2769,3007
2020,1,202001,경기,김포시,167681,169644,6012,7785
2020,1,202001,경기,남양주시,232528,234649,9312,10501
2020,1,202001,경기,동두천시,29751,30524,1565,1687
2020,1,202001,경기,부천시,245624,251929,10287,11812
2020,1,202001,경기,성남시,289798,297025,8713,10741
2020,1,202001,경기,수원시,430685,439168,14717,17675
2020,1,202001,경기,시흥시,184573,186563,7295,7802
2020,1,202001,경기,안산시,232348,237084,11037,13251
2020,1,202001,경기,안성시,76392,77306,3508,4072
2020,1,202001,경기,안양시,173451,177283,5898,7658
2020,1,202001,경기,양주시,79469,80318,4015,4619
2020,1,202001,경기,양평군,44544,45044,1948,2758
2020,1,202001,경기,여주시,45074,45805,2232,3040
2020,1,202001,경기,연천군,16112,16365,897,1088
2020,1,202001,경기,오산시,88242,89410,3399,3939
2020,1,202001,경기,용인시,399763,404506,11420,13738
2020,1,202001,경기,의왕시,54084,54904,1647,1903
2020,1,202001,경기,의정부시,130397,132591,5655,6326
2020,1,202001,경기,이천시,87008,88073,3854,4415
2020,1,202001,경기,파주시,168499,170469,6237,8941
2020,1,202001,경기,평택시,220572,224234,8658,10396
2020,1,202001,경기,포천시,59665,65847,3403,4332
2020,1,202001,경기,하남시,93570,94290,2892,3313
2020,1,202001,경기,화성시,349713,352592,11675,14310
2020,1,202001,경남,거제시,88902,90098,3374,3997
2020,1,202001,경남,거창군,21521,21820,960,1203
2020,1,202001,경남,고성군,17930,18258,903,1057
2020,1,202001,경남,김해시,218714,221333,7517,8338
2020,1,202001,경남,남해군,12657,12924,604,800
2020,1,202001,경남,밀양시,39036,39626,1588,1912
2020,1,202001,경남,사천시,42498,43273,1706,2006
2020,1,202001,경남,산청군,12052,12280,573,682
2020,1,202001,경남,양산시,133033,134153,4950,5943
2020,1,202001,경남,의령군,9274,9400,434,535
2020,1,202001,경남,진주시,129390,132368,4155,5482
2020,1,202001,경남,창녕군,23493,23987,1172,1355
2020,1,202001,경남,창원시,458347,484919,12502,15412
2020,1,202001,경남,통영시,41162,42049,2095,2411
2020,1,202001,경남,하동군,15601,15775,690,796
2020,1,202001,경남,함안군,28952,41320,1217,1677
2020,1,202001,경남,함양군,12039,12286,587,724
2020,1,202001,경남,합천군,14305,14491,680,822
2020,1,202001,경북,경산시,107295,108497,3580,4072
2020,1,202001,경북,경주시,107831,109900,4367,5068
2020,1,202001,경북,고령군,13371,13469,697,770
2020,1,202001,경북,구미시,176162,178911,6342,7256
2020,1,202001,경북,군위군,9062,9138,425,480
2020,1,202001,경북,김천시,52926,53691,2245,2581
2020,1,202001,경북,문경시,24628,25100,1340,1528
2020,1,202001,경북,봉화군,10281,10437,494,577
2020,1,202001,경북,상주시,33966,34537,1759,2096
2020,1,202001,경북,성주군,18287,18629,870,960
2020,1,202001,경북,안동시,58943,60045,2336,2845
2020,1,202001,경북,영덕군,12082,12288,647,750
2020,1,202001,경북,영양군,5507,5589,300,362
2020,1,202001,경북,영주시,38096,38744,1786,2010
2020,1,202001,경북,영천시,40249,40803,1901,2213
2020,1,202001,경북,예천군,19603,19884,798,928
2020,1,202001,경북,울릉군,3570,3926,255,452
2020,1,202001,경북,울진군,18337,18596,728,875
2020,1,202001,경북,의성군,17643,17822,935,1096
2020,1,202001,경북,청도군,16194,16374,693,776
2020,1,202001,경북,청송군,9118,9227,452,557
2020,1,202001,경북,칠곡군,52746,53193,2181,2682
2020,1,202001,경북,포항시,211807,215946,6768,8121
2020,1,202001,광주,광산구,156896,160768,5154,5713
2020,1,202001,광주,남구,77357,78615,2352,2779
2020,1,202001,광주,동구,33955,34663,1153,1380
2020,1,202001,광주,북구,156543,161724,4823,6053
2020,1,202001,광주,서구,121107,126222,3823,4519
2020,1,202001,대구,남구,46701,47878,1683,1971
2020,1,202001,대구,달서구,228757,237095,5974,6880
2020,1,202001,대구,달성군,106468,108243,3316,3952
2020,1,202001,대구,동구,127076,133822,3947,4744
2020,1,202001,대구,북구,161938,164941,4627,5409
2020,1,202001,대구,서구,55761,58140,2102,2432
2020,1,202001,대구,수성구,191979,195571,3867,4732
2020,1,202001,대구,중구,49721,50614,1117,1507
2020,1,202001,대전,대덕구,66906,69003,2759,3361
2020,1,202001,대전,동구,72137,74551,3021,3403
2020,1,202001,대전,서구,177641,182594,5346,5953
2020,1,202001,대전,유성구,153069,155662,3881,4301
2020,1,202001,대전,중구,79971,83029,3290,3978
2020,1,202001,부산,강서구,56078,57299,1896,2174
2020,1,202001,부산,금정구,67650,71116,2688,3377
2020,1,202001,부산,기장군,59416,60308,2370,2936
2020,1,202001,부산,남구,78510,80599,2628,3112
2020,1,202001,부산,동구,41815,43244,1084,1417
2020,1,202001,부산,동래구,77849,79674,2520,3207
2020,1,202001,부산,부산진구,101958,114469,3517,4115
2020,1,202001,부산,북구,84648,86224,2843,3202
2020,1,202001,부산,사상구,65585,68730,2658,3061
2020,1,202001,부산,사하구,90387,94906,3399,3800
2020,1,202001,부산,서구,23284,23729,1084,1138
2020,1,202001,부산,수영구,59145,83496,1730,2473
2020,1,202001,부산,연제구,77575,83732,2049,3121
2020,1,202001,부산,영도구,25612,27105,1172,1517
2020,1,202001,부산,중구,23327,23605,562,672
2020,1,202001,부산,해운대구,146220,156309,3958,4296
2020,1,202001,서울,강남구,197385,213444,5028,5906
2020,1,202001,서울,강동구,114960,120775,4033,4637
2020,1,202001,서울,강북구,60806,63397,2959,3741
2020,1,202001,서울,강서구,162274,175762,5826,7365
2020,1,202001,서울,관악구,99705,103013,4177,4510
2020,1,202001,서울,광진구,79628,83209,2852,3352
2020,1,202001,서울,구로구,110503,120824,5363,6132
2020,1,202001,서울,금천구,66971,70090,3638,4146
2020,1,202001,서울,노원구,127175,133355,4458,5430
2020,1,202001,서울,도봉구,76547,81595,3210,3681
2020,1,202001,서울,동대문구,78345,81306,3458,3628
2020,1,202001,서울,동작구,91899,93154,2967,3150
2020,1,202001,서울,마포구,97512,101705,3322,4113
2020,1,202001,서울,서대문구,71816,75509,2689,3250
2020,1,202001,서울,서초구,151885,159303,3923,4845
2020,1,202001,서울,성동구,82418,89820,2585,5286
2020,1,202001,서울,성북구,100693,103189,3806,5004
2020,1,202001,서울,송파구,199696,206484,5227,6825
2020,1,202001,서울,양천구,124017,128883,4113,4955
2020,1,202001,서울,영등포구,111374,116055,4743,4988
2020,1,202001,서울,용산구,66105,67255,2294,2441
2020,1,202001,서울,은평구,107125,111492,4185,5011
2020,1,202001,서울,종로구,38692,40940,1828,3778
2020,1,202001,서울,중구,38317,40841,2254,3207
2020,1,202001,서울,중랑구,86432,92513,4027,4624
2020,1,202001,세종,세종시,142372,143316,3861,4463
2020,1,202001,울산,남구,131367,134539,3333,4050
2020,1,202001,울산,동구,55186,55856,1513,1699
2020,1,202001,울산,북구,97031,99022,2391,2708
2020,1,202001,울산,울주군,97984,99405,3104,3954
2020,1,202001,울산,중구,87101,88491,2274,2620
2020,1,202001,인천,강화군,23494,69709,1281,3808
2020,1,202001,인천,계양구,93522,276011,4109,8135
2020,1,202001,인천,남동구,216918,250479,6733,8614
2020,1,202001,인천,동구,20755,22656,1075,1181
2020,1,202001,인천,미추홀구,131329,139674,5184,5478
2020,1,202001,인천,부평구,182301,193108,6278,7345
2020,1,202001,인천,서구,196809,201394,7320,8785
2020,1,202001,인천,연수구,162564,167043,3629,4564
2020,1,202001,인천,옹진군,7595,7730,538,644
2020,1,202001,인천,중구,51582,58172,2000,3029
2020,1,202001,전남,강진군,11256,11506,602,786
2020,1,202001,전남,고흥군,18147,18425,1138,1337
2020,1,202001,전남,곡성군,9127,9388,474,581
2020,1,202001,전남,광양시,64556,65307,2469,2812
2020,1,202001,전남,구례군,8536,8934,465,555
2020,1,202001,전남,나주시,44593,45830,2105,2597
2020,1,202001,전남,담양군,17299,17626,874,1175
2020,1,202001,전남,목포시,78208,80867,3413,3989
2020,1,202001,전남,무안군,29495,29831,1484,1732
2020,1,202001,전남,보성군,12893,52233,769,1957
2020,1,202001,전남,순천시,108529,110398,3799,4637
2020,1,202001,전남,신안군,11468,27534,642,1531
2020,1,202001,전남,여수시,102396,104849,3936,4778
2020,1,202001,전남,영광군,18375,18601,884,1002
2020,1,202001,전남,영암군,20861,33420,1280,1630
2020,1,202001,전남,완도군,14660,14939,823,990
2020,1,202001,전남,장성군,17514,17739,865,1007
2020,1,202001,전남,장흥군,12344,12505,652,754
2020,1,202001,전남,진도군,9796,9952,581,682
2020,1,202001,전남,함평군,10955,35849,567,1247
2020,1,202001,전남,해남군,22197,22550,1608,1789
2020,1,202001,전남,화순군,22488,22783,1090,2363
2020,1,202001,전북,고창군,18319,18609,1292,1443
2020,1,202001,전북,군산시,104724,107374,3767,4399
2020,1,202001,전북,김제시,29948,30815,1581,1805
2020,1,202001,전북,남원시,26181,30808,1362,1791
2020,1,202001,전북,무주군,7800,7921,497,574
2020,1,202001,전북,부안군,17586,17866,909,1112
2020,1,202001,전북,순창군,9029,9160,470,549
2020,1,202001,전북,완주군,36660,37133,1720,2313
2020,1,202001,전북,익산시,105656,108137,4815,5470
2020,1,202001,전북,임실군,9166,9286,469,590
2020,1,202001,전북,장수군,7128,7228,393,464
2020,1,202001,전북,전주시,268758,275047,8135,9954
2020,1,202001,전북,정읍시,36701,39151,1829,2151
2020,1,202001,전북,진안군,8540,8686,473,604
2020,1,202001,제주,서귀포시,71129,72618,3369,3662
2020,1,202001,제주,제주시,208445,426241,8175,16085
2020,1,202001,충남,계룡시,18597,18714,714,869
2020,1,202001,충남,공주시,38306,39682,1903,2387
2020,1,202001,충남,금산군,18489,19814,1213,1568
2020,1,202001,충남,논산시,42170,43195,2379,2885
2020,1,202001,충남,당진시,71759,72404,2754,3133
2020,1,202001,충남,보령시,37057,37618,1630,1865
2020,1,202001,충남,부여군,21425,22004,1254,1680
2020,1,202001,충남,서산시,70518,71575,2924,3468
2020,1,202001,충남,서천군,18435,18673,845,996
2020,1,202001,충남,아산시,132883,135515,5558,6298
2020,1,202001,충남,예산군,29575,30011,1536,1948
2020,1,202001,충남,천안시,266358,270731,9772,11430
2020,1,202001,충남,청양군,10395,10546,556,675
2020,1,202001,충남,태안군,22305,22566,1147,1276
2020,1,202001,충남,홍성군,37685,38190,1633,1948
2020,1,202001,충북,괴산군,13887,14041,803,903
2020,1,202001,충북,단양군,10169,10352,566,667
2020,1,202001,충북,보은군,11022,11216,653,793
2020,1,202001,충북,영동군,15999,16207,816,950
2020,1,202001,충북,옥천군,17865,18328,912,1053
2020,1,202001,충북,음성군,41654,41994,2291,2544
2020,1,202001,충북,제천시,49902,50816,2055,2309
2020,1,202001,충북,증평군,14990,15162,668,725
2020,1,202001,충북,진천군,36424,36744,1640,1819
2020,1,202001,충북,청주시,335524,345553,11572,14486
2020,1,202001,충북,충주시,83101,86490,3427,3986
2020,2,202002,강원,강릉시,83620,86140,3055,3783
2020,2,202002,강원,고성군,9754,9892,521,605
2020,2,202002,강원,동해시,35385,36182,1493,1677
2020,2,202002,강원,삼척시,24168,24718,967,1171
2020,2,202002,강원,속초시,29638,30622,1349,1580
2020,2,202002,강원,양구군,8166,8251,366,442
2020,2,202002,강원,양양군,10870,11037,480,532
2020,2,202002,강원,영월군,13914,14171,782,932
2020,2,202002,강원,원주시,136733,139839,5113,5901
2020,2,202002,강원,인제군,12350,12550,564,660
2020,2,202002,강원,정선군,13405,13722,718,864
2020,2,202002,강원,철원군,15978,16161,891,982
2020,2,202002,강원,춘천시,106606,109216,3804,4733
2020,2,202002,강원,태백시,15760,16253,770,997
2020,2,202002,강원,평창군,15968,16350,857,989
2020,2,202002,강원,홍천군,24889,25237,1410,1828
2020,2,202002,강원,화천군,9031,9150,376,511
2020,2,202002,강원,횡성군,16901,17377,920,1045
2020,2,202002,경기,가평군,22202,22539,1340,1645
2020,2,202002,경기,고양시,352556,359666,10826,12983
2020,2,202002,경기,과천시,18439,19237,597,733
2020,2,202002,경기,광명시,87735,89541,3354,3942
2020,2,202002,경기,광주시,147913,148949,5930,8935
2020,2,202002,경기,구리시,58313,59487,2108,2483
2020,2,202002,경기,군포시,84394,85299,2747,2988
2020,2,202002,경기,김포시,167921,169865,5946,7698
2020,2,202002,경기,남양주시,232973,235167,9261,10469
2020,2,202002,경기,동두천시,29635,30417,1540,1663
2020,2,202002,경기,부천시,244797,251062,10203,11728
2020,2,202002,경기,성남시,289627,296800,8632,10654
2020,2,202002,경기,수원시,429248,437692,14624,17568
2020,2,202002,경기,시흥시,184888,186864,7250,7761
2020,2,202002,경기,안산시,232591,237276,10972,13166
2020,2,202002,경기,안성시,76500,77427,3493,4056
2020,2,202002,경기,안양시,172624,176391,5859,7614
2020,2,202002,경기,양주시,79531,80377,3982,4582
2020,2,202002,경기,양평군,44564,45062,1946,2753
2020,2,202002,경기,여주시,45075,45779,2226,3031
2020,2,202002,경기,연천군,16056,16306,893,1083
2020,2,202002,경기,오산시,88276,89445,3366,3904
2020,2,202002,경기,용인시,400385,405114,11452,13803
2020,2,202002,경기,의왕시,54812,55628,1661,1923
2020,2,202002,경기,의정부시,130688,132896,5598,6270
2020,2,202002,경기,이천시,87047,88132,3848,4418
2020,2,202002,경기,파주시,168341,170310,6211,8921
2020,2,202002,경기,평택시,221645,225316,8608,10356
2020,2,202002,경기,포천시,59450,65496,3384,4302
2020,2,202002,경기,하남시,94207,94921,2910,3333
2020,2,202002,경기,화성시,351263,354137,11605,14249
2020,2,202002,경남,거제시,88937,90148,3371,3988
2020,2,202002,경남,거창군,21561,21861,960,1206
2020,2,202002,경남,고성군,17934,18261,901,1055
2020,2,202002,경남,김해시,219226,221853,7532,8366
2020,2,202002,경남,남해군,12644,12909,603,793
2020,2,202002,경남,밀양시,39158,39739,1589,1912
2020,2,202002,경남,사천시,42596,43365,1717,2018
2020,2,202002,경남,산청군,12071,12297,571,685
2020,2,202002,경남,양산시,133368,134493,4978,5968
2020,2,202002,경남,의령군,9300,9426,440,545
2020,2,202002,경남,진주시,129659,132638,4148,5466
2020,2,202002,경남,창녕군,23518,24009,1158,1338
2020,2,202002,경남,창원시,458942,486122,12469,15358
2020,2,202002,경남,통영시,41161,42043,2088,2404
2020,2,202002,경남,하동군,15552,15725,685,792
2020,2,202002,경남,함안군,28916,41709,1221,1685
2020,2,202002,경남,함양군,12079,12325,587,724
2020,2,202002,경남,합천군,14307,14497,683,818
2020,2,202002,경북,경산시,107491,108696,3580,4072
2020,2,202002,경북,경주시,107854,109898,4366,5061
2020,2,202002,경북,고령군,13348,13446,697,770
2020,2,202002,경북,구미시,176379,179116,6330,7236
2020,2,202002,경북,군위군,9083,9159,420,475
2020,2,202002,경북,김천시,53009,53767,2250,2586
2020,2,202002,경북,문경시,24669,25142,1333,1522
2020,2,202002,경북,봉화군,10308,10463,491,574
2020,2,202002,경북,상주시,33932,34501,1757,2096
2020,2,202002,경북,성주군,18291,18627,868,958
2020,2,202002,경북,안동시,58927,60016,2317,2831
2020,2,202002,경북,영덕군,12074,12280,653,759
2020,2,202002,경북,영양군,5504,5587,296,359
2020,2,202002,경북,영주시,38180,38829,1785,2009
2020,2,202002,경북,영천시,40348,40902,1914,2226
2020,2,202002,경북,예천군,19785,20066,800,929
2020,2,202002,경북,울릉군,3544,3901,257,451
2020,2,202002,경북,울진군,18309,18568,722,870
2020,2,202002,경북,의성군,17637,17816,936,1097
2020,2,202002,경북,청도군,16221,16402,696,779
2020,2,202002,경북,청송군,9160,9269,455,562
2020,2,202002,경북,칠곡군,52726,53172,2175,2677
2020,2,202002,경북,포항시,212046,216149,6784,8111
2020,2,202002,광주,광산구,157261,161134,5135,5691
2020,2,202002,광주,남구,77397,78649,2358,2785
2020,2,202002,광주,동구,34044,34744,1155,1380
2020,2,202002,광주,북구,156793,161894,4805,6037
2020,2,202002,광주,서구,120878,126028,3819,4497
2020,2,202002,대구,남구,46792,47967,1677,1966
2020,2,202002,대구,달서구,229114,237420,5940,6843
2020,2,202002,대구,달성군,106439,108214,3314,3949
2020,2,202002,대구,동구,126729,133363,3948,4741
2020,2,202002,대구,북구,161956,164956,4599,5381
2020,2,202002,대구,서구,55837,58244,2108,2444
2020,2,202002,대구,수성구,192041,195578,3840,4688
2020,2,202002,대구,중구,49984,50872,1112,1507
2020,2,202002,대전,대덕구,66868,68969,2764,3365
2020,2,202002,대전,동구,71989,74383,3013,3390
2020,2,202002,대전,서구,178003,182925,5358,5975
2020,2,202002,대전,유성구,153431,156006,3892,4312
2020,2,202002,대전,중구,79891,82934,3283,3962
2020,2,202002,부산,강서구,56318,57483,1893,2164
2020,2,202002,부산,금정구,67554,71015,2666,3345
2020,2,202002,부산,기장군,60049,60950,2379,2945
2020,2,202002,부산,남구,78175,80254,2614,3103
2020,2,202002,부산,동구,41983,43395,1084,1397
2020,2,202002,부산,동래구,77925,79690,2515,3215
2020,2,202002,부산,부산진구,101752,115112,3503,4104
2020,2,202002,부산,북구,84507,86067,2834,3194
2020,2,202002,부산,사상구,65424,68583,2676,3078
2020,2,202002,부산,사하구,90180,94677,3379,3783
2020,2,202002,부산,서구,23246,23686,1077,1132
2020,2,202002,부산,수영구,59494,84417,1728,2467
2020,2,202002,부산,연제구,77658,83888,2040,3116
2020,2,202002,부산,영도구,25536,27025,1168,1512
2020,2,202002,부산,중구,23569,23847,560,670
2020,2,202002,부산,해운대구,146193,156296,3965,4310
2020,2,202002,서울,강남구,197571,213275,5011,5871
2020,2,202002,서울,강동구,117027,122818,4026,4634
2020,2,202002,서울,강북구,60706,63285,2962,3743
2020,2,202002,서울,강서구,161457,174965,5774,7294
2020,2,202002,서울,관악구,99323,102620,4147,4480
2020,2,202002,서울,광진구,79421,83001,2839,3334
2020,2,202002,서울,구로구,110284,120145,5326,6049
2020,2,202002,서울,금천구,66828,69929,3596,4116
2020,2,202002,서울,노원구,126960,133196,4421,5392
2020,2,202002,서울,도봉구,76248,81227,3199,3668
2020,2,202002,서울,동대문구,78191,81141,3427,3599
2020,2,202002,서울,동작구,91638,92897,2938,3121
2020,2,202002,서울,마포구,97631,101788,3307,4100
2020,2,202002,서울,서대문구,72112,75785,2674,3230
2020,2,202002,서울,서초구,151859,159251,3904,4815
2020,2,202002,서울,성동구,81951,89474,2585,5284
2020,2,202002,서울,성북구,100466,102957,3787,4986
2020,2,202002,서울,송파구,199337,206228,5164,6758
2020,2,202002,서울,양천구,123833,128676,4083,4925
2020,2,202002,서울,영등포구,111859,116626,4735,4981
2020,2,202002,서울,용산구,66145,67112,2282,2423
2020,2,202002,서울,은평구,106821,111187,4132,4966
2020,2,202002,서울,종로구,38666,40922,1824,3773
2020,2,202002,서울,중구,38308,40775,2235,3211
2020,2,202002,서울,중랑구,86215,92242,4020,4611
2020,2,202002,세종,세종시,143307,144252,3874,4471
2020,2,202002,울산,남구,131625,134841,3315,4033
2020,2,202002,울산,동구,55113,55777,1510,1696
2020,2,202002,울산,북구,97102,99071,2409,2730
2020,2,202002,울산,울주군,97922,99318,3081,3928
2020,2,202002,울산,중구,86926,88318,2277,2622
2020,2,202002,인천,강화군,23476,68953,1280,3759
2020,2,202002,인천,계양구,93151,275049,4076,8071
2020,2,202002,인천,남동구,216929,250251,6684,8564
2020,2,202002,인천,동구,20526,22499,1058,1161
2020,2,202002,인천,미추홀구,131219,139215,5155,5447
2020,2,202002,인천,부평구,182073,193351,6241,7313
2020,2,202002,인천,서구,196424,200961,7331,8801
2020,2,202002,인천,연수구,163612,168138,3606,4540
2020,2,202002,인천,옹진군,7613,7749,537,643
2020,2,202002,인천,중구,51841,58423,1990,3020
2020,2,202002,전남,강진군,11238,11493,604,778
2020,2,202002,전남,고흥군,18193,18473,1139,1340
2020,2,202002,전남,곡성군,9134,9392,472,579
2020,2,202002,전남,광양시,64289,65033,2452,2800
2020,2,202002,전남,구례군,8539,8932,467,555
2020,2,202002,전남,나주시,44696,45911,2099,2594
2020,2,202002,전남,담양군,17352,17678,881,1180
2020,2,202002,전남,목포시,78167,80750,3413,3988
2020,2,202002,전남,무안군,29670,30008,1501,1748
2020,2,202002,전남,보성군,12925,50825,780,1912
2020,2,202002,전남,순천시,108815,110696,3793,4629
2020,2,202002,전남,신안군,11514,29821,645,1577
2020,2,202002,전남,여수시,102665,105106,3935,4776
2020,2,202002,전남,영광군,18349,18573,872,990
2020,2,202002,전남,영암군,20867,33047,1289,1626
2020,2,202002,전남,완도군,14687,14965,825,993
2020,2,202002,전남,장성군,17555,17780,868,1009
2020,2,202002,전남,장흥군,12336,12497,648,752
2020,2,202002,전남,진도군,9824,9978,574,674
2020,2,202002,전남,함평군,10970,35309,567,1248
2020,2,202002,전남,해남군,22184,22536,1604,1779
2020,2,202002,전남,화순군,22483,22779,1078,2351
2020,2,202002,전북,고창군,18275,18561,1290,1439
2020,2,202002,전북,군산시,104665,107289,3761,4396
2020,2,202002,전북,김제시,30009,30867,1587,1808
2020,2,202002,전북,남원시,26298,30821,1364,1787
2020,2,202002,전북,무주군,7818,7939,493,565
2020,2,202002,전북,부안군,17619,17898,908,1108
2020,2,202002,전북,순창군,9034,9165,473,548
2020,2,202002,전북,완주군,36744,37215,1714,2307
2020,2,202002,전북,익산시,105503,107949,4822,5472
2020,2,202002,전북,임실군,9086,9206,463,584
2020,2,202002,전북,장수군,7148,7249,396,465
2020,2,202002,전북,전주시,269300,275539,8164,10004
2020,2,202002,전북,정읍시,36789,39301,1833,2153
2020,2,202002,전북,진안군,8538,8684,472,597
2020,2,202002,제주,서귀포시,71147,72630,3366,3657
2020,2,202002,제주,제주시,208833,428329,8140,15997
2020,2,202002,충남,계룡시,18649,18766,706,861
2020,2,202002,충남,공주시,38391,39773,1910,2389
2020,2,202002,충남,금산군,18459,19800,1220,1574
2020,2,202002,충남,논산시,42230,43252,2370,2874
2020,2,202002,충남,당진시,71758,72402,2756,3135
2020,2,202002,충남,보령시,37219,37781,1636,1873
2020,2,202002,충남,부여군,21471,22045,1257,1688
2020,2,202002,충남,서산시,70692,71741,2908,3449
2020,2,202002,충남,서천군,18435,18674,841,991
2020,2,202002,충남,아산시,132881,135494,5567,6308
2020,2,202002,충남,예산군,29564,30002,1522,1936
2020,2,202002,충남,천안시,267146,271498,9809,11454
2020,2,202002,충남,청양군,10334,10485,553,671
2020,2,202002,충남,태안군,22307,22567,1148,1272
2020,2,202002,충남,홍성군,37749,38255,1635,1951
2020,2,202002,충북,괴산군,13846,14000,807,907
2020,2,202002,충북,단양군,10134,10320,562,671
2020,2,202002,충북,보은군,11028,11222,652,792
2020,2,202002,충북,영동군,15979,16187,816,950
2020,2,202002,충북,옥천군,17857,18313,920,1061
2020,2,202002,충북,음성군,41660,42000,2297,2551
2020,2,202002,충북,제천시,49982,50890,2054,2307
2020,2,202002,충북,증평군,15011,15183,668,726
2020,2,202002,충북,진천군,36583,36904,1622,1802
2020,2,202002,충북,청주시,336488,346390,11543,14447
2020,2,202002,충북,충주시,83288,86651,3429,3985
2020,3,202003,강원,강릉시,83902,86460,3071,3796
2020,3,202003,강원,고성군,9781,9919,517,599
2020,3,202003,강원,동해시,35526,36319,1494,1680
2020,3,202003,강원,삼척시,24140,24696,958,1159
2020,3,202003,강원,속초시,29735,30718,1341,1568
2020,3,202003,강원,양구군,8171,8258,368,443
2020,3,202003,강원,양양군,10902,11069,474,527
2020,3,202003,강원,영월군,13939,14198,776,925
2020,3,202003,강원,원주시,136997,140109,5073,5857
2020,3,202003,강원,인제군,12362,12559,564,660
2020,3,202003,강원,정선군,13428,13751,712,861
2020,3,202003,강원,철원군,15950,16142,883,974
2020,3,202003,강원,춘천시,106872,109459,3775,4691
2020,3,202003,강원,태백시,15764,16225,745,966
2020,3,202003,강원,평창군,16038,16416,855,986
2020,3,202003,강원,홍천군,24920,25266,1414,1835
2020,3,202003,강원,화천군,9040,9159,368,501
2020,3,202003,강원,횡성군,16933,17403,908,1031
2020,3,202003,경기,가평군,22231,22567,1342,1649
2020,3,202003,경기,고양시,353894,360915,10780,12933
2020,3,202003,경기,과천시,18501,19293,592,728
2020,3,202003,경기,광명시,88142,89912,3338,3926
2020,3,202003,경기,광주시,148844,149863,5927,8916
2020,3,202003,경기,구리시,58510,59677,2103,2485
2020,3,202003,경기,군포시,84578,85479,2742,2981
2020,3,202003,경기,김포시,169741,171701,5965,7708
2020,3,202003,경기,남양주시,233813,236002,9206,10420
2020,3,202003,경기,동두천시,29629,30389,1535,1658
2020,3,202003,경기,부천시,245511,251658,10156,11656
2020,3,202003,경기,성남시,290146,297283,8583,10620
2020,3,202003,경기,수원시,432339,440697,14702,17619
2020,3,202003,경기,시흥시,185397,187375,7197,7709
2020,3,202003,경기,안산시,234335,238959,10997,13183
2020,3,202003,경기,안성시,76883,77806,3499,4061
2020,3,202003,경기,안양시,172742,176463,5798,7549
2020,3,202003,경기,양주시,80204,81044,3975,4588
2020,3,202003,경기,양평군,44690,45182,1937,2731
2020,3,202003,경기,여주시,45140,45838,2217,3034
2020,3,202003,경기,연천군,16098,16344,882,1082
2020,3,202003,경기,오산시,89036,90182,3341,3884
2020,3,202003,경기,용인시,401889,406597,11424,13769
2020,3,202003,경기,의왕시,55239,56024,1654,1926
2020,3,202003,경기,의정부시,131239,133433,5588,6268
2020,3,202003,경기,이천시,87437,88497,3823,4408
2020,3,202003,경기,파주시,168923,170820,6184,8899
2020,3,202003,경기,평택시,222825,226461,8607,10376
2020,3,202003,경기,포천시,59699,65651,3366,4282
2020,3,202003,경기,하남시,94924,95648,2888,3311
2020,3,202003,경기,화성시,353916,356807,11634,14322
2020,3,202003,경남,거제시,88934,90126,3357,3971
2020,3,202003,경남,거창군,21539,21840,950,1195
2020,3,202003,경남,고성군,17934,18254,903,1054
2020,3,202003,경남,김해시,219658,222257,7484,8308
2020,3,202003,경남,남해군,12657,12922,592,781
2020,3,202003,경남,밀양시,39189,39771,1593,1914
2020,3,202003,경남,사천시,42645,43418,1704,2007
2020,3,202003,경남,산청군,12097,12323,572,686
2020,3,202003,경남,양산시,133834,134959,4956,5945
2020,3,202003,경남,의령군,9298,9424,431,535
2020,3,202003,경남,진주시,130017,132987,4124,5442
2020,3,202003,경남,창녕군,23492,23983,1150,1335
2020,3,202003,경남,창원시,459557,487540,12428,15302
2020,3,202003,경남,통영시,41131,42021,2066,2384
2020,3,202003,경남,하동군,15515,15684,674,779
2020,3,202003,경남,함안군,28856,42399,1213,1675
2020,3,202003,경남,함양군,12078,12321,583,723
2020,3,202003,경남,합천군,14325,14515,674,807
2020,3,202003,경북,경산시,107691,108872,3564,4053
2020,3,202003,경북,경주시,107889,109952,4318,5010
2020,3,202003,경북,고령군,13289,13384,693,766
2020,3,202003,경북,구미시,176568,179309,6291,7202
2020,3,202003,경북,군위군,9009,9090,412,469
2020,3,202003,경북,김천시,53066,53824,2245,2582
2020,3,202003,경북,문경시,24606,25079,1347,1536
2020,3,202003,경북,봉화군,10319,10470,491,570
2020,3,202003,경북,상주시,33931,34494,1749,2092
2020,3,202003,경북,성주군,18245,18575,860,949
2020,3,202003,경북,안동시,59042,60115,2313,2814
2020,3,202003,경북,영덕군,12046,12245,649,753
2020,3,202003,경북,영양군,5507,5590,294,357
2020,3,202003,경북,영주시,38179,38827,1784,2009
2020,3,202003,경북,영천시,40324,40890,1908,2222
2020,3,202003,경북,예천군,19826,20104,800,932
2020,3,202003,경북,울릉군,3490,3845,255,456
2020,3,202003,경북,울진군,18346,18605,718,864
2020,3,202003,경북,의성군,17572,17745,919,1081
2020,3,202003,경북,청도군,16178,16359,696,780
2020,3,202003,경북,청송군,9150,9258,453,560
2020,3,202003,경북,칠곡군,52687,53116,2182,2675
2020,3,202003,경북,포항시,212208,216280,6737,8055
2020,3,202003,광주,광산구,157973,161778,5134,5669
2020,3,202003,광주,남구,77574,78819,2351,2777
2020,3,202003,광주,동구,34167,34869,1158,1382
2020,3,202003,광주,북구,157316,162326,4766,5995
2020,3,202003,광주,서구,121501,126646,3873,4547
2020,3,202003,대구,남구,46878,48046,1672,1959
2020,3,202003,대구,달서구,230110,238456,5927,6841
2020,3,202003,대구,달성군,106735,108508,3330,3969
2020,3,202003,대구,동구,127292,133592,3972,4759
2020,3,202003,대구,북구,162488,165218,4597,5346
2020,3,202003,대구,서구,55874,58261,2116,2446
2020,3,202003,대구,수성구,192556,196046,3822,4665
2020,3,202003,대구,중구,48919,50331,1108,1537
2020,3,202003,대전,대덕구,67156,69252,2772,3373
2020,3,202003,대전,동구,72071,74429,3004,3379
2020,3,202003,대전,서구,178536,183378,5329,5944
2020,3,202003,대전,유성구,154636,157136,3927,4345
2020,3,202003,대전,중구,79948,82980,3259,3943
2020,3,202003,부산,강서구,56576,57735,1879,2149
2020,3,202003,부산,금정구,67425,70860,2651,3321
2020,3,202003,부산,기장군,60632,61534,2384,2952
2020,3,202003,부산,남구,78234,80302,2599,3086
2020,3,202003,부산,동구,40830,42260,1080,1379
2020,3,202003,부산,동래구,78368,80118,2481,3183
2020,3,202003,부산,부산진구,101650,115393,3466,4069
2020,3,202003,부산,북구,84418,85969,2796,3156
2020,3,202003,부산,사상구,65646,68796,2674,3076
2020,3,202003,부산,사하구,90192,94660,3357,3762
2020,3,202003,부산,서구,23181,23622,1066,1121
2020,3,202003,부산,수영구,59511,85138,1720,2466
2020,3,202003,부산,연제구,77612,83817,2036,3117
2020,3,202003,부산,영도구,25483,26967,1156,1499
2020,3,202003,부산,중구,23825,24103,557,666
2020,3,202003,부산,해운대구,146320,156393,3945,4288
2020,3,202003,서울,강남구,197494,213162,4973,5803
2020,3,202003,서울,강동구,119034,124781,4007,4617
2020,3,202003,서울,강북구,60602,63156,2940,3720
2020,3,202003,서울,강서구,161820,175339,5785,7290
2020,3,202003,서울,관악구,99177,102444,4118,4458
2020,3,202003,서울,광진구,79171,82752,2802,3295
2020,3,202003,서울,구로구,110347,120025,5280,6003
2020,3,202003,서울,금천구,66866,69930,3572,4092
2020,3,202003,서울,노원구,126985,133187,4401,5360
2020,3,202003,서울,도봉구,76247,81174,3159,3633
2020,3,202003,서울,동대문구,78355,81307,3397,3569
2020,3,202003,서울,동작구,91677,92931,2937,3120
2020,3,202003,서울,마포구,97853,101973,3266,4037
2020,3,202003,서울,서대문구,72547,76195,2646,3207
2020,3,202003,서울,서초구,151747,159050,3880,4786
2020,3,202003,서울,성동구,81910,89392,2568,5169
2020,3,202003,서울,성북구,100539,103022,3762,4962
2020,3,202003,서울,송파구,199184,206020,5126,6717
2020,3,202003,서울,양천구,123862,128647,4050,4889
2020,3,202003,서울,영등포구,112217,116901,4735,4981
2020,3,202003,서울,용산구,66260,67171,2257,2385
2020,3,202003,서울,은평구,106761,111081,4086,4927
2020,3,202003,서울,종로구,38693,40877,1826,3774
2020,3,202003,서울,중구,38230,40677,2231,3275
2020,3,202003,서울,중랑구,85989,91998,3994,4588
2020,3,202003,세종,세종시,144227,145166,3864,4461
2020,3,202003,울산,남구,131871,135097,3290,4005
2020,3,202003,울산,동구,55191,55854,1493,1679
2020,3,202003,울산,북구,97696,99660,2452,2770
2020,3,202003,울산,울주군,98126,99502,3066,3909
2020,3,202003,울산,중구,86868,88257,2265,2608
2020,3,202003,인천,강화군,23485,68204,1269,3701
2020,3,202003,인천,계양구,93037,277074,4038,7978
2020,3,202003,인천,남동구,217626,250820,6682,8530
2020,3,202003,인천,동구,20421,22502,1041,1143
2020,3,202003,인천,미추홀구,131665,139225,5158,5449
2020,3,202003,인천,부평구,182331,194131,6212,7294
2020,3,202003,인천,서구,196984,201464,7427,8881
2020,3,202003,인천,연수구,164432,169019,3592,4541
2020,3,202003,인천,옹진군,7606,7746,528,632
2020,3,202003,인천,중구,52246,58777,2000,3017
2020,3,202003,전남,강진군,11315,11571,609,785
2020,3,202003,전남,고흥군,18198,18480,1141,1340
2020,3,202003,전남,곡성군,9173,9431,470,578
2020,3,202003,전남,광양시,64274,65015,2421,2768
2020,3,202003,전남,구례군,8500,8895,467,556
2020,3,202003,전남,나주시,44768,45986,2089,2584
2020,3,202003,전남,담양군,17316,17642,866,1170
2020,3,202003,전남,목포시,78317,80881,3403,3966
2020,3,202003,전남,무안군,29856,30192,1489,1738
2020,3,202003,전남,보성군,12913,49036,775,1853
2020,3,202003,전남,순천시,109632,111520,3765,4601
2020,3,202003,전남,신안군,11510,31858,640,1564
2020,3,202003,전남,여수시,102981,105389,3934,4785
2020,3,202003,전남,영광군,18384,18605,874,990
2020,3,202003,전남,영암군,20912,32774,1281,1610
2020,3,202003,전남,완도군,14679,14959,816,986
2020,3,202003,전남,장성군,17581,17805,866,1008
2020,3,202003,전남,장흥군,12347,12507,647,749
2020,3,202003,전남,진도군,9851,10003,567,668
2020,3,202003,전남,함평군,10996,35293,567,1252
2020,3,202003,전남,해남군,22195,22547,1602,1776
2020,3,202003,전남,화순군,22587,22890,1077,2344
2020,3,202003,전북,고창군,18309,18592,1277,1424
2020,3,202003,전북,군산시,104873,107474,3741,4387
2020,3,202003,전북,김제시,30003,30850,1561,1780
2020,3,202003,전북,남원시,26355,30828,1353,1773
2020,3,202003,전북,무주군,7801,7922,495,576
2020,3,202003,전북,부안군,17572,17850,900,1101
2020,3,202003,전북,순창군,9055,9185,469,544
2020,3,202003,전북,완주군,36795,37261,1707,2302
2020,3,202003,전북,익산시,105792,108229,4825,5474
2020,3,202003,전북,임실군,9078,9198,461,573
2020,3,202003,전북,장수군,7185,7286,396,465
2020,3,202003,전북,전주시,269995,276212,8138,9969
2020,3,202003,전북,정읍시,37001,39618,1846,2166
2020,3,202003,전북,진안군,8560,8708,476,600
2020,3,202003,제주,서귀포시,71172,72622,3353,3644
2020,3,202003,제주,제주시,212053,433426,8125,15897
2020,3,202003,충남,계룡시,18668,18784,695,848
2020,3,202003,충남,공주시,38411,39817,1910,2391
2020,3,202003,충남,금산군,18505,19857,1212,1568
2020,3,202003,충남,논산시,42261,43282,2368,2875
2020,3,202003,충남,당진시,71884,72533,2745,3121
2020,3,202003,충남,보령시,37297,37861,1627,1863
2020,3,202003,충남,부여군,21496,22071,1253,1684
2020,3,202003,충남,서산시,71018,72031,2914,3459
2020,3,202003,충남,서천군,18410,18649,831,981
2020,3,202003,충남,아산시,133334,135923,5548,6289
2020,3,202003,충남,예산군,29634,30071,1521,1939
2020,3,202003,충남,천안시,268291,272584,9837,11499
2020,3,202003,충남,청양군,10293,10445,552,670
2020,3,202003,충남,태안군,22284,22543,1126,1250
2020,3,202003,충남,홍성군,37721,38226,1618,1935
2020,3,202003,충북,괴산군,13775,13931,793,893
2020,3,202003,충북,단양군,10134,10317,558,667
2020,3,202003,충북,보은군,11017,11211,653,793
2020,3,202003,충북,영동군,15929,16139,798,935
2020,3,202003,충북,옥천군,17854,18302,918,1060
2020,3,202003,충북,음성군,41723,42061,2288,2542
2020,3,202003,충북,제천시,50121,51015,2044,2296
2020,3,202003,충북,증평군,15040,15212,658,716
2020,3,202003,충북,진천군,36690,37010,1605,1787
2020,3,202003,충북,청주시,340810,350625,11532,14389
2020,3,202003,충북,충주시,83416,86749,3393,3947
2020,4,202004,강원,강릉시,84286,86834,3075,3797
2020,4,202004,강원,고성군,9774,9912,523,609
2020,4,202004,강원,동해시,35642,36439,1481,1672
2020,4,202004,강원,삼척시,24143,24700,946,1148
2020,4,202004,강원,속초시,29921,30909,1336,1563
2020,4,202004,강원,양구군,8199,8286,369,444
2020,4,202004,강원,양양군,10924,11092,468,521
2020,4,202004,강원,영월군,13910,14170,774,925
2020,4,202004,강원,원주시,137620,140712,5057,5835
2020,4,202004,강원,인제군,12427,12618,565,660
2020,4,202004,강원,정선군,13452,13771,710,858
2020,4,202004,강원,철원군,15961,16151,880,971
2020,4,202004,강원,춘천시,107127,109716,3747,4660
2020,4,202004,강원,태백시,15776,16232,745,966
2020,4,202004,강원,평창군,16067,16444,854,985
2020,4,202004,강원,홍천군,25001,25347,1426,1842
2020,4,202004,강원,화천군,9089,9209,359,492
2020,4,202004,강원,횡성군,16933,17384,916,1036
2020,4,202004,경기,가평군,22297,22614,1342,1636
2020,4,202004,경기,고양시,355569,362494,10762,12912
2020,4,202004,경기,과천시,19045,19817,600,734
2020,4,202004,경기,광명시,88422,90182,3322,3907
2020,4,202004,경기,광주시,149346,150374,5910,8898
2020,4,202004,경기,구리시,58638,59802,2091,2474
2020,4,202004,경기,군포시,84801,85708,2742,2978
2020,4,202004,경기,김포시,171170,173144,5967,7725
2020,4,202004,경기,남양주시,234648,236832,9164,10404
2020,4,202004,경기,동두천시,29627,30388,1533,1654
2020,4,202004,경기,부천시,246386,252486,10147,11631
2020,4,202004,경기,성남시,290792,297897,8539,10568
2020,4,202004,경기,수원시,437059,445431,14878,17773
2020,4,202004,경기,시흥시,186442,188405,7173,7691
2020,4,202004,경기,안산시,235909,240481,10977,13154
2020,4,202004,경기,안성시,77313,78233,3465,4029
2020,4,202004,경기,안양시,173009,176710,5776,7525
2020,4,202004,경기,양주시,80845,81689,3980,4600
2020,4,202004,경기,양평군,44861,45353,1928,2730
2020,4,202004,경기,여주시,45286,45970,2213,3028
2020,4,202004,경기,연천군,16142,16387,881,1081
2020,4,202004,경기,오산시,88965,90112,3335,3877
2020,4,202004,경기,용인시,403351,408047,11400,13743
2020,4,202004,경기,의왕시,55414,56201,1650,1928
2020,4,202004,경기,의정부시,131948,134149,5565,6244
2020,4,202004,경기,이천시,87922,88981,3803,4392
2020,4,202004,경기,파주시,169636,172463,6172,8888
2020,4,202004,경기,평택시,224141,227762,8592,10370
2020,4,202004,경기,포천시,60181,66836,3372,4291
2020,4,202004,경기,하남시,95980,96704,2915,3341
2020,4,202004,경기,화성시,357000,359882,11667,14352
2020,4,202004,경남,거제시,89167,90352,3350,3963
2020,4,202004,경남,거창군,21619,21919,949,1191
2020,4,202004,경남,고성군,18002,18322,896,1045
2020,4,202004,경남,김해시,220508,223104,7477,8300
2020,4,202004,경남,남해군,12642,12909,592,777
2020,4,202004,경남,밀양시,39328,39908,1590,1915
2020,4,202004,경남,사천시,42721,43495,1713,2017
2020,4,202004,경남,산청군,12123,12351,574,688
2020,4,202004,경남,양산시,134094,135220,4916,5910
2020,4,202004,경남,의령군,9292,9420,427,529
2020,4,202004,경남,진주시,130531,133515,4096,5406
2020,4,202004,경남,창녕군,23550,24027,1151,1333
2020,4,202004,경남,창원시,460664,489277,12374,15238
2020,4,202004,경남,통영시,41141,42031,2056,2378
2020,4,202004,경남,하동군,15527,15699,676,777
2020,4,202004,경남,함안군,28877,43066,1207,1671
2020,4,202004,경남,함양군,12139,12380,581,721
2020,4,202004,경남,합천군,14342,14531,680,811
2020,4,202004,경북,경산시,107774,108956,3564,4052
2020,4,202004,경북,경주시,108042,110096,4296,4986
2020,4,202004,경북,고령군,13292,13389,694,766
2020,4,202004,경북,구미시,177344,180042,6275,7178
2020,4,202004,경북,군위군,8998,9079,419,477
2020,4,202004,경북,김천시,52994,53748,2243,2583
2020,4,202004,경북,문경시,24655,25130,1340,1532
2020,4,202004,경북,봉화군,10325,10477,487,566
2020,4,202004,경북,상주시,33912,34470,1747,2086
2020,4,202004,경북,성주군,18295,18619,854,944
2020,4,202004,경북,안동시,59069,60148,2305,2805
2020,4,202004,경북,영덕군,12028,12229,655,758
2020,4,202004,경북,영양군,5499,5582,295,360
2020,4,202004,경북,영주시,38240,38889,1779,2001
2020,4,202004,경북,영천시,40518,41087,1897,2210
2020,4,202004,경북,예천군,20018,20295,803,940
2020,4,202004,경북,울릉군,3478,3833,248,446
2020,4,202004,경북,울진군,18383,18644,714,860
2020,4,202004,경북,의성군,17593,17766,920,1082
2020,4,202004,경북,청도군,16184,16365,694,778
2020,4,202004,경북,청송군,9161,9269,460,568
2020,4,202004,경북,칠곡군,52727,53153,2191,2681
2020,4,202004,경북,포항시,212675,216715,6734,8041
2020,4,202004,광주,광산구,158814,162609,5109,5660
2020,4,202004,광주,남구,77626,78871,2345,2768
2020,4,202004,광주,동구,34214,34922,1146,1372
2020,4,202004,광주,북구,157726,162682,4762,5987
2020,4,202004,광주,서구,122226,127358,3889,4557
2020,4,202004,대구,남구,46883,48054,1676,1966
2020,4,202004,대구,달서구,231119,239395,5934,6844
2020,4,202004,대구,달성군,107105,108927,3331,3970
2020,4,202004,대구,동구,127767,134084,3953,4742
2020,4,202004,대구,북구,163067,165789,4588,5337
2020,4,202004,대구,서구,55837,58197,2135,2453
2020,4,202004,대구,수성구,192649,196110,3818,4661
2020,4,202004,대구,중구,49793,51198,1103,1527
2020,4,202004,대전,대덕구,67211,69160,2759,3356
2020,4,202004,대전,동구,72014,74532,2968,3346
2020,4,202004,대전,서구,178937,183855,5310,5911
2020,4,202004,대전,유성구,155697,158145,3950,4373
2020,4,202004,대전,중구,79950,82975,3214,3897
2020,4,202004,부산,강서구,56811,57956,1860,2125
2020,4,202004,부산,금정구,67464,70896,2645,3314
2020,4,202004,부산,기장군,61052,61961,2368,2936
2020,4,202004,부산,남구,78406,80464,2585,3074
2020,4,202004,부산,동구,41040,42479,1060,1350
2020,4,202004,부산,동래구,78616,80356,2473,3142
2020,4,202004,부산,부산진구,101830,116310,3449,4044
2020,4,202004,부산,북구,84459,86013,2770,3129
2020,4,202004,부산,사상구,65897,69052,2680,3082
2020,4,202004,부산,사하구,90304,94762,3361,3767
2020,4,202004,부산,서구,23299,23742,1060,1115
2020,4,202004,부산,수영구,59511,85767,1714,2458
2020,4,202004,부산,연제구,77821,84119,2049,3130
2020,4,202004,부산,영도구,25480,26968,1155,1498
2020,4,202004,부산,중구,23812,24091,553,681
2020,4,202004,부산,해운대구,146586,156625,3948,4310
2020,4,202004,서울,강남구,197243,212894,4943,5771
2020,4,202004,서울,강동구,120198,125956,3961,4565
2020,4,202004,서울,강북구,60624,63171,2918,3705
2020,4,202004,서울,강서구,162405,175946,5831,7363
2020,4,202004,서울,관악구,99167,102419,4117,4463
2020,4,202004,서울,광진구,79231,82795,2786,3278
2020,4,202004,서울,구로구,110423,119961,5273,5990
2020,4,202004,서울,금천구,66993,70023,3536,4059
2020,4,202004,서울,노원구,127045,133246,4397,5352
2020,4,202004,서울,도봉구,76282,81191,3128,3605
2020,4,202004,서울,동대문구,78424,81380,3379,3553
2020,4,202004,서울,동작구,91784,93033,2925,3109
2020,4,202004,서울,마포구,98055,102168,3253,4006
2020,4,202004,서울,서대문구,72728,76355,2635,3196
2020,4,202004,서울,서초구,151950,159287,3854,4762
2020,4,202004,서울,성동구,82071,89503,2600,4820
2020,4,202004,서울,성북구,100613,103183,3742,4946
2020,4,202004,서울,송파구,199159,205965,5081,6671
2020,4,202004,서울,양천구,124675,129453,4041,4882
2020,4,202004,서울,영등포구,112452,117007,4750,4996
2020,4,202004,서울,용산구,66537,67334,2242,2373
2020,4,202004,서울,은평구,107034,111375,4072,4914
2020,4,202004,서울,종로구,38750,40932,1807,3768
2020,4,202004,서울,중구,38229,40662,2218,3256
2020,4,202004,서울,중랑구,86023,92004,3963,4565
2020,4,202004,세종,세종시,144808,145664,3851,4443
2020,4,202004,울산,남구,132049,135271,3255,3969
2020,4,202004,울산,동구,55159,55826,1488,1683
2020,4,202004,울산,북구,98184,100154,2458,2771
2020,4,202004,울산,울주군,98458,99829,3036,3879
2020,4,202004,울산,중구,86783,88163,2265,2608
2020,4,202004,인천,강화군,23597,67248,1274,3654
2020,4,202004,인천,계양구,93027,278022,4022,7947
2020,4,202004,인천,남동구,217703,265044,6655,8785
2020,4,202004,인천,동구,20272,22402,1038,1141
2020,4,202004,인천,미추홀구,132570,139687,5157,5451
2020,4,202004,인천,부평구,182464,194812,6165,7259
2020,4,202004,인천,서구,198253,202734,7400,8850
2020,4,202004,인천,연수구,165211,169867,3590,4518
2020,4,202004,인천,옹진군,7599,7739,534,638
2020,4,202004,인천,중구,52534,58861,1992,3012
2020,4,202004,전남,강진군,11335,11592,610,789
2020,4,202004,전남,고흥군,18242,18525,1139,1339
2020,4,202004,전남,곡성군,9187,9440,468,576
2020,4,202004,전남,광양시,64783,65512,2416,2760
2020,4,202004,전남,구례군,8490,8911,461,552
2020,4,202004,전남,나주시,44871,46068,2095,2589
2020,4,202004,전남,담양군,17351,17678,869,1186
2020,4,202004,전남,목포시,78532,81084,3382,3949
2020,4,202004,전남,무안군,29993,30335,1494,1743
2020,4,202004,전남,보성군,12939,47407,784,1793
2020,4,202004,전남,순천시,109820,111707,3728,4563
2020,4,202004,전남,신안군,11488,33334,642,1576
2020,4,202004,전남,여수시,103346,105763,3893,4736
2020,4,202004,전남,영광군,18431,18653,883,999
2020,4,202004,전남,영암군,21032,32443,1311,1621
2020,4,202004,전남,완도군,14737,15020,818,987
2020,4,202004,전남,장성군,17649,17877,864,988
2020,4,202004,전남,장흥군,12376,12536,642,744
2020,4,202004,전남,진도군,9858,10012,564,664
2020,4,202004,전남,함평군,10990,35114,574,1261
2020,4,202004,전남,해남군,22259,22629,1604,1777
2020,4,202004,전남,화순군,22698,23003,1074,2342
2020,4,202004,전북,고창군,18312,18580,1272,1419
2020,4,202004,전북,군산시,105070,107661,3688,4333
2020,4,202004,전북,김제시,30000,30830,1541,1757
2020,4,202004,전북,남원시,26464,30823,1352,1768
2020,4,202004,전북,무주군,7855,7976,488,568
2020,4,202004,전북,부안군,17605,17882,897,1098
2020,4,202004,전북,순창군,9078,9208,466,542
2020,4,202004,전북,완주군,36897,37363,1708,2314
2020,4,202004,전북,익산시,105837,108249,4781,5429
2020,4,202004,전북,임실군,9031,9153,464,576
2020,4,202004,전북,장수군,7190,7291,395,464
2020,4,202004,전북,전주시,271061,277265,8090,9907
2020,4,202004,전북,정읍시,36987,39614,1833,2156
2020,4,202004,전북,진안군,8561,8698,477,605
2020,4,202004,제주,서귀포시,71116,72526,3338,3629
2020,4,202004,제주,제주시,212855,423267,8074,15544
2020,4,202004,충남,계룡시,18773,18890,683,837
2020,4,202004,충남,공주시,38511,39947,1902,2380
2020,4,202004,충남,금산군,18623,19980,1209,1553
2020,4,202004,충남,논산시,42319,43294,2360,2877
2020,4,202004,충남,당진시,71962,72611,2729,3106
2020,4,202004,충남,보령시,37298,37867,1597,1834
2020,4,202004,충남,부여군,21519,22090,1252,1676
2020,4,202004,충남,서산시,71082,72097,2906,3452
2020,4,202004,충남,서천군,18445,18683,822,972
2020,4,202004,충남,아산시,133371,135930,5495,6232
2020,4,202004,충남,예산군,29727,30163,1527,1949
2020,4,202004,충남,천안시,269110,273396,9755,11404
2020,4,202004,충남,청양군,10331,10481,552,670
2020,4,202004,충남,태안군,22340,22599,1119,1243
2020,4,202004,충남,홍성군,37809,38307,1620,1938
2020,4,202004,충북,괴산군,13749,13906,793,894
2020,4,202004,충북,단양군,10157,10340,555,663
2020,4,202004,충북,보은군,11028,11222,651,791
2020,4,202004,충북,영동군,15938,16147,791,928
2020,4,202004,충북,옥천군,17921,18368,918,1061
2020,4,202004,충북,음성군,41763,42095,2291,2545
2020,4,202004,충북,제천시,50282,51177,2034,2285
2020,4,202004,충북,증평군,15082,15254,659,717
2020,4,202004,충북,진천군,36872,37191,1620,1802
2020,4,202004,충북,청주시,342047,351836,11503,14361
2020,4,202004,충북,충주시,83560,86969,3383,3939
2020,5,202005,강원,강릉시,84475,87016,3059,3774
2020,5,202005,강원,고성군,9794,9932,522,608
2020,5,202005,강원,동해시,35834,36636,1491,1682
2020,5,202005,강원,삼척시,24242,24799,946,1150
2020,5,202005,강원,속초시,30126,31117,1329,1558
2020,5,202005,강원,양구군,8241,8329,366,441
2020,5,202005,강원,양양군,10985,11152,467,519
2020,5,202005,강원,영월군,13973,14231,777,926
2020,5,202005,강원,원주시,138374,141436,5076,5867
2020,5,202005,강원,인제군,12536,12726,567,660
2020,5,202005,강원,정선군,13528,13847,705,852
2020,5,202005,강원,철원군,16026,16217,880,973
2020,5,202005,강원,춘천시,107594,110187,3741,4662
2020,5,202005,강원,태백시,15796,16249,746,967
2020,5,202005,강원,평창군,16096,16472,850,987
2020,5,202005,강원,홍천군,25163,25509,1422,1848
2020,5,202005,강원,화천군,9124,9243,359,493
2020,5,202005,강원,횡성군,16986,17441,909,1029
2020,5,202005,경기,가평군,22415,22733,1345,1642
2020,5,202005,경기,고양시,357325,364128,10751,12887
2020,5,202005,경기,과천시,19514,20254,606,740
2020,5,202005,경기,광명시,88433,90192,3286,3868
2020,5,202005,경기,광주시,150200,151254,5971,8877
2020,5,202005,경기,구리시,58885,60053,2083,2466
2020,5,202005,경기,군포시,85149,86051,2733,2972
2020,5,202005,경기,김포시,172056,174016,5985,7729
2020,5,202005,경기,남양주시,235766,237952,9155,10398
2020,5,202005,경기,동두천시,29762,30518,1516,1627
2020,5,202005,경기,부천시,247108,253080,10082,11559
2020,5,202005,경기,성남시,291594,298627,8510,10524
2020,5,202005,경기,수원시,439900,448283,14872,17768
2020,5,202005,경기,시흥시,187780,189732,7202,7725
2020,5,202005,경기,안산시,237122,241669,10936,13121
2020,5,202005,경기,안성시,77983,78911,3476,4043
2020,5,202005,경기,안양시,173317,176989,5748,7502
2020,5,202005,경기,양주시,81387,82224,3964,4584
2020,5,202005,경기,양평군,45009,45503,1925,2739
2020,5,202005,경기,여주시,45455,46138,2206,3014
2020,5,202005,경기,연천군,16238,16483,874,1075
2020,5,202005,경기,오산시,89234,90373,3324,3867
2020,5,202005,경기,용인시,405023,409723,11315,13672
2020,5,202005,경기,의왕시,55473,56239,1638,1916
2020,5,202005,경기,의정부시,132805,135005,5548,6239
2020,5,202005,경기,이천시,88312,89373,3802,4399
2020,5,202005,경기,파주시,170361,173118,6149,8877
2020,5,202005,경기,평택시,225625,229241,8574,10365
2020,5,202005,경기,포천시,60426,66900,3351,4262
2020,5,202005,경기,하남시,96991,97704,2920,3348
2020,5,202005,경기,화성시,359382,362252,11676,14373
2020,5,202005,경남,거제시,89303,90481,3370,3985
2020,5,202005,경남,거창군,21692,21991,941,1178
2020,5,202005,경남,고성군,18061,18381,904,1057
2020,5,202005,경남,김해시,221433,224049,7450,8271
2020,5,202005,경남,남해군,12695,12961,588,775
2020,5,202005,경남,밀양시,39448,40030,1586,1909
2020,5,202005,경남,사천시,42837,43612,1709,2014
2020,5,202005,경남,산청군,12170,12395,574,688
2020,5,202005,경남,양산시,134337,135461,4920,5908
2020,5,202005,경남,의령군,9320,9450,433,539
2020,5,202005,경남,진주시,130994,133978,4080,5380
2020,5,202005,경남,창녕군,23653,24126,1151,1328
2020,5,202005,경남,창원시,461545,490979,12342,15198
2020,5,202005,경남,통영시,41283,42171,2049,2371
2020,5,202005,경남,하동군,15554,15727,677,780
2020,5,202005,경남,함안군,28865,43362,1205,1666
2020,5,202005,경남,함양군,12195,12438,573,712
2020,5,202005,경남,합천군,14366,14555,685,815
2020,5,202005,경북,경산시,107980,109154,3572,4062
2020,5,202005,경북,경주시,108319,110335,4287,4976
2020,5,202005,경북,고령군,13352,13450,688,762
2020,5,202005,경북,구미시,177740,180431,6242,7148
2020,5,202005,경북,군위군,9001,9082,418,477
2020,5,202005,경북,김천시,53143,53896,2230,2569
2020,5,202005,경북,문경시,24731,25210,1338,1530
2020,5,202005,경북,봉화군,10372,10524,488,570
2020,5,202005,경북,상주시,33980,34534,1753,2091
2020,5,202005,경북,성주군,18319,18607,859,949
2020,5,202005,경북,안동시,59247,60326,2312,2816
2020,5,202005,경북,영덕군,12097,12297,653,768
2020,5,202005,경북,영양군,5515,5599,299,364
2020,5,202005,경북,영주시,38329,38980,1781,2006
2020,5,202005,경북,영천시,40608,41209,1900,2213
2020,5,202005,경북,예천군,20109,20389,802,939
2020,5,202005,경북,울릉군,3493,3840,251,450
2020,5,202005,경북,울진군,18484,18757,711,859
2020,5,202005,경북,의성군,17637,17811,919,1084
2020,5,202005,경북,청도군,16231,16414,694,779
2020,5,202005,경북,청송군,9185,9292,464,571
2020,5,202005,경북,칠곡군,52827,53248,2191,2679
2020,5,202005,경북,포항시,213182,217207,6733,8030
2020,5,202005,광주,광산구,159539,163348,5084,5628
2020,5,202005,광주,남구,77682,78895,2316,2738
2020,5,202005,광주,동구,34547,35267,1153,1377
2020,5,202005,광주,북구,157982,162884,4725,5945
2020,5,202005,광주,서구,122550,127635,3893,4557
2020,5,202005,대구,남구,46835,48011,1678,1959
2020,5,202005,대구,달서구,231457,239663,5883,6777
2020,5,202005,대구,달성군,107344,109163,3301,3938
2020,5,202005,대구,동구,127585,133899,3899,4688
2020,5,202005,대구,북구,163646,166362,4540,5292
2020,5,202005,대구,서구,55609,58005,2097,2415
2020,5,202005,대구,수성구,192746,196193,3783,4631
2020,5,202005,대구,중구,50615,52062,1106,1529
2020,5,202005,대전,대덕구,67400,69350,2733,3328
2020,5,202005,대전,동구,71942,74448,2949,3330
2020,5,202005,대전,서구,179461,184384,5264,5854
2020,5,202005,대전,유성구,156487,158869,3902,4327
2020,5,202005,대전,중구,80092,83119,3184,3874
2020,5,202005,부산,강서구,57100,58185,1873,2140
2020,5,202005,부산,금정구,67516,70940,2642,3309
2020,5,202005,부산,기장군,61656,62615,2376,2944
2020,5,202005,부산,남구,78579,80590,2601,3090
2020,5,202005,부산,동구,41155,42612,1058,1340
2020,5,202005,부산,동래구,78764,80504,2458,3130
2020,5,202005,부산,부산진구,102276,117065,3430,4020
2020,5,202005,부산,북구,84703,86272,2740,3100
2020,5,202005,부산,사상구,66026,69175,2676,3078
2020,5,202005,부산,사하구,90518,94958,3341,3746
2020,5,202005,부산,서구,23446,23885,1059,1113
2020,5,202005,부산,수영구,59488,86201,1709,2465
2020,5,202005,부산,연제구,78077,84464,2036,3107
2020,5,202005,부산,영도구,25465,26946,1152,1497
2020,5,202005,부산,중구,24025,24304,551,680
2020,5,202005,부산,해운대구,146877,156927,3923,4286
2020,5,202005,서울,강남구,197124,212805,4915,5730
2020,5,202005,서울,강동구,120919,126735,3952,4559
2020,5,202005,서울,강북구,60662,63186,2912,3702
2020,5,202005,서울,강서구,162619,176127,5808,7343
2020,5,202005,서울,관악구,99397,102653,4077,4425
2020,5,202005,서울,광진구,79347,82950,2787,3276
2020,5,202005,서울,구로구,110764,120179,5258,5975
2020,5,202005,서울,금천구,67219,70271,3531,4056
2020,5,202005,서울,노원구,127201,133401,4378,5332
2020,5,202005,서울,도봉구,76479,81370,3119,3589
2020,5,202005,서울,동대문구,78676,81630,3357,3531
2020,5,202005,서울,동작구,92092,93345,2913,3097
2020,5,202005,서울,마포구,98309,102481,3214,3968
2020,5,202005,서울,서대문구,72919,76573,2613,3174
2020,5,202005,서울,서초구,152002,159282,3830,4738
2020,5,202005,서울,성동구,82234,89708,2576,4620
2020,5,202005,서울,성북구,100900,103505,3712,4914
2020,5,202005,서울,송파구,199504,206276,5070,6656
2020,5,202005,서울,양천구,125463,130222,4055,4897
2020,5,202005,서울,영등포구,112789,117337,4700,4946
2020,5,202005,서울,용산구,66626,67413,2241,2372
2020,5,202005,서울,은평구,107434,111765,4051,4893
2020,5,202005,서울,종로구,38773,40899,1801,3753
2020,5,202005,서울,중구,38259,40682,2204,3242
2020,5,202005,서울,중랑구,86184,92115,3946,4542
2020,5,202005,세종,세종시,145200,146052,3810,4402
2020,5,202005,울산,남구,132391,135644,3235,3932
2020,5,202005,울산,동구,55222,55889,1490,1679
2020,5,202005,울산,북구,98491,100442,2467,2778
2020,5,202005,울산,울주군,98616,99968,3009,3853
2020,5,202005,울산,중구,86819,88196,2260,2603
2020,5,202005,인천,강화군,23699,66275,1277,3609
2020,5,202005,인천,계양구,93139,279171,4016,7917
2020,5,202005,인천,남동구,218425,265599,6659,8781
2020,5,202005,인천,동구,20326,22490,1026,1128
2020,5,202005,인천,미추홀구,133196,139952,5121,5411
2020,5,202005,인천,부평구,182744,195598,6128,7213
2020,5,202005,인천,서구,198542,202999,7377,8822
2020,5,202005,인천,연수구,166054,170719,3604,4528
2020,5,202005,인천,옹진군,7664,7804,533,636
2020,5,202005,인천,중구,52933,59180,1997,3023
2020,5,202005,전남,강진군,11353,11607,609,788
2020,5,202005,전남,고흥군,18314,18597,1143,1343
2020,5,202005,전남,곡성군,9248,9502,467,577
2020,5,202005,전남,광양시,65587,66301,2421,2763
2020,5,202005,전남,구례군,8522,8947,461,553
2020,5,202005,전남,나주시,45102,46292,2103,2596
2020,5,202005,전남,담양군,17407,17731,869,1188
2020,5,202005,전남,목포시,78780,81330,3382,3948
2020,5,202005,전남,무안군,30201,30550,1499,1749
2020,5,202005,전남,보성군,12954,46342,775,1748
2020,5,202005,전남,순천시,110057,111937,3728,4560
2020,5,202005,전남,신안군,11536,35633,647,1601
2020,5,202005,전남,여수시,103588,105980,3872,4716
2020,5,202005,전남,영광군,18453,18676,884,1000
2020,5,202005,전남,영암군,21118,32032,1303,1608
2020,5,202005,전남,완도군,14801,15083,811,977
2020,5,202005,전남,장성군,17731,17959,860,986
2020,5,202005,전남,장흥군,12306,12464,632,736
2020,5,202005,전남,진도군,9873,10029,569,669
2020,5,202005,전남,함평군,10989,35108,569,1255
2020,5,202005,전남,해남군,22342,22712,1610,1789
2020,5,202005,전남,화순군,22832,23134,1071,2335
2020,5,202005,전북,고창군,18407,18663,1291,1445
2020,5,202005,전북,군산시,105299,107880,3675,4323
2020,5,202005,전북,김제시,30198,31021,1561,1794
2020,5,202005,전북,남원시,26552,30809,1353,1773
2020,5,202005,전북,무주군,7881,8002,492,572
2020,5,202005,전북,부안군,17669,17946,907,1102
2020,5,202005,전북,순창군,9087,9218,467,544
2020,5,202005,전북,완주군,36978,37441,1703,2308
2020,5,202005,전북,익산시,105930,108294,4727,5375
2020,5,202005,전북,임실군,9030,9152,462,576
2020,5,202005,전북,장수군,7205,7304,394,465
2020,5,202005,전북,전주시,272527,278667,8056,9890
2020,5,202005,전북,정읍시,37152,39751,1823,2145
2020,5,202005,전북,진안군,8556,8694,471,598
2020,5,202005,제주,서귀포시,71162,72555,3313,3608
2020,5,202005,제주,제주시,214245,428166,8064,15534
2020,5,202005,충남,계룡시,18821,18938,694,844
2020,5,202005,충남,공주시,38560,40039,1902,2378
2020,5,202005,충남,금산군,18647,19987,1197,1540
2020,5,202005,충남,논산시,42428,43406,2358,2876
2020,5,202005,충남,당진시,72163,72812,2722,3102
2020,5,202005,충남,보령시,37407,37980,1602,1842
2020,5,202005,충남,부여군,21563,22131,1258,1683
2020,5,202005,충남,서산시,71399,72401,2897,3446
2020,5,202005,충남,서천군,18461,18700,816,966
2020,5,202005,충남,아산시,133992,136524,5459,6191
2020,5,202005,충남,예산군,29781,30217,1528,1952
2020,5,202005,충남,천안시,270347,274623,9751,11405
2020,5,202005,충남,청양군,10368,10518,559,677
2020,5,202005,충남,태안군,22456,22714,1122,1245
2020,5,202005,충남,홍성군,37916,38413,1610,1930
2020,5,202005,충북,괴산군,13765,13921,792,893
2020,5,202005,충북,단양군,10175,10357,550,657
2020,5,202005,충북,보은군,11046,11240,655,794
2020,5,202005,충북,영동군,15980,16189,791,928
2020,5,202005,충북,옥천군,17985,18422,912,1052
2020,5,202005,충북,음성군,41861,42194,2291,2547
2020,5,202005,충북,제천시,50387,51275,2034,2285
2020,5,202005,충북,증평군,15159,15332,654,711
2020,5,202005,충북,진천군,37040,37359,1613,1794
2020,5,202005,충북,청주시,343587,353348,11486,14363
2020,5,202005,충북,충주시,83958,87444,3383,3939
2020,6,202006,강원,강릉시,84932,87449,3048,3757
2020,6,202006,강원,고성군,9877,10014,530,615
2020,6,202006,강원,동해시,36113,36917,1493,1689
2020,6,202006,강원,삼척시,24337,24894,937,1146
2020,6,202006,강원,속초시,30351,31337,1335,1569
2020,6,202006,강원,양구군,8249,8338,364,438
2020,6,202006,강원,양양군,11019,11188,468,527
2020,6,202006,강원,영월군,14056,14314,782,932
2020,6,202006,강원,원주시,139360,142389,5061,5852
2020,6,202006,강원,인제군,12593,12782,565,660
2020,6,202006,강원,정선군,13613,13933,705,851
2020,6,202006,강원,철원군,16082,16274,886,982
2020,6,202006,강원,춘천시,108223,110820,3741,4658
2020,6,202006,강원,태백시,15834,16286,743,966
2020,6,202006,강원,평창군,16133,16516,846,983
2020,6,202006,강원,홍천군,25342,25685,1433,1853
2020,6,202006,강원,화천군,9209,9329,359,493
2020,6,202006,강원,횡성군,17085,17538,907,1029
2020,6,202006,경기,가평군,22568,22884,1333,1632
2020,6,202006,경기,고양시,359225,365914,10694,12793
2020,6,202006,경기,과천시,19794,20585,602,741
2020,6,202006,경기,광명시,88413,90165,3258,3839
2020,6,202006,경기,광주시,151297,152344,5951,8858
2020,6,202006,경기,구리시,59080,60238,2076,2452
2020,6,202006,경기,군포시,85586,86539,2732,2976
2020,6,202006,경기,김포시,173600,175564,5975,7718
2020,6,202006,경기,남양주시,237083,239282,9079,10315
2020,6,202006,경기,동두천시,29981,30731,1512,1627
2020,6,202006,경기,부천시,247842,253751,10033,11513
2020,6,202006,경기,성남시,292923,299901,8518,10529
2020,6,202006,경기,수원시,443814,452260,14879,17793
2020,6,202006,경기,시흥시,189242,191188,7163,7698
2020,6,202006,경기,안산시,238555,243057,10925,13099
2020,6,202006,경기,안성시,78522,79444,3476,4041
2020,6,202006,경기,안양시,173738,177417,5723,7483
2020,6,202006,경기,양주시,82142,82960,3959,4578
2020,6,202006,경기,양평군,45234,45726,1921,2746
2020,6,202006,경기,여주시,45717,46412,2190,3000
2020,6,202006,경기,연천군,16321,16558,875,1075
2020,6,202006,경기,오산시,89977,91120,3336,3881
2020,6,202006,경기,용인시,406989,411702,11314,13698
2020,6,202006,경기,의왕시,55674,56441,1630,1907
2020,6,202006,경기,의정부시,133743,135957,5518,6222
2020,6,202006,경기,이천시,88783,89843,3766,4375
2020,6,202006,경기,파주시,171335,174124,6154,8889
2020,6,202006,경기,평택시,227340,230888,8545,10349
2020,6,202006,경기,포천시,60718,67020,3356,4256
2020,6,202006,경기,하남시,98044,98754,2918,3346
2020,6,202006,경기,화성시,361215,364106,11576,14275
2020,6,202006,경남,거제시,89632,90815,3356,3971
2020,6,202006,경남,거창군,21792,22094,944,1181
2020,6,202006,경남,고성군,18117,18436,903,1058
2020,6,202006,경남,김해시,222366,224977,7431,8251
2020,6,202006,경남,남해군,12797,13064,587,776
2020,6,202006,경남,밀양시,39628,40215,1583,1907
2020,6,202006,경남,사천시,42974,43745,1704,2012
2020,6,202006,경남,산청군,12249,12480,580,693
2020,6,202006,경남,양산시,135014,136146,4897,5876
2020,6,202006,경남,의령군,9355,9486,438,543
2020,6,202006,경남,진주시,131531,134503,4060,5354
2020,6,202006,경남,창녕군,23747,24176,1157,1331
2020,6,202006,경남,창원시,463285,494307,12297,15160
2020,6,202006,경남,통영시,41285,42172,2019,2342
2020,6,202006,경남,하동군,15587,15761,671,775
2020,6,202006,경남,함안군,29016,43856,1204,1663
2020,6,202006,경남,함양군,12237,12479,574,711
2020,6,202006,경남,합천군,14408,14600,676,809
2020,6,202006,경북,경산시,108366,109537,3552,4043
2020,6,202006,경북,경주시,108730,110724,4281,4974
2020,6,202006,경북,고령군,13352,13449,700,775
2020,6,202006,경북,구미시,178322,180995,6180,7101
2020,6,202006,경북,군위군,9018,9099,415,475
2020,6,202006,경북,김천시,53497,54256,2234,2578
2020,6,202006,경북,문경시,24950,25428,1354,1547
2020,6,202006,경북,봉화군,10438,10591,491,575
2020,6,202006,경북,상주시,34011,34559,1760,2095
2020,6,202006,경북,성주군,18391,18679,863,955
2020,6,202006,경북,안동시,59469,60552,2334,2854
2020,6,202006,경북,영덕군,12118,12317,664,779
2020,6,202006,경북,영양군,5520,5604,298,360
2020,6,202006,경북,영주시,38462,39116,1777,2002
2020,6,202006,경북,영천시,40774,41377,1915,2230
2020,6,202006,경북,예천군,20242,20525,797,931
2020,6,202006,경북,울릉군,3519,3872,246,446
2020,6,202006,경북,울진군,18555,18828,710,862
2020,6,202006,경북,의성군,17724,17898,923,1095
2020,6,202006,경북,청도군,16258,16440,691,776
2020,6,202006,경북,청송군,9201,9308,467,575
2020,6,202006,경북,칠곡군,52906,53328,2163,2656
2020,6,202006,경북,포항시,213898,217877,6722,8007
2020,6,202006,광주,광산구,160318,164140,5075,5620
2020,6,202006,광주,남구,77745,78961,2293,2712
2020,6,202006,광주,동구,34751,35481,1153,1378
2020,6,202006,광주,북구,159156,164002,4714,5928
2020,6,202006,광주,서구,122818,127903,3872,4539
2020,6,202006,대구,남구,46969,48138,1667,1949
2020,6,202006,대구,달서구,232107,240186,5858,6746
2020,6,202006,대구,달성군,107795,109611,3275,3917
2020,6,202006,대구,동구,128296,134876,3891,4705
2020,6,202006,대구,북구,164655,167375,4531,5285
2020,6,202006,대구,서구,55598,57722,2098,2390
2020,6,202006,대구,수성구,192784,196258,3760,4606
2020,6,202006,대구,중구,51459,52915,1093,1518
2020,6,202006,대전,대덕구,67481,69422,2711,3307
2020,6,202006,대전,동구,72043,74509,2930,3346
2020,6,202006,대전,서구,180205,185168,5231,5832
2020,6,202006,대전,유성구,157213,159362,3928,4351
2020,6,202006,대전,중구,80196,83238,3167,3824
2020,6,202006,부산,강서구,57401,58468,1855,2126
2020,6,202006,부산,금정구,67625,71033,2638,3311
2020,6,202006,부산,기장군,62183,63147,2370,2942
2020,6,202006,부산,남구,78739,80766,2590,3079
2020,6,202006,부산,동구,41334,42669,1051,1331
2020,6,202006,부산,동래구,79190,80928,2439,3114
2020,6,202006,부산,부산진구,103716,118663,3389,3977
2020,6,202006,부산,북구,84894,86463,2735,3099
2020,6,202006,부산,사상구,66159,69292,2671,3074
2020,6,202006,부산,사하구,90597,95010,3326,3731
2020,6,202006,부산,서구,23601,24034,1055,1106
2020,6,202006,부산,수영구,59613,86956,1710,2484
2020,6,202006,부산,연제구,78267,84809,2024,3121
2020,6,202006,부산,영도구,25541,27004,1137,1484
2020,6,202006,부산,중구,24187,24466,546,677
2020,6,202006,부산,해운대구,146927,156947,3917,4287
2020,6,202006,서울,강남구,197336,213117,4884,5667
2020,6,202006,서울,강동구,121621,127439,3934,4539
2020,6,202006,서울,강북구,60814,63191,2903,3695
2020,6,202006,서울,강서구,163044,176519,5784,7324
2020,6,202006,서울,관악구,99792,103048,4053,4404
2020,6,202006,서울,광진구,79589,83250,2775,3251
2020,6,202006,서울,구로구,111323,120929,5206,5921
2020,6,202006,서울,금천구,67493,70525,3503,4030
2020,6,202006,서울,노원구,127678,133885,4359,5314
2020,6,202006,서울,도봉구,76687,81714,3102,3575
2020,6,202006,서울,동대문구,78955,81884,3343,3518
2020,6,202006,서울,동작구,92368,93619,2900,3086
2020,6,202006,서울,마포구,98578,102782,3187,3892
2020,6,202006,서울,서대문구,73114,76805,2589,3151
2020,6,202006,서울,서초구,152303,159543,3814,4715
2020,6,202006,서울,성동구,82120,89706,2590,4337
2020,6,202006,서울,성북구,101394,104030,3693,4894
2020,6,202006,서울,송파구,200170,206979,5027,6626
2020,6,202006,서울,양천구,126008,130812,4046,4887
2020,6,202006,서울,영등포구,113232,117787,4679,4927
2020,6,202006,서울,용산구,67091,67879,2230,2360
2020,6,202006,서울,은평구,108344,112680,4048,4891
2020,6,202006,서울,종로구,38847,40987,1782,3824
2020,6,202006,서울,중구,38369,40398,2192,3193
2020,6,202006,서울,중랑구,86435,92366,3926,4568
2020,6,202006,세종,세종시,145635,146487,3764,4363
2020,6,202006,울산,남구,132926,136425,3214,3913
2020,6,202006,울산,동구,55379,56051,1485,1675
2020,6,202006,울산,북구,99141,101122,2461,2771
2020,6,202006,울산,울주군,98926,100270,3012,3857
2020,6,202006,울산,중구,86949,88311,2247,2591
2020,6,202006,인천,강화군,23779,65269,1276,3567
2020,6,202006,인천,계양구,93370,283486,3996,8075
2020,6,202006,인천,남동구,220522,267476,6609,8754
2020,6,202006,인천,동구,19475,21738,1005,1107
2020,6,202006,인천,미추홀구,133938,140402,5147,5436
2020,6,202006,인천,부평구,182739,196297,6072,7157
2020,6,202006,인천,서구,199193,203598,7364,8809
2020,6,202006,인천,연수구,166947,171672,3615,4538
2020,6,202006,인천,옹진군,7683,7824,536,640
2020,6,202006,인천,중구,53296,57956,1979,2844
2020,6,202006,전남,강진군,11396,11647,612,791
2020,6,202006,전남,고흥군,18455,18737,1148,1348
2020,6,202006,전남,곡성군,9275,9524,470,578
2020,6,202006,전남,광양시,65612,66321,2422,2767
2020,6,202006,전남,구례군,8575,9013,463,556
2020,6,202006,전남,나주시,45317,46505,2103,2596
2020,6,202006,전남,담양군,17480,17808,867,1187
2020,6,202006,전남,목포시,79037,81587,3360,3929
2020,6,202006,전남,무안군,30336,30686,1494,1753
2020,6,202006,전남,보성군,12978,45036,778,1714
2020,6,202006,전남,순천시,110878,112725,3729,4553
2020,6,202006,전남,신안군,11596,38846,660,1729
2020,6,202006,전남,여수시,104143,106535,3871,4720
2020,6,202006,전남,영광군,18583,18808,881,999
2020,6,202006,전남,영암군,21284,31807,1297,1600
2020,6,202006,전남,완도군,14892,15193,809,974
2020,6,202006,전남,장성군,17776,18003,861,988
2020,6,202006,전남,장흥군,12341,12499,629,733
2020,6,202006,전남,진도군,9911,10066,570,668
2020,6,202006,전남,함평군,11017,35306,568,1252
2020,6,202006,전남,해남군,22422,22800,1618,1797
2020,6,202006,전남,화순군,22966,23267,1082,2355
2020,6,202006,전북,고창군,18418,18674,1289,1443
2020,6,202006,전북,군산시,105836,108405,3667,4315
2020,6,202006,전북,김제시,30333,31147,1573,1811
2020,6,202006,전북,남원시,26664,30853,1355,1764
2020,6,202006,전북,무주군,7902,8022,486,566
2020,6,202006,전북,부안군,17790,18067,916,1110
2020,6,202006,전북,순창군,9101,9233,463,540
2020,6,202006,전북,완주군,37189,37648,1716,2322
2020,6,202006,전북,익산시,106315,108669,4699,5344
2020,6,202006,전북,임실군,9055,9176,470,584
2020,6,202006,전북,장수군,7273,7370,396,467
2020,6,202006,전북,전주시,273597,279749,8016,9873
2020,6,202006,전북,정읍시,37320,40014,1815,2133
2020,6,202006,전북,진안군,8577,8715,468,595
2020,6,202006,제주,서귀포시,71332,72710,3314,3618
2020,6,202006,제주,제주시,215555,432777,8049,15517
2020,6,202006,충남,계룡시,19003,19121,690,838
2020,6,202006,충남,공주시,38717,40179,1891,2376
2020,6,202006,충남,금산군,18635,19960,1178,1521
2020,6,202006,충남,논산시,42588,43569,2366,2880
2020,6,202006,충남,당진시,72551,73200,2724,3105
2020,6,202006,충남,보령시,37665,38244,1600,1842
2020,6,202006,충남,부여군,21634,22197,1266,1687
2020,6,202006,충남,서산시,71783,72826,2889,3453
2020,6,202006,충남,서천군,18553,18793,821,973
2020,6,202006,충남,아산시,134317,136869,5392,6125
2020,6,202006,충남,예산군,29958,30385,1523,1946
2020,6,202006,충남,천안시,272714,276973,9761,11402
2020,6,202006,충남,청양군,10359,10507,555,674
2020,6,202006,충남,태안군,22565,22824,1121,1242
2020,6,202006,충남,홍성군,38102,38599,1607,1924
2020,6,202006,충북,괴산군,13831,13987,800,901
2020,6,202006,충북,단양군,10224,10405,547,654
2020,6,202006,충북,보은군,11098,11292,661,800
2020,6,202006,충북,영동군,16024,16239,789,926
2020,6,202006,충북,옥천군,18072,18516,914,1052
2020,6,202006,충북,음성군,42152,42489,2279,2537
2020,6,202006,충북,제천시,50607,51491,2055,2305
2020,6,202006,충북,증평군,15203,15375,656,712
2020,6,202006,충북,진천군,37218,37540,1616,1797
2020,6,202006,충북,청주시,345967,355678,11476,14358
2020,6,202006,충북,충주시,84481,87941,3387,3945
2020,7,202007,강원,강릉시,85357,87871,3041,3749
2020,7,202007,강원,고성군,9918,10058,527,611
2020,7,202007,강원,동해시,36299,37111,1489,1685
2020,7,202007,강원,삼척시,24440,24997,941,1148
2020,7,202007,강원,속초시,30552,31561,1334,1570
2020,7,202007,강원,양구군,8293,8383,365,438
2020,7,202007,강원,양양군,11090,11294,471,528
2020,7,202007,강원,영월군,14078,14335,796,949
2020,7,202007,강원,원주시,140188,143244,5066,5856
2020,7,202007,강원,인제군,12659,12848,563,660
2020,7,202007,강원,정선군,13660,13987,706,853
2020,7,202007,강원,철원군,16148,16338,887,984
2020,7,202007,강원,춘천시,108609,111221,3726,4647
2020,7,202007,강원,태백시,15849,16300,738,956
2020,7,202007,강원,평창군,16178,16551,845,982
2020,7,202007,강원,홍천군,25577,25922,1434,1853
2020,7,202007,강원,화천군,9229,9349,368,501
2020,7,202007,강원,횡성군,17133,17578,905,1026
2020,7,202007,경기,가평군,22643,22964,1330,1611
2020,7,202007,경기,고양시,360464,367180,10656,12756
2020,7,202007,경기,과천시,19945,20732,591,728
2020,7,202007,경기,광명시,88314,90092,3251,3833
2020,7,202007,경기,광주시,151973,153026,5859,8755
2020,7,202007,경기,구리시,59206,60351,2056,2431
2020,7,202007,경기,군포시,85930,86888,2716,2957
2020,7,202007,경기,김포시,174991,176956,5978,7715
2020,7,202007,경기,남양주시,238474,240667,9048,10282
2020,7,202007,경기,동두천시,30082,30837,1517,1632
2020,7,202007,경기,부천시,247850,253789,9975,11461
2020,7,202007,경기,성남시,293534,300575,8466,10467
2020,7,202007,경기,수원시,443805,452216,14859,17756
2020,7,202007,경기,시흥시,190995,192940,7211,7743
2020,7,202007,경기,안산시,239302,243844,10904,13073
2020,7,202007,경기,안성시,78806,79692,3519,4086
2020,7,202007,경기,안양시,173891,177651,5665,7425
2020,7,202007,경기,양주시,83284,84090,3974,4580
2020,7,202007,경기,양평군,45451,45941,1924,2760
2020,7,202007,경기,여주시,45888,46609,2194,3010
2020,7,202007,경기,연천군,16393,16630,872,1071
2020,7,202007,경기,오산시,90091,91242,3305,3851
2020,7,202007,경기,용인시,408033,412787,11269,13656
2020,7,202007,경기,의왕시,55670,56263,1625,1892
2020,7,202007,경기,의정부시,134305,136498,5519,6221
2020,7,202007,경기,이천시,89121,90203,3780,4397
2020,7,202007,경기,파주시,172167,174902,6156,8881
2020,7,202007,경기,평택시,228574,232156,8532,10344
2020,7,202007,경기,포천시,60811,66951,3349,4240
2020,7,202007,경기,하남시,98781,99495,2919,3346
2020,7,202007,경기,화성시,363921,366804,11589,14320
2020,7,202007,경남,거제시,89819,91002,3359,3975
2020,7,202007,경남,거창군,21884,22183,945,1185
2020,7,202007,경남,고성군,18181,18502,903,1055
2020,7,202007,경남,김해시,222889,225462,7411,8229
2020,7,202007,경남,남해군,12806,13078,588,774
2020,7,202007,경남,밀양시,39805,40394,1578,1902
2020,7,202007,경남,사천시,43291,44062,1699,2005
2020,7,202007,경남,산청군,12278,12510,583,696
2020,7,202007,경남,양산시,135204,136324,4881,5858
2020,7,202007,경남,의령군,9342,9474,437,543
2020,7,202007,경남,진주시,131852,134833,4060,5322
2020,7,202007,경남,창녕군,23820,24252,1171,1346
2020,7,202007,경남,창원시,464719,495715,12283,15121
2020,7,202007,경남,통영시,41318,42202,2034,2358
2020,7,202007,경남,하동군,15653,15825,667,769
2020,7,202007,경남,함안군,29016,44277,1205,1670
2020,7,202007,경남,함양군,12283,12517,567,704
2020,7,202007,경남,합천군,14464,14655,669,800
2020,7,202007,경북,경산시,108325,109497,3520,4011
2020,7,202007,경북,경주시,109162,111146,4267,4963
2020,7,202007,경북,고령군,13323,13420,707,783
2020,7,202007,경북,구미시,178714,181403,6133,7061
2020,7,202007,경북,군위군,9069,9150,415,476
2020,7,202007,경북,김천시,53644,54392,2234,2577
2020,7,202007,경북,문경시,24944,25420,1352,1545
2020,7,202007,경북,봉화군,10491,10645,488,570
2020,7,202007,경북,상주시,34098,34644,1772,2105
2020,7,202007,경북,성주군,18468,18748,859,952
2020,7,202007,경북,안동시,59800,60887,2342,2868
2020,7,202007,경북,영덕군,12157,12355,664,778
2020,7,202007,경북,영양군,5537,5620,298,357
2020,7,202007,경북,영주시,38574,39229,1796,2020
2020,7,202007,경북,영천시,40932,41533,1902,2216
2020,7,202007,경북,예천군,20305,20586,800,933
2020,7,202007,경북,울릉군,3548,3906,248,451
2020,7,202007,경북,울진군,18589,18864,708,862
2020,7,202007,경북,의성군,17779,17953,920,1090
2020,7,202007,경북,청도군,16307,16485,691,777
2020,7,202007,경북,청송군,9222,9328,463,571
2020,7,202007,경북,칠곡군,52951,53374,2175,2666
2020,7,202007,경북,포항시,214541,218510,6720,8071
2020,7,202007,광주,광산구,161008,164868,5085,5631
2020,7,202007,광주,남구,77928,79142,2294,2745
2020,7,202007,광주,동구,34894,35626,1152,1378
2020,7,202007,광주,북구,159672,164477,4716,5928
2020,7,202007,광주,서구,122760,127839,3875,4504
2020,7,202007,대구,남구,46958,48120,1675,1958
2020,7,202007,대구,달서구,232816,240898,5831,6718
2020,7,202007,대구,달성군,108463,110298,3280,3919
2020,7,202007,대구,동구,128786,135365,3885,4692
2020,7,202007,대구,북구,165685,168396,4535,5290
2020,7,202007,대구,서구,55795,57927,2102,2393
2020,7,202007,대구,수성구,193118,196592,3736,4582
2020,7,202007,대구,중구,52165,53688,1077,1504
2020,7,202007,대전,대덕구,67428,69387,2705,3301
2020,7,202007,대전,동구,72287,74739,2929,3347
2020,7,202007,대전,서구,180695,185651,5239,5832
2020,7,202007,대전,유성구,157915,160082,3939,4355
2020,7,202007,대전,중구,80425,83481,3155,3812
2020,7,202007,부산,강서구,57630,58643,1860,2133
2020,7,202007,부산,금정구,67527,70916,2613,3287
2020,7,202007,부산,기장군,62736,63706,2371,2945
2020,7,202007,부산,남구,78753,80775,2591,3081
2020,7,202007,부산,동구,41354,42716,1043,1324
2020,7,202007,부산,동래구,79453,81197,2411,3039
2020,7,202007,부산,부산진구,104129,119338,3374,3959
2020,7,202007,부산,북구,84887,86460,2720,3086
2020,7,202007,부산,사상구,66203,69346,2661,3061
2020,7,202007,부산,사하구,90662,95078,3293,3697
2020,7,202007,부산,서구,23662,24094,1060,1115
2020,7,202007,부산,수영구,59449,88748,1699,2528
2020,7,202007,부산,연제구,78207,85099,2012,3112
2020,7,202007,부산,영도구,25602,27066,1136,1481
2020,7,202007,부산,중구,24383,24657,548,678
2020,7,202007,부산,해운대구,146990,156963,3904,4306
2020,7,202007,서울,강남구,197530,213513,4870,5622
2020,7,202007,서울,강동구,121986,127819,3905,4508
2020,7,202007,서울,강북구,60883,63256,2875,3667
2020,7,202007,서울,강서구,162877,176429,5766,7294
2020,7,202007,서울,관악구,100190,103434,4048,4400
2020,7,202007,서울,광진구,79722,83209,2754,3212
2020,7,202007,서울,구로구,111691,121254,5177,5917
2020,7,202007,서울,금천구,67726,70895,3477,4005
2020,7,202007,서울,노원구,127907,134100,4345,5299
2020,7,202007,서울,도봉구,76757,81771,3077,3551
2020,7,202007,서울,동대문구,79069,82055,3330,3506
2020,7,202007,서울,동작구,92582,93829,2879,3065
2020,7,202007,서울,마포구,98780,103023,3162,3861
2020,7,202007,서울,서대문구,73287,76938,2581,3147
2020,7,202007,서울,서초구,152105,159266,3790,4688
2020,7,202007,서울,성동구,82121,90781,2533,3924
2020,7,202007,서울,성북구,101583,104213,3679,4877
2020,7,202007,서울,송파구,200704,207475,5024,6627
2020,7,202007,서울,양천구,126291,131109,4027,4867
2020,7,202007,서울,영등포구,113574,118036,4672,4921
2020,7,202007,서울,용산구,67190,67976,2222,2353
2020,7,202007,서울,은평구,109238,113585,4034,4879
2020,7,202007,서울,종로구,38860,40988,1777,3797
2020,7,202007,서울,중구,38409,40455,2189,3289
2020,7,202007,서울,중랑구,86769,92731,3926,4569
2020,7,202007,세종,세종시,146467,147319,3747,4348
2020,7,202007,울산,남구,133294,136844,3189,3888
2020,7,202007,울산,동구,55546,56226,1484,1674
2020,7,202007,울산,북구,99908,101863,2470,2783
2020,7,202007,울산,울주군,99293,100614,3016,3861
2020,7,202007,울산,중구,87243,88606,2250,2594
2020,7,202007,인천,강화군,23847,64415,1278,3521
2020,7,202007,인천,계양구,93346,284192,3957,8012
2020,7,202007,인천,남동구,220751,267624,6589,8710
2020,7,202007,인천,동구,20083,22443,1015,1122
2020,7,202007,인천,미추홀구,134296,140362,5090,5378
2020,7,202007,인천,부평구,182873,197409,6039,7122
2020,7,202007,인천,서구,200080,204466,7335,8774
2020,7,202007,인천,연수구,168009,172788,3629,4555
2020,7,202007,인천,옹진군,7734,7877,538,644
2020,7,202007,인천,중구,53409,57882,1973,2843
2020,7,202007,전남,강진군,11402,11654,611,793
2020,7,202007,전남,고흥군,18529,18813,1142,1341
2020,7,202007,전남,곡성군,9291,9539,470,578
2020,7,202007,전남,광양시,65671,66379,2405,2750
2020,7,202007,전남,구례군,8608,9050,464,557
2020,7,202007,전남,나주시,45407,46583,2101,2594
2020,7,202007,전남,담양군,17546,17878,868,1186
2020,7,202007,전남,목포시,79280,81834,3350,3924
2020,7,202007,전남,무안군,30470,30825,1489,1748
2020,7,202007,전남,보성군,12986,43353,784,1663
2020,7,202007,전남,순천시,111477,113313,3732,4556
2020,7,202007,전남,신안군,11682,42856,657,1866
2020,7,202007,전남,여수시,104632,107065,3880,4725
2020,7,202007,전남,영광군,18654,18880,873,991
2020,7,202007,전남,영암군,21385,31414,1300,1596
2020,7,202007,전남,완도군,14945,15242,809,972
2020,7,202007,전남,장성군,17839,18067,864,991
2020,7,202007,전남,장흥군,12359,12514,625,729
2020,7,202007,전남,진도군,9956,10111,571,669
2020,7,202007,전남,함평군,11077,35357,576,1259
2020,7,202007,전남,해남군,22530,22909,1628,1808
2020,7,202007,전남,화순군,23059,23360,1083,2351
2020,7,202007,전북,고창군,18452,18706,1300,1453
2020,7,202007,전북,군산시,106033,108582,3650,4300
2020,7,202007,전북,김제시,30347,31147,1574,1809
2020,7,202007,전북,남원시,26767,30906,1354,1760
2020,7,202007,전북,무주군,7922,8042,489,573
2020,7,202007,전북,부안군,17860,18137,917,1110
2020,7,202007,전북,순창군,9129,9261,467,544
2020,7,202007,전북,완주군,37340,37801,1723,2324
2020,7,202007,전북,익산시,106601,108948,4700,5340
2020,7,202007,전북,임실군,9039,9160,472,585
2020,7,202007,전북,장수군,7314,7411,398,465
2020,7,202007,전북,전주시,274361,280504,8010,9858
2020,7,202007,전북,정읍시,37434,40071,1807,2123
2020,7,202007,전북,진안군,8579,8717,466,594
2020,7,202007,제주,서귀포시,71517,72981,3315,3615
2020,7,202007,제주,제주시,216669,438162,8018,15502
2020,7,202007,충남,계룡시,19028,19146,701,849
2020,7,202007,충남,공주시,38873,40368,1876,2344
2020,7,202007,충남,금산군,18802,20110,1183,1525
2020,7,202007,충남,논산시,42666,43633,2371,2883
2020,7,202007,충남,당진시,72937,73593,2738,3116
2020,7,202007,충남,보령시,37771,38349,1599,1840
2020,7,202007,충남,부여군,21692,22256,1269,1681
2020,7,202007,충남,서산시,72124,73180,2885,3452
2020,7,202007,충남,서천군,18637,18876,819,971
2020,7,202007,충남,아산시,134878,137395,5388,6116
2020,7,202007,충남,예산군,30056,30478,1510,1934
2020,7,202007,충남,천안시,273893,278143,9758,11403
2020,7,202007,충남,청양군,10400,10546,547,665
2020,7,202007,충남,태안군,22686,22940,1135,1255
2020,7,202007,충남,홍성군,38273,38766,1617,1933
2020,7,202007,충북,괴산군,13849,14002,791,892
2020,7,202007,충북,단양군,10218,10400,545,653
2020,7,202007,충북,보은군,11093,11292,659,802
2020,7,202007,충북,영동군,16067,16282,796,934
2020,7,202007,충북,옥천군,18131,18576,909,1044
2020,7,202007,충북,음성군,42377,42714,2278,2539
2020,7,202007,충북,제천시,50747,51624,2051,2303
2020,7,202007,충북,증평군,15273,15443,646,702
2020,7,202007,충북,진천군,37360,37679,1618,1800
2020,7,202007,충북,청주시,347301,357055,11422,14296
2020,7,202007,충북,충주시,84785,88389,3382,3944
2020,8,202008,강원,강릉시,85497,87968,3039,3731
2020,8,202008,강원,고성군,9947,10089,524,608
2020,8,202008,강원,동해시,36376,37183,1483,1680
2020,8,202008,강원,삼척시,24405,24968,941,1147
2020,8,202008,강원,속초시,30701,31707,1323,1559
2020,8,202008,강원,양구군,8292,8381,370,444
2020,8,202008,강원,양양군,11123,11351,475,533
2020,8,202008,강원,영월군,14072,14328,786,938
2020,8,202008,강원,원주시,140617,143664,5057,5845
2020,8,202008,강원,인제군,12739,12926,565,662
2020,8,202008,강원,정선군,13715,14037,699,847
2020,8,202008,강원,철원군,16171,16360,878,973
2020,8,202008,강원,춘천시,108932,111546,3711,4633
2020,8,202008,강원,태백시,15878,16329,735,955
2020,8,202008,강원,평창군,16204,16576,849,985
2020,8,202008,강원,홍천군,25626,25972,1424,1841
2020,8,202008,강원,화천군,9278,9397,367,500
2020,8,202008,강원,횡성군,17216,17662,906,1026
2020,8,202008,경기,가평군,22672,22994,1325,1605
2020,8,202008,경기,고양시,360677,367316,10590,12684
2020,8,202008,경기,과천시,20077,20872,587,723
2020,8,202008,경기,광명시,87678,89480,3236,3821
2020,8,202008,경기,광주시,152386,153435,5842,8683
2020,8,202008,경기,구리시,59180,60331,2043,2419
2020,8,202008,경기,군포시,85937,86894,2698,2937
2020,8,202008,경기,김포시,177406,179516,6032,7770
2020,8,202008,경기,남양주시,239096,241282,9019,10251
2020,8,202008,경기,동두천시,30150,30975,1515,1635
2020,8,202008,경기,부천시,247380,253185,9914,11379
2020,8,202008,경기,성남시,294732,301792,8453,10447
2020,8,202008,경기,수원시,443217,451658,14911,17795
2020,8,202008,경기,시흥시,192858,194790,7190,7723
2020,8,202008,경기,안산시,239595,244130,10858,13010
2020,8,202008,경기,안성시,78995,79886,3518,4102
2020,8,202008,경기,안양시,173725,177455,5635,7382
2020,8,202008,경기,양주시,83888,84653,3991,4588
2020,8,202008,경기,양평군,45618,46114,1920,2756
2020,8,202008,경기,여주시,46011,46709,2212,3028
2020,8,202008,경기,연천군,16407,16634,864,1062
2020,8,202008,경기,오산시,90555,91741,3311,3860
2020,8,202008,경기,용인시,408404,413178,11168,13555
2020,8,202008,경기,의왕시,55630,56225,1623,1898
2020,8,202008,경기,의정부시,134956,137106,5524,6221
2020,8,202008,경기,이천시,89411,90477,3752,4370
2020,8,202008,경기,파주시,173304,175997,6148,8853
2020,8,202008,경기,평택시,229700,233322,8537,10360
2020,8,202008,경기,포천시,60987,67006,3338,4225
2020,8,202008,경기,하남시,99487,100200,2912,3340
2020,8,202008,경기,화성시,365723,368593,11561,14294
2020,8,202008,경남,거제시,89962,91140,3366,3980
2020,8,202008,경남,거창군,21921,22221,943,1184
2020,8,202008,경남,고성군,18196,18516,891,1038
2020,8,202008,경남,김해시,223265,225847,7382,8201
2020,8,202008,경남,남해군,12831,13102,593,777
2020,8,202008,경남,밀양시,39902,40493,1579,1903
2020,8,202008,경남,사천시,43468,44237,1699,2005
2020,8,202008,경남,산청군,12300,12527,587,704
2020,8,202008,경남,양산시,135360,136482,4887,5855
2020,8,202008,경남,의령군,9364,9496,431,541
2020,8,202008,경남,진주시,132001,134962,4031,5293
2020,8,202008,경남,창녕군,23844,24275,1165,1339
2020,8,202008,경남,창원시,464242,495729,12227,15045
2020,8,202008,경남,통영시,41317,42203,2031,2353
2020,8,202008,경남,하동군,15643,15812,663,765
2020,8,202008,경남,함안군,29001,44548,1212,1684
2020,8,202008,경남,함양군,12331,12563,573,710
2020,8,202008,경남,합천군,14482,14671,668,797
2020,8,202008,경북,경산시,108401,109562,3500,3983
2020,8,202008,경북,경주시,109390,111352,4263,4955
2020,8,202008,경북,고령군,13306,13402,712,788
2020,8,202008,경북,구미시,178811,181491,6112,7038
2020,8,202008,경북,군위군,9084,9162,418,478
2020,8,202008,경북,김천시,53772,54519,2236,2579
2020,8,202008,경북,문경시,24931,25408,1346,1538
2020,8,202008,경북,봉화군,10495,10649,484,565
2020,8,202008,경북,상주시,34151,34698,1788,2124
2020,8,202008,경북,성주군,18498,18758,862,955
2020,8,202008,경북,안동시,59918,61003,2324,2842
2020,8,202008,경북,영덕군,12170,12368,663,774
2020,8,202008,경북,영양군,5526,5609,290,349
2020,8,202008,경북,영주시,38624,39278,1790,2013
2020,8,202008,경북,영천시,41047,41642,1908,2221
2020,8,202008,경북,예천군,20285,20565,796,929
2020,8,202008,경북,울릉군,3572,3930,249,453
2020,8,202008,경북,울진군,18655,18926,702,854
2020,8,202008,경북,의성군,17842,18008,923,1090
2020,8,202008,경북,청도군,16334,16511,692,781
2020,8,202008,경북,청송군,9221,9327,468,576
2020,8,202008,경북,칠곡군,52985,53407,2149,2637
2020,8,202008,경북,포항시,214803,218757,6695,8036
2020,8,202008,광주,광산구,161488,165373,5063,5605
2020,8,202008,광주,남구,77925,79122,2284,2736
2020,8,202008,광주,동구,34945,35682,1146,1374
2020,8,202008,광주,북구,159731,164478,4705,5913
2020,8,202008,광주,서구,121914,126972,3868,4495
2020,8,202008,대구,남구,47028,48183,1673,1959
2020,8,202008,대구,달서구,233127,241258,5807,6713
2020,8,202008,대구,달성군,108901,110737,3299,3939
2020,8,202008,대구,동구,128975,135511,3878,4684
2020,8,202008,대구,북구,166054,168755,4541,5293
2020,8,202008,대구,서구,55668,57846,2073,2362
2020,8,202008,대구,수성구,193422,196903,3699,4543
2020,8,202008,대구,중구,57514,58956,1086,1513
2020,8,202008,대전,대덕구,67326,69280,2685,3280
2020,8,202008,대전,동구,72333,74775,2923,3345
2020,8,202008,대전,서구,180630,185558,5249,5846
2020,8,202008,대전,유성구,157828,160013,3931,4343
2020,8,202008,대전,중구,80356,83407,3149,3808
2020,8,202008,부산,강서구,58186,59232,1864,2135
2020,8,202008,부산,금정구,67468,70846,2606,3279
2020,8,202008,부산,기장군,63344,64309,2374,2945
2020,8,202008,부산,남구,78659,80662,2590,3080
2020,8,202008,부산,동구,41446,42800,1039,1317
2020,8,202008,부산,동래구,79402,81153,2400,3024
2020,8,202008,부산,부산진구,104385,119819,3345,3929
2020,8,202008,부산,북구,84822,86394,2709,3078
2020,8,202008,부산,사상구,65906,69031,2643,3039
2020,8,202008,부산,사하구,90460,94863,3291,3691
2020,8,202008,부산,서구,23667,24099,1058,1113
2020,8,202008,부산,수영구,59442,89079,1697,2533
2020,8,202008,부산,연제구,78560,85590,2019,3124
2020,8,202008,부산,영도구,25521,26987,1138,1483
2020,8,202008,부산,중구,24748,25022,546,677
2020,8,202008,부산,해운대구,146934,156811,3893,4290
2020,8,202008,서울,강남구,197441,213545,4851,5580
2020,8,202008,서울,강동구,122226,128046,3878,4482
2020,8,202008,서울,강북구,60825,63200,2837,3626
2020,8,202008,서울,강서구,162243,175818,5741,7268
2020,8,202008,서울,관악구,100060,103283,4023,4377
2020,8,202008,서울,광진구,79659,83151,2734,3190
2020,8,202008,서울,구로구,111951,121477,5161,5911
2020,8,202008,서울,금천구,67813,70958,3456,3983
2020,8,202008,서울,노원구,127874,134045,4317,5265
2020,8,202008,서울,도봉구,76674,81662,3047,3519
2020,8,202008,서울,동대문구,79044,82013,3308,3482
2020,8,202008,서울,동작구,92617,93913,2868,3057
2020,8,202008,서울,마포구,98718,102946,3161,3851
2020,8,202008,서울,서대문구,73582,77230,2587,3152
2020,8,202008,서울,서초구,152259,159484,3754,4655
2020,8,202008,서울,성동구,82060,90819,2526,3621
2020,8,202008,서울,성북구,101554,104195,3660,4855
2020,8,202008,서울,송파구,200841,207656,4997,6598
2020,8,202008,서울,양천구,126247,131058,3996,4842
2020,8,202008,서울,영등포구,113999,118345,4672,4917
2020,8,202008,서울,용산구,67206,67984,2218,2344
2020,8,202008,서울,은평구,109624,113931,4020,4860
2020,8,202008,서울,종로구,38837,40953,1785,3796
2020,8,202008,서울,중구,38462,40637,2176,3265
2020,8,202008,서울,중랑구,87465,93452,3885,4554
2020,8,202008,세종,세종시,147280,148210,3727,4327
2020,8,202008,울산,남구,133258,136812,3177,3879
2020,8,202008,울산,동구,55535,56211,1465,1654
2020,8,202008,울산,북구,99839,101776,2442,2759
2020,8,202008,울산,울주군,99424,100759,3002,3846
2020,8,202008,울산,중구,87226,88586,2229,2574
2020,8,202008,인천,강화군,23922,63609,1280,3500
2020,8,202008,인천,계양구,93277,283875,3951,7920
2020,8,202008,인천,남동구,216947,263543,6532,8631
2020,8,202008,인천,동구,19926,22368,1003,1109
2020,8,202008,인천,미추홀구,134267,140097,5075,5363
2020,8,202008,인천,부평구,183196,198390,5991,7074
2020,8,202008,인천,서구,199812,204201,7274,8694
2020,8,202008,인천,연수구,170119,174851,3645,4572
2020,8,202008,인천,옹진군,7787,7930,534,640
2020,8,202008,인천,중구,53562,57971,1973,2833
2020,8,202008,전남,강진군,11434,11679,613,801
2020,8,202008,전남,고흥군,18560,18845,1145,1343
2020,8,202008,전남,곡성군,9319,9563,466,575
2020,8,202008,전남,광양시,65485,66189,2398,2744
2020,8,202008,전남,구례군,8511,8956,455,549
2020,8,202008,전남,나주시,45630,46792,2082,2547
2020,8,202008,전남,담양군,17490,17823,869,1186
2020,8,202008,전남,목포시,78935,81483,3321,3888
2020,8,202008,전남,무안군,31249,31601,1511,1773
2020,8,202008,전남,보성군,12966,42400,782,1631
2020,8,202008,전남,순천시,111837,113708,3716,4540
2020,8,202008,전남,신안군,11681,45809,650,1879
2020,8,202008,전남,여수시,104737,107155,3858,4703
2020,8,202008,전남,영광군,18658,18883,871,1015
2020,8,202008,전남,영암군,21419,31139,1298,1583
2020,8,202008,전남,완도군,14951,15247,802,966
2020,8,202008,전남,장성군,17789,18018,854,981
2020,8,202008,전남,장흥군,12374,12530,627,732
2020,8,202008,전남,진도군,9952,10107,572,670
2020,8,202008,전남,함평군,11070,35325,574,1259
2020,8,202008,전남,해남군,22525,22903,1630,1813
2020,8,202008,전남,화순군,23136,23438,1076,2362
2020,8,202008,전북,고창군,18488,18754,1306,1459
2020,8,202008,전북,군산시,106121,108663,3639,4286
2020,8,202008,전북,김제시,30353,31151,1576,1815
2020,8,202008,전북,남원시,26796,30898,1353,1749
2020,8,202008,전북,무주군,7917,8037,488,573
2020,8,202008,전북,부안군,17895,18171,908,1096
2020,8,202008,전북,순창군,9127,9259,460,543
2020,8,202008,전북,완주군,37439,37899,1717,2314
2020,8,202008,전북,익산시,106704,109027,4679,5321
2020,8,202008,전북,임실군,9007,9128,475,588
2020,8,202008,전북,장수군,7313,7410,400,468
2020,8,202008,전북,전주시,274739,280837,7986,9841
2020,8,202008,전북,정읍시,37499,40164,1818,2130
2020,8,202008,전북,진안군,8610,8744,459,591
2020,8,202008,제주,서귀포시,71684,73144,3320,3619
2020,8,202008,제주,제주시,217330,441184,8014,15502
2020,8,202008,충남,계룡시,19103,19222,692,838
2020,8,202008,충남,공주시,38997,40425,1890,2362
2020,8,202008,충남,금산군,18825,20143,1189,1539
2020,8,202008,충남,논산시,42716,43687,2373,2888
2020,8,202008,충남,당진시,73115,73766,2720,3099
2020,8,202008,충남,보령시,37801,38379,1603,1850
2020,8,202008,충남,부여군,21677,22242,1256,1670
2020,8,202008,충남,서산시,72329,73395,2875,3441
2020,8,202008,충남,서천군,18648,18885,816,969
2020,8,202008,충남,아산시,135425,137925,5371,6104
2020,8,202008,충남,예산군,30063,30486,1504,1931
2020,8,202008,충남,천안시,273927,278154,9731,11366
2020,8,202008,충남,청양군,10387,10534,542,660
2020,8,202008,충남,태안군,22726,22979,1129,1250
2020,8,202008,충남,홍성군,38346,38837,1628,1945
2020,8,202008,충북,괴산군,13909,14062,791,892
2020,8,202008,충북,단양군,10225,10406,542,650
2020,8,202008,충북,보은군,11129,11328,658,801
2020,8,202008,충북,영동군,16116,16330,796,933
2020,8,202008,충북,옥천군,18170,18615,900,1037
2020,8,202008,충북,음성군,42501,42838,2287,2548
2020,8,202008,충북,제천시,50744,51618,2056,2309
2020,8,202008,충북,증평군,15320,15490,645,701
2020,8,202008,충북,진천군,37474,37786,1622,1804
2020,8,202008,충북,청주시,347707,357454,11354,14236
2020,8,202008,충북,충주시,85018,88722,3383,3947
2020,9,202009,강원,강릉시,85779,88226,3045,3750
2020,9,202009,강원,고성군,9939,10081,531,612
2020,9,202009,강원,동해시,36507,37318,1487,1687
2020,9,202009,강원,삼척시,24414,24976,940,1146
2020,9,202009,강원,속초시,30812,31813,1322,1558
2020,9,202009,강원,양구군,8283,8372,367,441
2020,9,202009,강원,양양군,11157,11377,473,532
2020,9,202009,강원,영월군,14141,14392,782,925
2020,9,202009,강원,원주시,140943,143978,5071,5848
2020,9,202009,강원,인제군,12781,12969,562,660
2020,9,202009,강원,정선군,13760,14082,696,845
2020,9,202009,강원,철원군,16232,16421,872,967
2020,9,202009,강원,춘천시,109331,111941,3706,4623
2020,9,202009,강원,태백시,15870,16321,727,946
2020,9,202009,강원,평창군,16265,16639,853,990
2020,9,202009,강원,홍천군,25756,26102,1423,1843
2020,9,202009,강원,화천군,9354,9472,363,493
2020,9,202009,강원,횡성군,17381,17834,921,1042
2020,9,202009,경기,가평군,22763,23085,1337,1598
2020,9,202009,경기,고양시,361450,368130,10536,12620
2020,9,202009,경기,과천시,20136,20934,584,722
2020,9,202009,경기,광명시,87136,88942,3177,3757
2020,9,202009,경기,광주시,153354,154361,5817,8640
2020,9,202009,경기,구리시,59264,60413,2025,2404
2020,9,202009,경기,군포시,85888,86850,2689,2925
2020,9,202009,경기,김포시,180009,182132,6032,7754
2020,9,202009,경기,남양주시,239939,242140,8951,10187
2020,9,202009,경기,동두천시,30247,31079,1509,1625
2020,9,202009,경기,부천시,247823,253569,9909,11333
2020,9,202009,경기,성남시,295795,302873,8396,10389
2020,9,202009,경기,수원시,445734,454208,14966,17819
2020,9,202009,경기,시흥시,195095,197025,7203,7737
2020,9,202009,경기,안산시,240540,245058,10834,12967
2020,9,202009,경기,안성시,79436,80334,3499,4082
2020,9,202009,경기,안양시,173686,177396,5612,7407
2020,9,202009,경기,양주시,84254,85017,3993,4593
2020,9,202009,경기,양평군,45745,46247,1903,2741
2020,9,202009,경기,여주시,46131,46835,2212,3038
2020,9,202009,경기,연천군,16454,16679,866,1064
2020,9,202009,경기,오산시,91542,92729,3388,3945
2020,9,202009,경기,용인시,409860,414653,11134,13524
2020,9,202009,경기,의왕시,56143,56730,1621,1896
2020,9,202009,경기,의정부시,135994,138140,5506,6195
2020,9,202009,경기,이천시,89746,90812,3756,4394
2020,9,202009,경기,파주시,174501,177372,6145,8830
2020,9,202009,경기,평택시,231365,234990,8515,10355
2020,9,202009,경기,포천시,61271,68087,3329,4212
2020,9,202009,경기,하남시,100313,101020,2917,3340
2020,9,202009,경기,화성시,368057,370867,11508,14268
2020,9,202009,경남,거제시,90087,91262,3359,3971
2020,9,202009,경남,거창군,21960,22262,940,1181
2020,9,202009,경남,고성군,18224,18544,889,1084
2020,9,202009,경남,김해시,223820,226408,7357,8173
2020,9,202009,경남,남해군,12867,13139,595,779
2020,9,202009,경남,밀양시,40010,40602,1586,1906
2020,9,202009,경남,사천시,43577,44343,1694,2001
2020,9,202009,경남,산청군,12322,12551,582,699
2020,9,202009,경남,양산시,135917,137046,4854,5815
2020,9,202009,경남,의령군,9380,9513,433,541
2020,9,202009,경남,진주시,132296,135262,4011,5264
2020,9,202009,경남,창녕군,23861,24285,1167,1340
2020,9,202009,경남,창원시,465543,497541,12170,14988
2020,9,202009,경남,통영시,41375,42263,2017,2339
2020,9,202009,경남,하동군,15623,15793,652,754
2020,9,202009,경남,함안군,29001,45221,1209,1677
2020,9,202009,경남,함양군,12352,12587,571,711
2020,9,202009,경남,합천군,14463,14654,662,790
2020,9,202009,경북,경산시,108698,109845,3489,3964
2020,9,202009,경북,경주시,109497,111463,4229,4920
2020,9,202009,경북,고령군,13310,13407,709,783
2020,9,202009,경북,구미시,179263,181944,6070,6993
2020,9,202009,경북,군위군,9094,9173,426,485
2020,9,202009,경북,김천시,53953,54702,2238,2580
2020,9,202009,경북,문경시,25023,25502,1353,1543
2020,9,202009,경북,봉화군,10492,10647,488,568
2020,9,202009,경북,상주시,34155,34706,1773,2109
2020,9,202009,경북,성주군,18541,18798,857,949
2020,9,202009,경북,안동시,60068,61157,2334,2857
2020,9,202009,경북,영덕군,12202,12401,667,778
2020,9,202009,경북,영양군,5564,5647,290,349
2020,9,202009,경북,영주시,38711,39365,1785,2007
2020,9,202009,경북,영천시,41171,41763,1891,2204
2020,9,202009,경북,예천군,20348,20631,796,928
2020,9,202009,경북,울릉군,3570,3928,249,453
2020,9,202009,경북,울진군,18705,18977,696,849
2020,9,202009,경북,의성군,17908,18076,919,1084
2020,9,202009,경북,청도군,16355,16532,692,781
2020,9,202009,경북,청송군,9218,9323,473,580
2020,9,202009,경북,칠곡군,53086,53504,2135,2620
2020,9,202009,경북,포항시,215271,219231,6672,8009
2020,9,202009,광주,광산구,162046,165913,5070,5615
2020,9,202009,광주,남구,78134,79337,2268,2721
2020,9,202009,광주,동구,35800,36545,1161,1387
2020,9,202009,광주,북구,159938,164664,4661,5863
2020,9,202009,광주,서구,122233,127281,3902,4504
2020,9,202009,대구,남구,47063,48214,1654,1934
2020,9,202009,대구,달서구,233813,241929,5829,6717
2020,9,202009,대구,달성군,109305,111150,3290,3935
2020,9,202009,대구,동구,129640,136101,3889,4712
2020,9,202009,대구,북구,167009,169731,4545,5295
2020,9,202009,대구,서구,55781,57978,2060,2346
2020,9,202009,대구,수성구,193822,197318,3685,4535
2020,9,202009,대구,중구,59057,60500,1090,1499
2020,9,202009,대전,대덕구,67782,69745,2699,3292
2020,9,202009,대전,동구,72479,74920,2927,3346
2020,9,202009,대전,서구,181010,185942,5222,5819
2020,9,202009,대전,유성구,158401,160603,3913,4326
2020,9,202009,대전,중구,80542,83588,3120,3782
2020,9,202009,부산,강서구,59076,60163,1870,2144
2020,9,202009,부산,금정구,67518,70896,2589,3257
2020,9,202009,부산,기장군,63866,64829,2376,2941
2020,9,202009,부산,남구,78733,80723,2574,3063
2020,9,202009,부산,동구,41648,43036,1028,1294
2020,9,202009,부산,동래구,79516,81259,2383,2998
2020,9,202009,부산,부산진구,104594,120328,3333,3915
2020,9,202009,부산,북구,84789,86363,2694,3061
2020,9,202009,부산,사상구,65893,68996,2653,3047
2020,9,202009,부산,사하구,90327,94732,3280,3677
2020,9,202009,부산,서구,23642,24076,1058,1112
2020,9,202009,부산,수영구,59517,89559,1691,2535
2020,9,202009,부산,연제구,78860,86010,2019,3109
2020,9,202009,부산,영도구,25489,26942,1129,1471
2020,9,202009,부산,중구,24967,25238,538,667
2020,9,202009,부산,해운대구,147171,157009,3888,4275
2020,9,202009,서울,강남구,197393,213664,4822,5538
2020,9,202009,서울,강동구,122722,128526,3884,4514
2020,9,202009,서울,강북구,60842,63212,2815,3604
2020,9,202009,서울,강서구,162495,175995,5651,7165
2020,9,202009,서울,관악구,99982,103169,3992,4346
2020,9,202009,서울,광진구,79648,83129,2721,3176
2020,9,202009,서울,구로구,112263,121828,5125,5840
2020,9,202009,서울,금천구,67940,71059,3430,3957
2020,9,202009,서울,노원구,127917,134014,4276,5220
2020,9,202009,서울,도봉구,76643,81620,3031,3502
2020,9,202009,서울,동대문구,79127,81809,3297,3470
2020,9,202009,서울,동작구,92565,93856,2842,3030
2020,9,202009,서울,마포구,98865,103095,3127,3783
2020,9,202009,서울,서대문구,73957,77548,2565,3125
2020,9,202009,서울,서초구,151987,159315,3730,4631
2020,9,202009,서울,성동구,82288,91024,2522,3536
2020,9,202009,서울,성북구,101654,104301,3636,4828
2020,9,202009,서울,송파구,201018,207791,4990,6585
2020,9,202009,서울,양천구,126289,131086,3983,4826
2020,9,202009,서울,영등포구,114525,118872,4627,4871
2020,9,202009,서울,용산구,67706,68732,2211,2337
2020,9,202009,서울,은평구,109798,114112,3978,4816
2020,9,202009,서울,종로구,38897,41054,1768,3778
2020,9,202009,서울,중구,38538,40790,2153,3246
2020,9,202009,서울,중랑구,87873,93828,3856,4481
2020,9,202009,세종,세종시,147982,148913,3736,4334
2020,9,202009,울산,남구,133341,136888,3154,3852
2020,9,202009,울산,동구,55532,56211,1463,1649
2020,9,202009,울산,북구,100123,102049,2440,2757
2020,9,202009,울산,울주군,99616,100946,2988,3833
2020,9,202009,울산,중구,87225,88592,2207,2551
2020,9,202009,인천,강화군,23996,63292,1282,3481
2020,9,202009,인천,계양구,93220,283871,3913,7827
2020,9,202009,인천,남동구,216334,262991,6495,8565
2020,9,202009,인천,동구,19800,22344,990,1097
2020,9,202009,인천,미추홀구,134669,140209,5055,5344
2020,9,202009,인천,부평구,183435,199431,5956,7037
2020,9,202009,인천,서구,200213,204678,7254,8663
2020,9,202009,인천,연수구,171833,176568,3638,4562
2020,9,202009,인천,옹진군,7789,7934,538,641
2020,9,202009,인천,중구,53779,56209,1969,2755
2020,9,202009,전남,강진군,11425,11670,615,801
2020,9,202009,전남,고흥군,18613,18902,1144,1343
2020,9,202009,전남,곡성군,9363,9604,460,568
2020,9,202009,전남,광양시,65612,66303,2385,2726
2020,9,202009,전남,구례군,8558,9007,459,549
2020,9,202009,전남,나주시,45824,46986,2065,2556
2020,9,202009,전남,담양군,17556,17887,864,1179
2020,9,202009,전남,목포시,78562,81120,3287,3847
2020,9,202009,전남,무안군,32021,32374,1516,1771
2020,9,202009,전남,보성군,12951,41232,783,1568
2020,9,202009,전남,순천시,112233,114106,3706,4528
2020,9,202009,전남,신안군,11693,48605,648,1920
2020,9,202009,전남,여수시,104984,107388,3829,4673
2020,9,202009,전남,영광군,18674,18916,868,1011
2020,9,202009,전남,영암군,21432,30839,1285,1557
2020,9,202009,전남,완도군,14992,15288,792,954
2020,9,202009,전남,장성군,17841,18078,850,976
2020,9,202009,전남,장흥군,12388,12544,631,735
2020,9,202009,전남,진도군,9978,10135,569,666
2020,9,202009,전남,함평군,11110,37208,568,1311
2020,9,202009,전남,해남군,22623,23005,1642,1825
2020,9,202009,전남,화순군,23228,23533,1078,2332
2020,9,202009,전북,고창군,18503,18770,1305,1457
2020,9,202009,전북,군산시,106533,109060,3629,4276
2020,9,202009,전북,김제시,30361,31209,1574,1812
2020,9,202009,전북,남원시,26840,30925,1353,1743
2020,9,202009,전북,무주군,7951,8071,482,577
2020,9,202009,전북,부안군,17919,18195,914,1101
2020,9,202009,전북,순창군,9137,9269,450,534
2020,9,202009,전북,완주군,37514,37969,1716,2321
2020,9,202009,전북,익산시,106836,109136,4651,5282
2020,9,202009,전북,임실군,8993,9116,476,590
2020,9,202009,전북,장수군,7332,7430,394,463
2020,9,202009,전북,전주시,275627,281750,7969,9817
2020,9,202009,전북,정읍시,37638,40300,1816,2133
2020,9,202009,전북,진안군,8640,8774,457,588
2020,9,202009,제주,서귀포시,71905,73364,3319,3623
2020,9,202009,제주,제주시,218316,445321,7994,15518
2020,9,202009,충남,계룡시,19163,19282,696,843
2020,9,202009,충남,공주시,39103,40563,1877,2376
2020,9,202009,충남,금산군,18888,20230,1186,1536
2020,9,202009,충남,논산시,42894,43863,2357,2872
2020,9,202009,충남,당진시,73359,74015,2710,3087
2020,9,202009,충남,보령시,37876,38458,1586,1830
2020,9,202009,충남,부여군,21702,22267,1251,1665
2020,9,202009,충남,서산시,72541,73580,2846,3408
2020,9,202009,충남,서천군,18643,18882,814,966
2020,9,202009,충남,아산시,136153,138634,5373,6103
2020,9,202009,충남,예산군,30093,30515,1491,1907
2020,9,202009,충남,천안시,275094,279305,9714,11354
2020,9,202009,충남,청양군,10400,10542,542,660
2020,9,202009,충남,태안군,22800,23051,1133,1254
2020,9,202009,충남,홍성군,38392,38887,1617,1932
2020,9,202009,충북,괴산군,13951,14102,788,890
2020,9,202009,충북,단양군,10259,10443,532,641
2020,9,202009,충북,보은군,11179,11382,659,802
2020,9,202009,충북,영동군,16146,16362,792,929
2020,9,202009,충북,옥천군,18229,18675,897,1035
2020,9,202009,충북,음성군,42481,42820,2276,2537
2020,9,202009,충북,제천시,50972,51848,2060,2314
2020,9,202009,충북,증평군,15322,15493,636,693
2020,9,202009,충북,진천군,37773,38084,1604,1784
2020,9,202009,충북,청주시,349071,358824,11317,14169
2020,9,202009,충북,충주시,85308,89109,3366,3940
2020,10,202010,강원,강릉시,86039,88461,3046,3744
2020,10,202010,강원,고성군,9957,10098,524,604
2020,10,202010,강원,동해시,36624,37435,1480,1682
2020,10,202010,강원,삼척시,24447,25013,941,1148
2020,10,202010,강원,속초시,30907,31912,1325,1559
2020,10,202010,강원,양구군,8298,8387,364,439
2020,10,202010,강원,양양군,11235,11455,471,531
2020,10,202010,강원,영월군,14188,14438,778,921
2020,10,202010,강원,원주시,141327,144313,5055,5827
2020,10,202010,강원,인제군,12819,13007,563,661
2020,10,202010,강원,정선군,13769,14092,698,848
2020,10,202010,강원,철원군,16249,16436,874,969
2020,10,202010,강원,춘천시,109727,112322,3707,4618
2020,10,202010,강원,태백시,15878,16330,734,953
2020,10,202010,강원,평창군,16320,16694,850,985
2020,10,202010,강원,홍천군,25843,26187,1427,1843
2020,10,202010,강원,화천군,9366,9484,365,493
2020,10,202010,강원,횡성군,17352,17808,930,1051
2020,10,202010,경기,가평군,22804,23127,1323,1578
2020,10,202010,경기,고양시,362478,369137,10504,12588
2020,10,202010,경기,과천시,20229,21024,576,714
2020,10,202010,경기,광명시,86587,88391,3096,3676
2020,10,202010,경기,광주시,153924,154930,5793,8636
2020,10,202010,경기,구리시,59359,60505,2008,2389
2020,10,202010,경기,군포시,85983,86950,2662,2897
2020,10,202010,경기,김포시,181693,183823,6037,7763
2020,10,202010,경기,남양주시,240892,243106,8910,10155
2020,10,202010,경기,동두천시,30289,31111,1510,1623
2020,10,202010,경기,부천시,248230,253971,9889,11304
2020,10,202010,경기,성남시,296328,303465,8368,10378
2020,10,202010,경기,수원시,447125,455667,14932,17780
2020,10,202010,경기,시흥시,196512,198424,7214,7750
2020,10,202010,경기,안산시,241465,246318,10786,12898
2020,10,202010,경기,안성시,80074,80965,3472,4055
2020,10,202010,경기,안양시,173692,177398,5585,7393
2020,10,202010,경기,양주시,84736,85501,3988,4587
2020,10,202010,경기,양평군,45932,46437,1892,2728
2020,10,202010,경기,여주시,46284,46987,2189,3020
2020,10,202010,경기,연천군,16521,16753,865,1062
2020,10,202010,경기,오산시,91779,92964,3333,3890
2020,10,202010,경기,용인시,411011,415805,11024,13409
2020,10,202010,경기,의왕시,56400,56944,1632,1900
2020,10,202010,경기,의정부시,136713,138868,5484,6180
2020,10,202010,경기,이천시,90083,91146,3741,4384
2020,10,202010,경기,파주시,175561,178399,6128,8816
2020,10,202010,경기,평택시,233325,236943,8490,10327
2020,10,202010,경기,포천시,61333,68025,3321,4203
2020,10,202010,경기,하남시,100994,101683,2905,3324
2020,10,202010,경기,화성시,369801,372676,11441,14226
2020,10,202010,경남,거제시,90291,91473,3353,3960
2020,10,202010,경남,거창군,21999,22298,937,1178
2020,10,202010,경남,고성군,18217,18530,878,1042
2020,10,202010,경남,김해시,224340,226921,7340,8154
2020,10,202010,경남,남해군,12901,13174,597,783
2020,10,202010,경남,밀양시,40044,40633,1584,1897
2020,10,202010,경남,사천시,43664,44427,1672,1981
2020,10,202010,경남,산청군,12334,12554,576,693
2020,10,202010,경남,양산시,136129,137262,4810,5772
2020,10,202010,경남,의령군,9390,9521,437,545
2020,10,202010,경남,진주시,132525,135492,4007,5252
2020,10,202010,경남,창녕군,23948,24368,1164,1339
2020,10,202010,경남,창원시,466531,499521,12111,14928
2020,10,202010,경남,통영시,41427,42313,2001,2327
2020,10,202010,경남,하동군,15621,15788,638,741
2020,10,202010,경남,함안군,29034,45866,1208,1670
2020,10,202010,경남,함양군,12392,12625,571,711
2020,10,202010,경남,합천군,14508,14695,663,790
2020,10,202010,경북,경산시,109064,110216,3464,3938
2020,10,202010,경북,경주시,109724,111686,4205,4902
2020,10,202010,경북,고령군,13315,13412,710,787
2020,10,202010,경북,구미시,179646,182311,6053,6978
2020,10,202010,경북,군위군,9120,9200,430,489
2020,10,202010,경북,김천시,53994,54738,2235,2576
2020,10,202010,경북,문경시,25152,25629,1349,1539
2020,10,202010,경북,봉화군,10575,10729,490,570
2020,10,202010,경북,상주시,34252,34809,1768,2104
2020,10,202010,경북,성주군,18611,18869,862,954
2020,10,202010,경북,안동시,60160,61247,2329,2843
2020,10,202010,경북,영덕군,12186,12385,662,771
2020,10,202010,경북,영양군,5580,5663,293,354
2020,10,202010,경북,영주시,38726,39376,1786,2007
2020,10,202010,경북,영천시,41331,41922,1887,2200
2020,10,202010,경북,예천군,20408,20692,793,923
2020,10,202010,경북,울릉군,3604,3961,247,451
2020,10,202010,경북,울진군,18765,19033,691,845
2020,10,202010,경북,의성군,17957,18121,925,1090
2020,10,202010,경북,청도군,16365,16540,690,780
2020,10,202010,경북,청송군,9254,9360,473,581
2020,10,202010,경북,칠곡군,53191,53610,2123,2608
2020,10,202010,경북,포항시,215767,219709,6661,7982
2020,10,202010,광주,광산구,162180,165972,5037,5573
2020,10,202010,광주,남구,78241,79434,2267,2726
2020,10,202010,광주,동구,36397,37159,1163,1388
2020,10,202010,광주,북구,160006,164716,4635,5828
2020,10,202010,광주,서구,122110,127153,3887,4489
2020,10,202010,대구,남구,46945,48076,1633,1913
2020,10,202010,대구,달서구,233606,241662,5750,6635
2020,10,202010,대구,달성군,109383,111225,3268,3913
2020,10,202010,대구,동구,129352,135759,3855,4679
2020,10,202010,대구,북구,167099,169808,4532,5218
2020,10,202010,대구,서구,55754,57939,2041,2324
2020,10,202010,대구,수성구,193710,197009,3640,4549
2020,10,202010,대구,중구,60240,61846,1089,1500
2020,10,202010,대전,대덕구,68294,70276,2690,3282
2020,10,202010,대전,동구,72397,74992,2897,3319
2020,10,202010,대전,서구,180729,185650,5147,5738
2020,10,202010,대전,유성구,158632,160843,3853,4266
2020,10,202010,대전,중구,80452,83404,3080,3737
2020,10,202010,부산,강서구,59730,60821,1871,2140
2020,10,202010,부산,금정구,67576,70940,2581,3247
2020,10,202010,부산,기장군,64259,65218,2389,2954
2020,10,202010,부산,남구,78777,80764,2567,3056
2020,10,202010,부산,동구,41756,43135,1027,1288
2020,10,202010,부산,동래구,79574,81319,2362,2978
2020,10,202010,부산,부산진구,105001,121029,3318,3899
2020,10,202010,부산,북구,84780,86387,2667,3037
2020,10,202010,부산,사상구,65814,68902,2639,3030
2020,10,202010,부산,사하구,90154,94551,3272,3669
2020,10,202010,부산,서구,23906,24339,1070,1129
2020,10,202010,부산,수영구,59514,89961,1699,2555
2020,10,202010,부산,연제구,79272,86532,2018,3108
2020,10,202010,부산,영도구,25507,26935,1128,1470
2020,10,202010,부산,중구,25161,25432,538,666
2020,10,202010,부산,해운대구,147168,156971,3835,4218
2020,10,202010,서울,강남구,198163,214319,4794,5501
2020,10,202010,서울,강동구,123215,129035,3886,4504
2020,10,202010,서울,강북구,60897,63277,2784,3575
2020,10,202010,서울,강서구,162599,176026,5614,7125
2020,10,202010,서울,관악구,99937,103103,3952,4312
2020,10,202010,서울,광진구,79722,83235,2706,3162
2020,10,202010,서울,구로구,112378,121865,5108,5835
2020,10,202010,서울,금천구,67997,71100,3396,3927
2020,10,202010,서울,노원구,127932,134018,4228,5178
2020,10,202010,서울,도봉구,76617,81622,3011,3483
2020,10,202010,서울,동대문구,79179,81865,3282,3479
2020,10,202010,서울,동작구,92493,93780,2820,3008
2020,10,202010,서울,마포구,98880,103123,3124,3787
2020,10,202010,서울,서대문구,74080,77665,2568,3125
2020,10,202010,서울,서초구,151966,159064,3705,4614
2020,10,202010,서울,성동구,82264,90952,2480,3491
2020,10,202010,서울,성북구,101829,104471,3616,4808
2020,10,202010,서울,송파구,200975,207693,4966,6557
2020,10,202010,서울,양천구,126368,131157,3973,4813
2020,10,202010,서울,영등포구,115021,119295,4610,4859
2020,10,202010,서울,용산구,68213,69212,2196,2314
2020,10,202010,서울,은평구,109934,114235,3950,4791
2020,10,202010,서울,종로구,38883,41042,1767,3756
2020,10,202010,서울,중구,38490,40749,2136,3228
2020,10,202010,서울,중랑구,87987,93939,3837,4469
2020,10,202010,세종,세종시,149513,150464,3753,4347
2020,10,202010,울산,남구,133356,136895,3124,3816
2020,10,202010,울산,동구,55529,56207,1448,1630
2020,10,202010,울산,북구,100354,102269,2448,2768
2020,10,202010,울산,울주군,99777,101145,2967,3814
2020,10,202010,울산,중구,87206,88571,2204,2547
2020,10,202010,인천,강화군,24025,62348,1270,3436
2020,10,202010,인천,계양구,93371,285005,3901,7812
2020,10,202010,인천,남동구,215840,262706,6513,8571
2020,10,202010,인천,동구,19635,22269,984,1089
2020,10,202010,인천,미추홀구,135048,140452,5050,5336
2020,10,202010,인천,부평구,183832,200411,6018,7098
2020,10,202010,인천,서구,200499,204987,7194,8601
2020,10,202010,인천,연수구,173355,178105,3634,4558
2020,10,202010,인천,옹진군,7838,7983,537,640
2020,10,202010,인천,중구,53885,56367,1963,2754
2020,10,202010,전남,강진군,11453,11694,613,792
2020,10,202010,전남,고흥군,18665,18952,1152,1350
2020,10,202010,전남,곡성군,9379,9614,460,567
2020,10,202010,전남,광양시,65668,66352,2388,2728
2020,10,202010,전남,구례군,8561,9015,460,550
2020,10,202010,전남,나주시,46138,47299,2054,2547
2020,10,202010,전남,담양군,17581,17909,862,1178
2020,10,202010,전남,목포시,78577,81121,3245,3800
2020,10,202010,전남,무안군,32370,32722,1535,1787
2020,10,202010,전남,보성군,12983,40039,784,1535
2020,10,202010,전남,순천시,112835,114701,3669,4492
2020,10,202010,전남,신안군,11721,50703,647,1948
2020,10,202010,전남,여수시,105154,107564,3803,4651
2020,10,202010,전남,영광군,18758,18998,877,1018
2020,10,202010,전남,영암군,21394,30489,1285,1554
2020,10,202010,전남,완도군,15041,15336,797,959
2020,10,202010,전남,장성군,17800,18053,845,965
2020,10,202010,전남,장흥군,12384,12541,634,745
2020,10,202010,전남,진도군,9982,10137,573,671
2020,10,202010,전남,함평군,11149,37151,574,1312
2020,10,202010,전남,해남군,22715,23095,1654,1836
2020,10,202010,전남,화순군,23254,23574,1072,2326
2020,10,202010,전북,고창군,18596,18862,1320,1473
2020,10,202010,전북,군산시,106816,109311,3618,4261
2020,10,202010,전북,김제시,30392,31235,1578,1813
2020,10,202010,전북,남원시,26942,30974,1351,1737
2020,10,202010,전북,무주군,7982,8103,482,578
2020,10,202010,전북,부안군,17913,18190,908,1095
2020,10,202010,전북,순창군,9096,9227,456,541
2020,10,202010,전북,완주군,37483,37937,1708,2317
2020,10,202010,전북,익산시,106880,109157,4646,5274
2020,10,202010,전북,임실군,9011,9133,472,586
2020,10,202010,전북,장수군,7347,7444,391,459
2020,10,202010,전북,전주시,276545,282681,7973,9815
2020,10,202010,전북,정읍시,37577,40208,1796,2108
2020,10,202010,전북,진안군,8653,8784,453,582
2020,10,202010,제주,서귀포시,71965,73422,3307,3614
2020,10,202010,제주,제주시,218922,448752,7958,15475
2020,10,202010,충남,계룡시,19196,19315,697,844
2020,10,202010,충남,공주시,39124,40614,1871,2373
2020,10,202010,충남,금산군,18921,20265,1185,1528
2020,10,202010,충남,논산시,42992,43963,2342,2845
2020,10,202010,충남,당진시,73376,74032,2692,3067
2020,10,202010,충남,보령시,37944,38533,1573,1818
2020,10,202010,충남,부여군,21746,22308,1246,1638
2020,10,202010,충남,서산시,72815,73847,2833,3388
2020,10,202010,충남,서천군,18675,18910,806,958
2020,10,202010,충남,아산시,136477,139034,5340,6072
2020,10,202010,충남,예산군,30133,30556,1498,1911
2020,10,202010,충남,천안시,275875,280063,9732,11376
2020,10,202010,충남,청양군,10423,10565,540,658
2020,10,202010,충남,태안군,22867,23138,1128,1256
2020,10,202010,충남,홍성군,38446,38937,1607,1923
2020,10,202010,충북,괴산군,14010,14160,794,898
2020,10,202010,충북,단양군,10277,10459,530,640
2020,10,202010,충북,보은군,11192,11395,667,810
2020,10,202010,충북,영동군,16106,16320,792,929
2020,10,202010,충북,옥천군,18258,18696,903,1040
2020,10,202010,충북,음성군,42484,42823,2255,2519
2020,10,202010,충북,제천시,51091,51967,2023,2277
2020,10,202010,충북,증평군,15367,15536,629,684
2020,10,202010,충북,진천군,38233,38539,1599,1779
2020,10,202010,충북,청주시,350122,359867,11308,14138
2020,10,202010,충북,충주시,85444,89358,3337,3908
2020,11,202011,강원,강릉시,86364,88810,3043,3739
2020,11,202011,강원,고성군,10028,10168,528,607
2020,11,202011,강원,동해시,36710,37498,1472,1675
2020,11,202011,강원,삼척시,24497,25070,950,1157
2020,11,202011,강원,속초시,31008,31983,1322,1558
2020,11,202011,강원,양구군,8372,8461,363,439
2020,11,202011,강원,양양군,11281,11503,458,519
2020,11,202011,강원,영월군,14215,14466,773,917
2020,11,202011,강원,원주시,141933,144906,5054,5823
2020,11,202011,강원,인제군,12892,13105,559,657
2020,11,202011,강원,정선군,13822,14144,693,842
2020,11,202011,강원,철원군,16326,16513,869,963
2020,11,202011,강원,춘천시,110117,112730,3696,4604
2020,11,202011,강원,태백시,15898,16346,725,943
2020,11,202011,강원,평창군,16293,16663,849,985
2020,11,202011,강원,홍천군,25914,26278,1423,1835
2020,11,202011,강원,화천군,9397,9517,363,487
2020,11,202011,강원,횡성군,17423,17885,934,1054
2020,11,202011,경기,가평군,22854,23175,1324,1579
2020,11,202011,경기,고양시,363915,370646,10460,12532
2020,11,202011,경기,과천시,20309,21103,574,713
2020,11,202011,경기,광명시,86226,88020,3076,3659
2020,11,202011,경기,광주시,154416,155424,5757,8613
2020,11,202011,경기,구리시,59481,60622,1998,2377
2020,11,202011,경기,군포시,86105,87075,2625,2861
2020,11,202011,경기,김포시,183165,185214,6017,7736
2020,11,202011,경기,남양주시,242129,244348,8873,10124
2020,11,202011,경기,동두천시,30488,31316,1513,1626
2020,11,202011,경기,부천시,248251,254005,9826,11209
2020,11,202011,경기,성남시,296879,304009,8321,10316
2020,11,202011,경기,수원시,449417,457994,14915,17748
2020,11,202011,경기,시흥시,197999,199913,7218,7772
2020,11,202011,경기,안산시,242752,247584,10733,12854
2020,11,202011,경기,안성시,80273,81162,3460,4044
2020,11,202011,경기,안양시,174007,177707,5540,7347
2020,11,202011,경기,양주시,85027,85791,3959,4541
2020,11,202011,경기,양평군,46088,46590,1893,2726
2020,11,202011,경기,여주시,46397,47079,2180,3011
2020,11,202011,경기,연천군,16526,16755,859,1057
2020,11,202011,경기,오산시,92234,93421,3322,3879
2020,11,202011,경기,용인시,412051,416873,10973,13361
2020,11,202011,경기,의왕시,56589,57130,1621,1888
2020,11,202011,경기,의정부시,137496,139677,5471,6181
2020,11,202011,경기,이천시,90372,91437,3726,4368
2020,11,202011,경기,파주시,176457,179218,6123,8798
2020,11,202011,경기,평택시,235217,238871,8466,10315
2020,11,202011,경기,포천시,61525,68076,3297,4184
2020,11,202011,경기,하남시,101937,102651,2904,3327
2020,11,202011,경기,화성시,372031,374917,11420,14231
2020,11,202011,경남,거제시,90441,91634,3326,3930
2020,11,202011,경남,거창군,22044,22342,931,1173
2020,11,202011,경남,고성군,18221,18527,867,1008
2020,11,202011,경남,김해시,224983,227581,7321,8136
2020,11,202011,경남,남해군,12977,13243,600,784
2020,11,202011,경남,밀양시,40132,40719,1576,1890
2020,11,202011,경남,사천시,43786,44554,1660,1971
2020,11,202011,경남,산청군,12352,12571,579,696
2020,11,202011,경남,양산시,136352,137485,4773,5736
2020,11,202011,경남,의령군,9390,9520,431,541
2020,11,202011,경남,진주시,132786,135741,3968,5215
2020,11,202011,경남,창녕군,23938,24358,1165,1342
2020,11,202011,경남,창원시,467805,501807,12055,14868
2020,11,202011,경남,통영시,41466,42354,2008,2337
2020,11,202011,경남,하동군,15659,15828,631,735
2020,11,202011,경남,함안군,29052,46687,1198,1654
2020,11,202011,경남,함양군,12415,12645,567,704
2020,11,202011,경남,합천군,14541,14729,657,785
2020,11,202011,경북,경산시,109607,110747,3464,3937
2020,11,202011,경북,경주시,110001,111961,4186,4883
2020,11,202011,경북,고령군,13355,13452,710,787
2020,11,202011,경북,구미시,179939,182619,6010,6941
2020,11,202011,경북,군위군,9160,9239,430,487
2020,11,202011,경북,김천시,54229,54973,2236,2577
2020,11,202011,경북,문경시,25214,25688,1347,1534
2020,11,202011,경북,봉화군,10584,10739,491,571
2020,11,202011,경북,상주시,34293,34848,1758,2094
2020,11,202011,경북,성주군,18646,18900,863,955
2020,11,202011,경북,안동시,60336,61421,2327,2836
2020,11,202011,경북,영덕군,12200,12399,659,768
2020,11,202011,경북,영양군,5623,5707,296,357
2020,11,202011,경북,영주시,38825,39473,1788,2015
2020,11,202011,경북,영천시,41443,42031,1880,2199
2020,11,202011,경북,예천군,20560,20843,792,923
2020,11,202011,경북,울릉군,3605,3955,244,443
2020,11,202011,경북,울진군,18828,19094,688,839
2020,11,202011,경북,의성군,18010,18174,923,1088
2020,11,202011,경북,청도군,16406,16614,688,776
2020,11,202011,경북,청송군,9287,9396,468,574
2020,11,202011,경북,칠곡군,53365,53795,2110,2595
2020,11,202011,경북,포항시,216320,220256,6664,7984
2020,11,202011,광주,광산구,162525,166361,5012,5544
2020,11,202011,광주,남구,78289,79480,2265,2776
2020,11,202011,광주,동구,36756,37525,1151,1376
2020,11,202011,광주,북구,160390,165063,4637,5832
2020,11,202011,광주,서구,122483,127505,3897,4448
2020,11,202011,대구,남구,47282,48399,1633,1910
2020,11,202011,대구,달서구,233755,241589,5724,6603
2020,11,202011,대구,달성군,109837,111676,3259,3905
2020,11,202011,대구,동구,129640,136021,3837,4658
2020,11,202011,대구,북구,167473,170143,4509,5195
2020,11,202011,대구,서구,55580,57926,2030,2317
2020,11,202011,대구,수성구,193873,197149,3604,4508
2020,11,202011,대구,중구,60829,62428,1078,1488
2020,11,202011,대전,대덕구,68654,70662,2655,3255
2020,11,202011,대전,동구,72538,75157,2884,3311
2020,11,202011,대전,서구,180840,185772,5105,5691
2020,11,202011,대전,유성구,158774,160980,3826,4238
2020,11,202011,대전,중구,80590,83544,3045,3711
2020,11,202011,부산,강서구,60199,61283,1874,2133
2020,11,202011,부산,금정구,67645,70948,2573,3197
2020,11,202011,부산,기장군,64700,65667,2396,2961
2020,11,202011,부산,남구,78900,80909,2562,3051
2020,11,202011,부산,동구,42002,43389,1022,1283
2020,11,202011,부산,동래구,79679,81432,2353,3028
2020,11,202011,부산,부산진구,105658,121917,3317,3879
2020,11,202011,부산,북구,84805,86384,2653,3017
2020,11,202011,부산,사상구,65832,68887,2622,3010
2020,11,202011,부산,사하구,90130,94464,3243,3640
2020,11,202011,부산,서구,24121,24554,1066,1125
2020,11,202011,부산,수영구,59524,90412,1697,2555
2020,11,202011,부산,연제구,79480,86857,1996,3092
2020,11,202011,부산,영도구,25514,26916,1122,1462
2020,11,202011,부산,중구,25354,25628,537,664
2020,11,202011,부산,해운대구,147291,157027,3810,4193
2020,11,202011,서울,강남구,198517,214563,4753,5456
2020,11,202011,서울,강동구,123539,129390,3856,4473
2020,11,202011,서울,강북구,60891,63214,2764,3548
2020,11,202011,서울,강서구,162919,176365,5561,7056
2020,11,202011,서울,관악구,99854,103011,3926,4292
2020,11,202011,서울,광진구,79816,83471,2685,3139
2020,11,202011,서울,구로구,112603,122151,5060,5780
2020,11,202011,서울,금천구,68060,71145,3383,3915
2020,11,202011,서울,노원구,128089,134226,4188,5136
2020,11,202011,서울,도봉구,76636,81624,2987,3462
2020,11,202011,서울,동대문구,79272,81962,3248,3468
2020,11,202011,서울,동작구,92483,93808,2817,3011
2020,11,202011,서울,마포구,99064,103308,3106,3761
2020,11,202011,서울,서대문구,74194,77770,2542,3093
2020,11,202011,서울,서초구,152401,159421,3688,4593
2020,11,202011,서울,성동구,82423,91135,2470,3486
2020,11,202011,서울,성북구,101931,104593,3601,4793
2020,11,202011,서울,송파구,201161,207795,4944,6538
2020,11,202011,서울,양천구,126476,131256,3966,4808
2020,11,202011,서울,영등포구,115683,119927,4594,4845
2020,11,202011,서울,용산구,68753,69743,2187,2305
2020,11,202011,서울,은평구,110149,114446,3931,4772
2020,11,202011,서울,종로구,38912,41160,1767,3738
2020,11,202011,서울,중구,38561,40823,2117,3196
2020,11,202011,서울,중랑구,88183,94120,3823,4452
2020,11,202011,세종,세종시,151079,152033,3752,4344
2020,11,202011,울산,남구,133523,137057,3129,3813
2020,11,202011,울산,동구,55595,56270,1452,1633
2020,11,202011,울산,북구,100796,102741,2461,2795
2020,11,202011,울산,울주군,100060,101389,2963,3810
2020,11,202011,울산,중구,87270,88632,2186,2522
2020,11,202011,인천,강화군,24096,61222,1262,3396
2020,11,202011,인천,계양구,93488,286425,3903,7819
2020,11,202011,인천,남동구,216328,263160,6481,8530
2020,11,202011,인천,동구,19605,22194,993,1094
2020,11,202011,인천,미추홀구,135870,141168,5042,5312
2020,11,202011,인천,부평구,184235,201534,5964,7054
2020,11,202011,인천,서구,200661,205161,7147,8588
2020,11,202011,인천,연수구,175029,179568,3652,4562
2020,11,202011,인천,옹진군,7863,8012,534,638
2020,11,202011,인천,중구,54133,56573,1960,2714
2020,11,202011,전남,강진군,11482,11722,613,790
2020,11,202011,전남,고흥군,18741,19025,1160,1355
2020,11,202011,전남,곡성군,9396,9625,465,572
2020,11,202011,전남,광양시,65877,66559,2379,2718
2020,11,202011,전남,구례군,8600,9053,453,543
2020,11,202011,전남,나주시,46353,47507,2046,2542
2020,11,202011,전남,담양군,17645,17980,858,1177
2020,11,202011,전남,목포시,78793,81329,3238,3791
2020,11,202011,전남,무안군,32660,33011,1539,1791
2020,11,202011,전남,보성군,13038,38918,783,1484
2020,11,202011,전남,순천시,113217,115110,3639,4465
2020,11,202011,전남,신안군,11714,53043,653,2000
2020,11,202011,전남,여수시,105554,107971,3806,4646
2020,11,202011,전남,영광군,18800,19037,875,1016
2020,11,202011,전남,영암군,21375,30207,1269,1533
2020,11,202011,전남,완도군,15121,15417,799,962
2020,11,202011,전남,장성군,17817,18075,847,967
2020,11,202011,전남,장흥군,12441,12600,634,746
2020,11,202011,전남,진도군,10221,10375,580,678
2020,11,202011,전남,함평군,11172,37058,577,1308
2020,11,202011,전남,해남군,22755,23135,1678,1861
2020,11,202011,전남,화순군,23300,23620,1071,2332
2020,11,202011,전북,고창군,18613,18884,1323,1477
2020,11,202011,전북,군산시,107124,109608,3614,4259
2020,11,202011,전북,김제시,30392,31232,1583,1820
2020,11,202011,전북,남원시,27003,30963,1355,1732
2020,11,202011,전북,무주군,8023,8145,491,588
2020,11,202011,전북,부안군,17902,18177,908,1097
2020,11,202011,전북,순창군,9128,9261,450,534
2020,11,202011,전북,완주군,37611,38060,1706,2319
2020,11,202011,전북,익산시,107055,109316,4633,5258
2020,11,202011,전북,임실군,8998,9122,471,588
2020,11,202011,전북,장수군,7342,7440,389,457
2020,11,202011,전북,전주시,277994,284096,7973,9816
2020,11,202011,전북,정읍시,37626,40256,1781,2093
2020,11,202011,전북,진안군,8636,8765,449,578
2020,11,202011,제주,서귀포시,72212,73669,3281,3587
2020,11,202011,제주,제주시,219694,452209,7914,15457
2020,11,202011,충남,계룡시,19330,19449,698,843
2020,11,202011,충남,공주시,39158,40690,1861,2359
2020,11,202011,충남,금산군,18941,20284,1161,1493
2020,11,202011,충남,논산시,43100,44082,2326,2825
2020,11,202011,충남,당진시,73475,74151,2680,3059
2020,11,202011,충남,보령시,38049,38639,1569,1810
2020,11,202011,충남,부여군,21788,22359,1240,1632
2020,11,202011,충남,서산시,72983,73986,2829,3379
2020,11,202011,충남,서천군,18626,18862,800,953
2020,11,202011,충남,아산시,137267,140029,5321,6061
2020,11,202011,충남,예산군,30163,30588,1488,1901
2020,11,202011,충남,천안시,276701,280879,9693,11344
2020,11,202011,충남,청양군,10442,10584,537,656
2020,11,202011,충남,태안군,22961,23235,1121,1249
2020,11,202011,충남,홍성군,38615,39104,1587,1903
2020,11,202011,충북,괴산군,14121,14270,795,901
2020,11,202011,충북,단양군,10307,10484,530,640
2020,11,202011,충북,보은군,11239,11441,662,806
2020,11,202011,충북,영동군,16147,16355,792,930
2020,11,202011,충북,옥천군,18335,18773,902,1041
2020,11,202011,충북,음성군,42540,42877,2260,2526
2020,11,202011,충북,제천시,51234,52103,2008,2263
2020,11,202011,충북,증평군,15399,15568,625,680
2020,11,202011,충북,진천군,38641,38950,1614,1794
2020,11,202011,충북,청주시,350995,360723,11283,14115
2020,11,202011,충북,충주시,85769,89762,3324,3895
2020,12,202012,강원,강릉시,86540,89008,3021,3720
2020,12,202012,강원,고성군,10041,10181,529,609
2020,12,202012,강원,동해시,36720,37513,1463,1677
2020,12,202012,강원,삼척시,24574,25145,944,1153
2020,12,202012,강원,속초시,31148,32116,1313,1547
2020,12,202012,강원,양구군,8344,8433,360,436
2020,12,202012,강원,양양군,11300,11525,454,515
2020,12,202012,강원,영월군,14217,14470,772,912
2020,12,202012,강원,원주시,142358,145323,5062,5818
2020,12,202012,강원,인제군,12981,13190,556,651
2020,12,202012,강원,정선군,13798,14119,695,843
2020,12,202012,강원,철원군,16364,16552,868,960
2020,12,202012,강원,춘천시,110347,112984,3675,4582
2020,12,202012,강원,태백시,15882,16335,725,942
2020,12,202012,강원,평창군,16298,16669,841,990
2020,12,202012,강원,홍천군,26015,26377,1424,1835
2020,12,202012,강원,화천군,9387,9510,362,482
2020,12,202012,강원,횡성군,17483,17927,931,1051
2020,12,202012,경기,가평군,22891,23210,1304,1556
2020,12,202012,경기,고양시,365279,371983,10415,12449
2020,12,202012,경기,과천시,20728,21517,563,703
2020,12,202012,경기,광명시,85948,87748,3047,3630
2020,12,202012,경기,광주시,154964,156025,5747,8602
2020,12,202012,경기,구리시,59663,60808,1980,2362
2020,12,202012,경기,군포시,86010,86967,2608,2844
2020,12,202012,경기,김포시,185405,187482,6044,7773
2020,12,202012,경기,남양주시,242940,245164,8832,10097
2020,12,202012,경기,동두천시,30622,31466,1510,1619
2020,12,202012,경기,부천시,248610,254313,9778,11159
2020,12,202012,경기,성남시,297148,304236,8237,10220
2020,12,202012,경기,수원시,452357,460909,14992,17842
2020,12,202012,경기,시흥시,199278,201178,7210,7763
2020,12,202012,경기,안산시,244056,248866,10714,12826
2020,12,202012,경기,안성시,80786,81667,3476,4060
2020,12,202012,경기,안양시,173846,177521,5492,7303
2020,12,202012,경기,양주시,85249,86001,3944,4514
2020,12,202012,경기,양평군,46237,46739,1898,2726
2020,12,202012,경기,여주시,46583,47265,2184,3012
2020,12,202012,경기,연천군,16578,16814,850,1050
2020,12,202012,경기,오산시,92129,93316,3302,3861
2020,12,202012,경기,용인시,413163,418002,10920,13295
2020,12,202012,경기,의왕시,56602,57151,1611,1880
2020,12,202012,경기,의정부시,138194,140369,5481,6171
2020,12,202012,경기,이천시,90599,91661,3750,4406
2020,12,202012,경기,파주시,177179,179860,6109,8795
2020,12,202012,경기,평택시,236860,240462,8425,10266
2020,12,202012,경기,포천시,61676,68069,3289,4176
2020,12,202012,경기,하남시,102900,103609,2892,3314
2020,12,202012,경기,화성시,373435,376311,11414,14257
2020,12,202012,경남,거제시,90579,91754,3314,3914
2020,12,202012,경남,거창군,22083,22376,930,1171
2020,12,202012,경남,고성군,18253,18559,862,1005
2020,12,202012,경남,김해시,225658,228231,7293,8106
2020,12,202012,경남,남해군,12971,13234,598,781
2020,12,202012,경남,밀양시,40184,40767,1592,1903
2020,12,202012,경남,사천시,43818,44583,1653,1970
2020,12,202012,경남,산청군,12350,12567,579,698
2020,12,202012,경남,양산시,136861,138010,4753,5713
2020,12,202012,경남,의령군,9444,9574,431,540
2020,12,202012,경남,진주시,133294,136219,3951,5187
2020,12,202012,경남,창녕군,23975,24393,1161,1343
2020,12,202012,경남,창원시,469291,519784,12073,15073
2020,12,202012,경남,통영시,41427,42307,2009,2339
2020,12,202012,경남,하동군,15676,15840,634,741
2020,12,202012,경남,함안군,29059,47406,1203,1635
2020,12,202012,경남,함양군,12419,12646,564,704
2020,12,202012,경남,합천군,14557,14739,657,789
2020,12,202012,경북,경산시,110098,111237,3463,3940
2020,12,202012,경북,경주시,110397,112348,4176,4870
2020,12,202012,경북,고령군,13322,13420,710,783
2020,12,202012,경북,구미시,180329,182995,5975,6913
2020,12,202012,경북,군위군,9188,9266,434,493
2020,12,202012,경북,김천시,54389,55134,2228,2565
2020,12,202012,경북,문경시,25392,25864,1353,1538
2020,12,202012,경북,봉화군,10590,10746,485,566
2020,12,202012,경북,상주시,34275,34835,1752,2085
2020,12,202012,경북,성주군,18795,19049,866,958
2020,12,202012,경북,안동시,60505,61590,2339,2846
2020,12,202012,경북,영덕군,12193,12396,661,767
2020,12,202012,경북,영양군,5646,5730,302,363
2020,12,202012,경북,영주시,38865,39513,1780,2007
2020,12,202012,경북,영천시,41570,42158,1878,2198
2020,12,202012,경북,예천군,20640,20922,797,931
2020,12,202012,경북,울릉군,3564,3914,239,437
2020,12,202012,경북,울진군,18864,19129,689,841
2020,12,202012,경북,의성군,17989,18154,922,1087
2020,12,202012,경북,청도군,16416,16624,685,775
2020,12,202012,경북,청송군,9319,9428,464,570
2020,12,202012,경북,칠곡군,53312,53745,2096,2579
2020,12,202012,경북,포항시,216750,220649,6664,7971
2020,12,202012,광주,광산구,162524,166304,4982,5514
2020,12,202012,광주,남구,78545,79734,2261,2772
2020,12,202012,광주,동구,36904,37665,1143,1368
2020,12,202012,광주,북구,160278,164910,4632,5823
2020,12,202012,광주,서구,122765,127753,3916,4463
2020,12,202012,대구,남구,47399,48513,1616,1894
2020,12,202012,대구,달서구,233893,241570,5750,6628
2020,12,202012,대구,달성군,110276,112162,3240,3886
2020,12,202012,대구,동구,130046,136395,3825,4639
2020,12,202012,대구,북구,167605,170274,4491,5177
2020,12,202012,대구,서구,55791,58164,2035,2318
2020,12,202012,대구,수성구,194070,197396,3580,4482
2020,12,202012,대구,중구,61025,62601,1068,1477
2020,12,202012,대전,대덕구,68892,70911,2666,3270
2020,12,202012,대전,동구,73001,75645,2896,3337
2020,12,202012,대전,서구,180863,185795,5104,5693
2020,12,202012,대전,유성구,159065,161214,3847,4260
2020,12,202012,대전,중구,80399,83341,3047,3702
2020,12,202012,부산,강서구,60623,61700,1857,2112
2020,12,202012,부산,금정구,67625,70911,2557,3161
2020,12,202012,부산,기장군,65127,66096,2379,2944
2020,12,202012,부산,남구,79020,81031,2546,3033
2020,12,202012,부산,동구,42373,43748,1011,1268
2020,12,202012,부산,동래구,79655,81417,2343,3045
2020,12,202012,부산,부산진구,106086,122454,3300,3858
2020,12,202012,부산,북구,84631,86205,2640,3003
2020,12,202012,부산,사상구,65855,68899,2605,2992
2020,12,202012,부산,사하구,90102,94421,3216,3613
2020,12,202012,부산,서구,24208,24637,1051,1111
2020,12,202012,부산,수영구,59496,90675,1682,2542
2020,12,202012,부산,연제구,79748,87235,1992,3081
2020,12,202012,부산,영도구,25483,26868,1117,1456
2020,12,202012,부산,중구,25598,25868,531,659
2020,12,202012,부산,해운대구,147500,157180,3804,4178
2020,12,202012,서울,강남구,198555,214610,4731,5432
2020,12,202012,서울,강동구,123993,129754,3841,4468
2020,12,202012,서울,강북구,60792,63095,2719,3504
2020,12,202012,서울,강서구,163102,176630,5558,7048
2020,12,202012,서울,관악구,99684,102838,3889,4262
2020,12,202012,서울,광진구,79661,83255,2662,3109
2020,12,202012,서울,구로구,112412,121848,5015,5731
2020,12,202012,서울,금천구,68114,71208,3342,3874
2020,12,202012,서울,노원구,128202,134343,4145,5094
2020,12,202012,서울,도봉구,76473,81407,2958,3444
2020,12,202012,서울,동대문구,79187,81843,3237,3437
2020,12,202012,서울,동작구,92416,93727,2811,3004
2020,12,202012,서울,마포구,99115,103387,3099,3758
2020,12,202012,서울,서대문구,74359,77943,2521,3069
2020,12,202012,서울,서초구,152796,159763,3658,4565
2020,12,202012,서울,성동구,82602,91881,2466,3467
2020,12,202012,서울,성북구,101842,104500,3571,4760
2020,12,202012,서울,송파구,201276,207911,4910,6512
2020,12,202012,서울,양천구,126383,131138,3903,4740
2020,12,202012,서울,영등포구,116304,120528,4567,4813
2020,12,202012,서울,용산구,68904,69884,2162,2280
2020,12,202012,서울,은평구,110148,114400,3895,4739
2020,12,202012,서울,종로구,38953,41197,1757,3726
2020,12,202012,서울,중구,38551,40804,2102,3244
2020,12,202012,서울,중랑구,88177,94090,3796,4424
2020,12,202012,세종,세종시,152377,153330,3740,4344
2020,12,202012,울산,남구,133537,137044,3112,3786
2020,12,202012,울산,동구,55578,56275,1438,1619
2020,12,202012,울산,북구,101327,103274,2461,2792
2020,12,202012,울산,울주군,100357,101703,2945,3796
2020,12,202012,울산,중구,87299,88663,2192,2534
2020,12,202012,인천,강화군,24183,60386,1247,3331
2020,12,202012,인천,계양구,93420,287922,3882,7732
2020,12,202012,인천,남동구,216595,263307,6482,8490
2020,12,202012,인천,동구,19534,20112,976,1075
2020,12,202012,인천,미추홀구,137391,142560,5044,5305
2020,12,202012,인천,부평구,184539,202398,5897,6979
2020,12,202012,인천,서구,201195,205810,7152,8593
2020,12,202012,인천,연수구,176106,180642,3626,4531
2020,12,202012,인천,옹진군,7873,8021,527,631
2020,12,202012,인천,중구,54258,55045,1946,2672
2020,12,202012,전남,강진군,11518,11757,614,792
2020,12,202012,전남,고흥군,18779,19058,1159,1354
2020,12,202012,전남,곡성군,9416,9666,456,563
2020,12,202012,전남,광양시,66491,67176,2375,2716
2020,12,202012,전남,구례군,8670,9125,460,550
2020,12,202012,전남,나주시,46690,47842,2056,2556
2020,12,202012,전남,담양군,17886,18221,853,1171
2020,12,202012,전남,목포시,78490,81003,3223,3774
2020,12,202012,전남,무안군,33177,33517,1544,1796
2020,12,202012,전남,보성군,13108,37697,786,1441
2020,12,202012,전남,순천시,113284,115160,3623,4444
2020,12,202012,전남,신안군,11713,55216,658,2027
2020,12,202012,전남,여수시,105733,108158,3784,4628
2020,12,202012,전남,영광군,18817,19051,867,1010
2020,12,202012,전남,영암군,21450,30061,1256,1520
2020,12,202012,전남,완도군,15100,15395,797,961
2020,12,202012,전남,장성군,17828,18101,830,949
2020,12,202012,전남,장흥군,12479,12638,634,747
2020,12,202012,전남,진도군,10411,10567,584,682
2020,12,202012,전남,함평군,11198,38557,577,1315
2020,12,202012,전남,해남군,22785,25383,1702,1959
2020,12,202012,전남,화순군,23370,23690,1067,2307
2020,12,202012,전북,고창군,18663,18937,1322,1481
2020,12,202012,전북,군산시,107361,109809,3604,4247
2020,12,202012,전북,김제시,30407,31233,1570,1808
2020,12,202012,전북,남원시,26976,30884,1347,1727
2020,12,202012,전북,무주군,8067,8187,488,586
2020,12,202012,전북,부안군,17910,18182,902,1093
2020,12,202012,전북,순창군,9184,9317,445,528
2020,12,202012,전북,완주군,37814,38267,1688,2294
2020,12,202012,전북,익산시,107094,109322,4644,5270
2020,12,202012,전북,임실군,8998,9122,470,587
2020,12,202012,전북,장수군,7346,7447,391,461
2020,12,202012,전북,전주시,278581,284608,7940,9785
2020,12,202012,전북,정읍시,37604,40197,1770,2068
2020,12,202012,전북,진안군,8682,8812,450,585
2020,12,202012,제주,서귀포시,72365,73819,3267,3573
2020,12,202012,제주,제주시,220828,439674,7912,15271
2020,12,202012,충남,계룡시,19362,19482,691,834
2020,12,202012,충남,공주시,39171,40766,1846,2349
2020,12,202012,충남,금산군,18909,20250,1151,1486
2020,12,202012,충남,논산시,43087,44065,2304,2805
2020,12,202012,충남,당진시,73780,74531,2664,3045
2020,12,202012,충남,보령시,38107,38692,1565,1807
2020,12,202012,충남,부여군,21813,22373,1232,1606
2020,12,202012,충남,서산시,73245,74252,2823,3385
2020,12,202012,충남,서천군,18617,18854,802,954
2020,12,202012,충남,아산시,138132,140879,5326,6058
2020,12,202012,충남,예산군,30128,30553,1477,1889
2020,12,202012,충남,천안시,277066,281194,9654,11313
2020,12,202012,충남,청양군,10504,10648,532,651
2020,12,202012,충남,태안군,23008,23285,1123,1252
2020,12,202012,충남,홍성군,38810,39296,1583,1897
2020,12,202012,충북,괴산군,14829,14979,809,911
2020,12,202012,충북,단양군,10285,10459,530,643
2020,12,202012,충북,보은군,11253,11457,659,803
2020,12,202012,충북,영동군,16197,16405,789,929
2020,12,202012,충북,옥천군,18351,18787,900,1039
2020,12,202012,충북,음성군,42643,42977,2250,2519
2020,12,202012,충북,제천시,51351,52216,2002,2255
2020,12,202012,충북,증평군,15352,15529,630,687
2020,12,202012,충북,진천군,38785,39096,1601,1779
2020,12,202012,충북,청주시,351550,361153,11203,14025
2020,12,202012,충북,충주시,85902,89852,3303,3873
2021,1,202101,강원,강릉시,86937,89381,3012,3710
2021,1,202101,강원,고성군,10048,10190,525,607
2021,1,202101,강원,동해시,36745,37532,1460,1679
2021,1,202101,강원,삼척시,24601,25169,943,1152
2021,1,202101,강원,속초시,31273,32258,1309,1543
2021,1,202101,강원,양구군,8360,8449,359,435
2021,1,202101,강원,양양군,11312,11530,457,518
2021,1,202101,강원,영월군,14255,14506,770,910
2021,1,202101,강원,원주시,143039,145983,5086,5827
2021,1,202101,강원,인제군,13006,13198,555,650
2021,1,202101,강원,정선군,13841,14165,691,840
2021,1,202101,강원,철원군,16351,16529,868,960
2021,1,202101,강원,춘천시,110673,113312,3671,4567
2021,1,202101,강원,태백시,15861,16302,722,940
2021,1,202101,강원,평창군,16325,16694,846,982
2021,1,202101,강원,홍천군,26080,26416,1430,1840
2021,1,202101,강원,화천군,9382,9505,358,475
2021,1,202101,강원,횡성군,17525,17971,933,1059
2021,1,202101,경기,가평군,22967,23285,1304,1552
2021,1,202101,경기,고양시,366963,373596,10390,12420
2021,1,202101,경기,과천시,21233,22021,567,708
2021,1,202101,경기,광명시,85811,87603,3027,3611
2021,1,202101,경기,광주시,155639,156604,5722,8594
2021,1,202101,경기,구리시,59700,60851,1948,2332
2021,1,202101,경기,군포시,86125,87072,2607,2840
2021,1,202101,경기,김포시,186952,189021,6050,7760
2021,1,202101,경기,남양주시,244260,246479,8822,10082
2021,1,202101,경기,동두천시,30783,31614,1510,1619
2021,1,202101,경기,부천시,248905,254563,9765,11144
2021,1,202101,경기,성남시,297748,304774,8191,10196
2021,1,202101,경기,수원시,452555,461085,14996,17828
2021,1,202101,경기,시흥시,201692,203610,7245,7799
2021,1,202101,경기,안산시,245148,250028,10700,12808
2021,1,202101,경기,안성시,81181,82060,3489,4057
2021,1,202101,경기,안양시,174395,178041,5478,7258
2021,1,202101,경기,양주시,85839,86585,3967,4544
2021,1,202101,경기,양평군,46423,46927,1911,2747
2021,1,202101,경기,여주시,46803,47483,2196,3024
2021,1,202101,경기,연천군,16645,16878,848,1045
2021,1,202101,경기,오산시,92597,93795,3298,3860
2021,1,202101,경기,용인시,414597,419563,10891,13275
2021,1,202101,경기,의왕시,56690,57239,1596,1847
2021,1,202101,경기,의정부시,139095,141241,5463,6162
2021,1,202101,경기,이천시,91075,92127,3778,4434
2021,1,202101,경기,파주시,178291,180907,6079,8759
2021,1,202101,경기,평택시,239243,242824,8454,10306
2021,1,202101,경기,포천시,61981,68209,3284,4147
2021,1,202101,경기,하남시,103640,104345,2903,3326
2021,1,202101,경기,화성시,375606,378471,11416,14257
2021,1,202101,경남,거제시,90788,91952,3313,3920
2021,1,202101,경남,거창군,22195,22487,928,1169
2021,1,202101,경남,고성군,18316,18621,864,1004
2021,1,202101,경남,김해시,226450,229011,7275,8079
2021,1,202101,경남,남해군,13020,13283,597,781
2021,1,202101,경남,밀양시,40323,40910,1589,1893
2021,1,202101,경남,사천시,43899,44664,1648,1964
2021,1,202101,경남,산청군,12378,12593,582,701
2021,1,202101,경남,양산시,137468,138623,4757,5713
2021,1,202101,경남,의령군,9515,9644,436,544
2021,1,202101,경남,진주시,133762,136675,3945,5170
2021,1,202101,경남,창녕군,24037,24464,1157,1339
2021,1,202101,경남,창원시,470778,521719,12050,15062
2021,1,202101,경남,통영시,41501,42379,2004,2335
2021,1,202101,경남,하동군,15695,15860,631,738
2021,1,202101,경남,함안군,29089,47909,1203,1633
2021,1,202101,경남,함양군,12450,12679,558,699
2021,1,202101,경남,합천군,14559,14740,660,790
2021,1,202101,경북,경산시,110789,111918,3463,3941
2021,1,202101,경북,경주시,110809,112750,4167,4857
2021,1,202101,경북,고령군,13395,13492,711,792
2021,1,202101,경북,구미시,180658,183307,5946,6882
2021,1,202101,경북,군위군,9206,9284,437,496
2021,1,202101,경북,김천시,54607,55349,2234,2572
2021,1,202101,경북,문경시,25343,25822,1350,1535
2021,1,202101,경북,봉화군,10604,10754,482,563
2021,1,202101,경북,상주시,34415,34971,1754,2089
2021,1,202101,경북,성주군,18812,19064,856,943
2021,1,202101,경북,안동시,60636,61722,2324,2830
2021,1,202101,경북,영덕군,12222,12425,663,767
2021,1,202101,경북,영양군,5639,5724,299,360
2021,1,202101,경북,영주시,38975,39621,1777,2001
2021,1,202101,경북,영천시,41630,42215,1876,2198
2021,1,202101,경북,예천군,20797,21077,791,927
2021,1,202101,경북,울릉군,3577,3926,239,437
2021,1,202101,경북,울진군,18920,19182,694,845
2021,1,202101,경북,의성군,18114,18277,917,1080
2021,1,202101,경북,청도군,16526,16736,686,775
2021,1,202101,경북,청송군,9373,9478,466,572
2021,1,202101,경북,칠곡군,53474,53897,2081,2564
2021,1,202101,경북,포항시,217441,221307,6645,7953
2021,1,202101,광주,광산구,162956,166743,4967,5496
2021,1,202101,광주,남구,78733,79912,2250,2760
2021,1,202101,광주,동구,37020,37786,1134,1359
2021,1,202101,광주,북구,160868,165400,4633,5817
2021,1,202101,광주,서구,122842,127766,3921,4453
2021,1,202101,대구,남구,47443,48554,1623,1902
2021,1,202101,대구,달서구,234168,241883,5715,6586
2021,1,202101,대구,달성군,110747,112631,3221,3863
2021,1,202101,대구,동구,130433,136676,3848,4660
2021,1,202101,대구,북구,167944,170613,4501,5185
2021,1,202101,대구,서구,55804,58178,2025,2304
2021,1,202101,대구,수성구,194417,197731,3571,4469
2021,1,202101,대구,중구,60739,62358,1063,1473
2021,1,202101,대전,대덕구,69034,71057,2692,3295
2021,1,202101,대전,동구,73717,76362,2899,3341
2021,1,202101,대전,서구,181047,186064,5102,5686
2021,1,202101,대전,유성구,159378,161636,3871,4288
2021,1,202101,대전,중구,80492,83393,3025,3679
2021,1,202101,부산,강서구,61138,62210,1842,2101
2021,1,202101,부산,금정구,67589,70866,2536,3116
2021,1,202101,부산,기장군,65768,66735,2371,2934
2021,1,202101,부산,남구,79153,81147,2535,3061
2021,1,202101,부산,동구,42806,44161,1011,1221
2021,1,202101,부산,동래구,79936,81699,2329,3057
2021,1,202101,부산,부산진구,106596,123632,3283,3835
2021,1,202101,부산,북구,84757,86335,2627,2991
2021,1,202101,부산,사상구,65826,68867,2593,2974
2021,1,202101,부산,사하구,90198,94484,3197,3592
2021,1,202101,부산,서구,24259,24687,1056,1115
2021,1,202101,부산,수영구,59386,90692,1679,2543
2021,1,202101,부산,연제구,79773,87353,1987,3073
2021,1,202101,부산,영도구,25501,26889,1119,1458
2021,1,202101,부산,중구,25954,26221,530,657
2021,1,202101,부산,해운대구,147804,157438,3808,4185
2021,1,202101,서울,강남구,198822,215289,4707,5397
2021,1,202101,서울,강동구,124484,130204,3850,4491
2021,1,202101,서울,강북구,60883,63170,2716,3501
2021,1,202101,서울,강서구,162993,176451,5521,7006
2021,1,202101,서울,관악구,99622,102771,3879,4253
2021,1,202101,서울,광진구,79657,83141,2648,3090
2021,1,202101,서울,구로구,112436,121723,4977,5684
2021,1,202101,서울,금천구,68276,71366,3338,3915
2021,1,202101,서울,노원구,128391,134478,4148,5091
2021,1,202101,서울,도봉구,76410,81326,2943,3457
2021,1,202101,서울,동대문구,79257,81925,3224,3425
2021,1,202101,서울,동작구,92419,93737,2782,2976
2021,1,202101,서울,마포구,99250,103495,3067,3707
2021,1,202101,서울,서대문구,74472,78040,2503,3052
2021,1,202101,서울,서초구,153028,158049,3649,4556
2021,1,202101,서울,성동구,82653,91924,2440,3455
2021,1,202101,서울,성북구,102347,104708,3561,4749
2021,1,202101,서울,송파구,201404,207964,4886,6494
2021,1,202101,서울,양천구,126352,131079,3858,4695
2021,1,202101,서울,영등포구,116674,120892,4525,4770
2021,1,202101,서울,용산구,68900,69889,2160,2280
2021,1,202101,서울,은평구,110250,114490,3866,4709
2021,1,202101,서울,종로구,38994,41223,1753,3702
2021,1,202101,서울,중구,38516,42812,2096,3231
2021,1,202101,서울,중랑구,88460,94337,3788,4379
2021,1,202101,세종,세종시,153699,154658,3737,4358
2021,1,202101,울산,남구,133927,137409,3095,3770
2021,1,202101,울산,동구,55690,56391,1436,1613
2021,1,202101,울산,북구,101855,103778,2470,2729
2021,1,202101,울산,울주군,100740,102041,2947,3797
2021,1,202101,울산,중구,87426,88765,2185,2595
2021,1,202101,인천,강화군,24307,59549,1243,3247
2021,1,202101,인천,계양구,93397,284764,3861,7515
2021,1,202101,인천,남동구,218229,264714,6441,8432
2021,1,202101,인천,동구,19725,20302,981,1080
2021,1,202101,인천,미추홀구,138346,143431,5032,5292
2021,1,202101,인천,부평구,185342,203799,5854,6910
2021,1,202101,인천,서구,201641,206264,7196,8586
2021,1,202101,인천,연수구,177228,181819,3642,4515
2021,1,202101,인천,옹진군,7859,8006,532,637
2021,1,202101,인천,중구,54402,55171,1953,2679
2021,1,202101,전남,강진군,11552,11791,610,788
2021,1,202101,전남,고흥군,18881,19160,1163,1360
2021,1,202101,전남,곡성군,9447,9696,457,564
2021,1,202101,전남,광양시,66474,67154,2375,2718
2021,1,202101,전남,구례군,8640,9103,464,555
2021,1,202101,전남,나주시,47005,48155,2065,2554
2021,1,202101,전남,담양군,18140,18475,858,1158
2021,1,202101,전남,목포시,78448,80974,3194,3743
2021,1,202101,전남,무안군,33801,34135,1563,1809
2021,1,202101,전남,보성군,13132,36593,787,1411
2021,1,202101,전남,순천시,113931,115808,3614,4427
2021,1,202101,전남,신안군,11694,57400,659,2046
2021,1,202101,전남,여수시,106218,108635,3788,4637
2021,1,202101,전남,영광군,18861,19095,863,1005
2021,1,202101,전남,영암군,21570,29935,1261,1520
2021,1,202101,전남,완도군,15107,15414,798,972
2021,1,202101,전남,장성군,17874,18146,825,944
2021,1,202101,전남,장흥군,12516,12681,625,746
2021,1,202101,전남,진도군,10305,10461,584,682
2021,1,202101,전남,함평군,11254,38318,575,1294
2021,1,202101,전남,해남군,22874,28743,1705,2054
2021,1,202101,전남,화순군,23411,23769,1062,2300
2021,1,202101,전북,고창군,18715,18988,1336,1494
2021,1,202101,전북,군산시,107714,110125,3602,4244
2021,1,202101,전북,김제시,30539,31358,1568,1805
2021,1,202101,전북,남원시,27051,30886,1347,1718
2021,1,202101,전북,무주군,8104,8224,489,588
2021,1,202101,전북,부안군,17931,18201,906,1100
2021,1,202101,전북,순창군,9200,9330,443,524
2021,1,202101,전북,완주군,37825,38277,1693,2300
2021,1,202101,전북,익산시,107262,109467,4626,5251
2021,1,202101,전북,임실군,9005,9129,472,590
2021,1,202101,전북,장수군,7383,7484,390,458
2021,1,202101,전북,전주시,279027,284992,7920,9763
2021,1,202101,전북,정읍시,37690,40334,1773,2071
2021,1,202101,전북,진안군,8695,8824,449,584
2021,1,202101,제주,서귀포시,72523,73982,3260,3570
2021,1,202101,제주,제주시,221540,442080,7891,15179
2021,1,202101,충남,계룡시,19425,19546,697,840
2021,1,202101,충남,공주시,39404,41053,1839,2329
2021,1,202101,충남,금산군,18937,20132,1156,1489
2021,1,202101,충남,논산시,43205,44178,2313,2816
2021,1,202101,충남,당진시,73979,74716,2677,3062
2021,1,202101,충남,보령시,38073,38662,1552,1794
2021,1,202101,충남,부여군,21882,22451,1231,1607
2021,1,202101,충남,서산시,73549,74529,2818,3371
2021,1,202101,충남,서천군,18636,18873,800,955
2021,1,202101,충남,아산시,139090,141812,5284,6017
2021,1,202101,충남,예산군,30241,30666,1486,1897
2021,1,202101,충남,천안시,277608,281719,9630,11290
2021,1,202101,충남,청양군,10547,10691,536,655
2021,1,202101,충남,태안군,23022,23299,1123,1252
2021,1,202101,충남,홍성군,38899,39383,1579,1893
2021,1,202101,충북,괴산군,14493,14641,807,908
2021,1,202101,충북,단양군,10287,10460,527,640
2021,1,202101,충북,보은군,11288,11491,648,792
2021,1,202101,충북,영동군,16218,16425,788,929
2021,1,202101,충북,옥천군,18448,18883,906,1045
2021,1,202101,충북,음성군,42691,43025,2236,2518
2021,1,202101,충북,제천시,51342,52207,1991,2246
2021,1,202101,충북,증평군,15389,15565,625,682
2021,1,202101,충북,진천군,39019,39326,1612,1791
2021,1,202101,충북,청주시,352906,362476,11148,13945
2021,1,202101,충북,충주시,86252,90381,3283,3854
2021,2,202102,강원,강릉시,87117,89531,3007,3697
2021,2,202102,강원,고성군,10104,10246,518,599
2021,2,202102,강원,동해시,36818,37598,1458,1679
2021,2,202102,강원,삼척시,24634,25199,939,1153
2021,2,202102,강원,속초시,31324,32324,1308,1544
2021,2,202102,강원,양구군,8364,8472,361,437
2021,2,202102,강원,양양군,11362,11580,457,519
2021,2,202102,강원,영월군,14248,14496,780,919
2021,2,202102,강원,원주시,143630,146557,5096,5831
2021,2,202102,강원,인제군,12995,13175,551,652
2021,2,202102,강원,정선군,13866,14190,685,837
2021,2,202102,강원,철원군,16366,16548,865,957
2021,2,202102,강원,춘천시,111130,113774,3659,4562
2021,2,202102,강원,태백시,15835,16290,719,937
2021,2,202102,강원,평창군,16335,16706,846,984
2021,2,202102,강원,홍천군,26163,26498,1431,1834
2021,2,202102,강원,화천군,9372,9495,361,478
2021,2,202102,강원,횡성군,17582,18028,941,1067
2021,2,202102,경기,가평군,23009,23326,1306,1555
2021,2,202102,경기,고양시,367882,374490,10430,12443
2021,2,202102,경기,과천시,22240,23025,573,714
2021,2,202102,경기,광명시,85675,87470,3000,3577
2021,2,202102,경기,광주시,155972,156923,5681,8555
2021,2,202102,경기,구리시,59640,60794,1950,2333
2021,2,202102,경기,군포시,85897,86840,2594,2825
2021,2,202102,경기,김포시,187933,190004,6072,7778
2021,2,202102,경기,남양주시,245810,248063,8796,10055
2021,2,202102,경기,동두천시,30911,31744,1498,1606
2021,2,202102,경기,부천시,248479,254099,9702,11077
2021,2,202102,경기,성남시,297904,304918,8170,10180
2021,2,202102,경기,수원시,452068,460632,14957,17800
2021,2,202102,경기,시흥시,202919,204833,7247,7802
2021,2,202102,경기,안산시,245720,250531,10655,12747
2021,2,202102,경기,안성시,81289,82175,3428,3998
2021,2,202102,경기,안양시,174929,178576,5442,7216
2021,2,202102,경기,양주시,86560,87305,3981,4560
2021,2,202102,경기,양평군,46666,47191,1905,2739
2021,2,202102,경기,여주시,47007,47695,2189,3014
2021,2,202102,경기,연천군,16698,16926,836,1033
2021,2,202102,경기,오산시,93168,94353,3282,3844
2021,2,202102,경기,용인시,415597,420529,10899,13284
2021,2,202102,경기,의왕시,56677,57227,1583,1834
2021,2,202102,경기,의정부시,139331,141509,5472,6170
2021,2,202102,경기,이천시,91229,92276,3756,4413
2021,2,202102,경기,파주시,179193,181755,6060,8746
2021,2,202102,경기,평택시,240915,244478,8456,10299
2021,2,202102,경기,포천시,62139,68225,3268,4127
2021,2,202102,경기,하남시,104897,105602,2917,3341
2021,2,202102,경기,화성시,377084,379970,11390,14225
2021,2,202102,경남,거제시,90955,92120,3302,3907
2021,2,202102,경남,거창군,22341,22631,941,1184
2021,2,202102,경남,고성군,18347,18650,858,999
2021,2,202102,경남,김해시,227051,229634,7267,8073
2021,2,202102,경남,남해군,13074,13331,600,782
2021,2,202102,경남,밀양시,40435,41021,1588,1891
2021,2,202102,경남,사천시,44053,44821,1660,1980
2021,2,202102,경남,산청군,12435,12650,586,706
2021,2,202102,경남,양산시,138021,139171,4748,5694
2021,2,202102,경남,의령군,9542,9671,438,544
2021,2,202102,경남,진주시,133993,136881,3927,5149
2021,2,202102,경남,창녕군,24116,24542,1161,1341
2021,2,202102,경남,창원시,472434,524084,12035,15065
2021,2,202102,경남,통영시,41470,42346,1997,2326
2021,2,202102,경남,하동군,15683,15848,633,738
2021,2,202102,경남,함안군,29096,48475,1210,1631
2021,2,202102,경남,함양군,12474,12701,562,707
2021,2,202102,경남,합천군,14612,14795,663,790
2021,2,202102,경북,경산시,110976,112087,3446,3918
2021,2,202102,경북,경주시,111241,113194,4174,4866
2021,2,202102,경북,고령군,13411,13508,710,793
2021,2,202102,경북,구미시,180829,183471,5913,6854
2021,2,202102,경북,군위군,9221,9299,441,500
2021,2,202102,경북,김천시,54792,55533,2231,2571
2021,2,202102,경북,문경시,25498,25977,1350,1535
2021,2,202102,경북,봉화군,10599,10749,480,561
2021,2,202102,경북,상주시,34500,35060,1759,2092
2021,2,202102,경북,성주군,18804,19050,860,945
2021,2,202102,경북,안동시,60785,61877,2326,2830
2021,2,202102,경북,영덕군,12280,12486,663,769
2021,2,202102,경북,영양군,5674,5760,297,358
2021,2,202102,경북,영주시,39104,39745,1779,2003
2021,2,202102,경북,영천시,41838,42424,1880,2202
2021,2,202102,경북,예천군,20892,21174,795,931
2021,2,202102,경북,울릉군,3629,3984,241,439
2021,2,202102,경북,울진군,18896,19157,695,843
2021,2,202102,경북,의성군,18116,18279,920,1083
2021,2,202102,경북,청도군,16576,16789,683,770
2021,2,202102,경북,청송군,9403,9508,467,572
2021,2,202102,경북,칠곡군,53690,54111,2075,2559
2021,2,202102,경북,포항시,218006,221849,6649,7960
2021,2,202102,광주,광산구,163488,167264,4938,5467
2021,2,202102,광주,남구,78945,80115,2258,2769
2021,2,202102,광주,동구,37036,37806,1131,1355
2021,2,202102,광주,북구,161178,165682,4626,5806
2021,2,202102,광주,서구,122329,127195,3916,4447
2021,2,202102,대구,남구,47502,48611,1622,1899
2021,2,202102,대구,달서구,234254,241931,5706,6573
2021,2,202102,대구,달성군,111079,112950,3226,3866
2021,2,202102,대구,동구,130501,136702,3842,4661
2021,2,202102,대구,북구,167982,170637,4475,5158
2021,2,202102,대구,서구,55729,58100,2011,2288
2021,2,202102,대구,수성구,194789,198118,3578,4473
2021,2,202102,대구,중구,60459,62066,1058,1474
2021,2,202102,대전,대덕구,69053,71058,2691,3296
2021,2,202102,대전,동구,74137,76768,2891,3330
2021,2,202102,대전,서구,181158,186180,5075,5659
2021,2,202102,대전,유성구,158991,161283,3836,4254
2021,2,202102,대전,중구,80449,83336,3014,3669
2021,2,202102,부산,강서구,61492,62571,1842,2088
2021,2,202102,부산,금정구,67590,70845,2526,3107
2021,2,202102,부산,기장군,66174,67133,2372,2935
2021,2,202102,부산,남구,79120,81099,2524,3051
2021,2,202102,부산,동구,43032,44372,998,1205
2021,2,202102,부산,동래구,80217,81975,2319,3034
2021,2,202102,부산,부산진구,106890,124086,3269,3819
2021,2,202102,부산,북구,84795,86361,2606,2969
2021,2,202102,부산,사상구,65752,68789,2581,2961
2021,2,202102,부산,사하구,90203,94486,3180,3575
2021,2,202102,부산,서구,24294,24720,1058,1114
2021,2,202102,부산,수영구,59336,90678,1670,2524
2021,2,202102,부산,연제구,79854,87623,1972,3058
2021,2,202102,부산,영도구,25563,26948,1120,1460
2021,2,202102,부산,중구,26233,26499,527,654
2021,2,202102,부산,해운대구,148005,157538,3796,4166
2021,2,202102,서울,강남구,198850,215088,4678,5384
2021,2,202102,서울,강동구,125435,131148,3827,4484
2021,2,202102,서울,강북구,60725,63004,2719,3505
2021,2,202102,서울,강서구,162565,175941,5479,6956
2021,2,202102,서울,관악구,99508,102634,3832,4204
2021,2,202102,서울,광진구,79602,83052,2628,3070
2021,2,202102,서울,구로구,112435,121099,4942,5636
2021,2,202102,서울,금천구,68198,71708,3329,3859
2021,2,202102,서울,노원구,128339,134420,4111,5055
2021,2,202102,서울,도봉구,76343,81220,2924,3441
2021,2,202102,서울,동대문구,79336,82002,3209,3415
2021,2,202102,서울,동작구,92401,93718,2774,2966
2021,2,202102,서울,마포구,99198,103446,3048,3682
2021,2,202102,서울,서대문구,74439,78003,2484,3031
2021,2,202102,서울,서초구,152848,157917,3625,4535
2021,2,202102,서울,성동구,82644,91805,2434,3429
2021,2,202102,서울,성북구,102627,104978,3543,4732
2021,2,202102,서울,송파구,201178,207724,4886,6510
2021,2,202102,서울,양천구,126800,131531,3845,4685
2021,2,202102,서울,영등포구,116824,121006,4503,4747
2021,2,202102,서울,용산구,68903,69897,2165,2285
2021,2,202102,서울,은평구,110152,114389,3859,4702
2021,2,202102,서울,종로구,39004,41243,1741,3687
2021,2,202102,서울,중구,38513,42761,2082,3217
2021,2,202102,서울,중랑구,88465,94349,3758,4354
2021,2,202102,세종,세종시,154680,155636,3722,4345
2021,2,202102,울산,남구,134082,137601,3082,3759
2021,2,202102,울산,동구,55697,56402,1436,1613
2021,2,202102,울산,북구,101870,103760,2464,2723
2021,2,202102,울산,울주군,100914,102211,2937,3789
2021,2,202102,울산,중구,87497,88837,2188,2596
2021,2,202102,인천,강화군,24423,58395,1239,3148
2021,2,202102,인천,계양구,93764,282554,3853,7382
2021,2,202102,인천,남동구,218954,265283,6397,8368
2021,2,202102,인천,동구,19662,20241,966,1067
2021,2,202102,인천,미추홀구,138861,143851,5037,5296
2021,2,202102,인천,부평구,185497,204467,5794,6840
2021,2,202102,인천,서구,201377,206022,7122,8512
2021,2,202102,인천,연수구,178282,182954,3643,4512
2021,2,202102,인천,옹진군,7863,8012,535,639
2021,2,202102,인천,중구,54578,55309,1955,2687
2021,2,202102,전남,강진군,11544,11782,610,788
2021,2,202102,전남,고흥군,18954,19234,1163,1356
2021,2,202102,전남,곡성군,9524,9770,458,565
2021,2,202102,전남,광양시,66795,67477,2381,2724
2021,2,202102,전남,구례군,8648,9118,465,558
2021,2,202102,전남,나주시,47324,48413,2051,2539
2021,2,202102,전남,담양군,18236,18573,856,1156
2021,2,202102,전남,목포시,78352,80880,3163,3711
2021,2,202102,전남,무안군,34153,34485,1582,1828
2021,2,202102,전남,보성군,13167,35733,793,1390
2021,2,202102,전남,순천시,114063,115939,3610,4431
2021,2,202102,전남,신안군,11910,60128,672,2056
2021,2,202102,전남,여수시,106454,108890,3780,4630
2021,2,202102,전남,영광군,18924,19159,866,1004
2021,2,202102,전남,영암군,21584,29620,1254,1502
2021,2,202102,전남,완도군,15152,15473,797,966
2021,2,202102,전남,장성군,17968,18242,827,943
2021,2,202102,전남,장흥군,12489,12652,625,746
2021,2,202102,전남,진도군,10312,10469,588,686
2021,2,202102,전남,함평군,11265,38188,577,1292
2021,2,202102,전남,해남군,22922,31562,1723,2120
2021,2,202102,전남,화순군,23443,23818,1058,2306
2021,2,202102,전북,고창군,18803,19078,1340,1497
2021,2,202102,전북,군산시,107897,110279,3591,4227
2021,2,202102,전북,김제시,30640,31447,1575,1811
2021,2,202102,전북,남원시,27057,30826,1350,1709
2021,2,202102,전북,무주군,8130,8250,488,587
2021,2,202102,전북,부안군,18019,18290,911,1112
2021,2,202102,전북,순창군,9224,9352,436,517
2021,2,202102,전북,완주군,37922,38365,1695,2297
2021,2,202102,전북,익산시,107211,109402,4615,5240
2021,2,202102,전북,임실군,8977,9102,468,588
2021,2,202102,전북,장수군,7410,7508,389,451
2021,2,202102,전북,전주시,279968,285900,7901,9742
2021,2,202102,전북,정읍시,37813,40416,1774,2071
2021,2,202102,전북,진안군,8724,8858,450,590
2021,2,202102,제주,서귀포시,72706,74164,3257,3567
2021,2,202102,제주,제주시,222013,445179,7895,15156
2021,2,202102,충남,계룡시,19677,19798,700,841
2021,2,202102,충남,공주시,39475,41106,1833,2322
2021,2,202102,충남,금산군,19065,20276,1154,1478
2021,2,202102,충남,논산시,43267,44253,2302,2788
2021,2,202102,충남,당진시,74210,74948,2683,3104
2021,2,202102,충남,보령시,38093,38682,1548,1790
2021,2,202102,충남,부여군,21909,22475,1235,1614
2021,2,202102,충남,서산시,73835,74794,2809,3363
2021,2,202102,충남,서천군,18685,18921,805,960
2021,2,202102,충남,아산시,139930,142650,5287,6015
2021,2,202102,충남,예산군,30294,30721,1478,1894
2021,2,202102,충남,천안시,278001,282143,9619,11282
2021,2,202102,충남,청양군,10551,10695,536,653
2021,2,202102,충남,태안군,22964,23240,1122,1255
2021,2,202102,충남,홍성군,38971,39455,1571,1883
2021,2,202102,충북,괴산군,14420,14569,806,907
2021,2,202102,충북,단양군,10275,10447,525,637
2021,2,202102,충북,보은군,11348,11547,651,794
2021,2,202102,충북,영동군,16225,16433,784,927
2021,2,202102,충북,옥천군,18525,18961,905,1042
2021,2,202102,충북,음성군,42771,43104,2245,2527
2021,2,202102,충북,제천시,51375,52232,1968,2223
2021,2,202102,충북,증평군,15404,15580,624,679
2021,2,202102,충북,진천군,39217,39522,1617,1793
2021,2,202102,충북,청주시,354092,363597,11160,13949
2021,2,202102,충북,충주시,86449,90830,3283,3851
2021,3,202103,강원,강릉시,87414,89793,3004,3695
2021,3,202103,강원,고성군,10147,10287,506,587
2021,3,202103,강원,동해시,36931,37710,1460,1689
2021,3,202103,강원,삼척시,24748,25315,939,1157
2021,3,202103,강원,속초시,31315,32308,1283,1512
2021,3,202103,강원,양구군,8391,8501,365,442
2021,3,202103,강원,양양군,11424,11647,454,517
2021,3,202103,강원,영월군,14229,14477,767,905
2021,3,202103,강원,원주시,144346,147248,5086,5808
2021,3,202103,강원,인제군,13016,13190,546,648
2021,3,202103,강원,정선군,13828,14150,680,833
2021,3,202103,강원,철원군,16406,16585,862,953
2021,3,202103,강원,춘천시,111463,114115,3638,4538
2021,3,202103,강원,태백시,15831,16280,720,937
2021,3,202103,강원,평창군,16350,16721,835,974
2021,3,202103,강원,홍천군,26235,26564,1425,1833
2021,3,202103,강원,화천군,9401,9522,363,479
2021,3,202103,강원,횡성군,17691,18145,936,1062
2021,3,202103,경기,가평군,23126,23446,1290,1538
2021,3,202103,경기,고양시,368600,375190,10344,12331
2021,3,202103,경기,과천시,22691,23476,575,715
2021,3,202103,경기,광명시,85701,87504,2951,3526
2021,3,202103,경기,광주시,156402,157365,5641,8517
2021,3,202103,경기,구리시,59608,60762,1947,2331
2021,3,202103,경기,군포시,85800,86742,2570,2798
2021,3,202103,경기,김포시,188893,190964,6024,7721
2021,3,202103,경기,남양주시,247101,249329,8755,10016
2021,3,202103,경기,동두천시,30883,31707,1478,1586
2021,3,202103,경기,부천시,248167,253847,9592,10964
2021,3,202103,경기,성남시,297880,304852,8120,10131
2021,3,202103,경기,수원시,452079,460653,14674,17517
2021,3,202103,경기,시흥시,203755,205662,7190,7746
2021,3,202103,경기,안산시,245989,250767,10498,12556
2021,3,202103,경기,안성시,81703,82586,3413,3983
2021,3,202103,경기,안양시,175795,179439,5426,7195
2021,3,202103,경기,양주시,87257,87996,3981,4553
2021,3,202103,경기,양평군,46721,47239,1878,2702
2021,3,202103,경기,여주시,47104,47798,2180,3012
2021,3,202103,경기,연천군,16752,16978,827,1022
2021,3,202103,경기,오산시,93554,94741,3300,3861
2021,3,202103,경기,용인시,416110,421085,10824,13205
2021,3,202103,경기,의왕시,56614,57160,1567,1800
2021,3,202103,경기,의정부시,139222,141406,5380,6089
2021,3,202103,경기,이천시,91403,92442,3737,4406
2021,3,202103,경기,파주시,180217,182702,6043,8717
2021,3,202103,경기,평택시,242625,246156,8424,10281
2021,3,202103,경기,포천시,62190,68075,3249,4099
2021,3,202103,경기,하남시,106109,106818,2916,3340
2021,3,202103,경기,화성시,378324,381210,11255,14121
2021,3,202103,경남,거제시,91074,92237,3300,3914
2021,3,202103,경남,거창군,22476,22767,937,1178
2021,3,202103,경남,고성군,18364,18664,848,985
2021,3,202103,경남,김해시,227101,229674,7172,7976
2021,3,202103,경남,남해군,13134,13391,602,778
2021,3,202103,경남,밀양시,40595,41178,1579,1872
2021,3,202103,경남,사천시,44014,44785,1645,1966
2021,3,202103,경남,산청군,12471,12685,579,698
2021,3,202103,경남,양산시,138691,139842,4729,5669
2021,3,202103,경남,의령군,9594,9722,435,543
2021,3,202103,경남,진주시,134320,137186,3874,5103
2021,3,202103,경남,창녕군,24127,24547,1166,1342
2021,3,202103,경남,창원시,474001,526580,12008,15015
2021,3,202103,경남,통영시,41449,42320,1954,2282
2021,3,202103,경남,하동군,15672,15837,627,726
2021,3,202103,경남,함안군,29121,49145,1205,1626
2021,3,202103,경남,함양군,12561,12789,561,706
2021,3,202103,경남,합천군,14694,14878,665,792
2021,3,202103,경북,경산시,111415,112531,3439,3910
2021,3,202103,경북,경주시,111747,113674,4173,4874
2021,3,202103,경북,고령군,13460,13557,715,797
2021,3,202103,경북,구미시,181293,183984,5885,6823
2021,3,202103,경북,군위군,9253,9331,447,506
2021,3,202103,경북,김천시,54963,55703,2245,2585
2021,3,202103,경북,문경시,25860,26342,1352,1537
2021,3,202103,경북,봉화군,10622,10771,481,560
2021,3,202103,경북,상주시,34638,35197,1753,2093
2021,3,202103,경북,성주군,18881,19124,864,947
2021,3,202103,경북,안동시,61004,62105,2335,2843
2021,3,202103,경북,영덕군,12308,12515,664,772
2021,3,202103,경북,영양군,5697,5784,299,359
2021,3,202103,경북,영주시,39196,39836,1791,2016
2021,3,202103,경북,영천시,42188,42770,1879,2198
2021,3,202103,경북,예천군,21002,21285,792,928
2021,3,202103,경북,울릉군,3608,3973,242,441
2021,3,202103,경북,울진군,18897,19158,689,836
2021,3,202103,경북,의성군,18162,18324,909,1072
2021,3,202103,경북,청도군,16574,16796,686,773
2021,3,202103,경북,청송군,9404,9509,462,567
2021,3,202103,경북,칠곡군,53800,54215,2080,2565
2021,3,202103,경북,포항시,218884,222708,6665,7970
2021,3,202103,광주,광산구,164110,167846,4945,5469
2021,3,202103,광주,남구,79242,80408,2265,2776
2021,3,202103,광주,동구,37030,37815,1133,1355
2021,3,202103,광주,북구,161445,165887,4609,5790
2021,3,202103,광주,서구,122060,126903,3922,4459
2021,3,202103,대구,남구,47525,48623,1622,1901
2021,3,202103,대구,달서구,234726,242454,5672,6536
2021,3,202103,대구,달성군,111571,113444,3235,3870
2021,3,202103,대구,동구,131264,137522,3808,4618
2021,3,202103,대구,북구,167915,170590,4469,5156
2021,3,202103,대구,서구,55566,57925,2007,2277
2021,3,202103,대구,수성구,194900,198211,3565,4456
2021,3,202103,대구,중구,59973,61570,1056,1468
2021,3,202103,대전,대덕구,69112,71112,2663,3267
2021,3,202103,대전,동구,74407,77032,2898,3337
2021,3,202103,대전,서구,181399,186400,5064,5655
2021,3,202103,대전,유성구,158738,160970,3804,4219
2021,3,202103,대전,중구,80576,83460,3002,3644
2021,3,202103,부산,강서구,61839,62964,1845,2093
2021,3,202103,부산,금정구,67647,70815,2515,3096
2021,3,202103,부산,기장군,66539,67492,2346,2908
2021,3,202103,부산,남구,79102,81069,2498,3021
2021,3,202103,부산,동구,43694,45064,1000,1206
2021,3,202103,부산,동래구,80271,82025,2286,2998
2021,3,202103,부산,부산진구,107184,124838,3258,3798
2021,3,202103,부산,북구,84875,86439,2592,2957
2021,3,202103,부산,사상구,65587,68604,2583,2963
2021,3,202103,부산,사하구,90260,94538,3141,3536
2021,3,202103,부산,서구,24308,24736,1056,1112
2021,3,202103,부산,수영구,59270,90576,1650,2496
2021,3,202103,부산,연제구,79873,87840,1945,3031
2021,3,202103,부산,영도구,25559,26939,1127,1468
2021,3,202103,부산,중구,26470,26733,521,642
2021,3,202103,부산,해운대구,148063,157566,3791,4156
2021,3,202103,서울,강남구,198891,215002,4616,5300
2021,3,202103,서울,강동구,126210,131847,3809,4469
2021,3,202103,서울,강북구,60738,63011,2696,3482
2021,3,202103,서울,강서구,162602,175916,5411,6866
2021,3,202103,서울,관악구,99433,102536,3805,4178
2021,3,202103,서울,광진구,79620,83090,2612,3052
2021,3,202103,서울,구로구,112571,121415,4924,5615
2021,3,202103,서울,금천구,68266,71783,3289,3815
2021,3,202103,서울,노원구,128408,134464,4084,5022
2021,3,202103,서울,도봉구,76245,81071,2901,3414
2021,3,202103,서울,동대문구,79451,82118,3183,3385
2021,3,202103,서울,동작구,92634,93952,2762,2955
2021,3,202103,서울,마포구,99273,103500,3031,3660
2021,3,202103,서울,서대문구,74536,78069,2480,3025
2021,3,202103,서울,서초구,152535,157615,3596,4502
2021,3,202103,서울,성동구,82402,91791,2415,3373
2021,3,202103,서울,성북구,102792,105144,3516,4698
2021,3,202103,서울,송파구,201203,207754,4856,6493
2021,3,202103,서울,양천구,126812,131531,3827,4664
2021,3,202103,서울,영등포구,116862,121039,4455,4697
2021,3,202103,서울,용산구,69365,70375,2154,2273
2021,3,202103,서울,은평구,110116,114328,3841,4683
2021,3,202103,서울,종로구,38886,41030,1728,3688
2021,3,202103,서울,중구,38544,42707,2061,3189
2021,3,202103,서울,중랑구,88518,94365,3721,4315
2021,3,202103,세종,세종시,155593,156550,3732,4369
2021,3,202103,울산,남구,134258,137754,3064,3739
2021,3,202103,울산,동구,55848,56551,1433,1609
2021,3,202103,울산,북구,102047,103909,2440,2703
2021,3,202103,울산,울주군,101119,102415,2958,3809
2021,3,202103,울산,중구,87606,88940,2178,2584
2021,3,202103,인천,강화군,24451,57279,1237,3110
2021,3,202103,인천,계양구,94199,281302,3826,7281
2021,3,202103,인천,남동구,219440,265697,6366,8316
2021,3,202103,인천,동구,19502,20072,959,1060
2021,3,202103,인천,미추홀구,139566,144364,4976,5230
2021,3,202103,인천,부평구,186102,205798,5750,6795
2021,3,202103,인천,서구,201131,205752,7078,8393
2021,3,202103,인천,연수구,179211,183911,3629,4502
2021,3,202103,인천,옹진군,7891,8040,533,636
2021,3,202103,인천,중구,54775,55499,1952,2759
2021,3,202103,전남,강진군,11569,11805,600,778
2021,3,202103,전남,고흥군,19055,19334,1160,1371
2021,3,202103,전남,곡성군,9537,9774,449,556
2021,3,202103,전남,광양시,67100,67781,2386,2727
2021,3,202103,전남,구례군,8698,9171,462,554
2021,3,202103,전남,나주시,47597,48667,2047,2533
2021,3,202103,전남,담양군,18340,18675,856,1158
2021,3,202103,전남,목포시,78397,80907,3157,3699
2021,3,202103,전남,무안군,34565,34896,1602,1840
2021,3,202103,전남,보성군,13150,35007,792,1362
2021,3,202103,전남,순천시,114363,116245,3589,4395
2021,3,202103,전남,신안군,11957,62687,671,2060
2021,3,202103,전남,여수시,106726,109182,3758,4603
2021,3,202103,전남,영광군,18992,19211,842,981
2021,3,202103,전남,영암군,21531,29079,1216,1465
2021,3,202103,전남,완도군,15198,15522,797,964
2021,3,202103,전남,장성군,18003,18282,826,941
2021,3,202103,전남,장흥군,12511,12674,619,740
2021,3,202103,전남,진도군,10269,10426,579,677
2021,3,202103,전남,함평군,11273,37885,578,1288
2021,3,202103,전남,해남군,23027,34772,1728,2128
2021,3,202103,전남,화순군,23552,23936,1059,2299
2021,3,202103,전북,고창군,18852,19130,1340,1499
2021,3,202103,전북,군산시,108314,110674,3609,4245
2021,3,202103,전북,김제시,30745,31530,1573,1807
2021,3,202103,전북,남원시,27162,30856,1354,1712
2021,3,202103,전북,무주군,8184,8306,483,584
2021,3,202103,전북,부안군,18090,18363,912,1110
2021,3,202103,전북,순창군,9263,9387,434,514
2021,3,202103,전북,완주군,38057,38495,1716,2317
2021,3,202103,전북,익산시,107388,109552,4601,5222
2021,3,202103,전북,임실군,9016,9143,461,578
2021,3,202103,전북,장수군,7420,7518,382,444
2021,3,202103,전북,전주시,280558,286437,7895,9736
2021,3,202103,전북,정읍시,37953,40572,1768,2062
2021,3,202103,전북,진안군,8763,8898,453,593
2021,3,202103,제주,서귀포시,72998,74441,3266,3569
2021,3,202103,제주,제주시,222873,449355,7893,15105
2021,3,202103,충남,계룡시,19727,19849,695,834
2021,3,202103,충남,공주시,39567,41207,1805,2280
2021,3,202103,충남,금산군,19049,20275,1137,1458
2021,3,202103,충남,논산시,43365,44350,2302,2794
2021,3,202103,충남,당진시,74577,75321,2693,3109
2021,3,202103,충남,보령시,38167,38760,1559,1806
2021,3,202103,충남,부여군,22019,22578,1225,1604
2021,3,202103,충남,서산시,74286,75260,2805,3397
2021,3,202103,충남,서천군,18741,18976,800,954
2021,3,202103,충남,아산시,140958,143630,5292,6026
2021,3,202103,충남,예산군,30406,30832,1482,1903
2021,3,202103,충남,천안시,278664,282814,9599,11252
2021,3,202103,충남,청양군,10538,10682,532,649
2021,3,202103,충남,태안군,22974,23250,1121,1253
2021,3,202103,충남,홍성군,39190,39673,1572,1887
2021,3,202103,충북,괴산군,14436,14584,811,912
2021,3,202103,충북,단양군,10292,10463,512,624
2021,3,202103,충북,보은군,11343,11563,646,788
2021,3,202103,충북,영동군,16244,16451,782,927
2021,3,202103,충북,옥천군,18643,19080,911,1052
2021,3,202103,충북,음성군,42877,43212,2255,2538
2021,3,202103,충북,제천시,51381,52241,1961,2214
2021,3,202103,충북,증평군,15429,15603,616,671
2021,3,202103,충북,진천군,39426,39729,1618,1793
2021,3,202103,충북,청주시,355299,364743,11146,13926
2021,3,202103,충북,충주시,86721,91240,3281,3849
2021,4,202104,강원,강릉시,87641,90097,2977,3654
2021,4,202104,강원,고성군,10180,10314,500,581
2021,4,202104,강원,동해시,36978,37758,1432,1666
2021,4,202104,강원,삼척시,24662,25232,924,1143
2021,4,202104,강원,속초시,31411,32431,1276,1501
2021,4,202104,강원,양구군,8381,8492,360,439
2021,4,202104,강원,양양군,11429,11642,451,514
2021,4,202104,강원,영월군,14257,14505,753,891
2021,4,202104,강원,원주시,144309,147205,4992,5706
2021,4,202104,강원,인제군,13028,13195,546,648
2021,4,202104,강원,정선군,13788,14105,667,821
2021,4,202104,강원,철원군,16396,16563,835,928
2021,4,202104,강원,춘천시,111460,114126,3596,4495
2021,4,202104,강원,태백시,15872,16380,721,936
2021,4,202104,강원,평창군,16354,16714,829,969
2021,4,202104,강원,홍천군,26171,26498,1417,1824
2021,4,202104,강원,화천군,9403,9527,360,477
2021,4,202104,강원,횡성군,17715,18170,944,1070
2021,4,202104,경기,가평군,23204,23530,1294,1538
2021,4,202104,경기,고양시,369329,375932,10303,12311
2021,4,202104,경기,과천시,22913,23697,570,709
2021,4,202104,경기,광명시,85807,87602,2941,3501
2021,4,202104,경기,광주시,156919,157871,5617,8514
2021,4,202104,경기,구리시,59525,60732,1923,2296
2021,4,202104,경기,군포시,85835,86772,2567,2795
2021,4,202104,경기,김포시,189775,191866,5999,7691
2021,4,202104,경기,남양주시,248172,250418,8715,9992
2021,4,202104,경기,동두천시,30955,31778,1467,1571
2021,4,202104,경기,부천시,248200,253865,9481,10853
2021,4,202104,경기,성남시,298186,305128,8081,10090
2021,4,202104,경기,수원시,452876,461423,14580,17408
2021,4,202104,경기,시흥시,205038,206952,7178,7738
2021,4,202104,경기,안산시,246576,251334,10456,12506
2021,4,202104,경기,안성시,82240,83124,3423,3992
2021,4,202104,경기,안양시,176319,179933,5373,7142
2021,4,202104,경기,양주시,87798,88533,3964,4529
2021,4,202104,경기,양평군,46907,47426,1880,2696
2021,4,202104,경기,여주시,47229,47923,2160,2980
2021,4,202104,경기,연천군,16727,16953,822,1018
2021,4,202104,경기,오산시,93648,94843,3245,3810
2021,4,202104,경기,용인시,416877,421859,10767,13138
2021,4,202104,경기,의왕시,56665,57213,1552,1789
2021,4,202104,경기,의정부시,139475,141706,5354,6054
2021,4,202104,경기,이천시,91827,92855,3719,4386
2021,4,202104,경기,파주시,181287,183735,6036,8690
2021,4,202104,경기,평택시,244140,247649,8391,10251
2021,4,202104,경기,포천시,62523,68239,3241,4086
2021,4,202104,경기,하남시,106923,107634,2923,3346
2021,4,202104,경기,화성시,380745,383646,11227,14072
2021,4,202104,경남,거제시,90931,92104,3260,3871
2021,4,202104,경남,거창군,22514,22801,929,1170
2021,4,202104,경남,고성군,18403,18703,837,973
2021,4,202104,경남,김해시,227403,229968,7119,7916
2021,4,202104,경남,남해군,13139,13397,594,772
2021,4,202104,경남,밀양시,40702,41288,1576,1868
2021,4,202104,경남,사천시,44032,44804,1624,1942
2021,4,202104,경남,산청군,12521,12735,574,689
2021,4,202104,경남,양산시,139244,140395,4647,5591
2021,4,202104,경남,의령군,9607,9736,429,532
2021,4,202104,경남,진주시,134573,137332,3837,5065
2021,4,202104,경남,창녕군,24135,24554,1166,1340
2021,4,202104,경남,창원시,475302,529045,11893,14907
2021,4,202104,경남,통영시,41460,42342,1949,2277
2021,4,202104,경남,하동군,15734,15899,613,711
2021,4,202104,경남,함안군,29095,49080,1191,1614
2021,4,202104,경남,함양군,12556,12782,555,700
2021,4,202104,경남,합천군,14693,14877,652,776
2021,4,202104,경북,경산시,111669,112757,3437,3905
2021,4,202104,경북,경주시,112184,114091,4177,4877
2021,4,202104,경북,고령군,13419,13516,696,779
2021,4,202104,경북,구미시,181709,184384,5855,6788
2021,4,202104,경북,군위군,9223,9301,445,505
2021,4,202104,경북,김천시,55010,55755,2235,2575
2021,4,202104,경북,문경시,25764,26246,1317,1502
2021,4,202104,경북,봉화군,10657,10806,475,554
2021,4,202104,경북,상주시,34594,35150,1735,2073
2021,4,202104,경북,성주군,18830,19069,852,934
2021,4,202104,경북,안동시,61079,62169,2317,2828
2021,4,202104,경북,영덕군,12294,12500,661,769
2021,4,202104,경북,영양군,5718,5805,297,357
2021,4,202104,경북,영주시,39209,39848,1770,1999
2021,4,202104,경북,영천시,42303,42889,1863,2189
2021,4,202104,경북,예천군,21043,21324,791,928
2021,4,202104,경북,울릉군,3616,3991,240,438
2021,4,202104,경북,울진군,18918,19178,685,833
2021,4,202104,경북,의성군,18185,18347,908,1071
2021,4,202104,경북,청도군,16589,16811,676,761
2021,4,202104,경북,청송군,9386,9491,456,562
2021,4,202104,경북,칠곡군,53801,54211,2060,2538
2021,4,202104,경북,포항시,219039,222834,6576,7875
2021,4,202104,광주,광산구,164198,167951,4926,5447
2021,4,202104,광주,남구,79248,80408,2240,2751
2021,4,202104,광주,동구,37330,38113,1116,1337
2021,4,202104,광주,북구,161509,165972,4573,5750
2021,4,202104,광주,서구,121716,126482,3839,4365
2021,4,202104,대구,남구,47666,48752,1592,1870
2021,4,202104,대구,달서구,235120,242837,5647,6510
2021,4,202104,대구,달성군,111933,113800,3222,3855
2021,4,202104,대구,동구,131282,137497,3774,4586
2021,4,202104,대구,북구,168218,170851,4448,5129
2021,4,202104,대구,서구,55497,57872,1969,2238
2021,4,202104,대구,수성구,194755,198054,3543,4429
2021,4,202104,대구,중구,56497,58068,1043,1452
2021,4,202104,대전,대덕구,69230,71210,2649,3249
2021,4,202104,대전,동구,74578,77196,2894,3332
2021,4,202104,대전,서구,181884,187177,5056,5650
2021,4,202104,대전,유성구,159009,161221,3798,4216
2021,4,202104,대전,중구,80617,83309,2996,3638
2021,4,202104,부산,강서구,62233,63362,1843,2088
2021,4,202104,부산,금정구,67634,70800,2489,3095
2021,4,202104,부산,기장군,66777,67728,2337,2898
2021,4,202104,부산,남구,79185,81144,2488,3009
2021,4,202104,부산,동구,44021,45430,986,1212
2021,4,202104,부산,동래구,80173,81918,2280,2984
2021,4,202104,부산,부산진구,107283,124946,3224,3759
2021,4,202104,부산,북구,85121,86701,2567,2947
2021,4,202104,부산,사상구,65639,68639,2561,2940
2021,4,202104,부산,사하구,90335,94582,3107,3501
2021,4,202104,부산,서구,24369,24798,1046,1101
2021,4,202104,부산,수영구,59235,90843,1652,2482
2021,4,202104,부산,연제구,79944,88215,1938,2965
2021,4,202104,부산,영도구,25582,26960,1127,1468
2021,4,202104,부산,중구,26806,27067,512,632
2021,4,202104,부산,해운대구,148177,158245,3767,4126
2021,4,202104,서울,강남구,198891,214913,4602,5310
2021,4,202104,서울,강동구,126525,132106,3797,4462
2021,4,202104,서울,강북구,60823,63089,2687,3473
2021,4,202104,서울,강서구,162980,176265,5347,6793
2021,4,202104,서울,관악구,99500,102599,3781,4152
2021,4,202104,서울,광진구,79690,83031,2605,3046
2021,4,202104,서울,구로구,112584,121522,4881,5566
2021,4,202104,서울,금천구,68440,71936,3280,3804
2021,4,202104,서울,노원구,128499,134525,4073,5003
2021,4,202104,서울,도봉구,76427,81207,2881,3414
2021,4,202104,서울,동대문구,79496,82169,3153,3374
2021,4,202104,서울,동작구,92795,94114,2740,2932
2021,4,202104,서울,마포구,99784,104091,3015,3645
2021,4,202104,서울,서대문구,74556,78063,2461,3001
2021,4,202104,서울,서초구,152262,157262,3564,4457
2021,4,202104,서울,성동구,82431,91943,2386,3341
2021,4,202104,서울,성북구,102904,105263,3490,4670
2021,4,202104,서울,송파구,201180,207654,4827,6445
2021,4,202104,서울,양천구,126772,131478,3793,4628
2021,4,202104,서울,영등포구,116988,121155,4426,4664
2021,4,202104,서울,용산구,69369,70397,2130,2248
2021,4,202104,서울,은평구,110096,114306,3808,4651
2021,4,202104,서울,종로구,38890,40992,1710,3648
2021,4,202104,서울,중구,38560,42623,2046,3082
2021,4,202104,서울,중랑구,88582,94482,3700,4292
2021,4,202104,세종,세종시,156121,157096,3713,4355
2021,4,202104,울산,남구,134312,137841,3026,3691
2021,4,202104,울산,동구,55844,56550,1430,1606
2021,4,202104,울산,북구,102234,104036,2439,2701
2021,4,202104,울산,울주군,101274,102566,2924,3777
2021,4,202104,울산,중구,87499,88831,2159,2566
2021,4,202104,인천,강화군,24580,50543,1233,3082
2021,4,202104,인천,계양구,94592,281071,3809,7204
2021,4,202104,인천,남동구,219745,265688,6337,8294
2021,4,202104,인천,동구,19602,20170,960,1063
2021,4,202104,인천,미추홀구,140416,145068,4964,5218
2021,4,202104,인천,부평구,186860,207306,5719,6793
2021,4,202104,인천,서구,201545,206201,7042,8286
2021,4,202104,인천,연수구,180106,184845,3607,4480
2021,4,202104,인천,옹진군,7915,8055,529,630
2021,4,202104,인천,중구,54973,55694,1947,2754
2021,4,202104,전남,강진군,11582,11816,592,766
2021,4,202104,전남,고흥군,19019,19294,1138,1348
2021,4,202104,전남,곡성군,9564,9799,452,559
2021,4,202104,전남,광양시,67142,67819,2372,2712
2021,4,202104,전남,구례군,8700,9178,464,556
2021,4,202104,전남,나주시,47794,48856,2032,2521
2021,4,202104,전남,담양군,18398,18737,861,1161
2021,4,202104,전남,목포시,78405,80881,3119,3663
2021,4,202104,전남,무안군,34750,35082,1592,1833
2021,4,202104,전남,보성군,13161,36436,790,1328
2021,4,202104,전남,순천시,114485,116349,3554,4361
2021,4,202104,전남,신안군,11990,71699,667,2047
2021,4,202104,전남,여수시,106712,109151,3698,4534
2021,4,202104,전남,영광군,19024,19239,844,983
2021,4,202104,전남,영암군,21583,27561,1220,1454
2021,4,202104,전남,완도군,15198,15525,790,954
2021,4,202104,전남,장성군,17999,18277,821,936
2021,4,202104,전남,장흥군,12521,12682,616,735
2021,4,202104,전남,진도군,10334,10490,586,684
2021,4,202104,전남,함평군,11319,36296,572,1274
2021,4,202104,전남,해남군,22965,37425,1704,2115
2021,4,202104,전남,화순군,23540,23928,1029,2254
2021,4,202104,전북,고창군,18800,19078,1333,1490
2021,4,202104,전북,군산시,108339,110677,3575,4219
2021,4,202104,전북,김제시,30666,31440,1555,1786
2021,4,202104,전북,남원시,27296,30926,1339,1695
2021,4,202104,전북,무주군,8171,8292,471,573
2021,4,202104,전북,부안군,18016,18280,903,1098
2021,4,202104,전북,순창군,9255,9377,434,513
2021,4,202104,전북,완주군,37991,38410,1683,2279
2021,4,202104,전북,익산시,107436,109576,4566,5191
2021,4,202104,전북,임실군,9048,9175,454,570
2021,4,202104,전북,장수군,7439,7538,380,442
2021,4,202104,전북,전주시,280717,286545,7847,9686
2021,4,202104,전북,정읍시,37988,40559,1749,2044
2021,4,202104,전북,진안군,8784,8919,447,587
2021,4,202104,제주,서귀포시,73100,74541,3232,3532
2021,4,202104,제주,제주시,223252,453679,7795,14937
2021,4,202104,충남,계룡시,19804,19927,685,823
2021,4,202104,충남,공주시,39607,41280,1783,2259
2021,4,202104,충남,금산군,19179,20417,1125,1445
2021,4,202104,충남,논산시,43335,44312,2282,2774
2021,4,202104,충남,당진시,74979,75730,2687,3100
2021,4,202104,충남,보령시,38152,38751,1543,1790
2021,4,202104,충남,부여군,22132,22687,1224,1601
2021,4,202104,충남,서산시,74264,75275,2757,3349
2021,4,202104,충남,서천군,18745,18980,804,958
2021,4,202104,충남,아산시,141430,144102,5235,5963
2021,4,202104,충남,예산군,30411,30836,1472,1890
2021,4,202104,충남,천안시,278983,283158,9470,11126
2021,4,202104,충남,청양군,10525,10669,533,650
2021,4,202104,충남,태안군,23019,23294,1106,1238
2021,4,202104,충남,홍성군,39191,39668,1560,1876
2021,4,202104,충북,괴산군,14369,14517,800,900
2021,4,202104,충북,단양군,10284,10455,504,616
2021,4,202104,충북,보은군,11330,11549,644,789
2021,4,202104,충북,영동군,16192,16400,770,915
2021,4,202104,충북,옥천군,18701,19137,900,1042
2021,4,202104,충북,음성군,42852,43188,2237,2519
2021,4,202104,충북,제천시,51498,52353,1942,2192
2021,4,202104,충북,증평군,15447,15619,615,669
2021,4,202104,충북,진천군,39578,39880,1600,1741
2021,4,202104,충북,청주시,358912,368303,11054,13866
2021,4,202104,충북,충주시,86639,91102,3216,3783
2021,5,202105,강원,강릉시,87806,90256,2949,3620
2021,5,202105,강원,고성군,10260,10394,501,582
2021,5,202105,강원,동해시,37088,37870,1418,1650
2021,5,202105,강원,삼척시,24628,25196,925,1141
2021,5,202105,강원,속초시,31483,32486,1271,1496
2021,5,202105,강원,양구군,8392,8502,352,431
2021,5,202105,강원,양양군,11478,11680,453,516
2021,5,202105,강원,영월군,14285,14532,749,887
2021,5,202105,강원,원주시,144707,147603,4961,5675
2021,5,202105,강원,인제군,13096,13263,546,647
2021,5,202105,강원,정선군,13814,14129,662,815
2021,5,202105,강원,철원군,16422,16606,830,924
2021,5,202105,강원,춘천시,111721,114390,3564,4462
2021,5,202105,강원,태백시,15839,16323,718,933
2021,5,202105,강원,평창군,16407,16763,821,959
2021,5,202105,강원,홍천군,26235,26568,1410,1812
2021,5,202105,강원,화천군,9426,9550,356,472
2021,5,202105,강원,횡성군,17755,18202,937,1061
2021,5,202105,경기,가평군,23292,23610,1300,1558
2021,5,202105,경기,고양시,370373,376990,10298,12305
2021,5,202105,경기,과천시,23073,23850,571,710
2021,5,202105,경기,광명시,86190,88000,2948,3507
2021,5,202105,경기,광주시,157401,158327,5620,8504
2021,5,202105,경기,구리시,59586,60778,1913,2289
2021,5,202105,경기,군포시,85944,86902,2566,2794
2021,5,202105,경기,김포시,190234,192365,5977,7668
2021,5,202105,경기,남양주시,249307,251553,8707,9973
2021,5,202105,경기,동두천시,31062,31880,1466,1572
2021,5,202105,경기,부천시,248261,253921,9379,10751
2021,5,202105,경기,성남시,298611,305649,8073,10084
2021,5,202105,경기,수원시,453155,461738,14482,17334
2021,5,202105,경기,시흥시,205560,207486,7154,7727
2021,5,202105,경기,안산시,247208,251993,10413,12476
2021,5,202105,경기,안성시,82516,83407,3429,3997
2021,5,202105,경기,안양시,176690,180341,5327,7083
2021,5,202105,경기,양주시,88096,88825,3951,4516
2021,5,202105,경기,양평군,47186,47697,1866,2677
2021,5,202105,경기,여주시,47339,48033,2162,2982
2021,5,202105,경기,연천군,16750,16972,822,1015
2021,5,202105,경기,오산시,93939,95155,3232,3799
2021,5,202105,경기,용인시,417818,422911,10680,13061
2021,5,202105,경기,의왕시,56825,57380,1564,1798
2021,5,202105,경기,의정부시,139896,142130,5338,6044
2021,5,202105,경기,이천시,92239,93299,3684,4344
2021,5,202105,경기,파주시,182203,184598,6039,8678
2021,5,202105,경기,평택시,245380,248929,8410,10292
2021,5,202105,경기,포천시,62726,68283,3246,4090
2021,5,202105,경기,하남시,107512,108246,2918,3342
2021,5,202105,경기,화성시,382689,385682,11201,14045
2021,5,202105,경남,거제시,90970,92136,3245,3849
2021,5,202105,경남,거창군,22471,22758,924,1166
2021,5,202105,경남,고성군,18459,18756,835,971
2021,5,202105,경남,김해시,227720,230282,7133,7929
2021,5,202105,경남,남해군,13171,13430,594,774
2021,5,202105,경남,밀양시,40780,41362,1560,1853
2021,5,202105,경남,사천시,44164,44936,1614,1942
2021,5,202105,경남,산청군,12532,12745,570,684
2021,5,202105,경남,양산시,139452,140607,4634,5580
2021,5,202105,경남,의령군,9647,9776,429,532
2021,5,202105,경남,진주시,134843,137610,3830,5053
2021,5,202105,경남,창녕군,24184,24445,1157,1324
2021,5,202105,경남,창원시,476414,530465,11838,14863
2021,5,202105,경남,통영시,41504,42383,1939,2266
2021,5,202105,경남,하동군,15745,15910,608,706
2021,5,202105,경남,함안군,29066,49188,1181,1590
2021,5,202105,경남,함양군,12583,12809,550,695
2021,5,202105,경남,합천군,14730,14916,644,768
2021,5,202105,경북,경산시,112260,113369,3417,3886
2021,5,202105,경북,경주시,111911,113897,4082,4780
2021,5,202105,경북,고령군,13424,13521,695,778
2021,5,202105,경북,구미시,181945,184621,5814,6735
2021,5,202105,경북,군위군,9213,9290,443,503
2021,5,202105,경북,김천시,55010,55773,2217,2556
2021,5,202105,경북,문경시,25733,26215,1303,1488
2021,5,202105,경북,봉화군,10680,10830,470,548
2021,5,202105,경북,상주시,34596,35148,1721,2058
2021,5,202105,경북,성주군,18834,19069,850,932
2021,5,202105,경북,안동시,61193,62342,2320,2832
2021,5,202105,경북,영덕군,12304,12510,663,770
2021,5,202105,경북,영양군,5701,5788,293,351
2021,5,202105,경북,영주시,39240,39877,1759,1989
2021,5,202105,경북,영천시,42264,42851,1841,2168
2021,5,202105,경북,예천군,21128,21409,788,925
2021,5,202105,경북,울릉군,3615,4016,241,443
2021,5,202105,경북,울진군,19010,19271,688,835
2021,5,202105,경북,의성군,18205,18367,904,1066
2021,5,202105,경북,청도군,16624,16849,679,764
2021,5,202105,경북,청송군,9393,9498,455,561
2021,5,202105,경북,칠곡군,53809,54219,2019,2498
2021,5,202105,경북,포항시,219340,223138,6561,7870
2021,5,202105,광주,광산구,164326,168182,4897,5422
2021,5,202105,광주,남구,79261,80414,2212,2725
2021,5,202105,광주,동구,37561,38357,1097,1320
2021,5,202105,광주,북구,161444,165940,4534,5714
2021,5,202105,광주,서구,121490,126342,3778,4311
2021,5,202105,대구,남구,47719,48806,1564,1844
2021,5,202105,대구,달서구,234988,242635,5572,6437
2021,5,202105,대구,달성군,111958,113820,3196,3826
2021,5,202105,대구,동구,130889,137184,3738,4548
2021,5,202105,대구,북구,168075,170728,4366,5048
2021,5,202105,대구,서구,55233,57629,1930,2197
2021,5,202105,대구,수성구,194394,197689,3490,4381
2021,5,202105,대구,중구,56143,57760,1034,1444
2021,5,202105,대전,대덕구,69048,71046,2591,3193
2021,5,202105,대전,동구,74438,77111,2832,3270
2021,5,202105,대전,서구,181519,186761,4965,5559
2021,5,202105,대전,유성구,158678,160929,3658,4076
2021,5,202105,대전,중구,80473,83166,2954,3600
2021,5,202105,부산,강서구,62524,63776,1832,2081
2021,5,202105,부산,금정구,67656,70696,2479,3100
2021,5,202105,부산,기장군,67004,68010,2335,2896
2021,5,202105,부산,남구,79060,81028,2470,2994
2021,5,202105,부산,동구,44615,46040,986,1211
2021,5,202105,부산,동래구,80123,81859,2260,2940
2021,5,202105,부산,부산진구,107290,125178,3205,3739
2021,5,202105,부산,북구,85790,87376,2566,2948
2021,5,202105,부산,사상구,65701,68703,2533,2912
2021,5,202105,부산,사하구,90330,94490,3090,3480
2021,5,202105,부산,서구,24416,24849,1045,1100
2021,5,202105,부산,수영구,59623,91877,1650,2480
2021,5,202105,부산,연제구,80076,88539,1925,2958
2021,5,202105,부산,영도구,25710,27095,1121,1465
2021,5,202105,부산,중구,27001,27264,509,629
2021,5,202105,부산,해운대구,148378,158930,3753,4107
2021,5,202105,서울,강남구,198568,214764,4571,5272
2021,5,202105,서울,강동구,126789,132259,3812,4497
2021,5,202105,서울,강북구,60869,63140,2655,3439
2021,5,202105,서울,강서구,163198,176398,5264,6702
2021,5,202105,서울,관악구,99493,102601,3752,4121
2021,5,202105,서울,광진구,79747,83076,2607,3052
2021,5,202105,서울,구로구,112747,121537,4872,5582
2021,5,202105,서울,금천구,68664,72106,3268,3780
2021,5,202105,서울,노원구,128581,134570,4071,4996
2021,5,202105,서울,도봉구,76507,81234,2873,3429
2021,5,202105,서울,동대문구,79462,82137,3144,3348
2021,5,202105,서울,동작구,92989,94301,2724,2915
2021,5,202105,서울,마포구,100184,104515,3003,3631
2021,5,202105,서울,서대문구,74509,78010,2458,3006
2021,5,202105,서울,서초구,152493,157416,3534,4422
2021,5,202105,서울,성동구,82488,92214,2351,3276
2021,5,202105,서울,성북구,103022,105384,3461,4641
2021,5,202105,서울,송파구,201275,207798,4784,6449
2021,5,202105,서울,양천구,126789,131491,3776,4609
2021,5,202105,서울,영등포구,117102,121253,4422,4656
2021,5,202105,서울,용산구,69602,70653,2129,2245
2021,5,202105,서울,은평구,110357,114575,3784,4586
2021,5,202105,서울,종로구,38932,41323,1713,3674
2021,5,202105,서울,중구,38550,42261,2035,3068
2021,5,202105,서울,중랑구,88711,94585,3675,4266
2021,5,202105,세종,세종시,156636,157669,3683,4328
2021,5,202105,울산,남구,134365,137910,2995,3666
2021,5,202105,울산,동구,55788,56497,1415,1593
2021,5,202105,울산,북구,102091,103857,2424,2692
2021,5,202105,울산,울주군,101382,102676,2898,3747
2021,5,202105,울산,중구,87447,88784,2129,2542
2021,5,202105,인천,강화군,24722,49732,1232,3050
2021,5,202105,인천,계양구,94724,279307,3799,7080
2021,5,202105,인천,남동구,219665,265258,6307,8248
2021,5,202105,인천,동구,19514,20076,955,1057
2021,5,202105,인천,미추홀구,141095,145561,4933,5177
2021,5,202105,인천,부평구,187987,209013,5697,6784
2021,5,202105,인천,서구,201733,206409,7011,8272
2021,5,202105,인천,연수구,181014,185817,3597,4464
2021,5,202105,인천,옹진군,7924,8069,526,627
2021,5,202105,인천,중구,55288,56012,1953,2759
2021,5,202105,전남,강진군,11597,11831,595,769
2021,5,202105,전남,고흥군,19029,19298,1135,1342
2021,5,202105,전남,곡성군,9585,9819,447,553
2021,5,202105,전남,광양시,67246,67922,2351,2689
2021,5,202105,전남,구례군,8732,9213,462,555
2021,5,202105,전남,나주시,47993,49055,2031,2520
2021,5,202105,전남,담양군,18507,18837,855,1153
2021,5,202105,전남,목포시,78363,80855,3106,3648
2021,5,202105,전남,무안군,34913,35249,1589,1838
2021,5,202105,전남,보성군,13210,34819,795,1308
2021,5,202105,전남,순천시,114638,116532,3535,4343
2021,5,202105,전남,신안군,11999,73983,662,2066
2021,5,202105,전남,여수시,106780,109273,3671,4508
2021,5,202105,전남,영광군,19077,19292,847,987
2021,5,202105,전남,영암군,21693,25069,1224,1443
2021,5,202105,전남,완도군,15217,15543,785,950
2021,5,202105,전남,장성군,18012,18298,813,957
2021,5,202105,전남,장흥군,12537,12699,610,729
2021,5,202105,전남,진도군,10403,10559,584,681
2021,5,202105,전남,함평군,11323,38506,567,1262
2021,5,202105,전남,해남군,22969,40291,1696,2165
2021,5,202105,전남,화순군,23539,23938,1022,2226
2021,5,202105,전북,고창군,18776,19055,1336,1490
2021,5,202105,전북,군산시,108396,110747,3531,4185
2021,5,202105,전북,김제시,30621,31374,1542,1772
2021,5,202105,전북,남원시,27275,30865,1319,1676
2021,5,202105,전북,무주군,8202,8321,469,571
2021,5,202105,전북,부안군,18041,18311,901,1095
2021,5,202105,전북,순창군,9222,9344,428,507
2021,5,202105,전북,완주군,38026,38438,1667,2258
2021,5,202105,전북,익산시,107432,109603,4531,5154
2021,5,202105,전북,임실군,9054,9181,453,569
2021,5,202105,전북,장수군,7442,7541,376,438
2021,5,202105,전북,전주시,280823,286629,7778,9619
2021,5,202105,전북,정읍시,38097,40593,1752,2045
2021,5,202105,전북,진안군,8792,8927,448,588
2021,5,202105,제주,서귀포시,73190,74627,3219,3522
2021,5,202105,제주,제주시,224149,457494,7775,14902
2021,5,202105,충남,계룡시,19852,19974,672,809
2021,5,202105,충남,공주시,39637,41286,1772,2270
2021,5,202105,충남,금산군,19090,20350,1103,1424
2021,5,202105,충남,논산시,43340,44343,2263,2723
2021,5,202105,충남,당진시,75119,75869,2678,3091
2021,5,202105,충남,보령시,38219,38815,1546,1794
2021,5,202105,충남,부여군,21995,22554,1208,1613
2021,5,202105,충남,서산시,74532,75541,2760,3329
2021,5,202105,충남,서천군,18748,18983,804,959
2021,5,202105,충남,아산시,141837,144499,5209,5941
2021,5,202105,충남,예산군,30422,30848,1463,1886
2021,5,202105,충남,천안시,279482,283622,9400,11065
2021,5,202105,충남,청양군,10536,10680,527,644
2021,5,202105,충남,태안군,23005,23283,1103,1235
2021,5,202105,충남,홍성군,39250,39728,1560,1875
2021,5,202105,충북,괴산군,14347,14494,804,902
2021,5,202105,충북,단양군,10298,10473,506,621
2021,5,202105,충북,보은군,11362,11580,652,798
2021,5,202105,충북,영동군,16213,16420,765,912
2021,5,202105,충북,옥천군,18756,19203,897,1039
2021,5,202105,충북,음성군,42896,43236,2242,2525
2021,5,202105,충북,제천시,51654,52509,1943,2195
2021,5,202105,충북,증평군,15443,15610,613,667
2021,5,202105,충북,진천군,39729,40035,1601,1745
2021,5,202105,충북,청주시,359707,369192,10946,13768
2021,5,202105,충북,충주시,86836,91553,3188,3755
2021,6,202106,강원,강릉시,87995,90495,2954,3620
2021,6,202106,강원,고성군,10344,10478,504,585
2021,6,202106,강원,동해시,37194,37970,1421,1653
2021,6,202106,강원,삼척시,24671,25226,923,1134
2021,6,202106,강원,속초시,31577,32578,1262,1486
2021,6,202106,강원,양구군,8379,8489,352,431
2021,6,202106,강원,양양군,11521,11732,450,513
2021,6,202106,강원,영월군,14279,14528,739,876
2021,6,202106,강원,원주시,145203,148081,4952,5659
2021,6,202106,강원,인제군,13235,13403,549,655
2021,6,202106,강원,정선군,13848,14163,653,807
2021,6,202106,강원,철원군,16464,16649,825,919
2021,6,202106,강원,춘천시,111933,114670,3537,4433
2021,6,202106,강원,태백시,15814,16293,709,924
2021,6,202106,강원,평창군,16452,16809,825,963
2021,6,202106,강원,홍천군,26309,26642,1420,1822
2021,6,202106,강원,화천군,9477,9601,354,470
2021,6,202106,강원,횡성군,17829,18283,944,1067
2021,6,202106,경기,가평군,23421,23739,1287,1546
2021,6,202106,경기,고양시,371265,378006,10248,12250
2021,6,202106,경기,과천시,23227,24003,579,718
2021,6,202106,경기,광명시,86543,88355,2928,3487
2021,6,202106,경기,광주시,157892,158824,5607,8489
2021,6,202106,경기,구리시,59589,60789,1901,2277
2021,6,202106,경기,군포시,86051,86961,2550,2782
2021,6,202106,경기,김포시,191085,193248,5953,7665
2021,6,202106,경기,남양주시,250233,252489,8661,9928
2021,6,202106,경기,동두천시,31093,31912,1473,1580
2021,6,202106,경기,부천시,249088,254702,9350,10720
2021,6,202106,경기,성남시,299531,306706,8038,10042
2021,6,202106,경기,수원시,454612,463226,14251,17111
2021,6,202106,경기,시흥시,206397,208336,7176,7744
2021,6,202106,경기,안산시,247805,252620,10365,12477
2021,6,202106,경기,안성시,82944,83828,3421,3988
2021,6,202106,경기,안양시,176931,180719,5302,7053
2021,6,202106,경기,양주시,88465,89214,3926,4496
2021,6,202106,경기,양평군,47322,47839,1861,2669
2021,6,202106,경기,여주시,47589,48277,2179,2997
2021,6,202106,경기,연천군,16771,16984,824,1017
2021,6,202106,경기,오산시,94056,95285,3193,3760
2021,6,202106,경기,용인시,418631,424013,10648,13013
2021,6,202106,경기,의왕시,56974,57530,1554,1790
2021,6,202106,경기,의정부시,140554,142806,5290,5999
2021,6,202106,경기,이천시,92544,93614,3658,4324
2021,6,202106,경기,파주시,183141,185522,6049,8681
2021,6,202106,경기,평택시,246506,250120,8398,10270
2021,6,202106,경기,포천시,63098,68445,3251,4087
2021,6,202106,경기,하남시,108755,109521,2909,3333
2021,6,202106,경기,화성시,384713,387790,11190,14054
2021,6,202106,경남,거제시,91029,92204,3217,3814
2021,6,202106,경남,거창군,22497,22790,927,1167
2021,6,202106,경남,고성군,18482,18775,833,969
2021,6,202106,경남,김해시,228142,230695,7098,7888
2021,6,202106,경남,남해군,13232,13493,594,774
2021,6,202106,경남,밀양시,40884,41469,1549,1840
2021,6,202106,경남,사천시,44262,45023,1619,1946
2021,6,202106,경남,산청군,12541,12757,567,681
2021,6,202106,경남,양산시,139807,141029,4636,5575
2021,6,202106,경남,의령군,9629,9756,428,530
2021,6,202106,경남,진주시,135211,137979,3818,5035
2021,6,202106,경남,창녕군,24223,24484,1148,1320
2021,6,202106,경남,창원시,478197,532452,11775,14787
2021,6,202106,경남,통영시,41561,42434,1926,2255
2021,6,202106,경남,하동군,15758,15922,602,700
2021,6,202106,경남,함안군,29086,49322,1177,1589
2021,6,202106,경남,함양군,12636,12861,544,689
2021,6,202106,경남,합천군,14776,14964,644,769
2021,6,202106,경북,경산시,112799,113917,3391,3867
2021,6,202106,경북,경주시,111999,113961,4061,4765
2021,6,202106,경북,고령군,13417,13513,695,779
2021,6,202106,경북,구미시,182088,184805,5801,6720
2021,6,202106,경북,군위군,9234,9311,444,502
2021,6,202106,경북,김천시,55046,55805,2198,2538
2021,6,202106,경북,문경시,25768,26252,1295,1479
2021,6,202106,경북,봉화군,10687,10837,468,546
2021,6,202106,경북,상주시,34656,35210,1722,2059
2021,6,202106,경북,성주군,18904,19137,852,934
2021,6,202106,경북,안동시,61218,62383,2310,2828
2021,6,202106,경북,영덕군,12316,12521,662,768
2021,6,202106,경북,영양군,5724,5811,291,350
2021,6,202106,경북,영주시,39336,39966,1760,1992
2021,6,202106,경북,영천시,42177,42772,1832,2162
2021,6,202106,경북,예천군,21139,21419,783,920
2021,6,202106,경북,울릉군,3634,4039,236,437
2021,6,202106,경북,울진군,19072,19332,687,833
2021,6,202106,경북,의성군,18246,18408,906,1069
2021,6,202106,경북,청도군,16601,16827,671,757
2021,6,202106,경북,청송군,9414,9516,456,564
2021,6,202106,경북,칠곡군,53856,54270,1994,2473
2021,6,202106,경북,포항시,219843,223616,6559,7862
2021,6,202106,광주,광산구,164624,168498,4871,5396
2021,6,202106,광주,남구,79359,80517,2172,2685
2021,6,202106,광주,동구,37736,38482,1097,1315
2021,6,202106,광주,북구,161517,166126,4497,5678
2021,6,202106,광주,서구,121800,126585,3711,4237
2021,6,202106,대구,남구,47625,48704,1539,1819
2021,6,202106,대구,달서구,235457,243051,5523,6410
2021,6,202106,대구,달성군,112098,113952,3178,3810
2021,6,202106,대구,동구,131024,137359,3697,4498
2021,6,202106,대구,북구,168368,171019,4333,5016
2021,6,202106,대구,서구,55428,57832,1929,2194
2021,6,202106,대구,수성구,194878,198159,3472,4343
2021,6,202106,대구,중구,55904,57607,1028,1442
2021,6,202106,대전,대덕구,69081,71072,2561,3162
2021,6,202106,대전,동구,74445,77125,2819,3261
2021,6,202106,대전,서구,181639,186982,4901,5485
2021,6,202106,대전,유성구,158784,161070,3615,4027
2021,6,202106,대전,중구,80396,83092,2915,3557
2021,6,202106,부산,강서구,62906,64259,1832,2084
2021,6,202106,부산,금정구,67572,70585,2462,3087
2021,6,202106,부산,기장군,67143,68146,2320,2881
2021,6,202106,부산,남구,79040,80996,2453,2976
2021,6,202106,부산,동구,45105,46557,973,1193
2021,6,202106,부산,동래구,80131,81849,2262,2935
2021,6,202106,부산,부산진구,107366,125105,3200,3736
2021,6,202106,부산,북구,86245,87840,2552,2934
2021,6,202106,부산,사상구,65730,68703,2510,2887
2021,6,202106,부산,사하구,90348,94465,3071,3461
2021,6,202106,부산,서구,24500,24937,1034,1089
2021,6,202106,부산,수영구,59536,92872,1633,2465
2021,6,202106,부산,연제구,80266,89130,1912,2948
2021,6,202106,부산,영도구,25787,27176,1109,1453
2021,6,202106,부산,중구,27150,27419,509,628
2021,6,202106,부산,해운대구,148745,159819,3719,4074
2021,6,202106,서울,강남구,198734,215055,4518,5231
2021,6,202106,서울,강동구,127044,132497,3799,4491
2021,6,202106,서울,강북구,60947,63221,2643,3426
2021,6,202106,서울,강서구,163615,176748,5242,6682
2021,6,202106,서울,관악구,99543,102704,3736,4105
2021,6,202106,서울,광진구,79754,83090,2585,3032
2021,6,202106,서울,구로구,112778,121479,4848,5548
2021,6,202106,서울,금천구,68797,72275,3246,3759
2021,6,202106,서울,노원구,128691,134580,4025,4950
2021,6,202106,서울,도봉구,76584,81295,2846,3412
2021,6,202106,서울,동대문구,79612,82248,3149,3344
2021,6,202106,서울,동작구,93174,94490,2714,2904
2021,6,202106,서울,마포구,100401,104877,3000,3631
2021,6,202106,서울,서대문구,74574,78064,2439,2987
2021,6,202106,서울,서초구,152361,157283,3515,4404
2021,6,202106,서울,성동구,82545,92533,2332,3259
2021,6,202106,서울,성북구,103198,105564,3440,4621
2021,6,202106,서울,송파구,201374,207898,4745,6422
2021,6,202106,서울,양천구,126832,131501,3734,4566
2021,6,202106,서울,영등포구,117113,121271,4401,4637
2021,6,202106,서울,용산구,69689,70762,2119,2234
2021,6,202106,서울,은평구,110745,114837,3774,4573
2021,6,202106,서울,종로구,38900,41345,1719,3668
2021,6,202106,서울,중구,38568,42208,2016,3048
2021,6,202106,서울,중랑구,88795,94637,3658,4244
2021,6,202106,세종,세종시,157244,158299,3679,4320
2021,6,202106,울산,남구,134308,137869,2989,3664
2021,6,202106,울산,동구,55770,56479,1412,1592
2021,6,202106,울산,북구,102357,104122,2401,2678
2021,6,202106,울산,울주군,101423,102718,2871,3718
2021,6,202106,울산,중구,87636,88963,2128,2530
2021,6,202106,인천,강화군,24827,48921,1222,3019
2021,6,202106,인천,계양구,94826,278663,3792,7043
2021,6,202106,인천,남동구,219954,265011,6278,8203
2021,6,202106,인천,동구,19473,20040,945,1048
2021,6,202106,인천,미추홀구,142172,146459,4914,5158
2021,6,202106,인천,부평구,188788,210700,5643,6735
2021,6,202106,인천,서구,202296,206966,6940,8200
2021,6,202106,인천,연수구,181791,186637,3584,4462
2021,6,202106,인천,옹진군,7945,8091,536,637
2021,6,202106,인천,중구,55539,56268,1972,2786
2021,6,202106,전남,강진군,11604,11836,596,775
2021,6,202106,전남,고흥군,19109,19380,1133,1341
2021,6,202106,전남,곡성군,9564,9791,447,551
2021,6,202106,전남,광양시,67363,68039,2350,2687
2021,6,202106,전남,구례군,8730,9209,461,554
2021,6,202106,전남,나주시,48064,49131,2034,2517
2021,6,202106,전남,담양군,18575,18903,854,1152
2021,6,202106,전남,목포시,78443,80946,3085,3633
2021,6,202106,전남,무안군,35254,35598,1586,1836
2021,6,202106,전남,보성군,13200,28955,792,1281
2021,6,202106,전남,순천시,114989,116903,3508,4310
2021,6,202106,전남,신안군,12010,76602,665,2251
2021,6,202106,전남,여수시,106896,109388,3672,4509
2021,6,202106,전남,영광군,19074,19290,846,977
2021,6,202106,전남,영암군,21679,24460,1237,1450
2021,6,202106,전남,완도군,15254,15579,779,945
2021,6,202106,전남,장성군,17989,18335,804,919
2021,6,202106,전남,장흥군,12539,12700,607,726
2021,6,202106,전남,진도군,10417,10573,585,683
2021,6,202106,전남,함평군,11322,43257,563,1252
2021,6,202106,전남,해남군,22979,43501,1697,2169
2021,6,202106,전남,화순군,23597,24016,1018,2226
2021,6,202106,전북,고창군,18774,19058,1338,1490
2021,6,202106,전북,군산시,108659,111033,3529,4182
2021,6,202106,전북,김제시,30660,31404,1544,1773
2021,6,202106,전북,남원시,27297,30851,1307,1661
2021,6,202106,전북,무주군,8178,8298,464,560
2021,6,202106,전북,부안군,18045,18317,912,1108
2021,6,202106,전북,순창군,9248,9369,429,508
2021,6,202106,전북,완주군,38128,38538,1668,2270
2021,6,202106,전북,익산시,107797,109979,4504,5126
2021,6,202106,전북,임실군,9063,9188,450,566
2021,6,202106,전북,장수군,7463,7561,375,437
2021,6,202106,전북,전주시,281199,286979,7695,9522
2021,6,202106,전북,정읍시,38168,40799,1760,2057
2021,6,202106,전북,진안군,8805,8941,447,587
2021,6,202106,제주,서귀포시,73381,74813,3193,3495
2021,6,202106,제주,제주시,225548,461974,7788,14911
2021,6,202106,충남,계룡시,19826,19946,675,811
2021,6,202106,충남,공주시,39753,41402,1780,2253
2021,6,202106,충남,금산군,19049,20320,1090,1412
2021,6,202106,충남,논산시,43364,44378,2253,2719
2021,6,202106,충남,당진시,75305,76058,2642,3052
2021,6,202106,충남,보령시,38343,38932,1547,1792
2021,6,202106,충남,부여군,22002,22553,1197,1595
2021,6,202106,충남,서산시,74754,75771,2763,3349
2021,6,202106,충남,서천군,18757,18990,800,953
2021,6,202106,충남,아산시,142789,145480,5195,5915
2021,6,202106,충남,예산군,30429,30858,1463,1883
2021,6,202106,충남,천안시,280079,284205,9375,11054
2021,6,202106,충남,청양군,10539,10683,525,642
2021,6,202106,충남,태안군,23051,23331,1097,1230
2021,6,202106,충남,홍성군,39392,39868,1553,1868
2021,6,202106,충북,괴산군,14395,14543,805,904
2021,6,202106,충북,단양군,10296,10469,503,616
2021,6,202106,충북,보은군,11347,11565,647,791
2021,6,202106,충북,영동군,16224,16430,764,910
2021,6,202106,충북,옥천군,18778,19221,894,1038
2021,6,202106,충북,음성군,42930,43269,2253,2532
2021,6,202106,충북,제천시,51810,52660,1954,2205
2021,6,202106,충북,증평군,15498,15663,615,669
2021,6,202106,충북,진천군,39875,40180,1611,1758
2021,6,202106,충북,청주시,360804,370274,10885,13699
2021,6,202106,충북,충주시,87178,92148,3198,3764
2021,7,202107,강원,강릉시,88332,90846,2947,3612
2021,7,202107,강원,고성군,10416,10550,509,590
2021,7,202107,강원,동해시,37329,38108,1403,1637
2021,7,202107,강원,삼척시,24709,25265,916,1127
2021,7,202107,강원,속초시,31722,32724,1263,1488
2021,7,202107,강원,양구군,8399,8508,351,431
2021,7,202107,강원,양양군,11579,11788,453,516
2021,7,202107,강원,영월군,14311,14561,736,873
2021,7,202107,강원,원주시,145627,148480,4923,5626
2021,7,202107,강원,인제군,13328,13496,549,655
2021,7,202107,강원,정선군,13856,14171,652,806
2021,7,202107,강원,철원군,16494,16682,821,915
2021,7,202107,강원,춘천시,112204,114973,3527,4422
2021,7,202107,강원,태백시,15823,16302,697,912
2021,7,202107,강원,평창군,16431,16796,825,963
2021,7,202107,강원,홍천군,26377,26709,1415,1821
2021,7,202107,강원,화천군,9492,9616,350,465
2021,7,202107,강원,횡성군,17910,18363,946,1068
2021,7,202107,경기,가평군,23467,23783,1278,1537
2021,7,202107,경기,고양시,372320,379011,10209,12210
2021,7,202107,경기,과천시,23373,24151,573,712
2021,7,202107,경기,광명시,86776,88567,2908,3463
2021,7,202107,경기,광주시,158319,159308,5583,8453
2021,7,202107,경기,구리시,59586,60778,1889,2264
2021,7,202107,경기,군포시,86144,87054,2536,2766
2021,7,202107,경기,김포시,191814,193988,5943,7664
2021,7,202107,경기,남양주시,251260,253521,8635,9902
2021,7,202107,경기,동두천시,31201,32021,1468,1574
2021,7,202107,경기,부천시,250006,255618,9320,10688
2021,7,202107,경기,성남시,300339,307471,8021,10035
2021,7,202107,경기,수원시,455977,464620,14148,17004
2021,7,202107,경기,시흥시,207420,209377,7176,7749
2021,7,202107,경기,안산시,248375,253266,10338,12395
2021,7,202107,경기,안성시,83090,83955,3429,3999
2021,7,202107,경기,안양시,177017,180842,5266,7002
2021,7,202107,경기,양주시,88636,89392,3903,4480
2021,7,202107,경기,양평군,47507,48026,1863,2663
2021,7,202107,경기,여주시,47708,48386,2183,3018
2021,7,202107,경기,연천군,16814,17024,822,1016
2021,7,202107,경기,오산시,94431,95659,3207,3772
2021,7,202107,경기,용인시,419637,425060,10581,12937
2021,7,202107,경기,의왕시,57499,58057,1555,1777
2021,7,202107,경기,의정부시,141369,143639,5270,5979
2021,7,202107,경기,이천시,92937,94025,3670,4337
2021,7,202107,경기,파주시,184034,186366,6041,8646
2021,7,202107,경기,평택시,247690,251363,8401,10294
2021,7,202107,경기,포천시,63365,68520,3235,4069
2021,7,202107,경기,하남시,109816,110612,2923,3347
2021,7,202107,경기,화성시,386490,389654,11195,14078
2021,7,202107,경남,거제시,91116,92297,3200,3799
2021,7,202107,경남,거창군,22602,22895,928,1170
2021,7,202107,경남,고성군,18507,18794,828,964
2021,7,202107,경남,김해시,228451,231000,7088,7866
2021,7,202107,경남,남해군,13257,13514,595,772
2021,7,202107,경남,밀양시,40999,41585,1556,1845
2021,7,202107,경남,사천시,44357,45116,1609,1932
2021,7,202107,경남,산청군,12550,12764,569,684
2021,7,202107,경남,양산시,140210,141472,4635,5561
2021,7,202107,경남,의령군,9673,9803,424,526
2021,7,202107,경남,진주시,135498,138270,3789,5006
2021,7,202107,경남,창녕군,24278,24536,1127,1300
2021,7,202107,경남,창원시,479377,534136,11707,14728
2021,7,202107,경남,통영시,41627,42503,1921,2250
2021,7,202107,경남,하동군,15744,15906,597,696
2021,7,202107,경남,함안군,31705,52026,1204,1617
2021,7,202107,경남,함양군,12673,12898,540,686
2021,7,202107,경남,합천군,14798,14986,642,772
2021,7,202107,경북,경산시,113397,114544,3373,3847
2021,7,202107,경북,경주시,112245,114194,4067,4769
2021,7,202107,경북,고령군,13423,13519,693,776
2021,7,202107,경북,구미시,182366,185071,5749,6667
2021,7,202107,경북,군위군,9214,9292,438,498
2021,7,202107,경북,김천시,55064,55819,2204,2543
2021,7,202107,경북,문경시,25774,26256,1285,1470
2021,7,202107,경북,봉화군,10686,10836,467,545
2021,7,202107,경북,상주시,34718,35274,1732,2072
2021,7,202107,경북,성주군,18941,19170,849,931
2021,7,202107,경북,안동시,61266,62431,2304,2818
2021,7,202107,경북,영덕군,12334,12539,663,770
2021,7,202107,경북,영양군,5719,5806,299,359
2021,7,202107,경북,영주시,39267,39899,1746,1981
2021,7,202107,경북,영천시,42260,42856,1826,2151
2021,7,202107,경북,예천군,21258,21537,776,911
2021,7,202107,경북,울릉군,3652,4084,235,445
2021,7,202107,경북,울진군,19117,19381,681,827
2021,7,202107,경북,의성군,18255,18417,907,1069
2021,7,202107,경북,청도군,16611,16837,671,759
2021,7,202107,경북,청송군,9423,9525,452,559
2021,7,202107,경북,칠곡군,53986,54409,1991,2468
2021,7,202107,경북,포항시,220369,224111,6551,7839
2021,7,202107,광주,광산구,164861,168795,4834,5357
2021,7,202107,광주,남구,79672,80837,2167,2679
2021,7,202107,광주,동구,37862,38612,1084,1300
2021,7,202107,광주,북구,161954,166552,4484,5658
2021,7,202107,광주,서구,121561,126245,3608,4133
2021,7,202107,대구,남구,47652,48721,1546,1826
2021,7,202107,대구,달서구,236014,243677,5481,6362
2021,7,202107,대구,달성군,112486,114330,3179,3810
2021,7,202107,대구,동구,131363,137742,3722,4549
2021,7,202107,대구,북구,168651,171325,4329,5018
2021,7,202107,대구,서구,55435,57980,1922,2185
2021,7,202107,대구,수성구,187593,190669,3463,4327
2021,7,202107,대구,중구,53705,55397,1022,1433
2021,7,202107,대전,대덕구,69241,71270,2569,3171
2021,7,202107,대전,동구,74738,77432,2797,3235
2021,7,202107,대전,서구,181865,187204,4890,5475
2021,7,202107,대전,유성구,159183,161515,3612,4022
2021,7,202107,대전,중구,80468,83158,2897,3545
2021,7,202107,부산,강서구,63271,64603,1842,2093
2021,7,202107,부산,금정구,67741,70714,2447,3268
2021,7,202107,부산,기장군,67251,68236,2313,2874
2021,7,202107,부산,남구,79168,81123,2438,2948
2021,7,202107,부산,동구,45452,46899,966,1185
2021,7,202107,부산,동래구,80066,81785,2230,2686
2021,7,202107,부산,부산진구,107455,125303,3176,3735
2021,7,202107,부산,북구,86531,88140,2522,2906
2021,7,202107,부산,사상구,65848,68821,2478,2856
2021,7,202107,부산,사하구,90278,94342,3059,3450
2021,7,202107,부산,서구,24550,24985,1026,1081
2021,7,202107,부산,수영구,59410,93517,1626,2467
2021,7,202107,부산,연제구,80558,89684,1888,2912
2021,7,202107,부산,영도구,25839,27220,1108,1462
2021,7,202107,부산,중구,27330,27607,511,629
2021,7,202107,부산,해운대구,148903,160369,3685,4043
2021,7,202107,서울,강남구,198537,215044,4476,5174
2021,7,202107,서울,강동구,127139,132557,3801,4513
2021,7,202107,서울,강북구,60944,63210,2608,3392
2021,7,202107,서울,강서구,163815,176896,5188,6623
2021,7,202107,서울,관악구,99649,102757,3720,4087
2021,7,202107,서울,광진구,79767,83109,2571,3015
2021,7,202107,서울,구로구,112798,121342,4834,5534
2021,7,202107,서울,금천구,69172,72600,3232,3746
2021,7,202107,서울,노원구,128785,134606,4004,4927
2021,7,202107,서울,도봉구,76668,81325,2855,3442
2021,7,202107,서울,동대문구,79789,82410,3142,3338
2021,7,202107,서울,동작구,93293,94613,2700,2891
2021,7,202107,서울,마포구,100520,105037,2987,3628
2021,7,202107,서울,서대문구,74637,78128,2432,2975
2021,7,202107,서울,서초구,152466,157422,3485,4376
2021,7,202107,서울,성동구,82638,92651,2295,3218
2021,7,202107,서울,성북구,103305,105656,3425,4604
2021,7,202107,서울,송파구,201456,207981,4705,6405
2021,7,202107,서울,양천구,127009,131668,3705,4537
2021,7,202107,서울,영등포구,116898,120983,4370,4605
2021,7,202107,서울,용산구,69728,70823,2105,2221
2021,7,202107,서울,은평구,111003,115087,3747,4544
2021,7,202107,서울,종로구,38929,41376,1692,3643
2021,7,202107,서울,중구,46187,49768,2000,3026
2021,7,202107,서울,중랑구,88819,94681,3638,4223
2021,7,202107,세종,세종시,158035,159107,3638,4294
2021,7,202107,울산,남구,134270,137840,2988,3669
2021,7,202107,울산,동구,55832,56541,1403,1583
2021,7,202107,울산,북구,102494,103951,2379,2657
2021,7,202107,울산,울주군,101684,103324,2882,3738
2021,7,202107,울산,중구,87748,89037,2132,2520
2021,7,202107,인천,강화군,24902,48045,1226,2982
2021,7,202107,인천,계양구,94957,278767,3791,7059
2021,7,202107,인천,남동구,215855,260344,6202,8141
2021,7,202107,인천,동구,19848,20458,942,1045
2021,7,202107,인천,미추홀구,143042,147099,4884,5129
2021,7,202107,인천,부평구,189669,212460,5604,6699
2021,7,202107,인천,서구,203352,207975,6928,8184
2021,7,202107,인천,연수구,182488,187322,3572,4449
2021,7,202107,인천,옹진군,7992,8150,532,635
2021,7,202107,인천,중구,55905,56667,1982,2797
2021,7,202107,전남,강진군,11651,11892,592,769
2021,7,202107,전남,고흥군,19105,19376,1125,1334
2021,7,202107,전남,곡성군,9615,9842,446,549
2021,7,202107,전남,광양시,67617,68299,2328,2667
2021,7,202107,전남,구례군,8708,9194,465,559
2021,7,202107,전남,나주시,48256,49287,2025,2511
2021,7,202107,전남,담양군,18562,18892,848,1165
2021,7,202107,전남,목포시,78454,80942,3063,3610
2021,7,202107,전남,무안군,35668,36012,1587,1837
2021,7,202107,전남,보성군,13208,28145,792,1249
2021,7,202107,전남,순천시,115452,117372,3492,4290
2021,7,202107,전남,신안군,12021,78091,668,2319
2021,7,202107,전남,여수시,106985,109474,3662,4499
2021,7,202107,전남,영광군,19129,19344,839,969
2021,7,202107,전남,영암군,21765,24015,1251,1449
2021,7,202107,전남,완도군,15275,15606,780,947
2021,7,202107,전남,장성군,18009,18359,799,914
2021,7,202107,전남,장흥군,12529,12689,610,729
2021,7,202107,전남,진도군,10368,10524,586,684
2021,7,202107,전남,함평군,11295,43120,566,1254
2021,7,202107,전남,해남군,23035,46498,1694,2158
2021,7,202107,전남,화순군,23674,24151,1032,2213
2021,7,202107,전북,고창군,18818,19103,1352,1503
2021,7,202107,전북,군산시,108906,111278,3507,4165
2021,7,202107,전북,김제시,30725,31467,1552,1780
2021,7,202107,전북,남원시,27370,30806,1312,1662
2021,7,202107,전북,무주군,8199,8320,462,559
2021,7,202107,전북,부안군,18086,18356,920,1115
2021,7,202107,전북,순창군,9247,9368,427,506
2021,7,202107,전북,완주군,38326,38737,1668,2267
2021,7,202107,전북,익산시,108002,110175,4484,5106
2021,7,202107,전북,임실군,9065,9194,448,564
2021,7,202107,전북,장수군,7481,7579,372,434
2021,7,202107,전북,전주시,281693,287420,7707,9536
2021,7,202107,전북,정읍시,38279,40854,1756,2051
2021,7,202107,전북,진안군,8796,8933,450,590
2021,7,202107,제주,서귀포시,73596,75026,3185,3486
2021,7,202107,제주,제주시,226961,466259,7797,14973
2021,7,202107,충남,계룡시,19886,20007,664,800
2021,7,202107,충남,공주시,39840,41521,1765,2239
2021,7,202107,충남,금산군,19115,20400,1088,1409
2021,7,202107,충남,논산시,43445,44474,2252,2720
2021,7,202107,충남,당진시,75586,76339,2656,3065
2021,7,202107,충남,보령시,38375,38969,1541,1787
2021,7,202107,충남,부여군,22081,22626,1203,1600
2021,7,202107,충남,서산시,74984,76053,2757,3346
2021,7,202107,충남,서천군,18763,18993,791,946
2021,7,202107,충남,아산시,143651,146340,5214,5928
2021,7,202107,충남,예산군,30449,30876,1466,1888
2021,7,202107,충남,천안시,280799,284904,9351,11034
2021,7,202107,충남,청양군,10580,10725,521,639
2021,7,202107,충남,태안군,23093,23369,1094,1226
2021,7,202107,충남,홍성군,39442,39919,1548,1863
2021,7,202107,충북,괴산군,14389,14537,806,907
2021,7,202107,충북,단양군,10334,10506,506,619
2021,7,202107,충북,보은군,11362,11579,648,793
2021,7,202107,충북,영동군,16260,16467,763,911
2021,7,202107,충북,옥천군,18874,19317,887,1031
2021,7,202107,충북,음성군,43071,43408,2256,2534
2021,7,202107,충북,제천시,51926,52775,1943,2193
2021,7,202107,충북,증평군,15509,15674,615,668
2021,7,202107,충북,진천군,40034,40339,1609,1755
2021,7,202107,충북,청주시,366267,375731,10862,13677
2021,7,202107,충북,충주시,87340,92306,3207,3772
2021,8,202108,강원,강릉시,88422,90947,2929,3593
2021,8,202108,강원,고성군,10464,10598,510,591
2021,8,202108,강원,동해시,37411,38184,1395,1629
2021,8,202108,강원,삼척시,24725,25282,914,1126
2021,8,202108,강원,속초시,31775,32774,1260,1484
2021,8,202108,강원,양구군,8422,8527,350,429
2021,8,202108,강원,양양군,11599,11809,451,514
2021,8,202108,강원,영월군,14339,14588,733,871
2021,8,202108,강원,원주시,146122,148986,4895,5595
2021,8,202108,강원,인제군,13395,13572,549,664
2021,8,202108,강원,정선군,13838,14152,657,811
2021,8,202108,강원,철원군,16477,16665,821,914
2021,8,202108,강원,춘천시,112386,115191,3523,4415
2021,8,202108,강원,태백시,15813,16296,695,908
2021,8,202108,강원,평창군,16441,16799,816,956
2021,8,202108,강원,홍천군,26359,26697,1403,1799
2021,8,202108,강원,화천군,9517,9639,351,465
2021,8,202108,강원,횡성군,17891,18349,941,1062
2021,8,202108,경기,가평군,23529,23846,1277,1536
2021,8,202108,경기,고양시,372831,379581,10155,12148
2021,8,202108,경기,과천시,23448,24225,568,708
2021,8,202108,경기,광명시,86811,88604,2884,3439
2021,8,202108,경기,광주시,158789,159769,5560,8422
2021,8,202108,경기,구리시,59602,60797,1867,2242
2021,8,202108,경기,군포시,86143,87058,2524,2755
2021,8,202108,경기,김포시,192245,194441,5916,7630
2021,8,202108,경기,남양주시,252283,254545,8633,9904
2021,8,202108,경기,동두천시,31299,32118,1465,1571
2021,8,202108,경기,부천시,250130,255721,9289,10637
2021,8,202108,경기,성남시,300991,308097,7979,9984
2021,8,202108,경기,수원시,456617,465275,14059,16895
2021,8,202108,경기,시흥시,207707,209657,7159,7729
2021,8,202108,경기,안산시,249070,253954,10308,12352
2021,8,202108,경기,안성시,83420,84285,3407,3980
2021,8,202108,경기,안양시,177280,181060,5251,6981
2021,8,202108,경기,양주시,88880,89642,3916,4472
2021,8,202108,경기,양평군,47683,48207,1859,2648
2021,8,202108,경기,여주시,47814,48495,2174,3006
2021,8,202108,경기,연천군,16827,17037,824,1018
2021,8,202108,경기,오산시,94720,95945,3182,3744
2021,8,202108,경기,용인시,420663,426131,10522,12903
2021,8,202108,경기,의왕시,57843,58405,1552,1775
2021,8,202108,경기,의정부시,141839,144187,5242,5953
2021,8,202108,경기,이천시,93404,94487,3655,4332
2021,8,202108,경기,파주시,185277,188167,6052,8653
2021,8,202108,경기,평택시,249411,253084,8418,10309
2021,8,202108,경기,포천시,63624,70400,3228,4080
2021,8,202108,경기,하남시,110471,111276,2897,3321
2021,8,202108,경기,화성시,388185,391348,11173,14074
2021,8,202108,경남,거제시,91136,92318,3205,3807
2021,8,202108,경남,거창군,22568,22859,925,1165
2021,8,202108,경남,고성군,18504,18789,825,961
2021,8,202108,경남,김해시,228648,231192,7053,7829
2021,8,202108,경남,남해군,13283,13536,590,767
2021,8,202108,경남,밀양시,40964,41545,1548,1837
2021,8,202108,경남,사천시,44376,45132,1614,1933
2021,8,202108,경남,산청군,12587,12798,563,679
2021,8,202108,경남,양산시,140368,141656,4625,5546
2021,8,202108,경남,의령군,9680,9808,425,527
2021,8,202108,경남,진주시,135832,138604,3769,4986
2021,8,202108,경남,창녕군,24281,24539,1125,1298
2021,8,202108,경남,창원시,480104,535103,11622,14649
2021,8,202108,경남,통영시,41650,42522,1914,2244
2021,8,202108,경남,하동군,15783,15946,594,693
2021,8,202108,경남,함안군,31626,51926,1192,1587
2021,8,202108,경남,함양군,12697,12921,536,682
2021,8,202108,경남,합천군,14789,14978,642,772
2021,8,202108,경북,경산시,113658,114809,3346,3817
2021,8,202108,경북,경주시,112425,114388,4052,4755
2021,8,202108,경북,고령군,13430,13526,697,780
2021,8,202108,경북,구미시,182298,184985,5684,6600
2021,8,202108,경북,군위군,9207,9285,431,491
2021,8,202108,경북,김천시,55183,55963,2225,2565
2021,8,202108,경북,문경시,25782,26261,1282,1467
2021,8,202108,경북,봉화군,10685,10835,467,545
2021,8,202108,경북,상주시,34703,35261,1735,2078
2021,8,202108,경북,성주군,18974,19195,843,925
2021,8,202108,경북,안동시,61285,62475,2282,2796
2021,8,202108,경북,영덕군,12330,12533,655,762
2021,8,202108,경북,영양군,5740,5827,302,362
2021,8,202108,경북,영주시,39245,39878,1731,1968
2021,8,202108,경북,영천시,42345,42942,1841,2167
2021,8,202108,경북,예천군,21323,21601,778,913
2021,8,202108,경북,울릉군,3645,4077,238,448
2021,8,202108,경북,울진군,19149,19410,680,823
2021,8,202108,경북,의성군,18227,18389,914,1077
2021,8,202108,경북,청도군,16603,16829,669,757
2021,8,202108,경북,청송군,9460,9563,449,556
2021,8,202108,경북,칠곡군,54073,54493,1990,2466
2021,8,202108,경북,포항시,220715,224456,6534,7816
2021,8,202108,광주,광산구,165330,169273,4792,5317
2021,8,202108,광주,남구,79838,81001,2144,2654
2021,8,202108,광주,동구,38043,38809,1093,1308
2021,8,202108,광주,북구,162281,166850,4464,5639
2021,8,202108,광주,서구,121518,126180,3576,4097
2021,8,202108,대구,남구,47622,48687,1533,1812
2021,8,202108,대구,달서구,236134,243957,5447,6323
2021,8,202108,대구,달성군,112943,114783,3177,3807
2021,8,202108,대구,동구,131393,137741,3704,4534
2021,8,202108,대구,북구,168823,171492,4329,5017
2021,8,202108,대구,서구,55351,57902,1914,2176
2021,8,202108,대구,수성구,187941,191006,3473,4335
2021,8,202108,대구,중구,53431,55070,1021,1424
2021,8,202108,대전,대덕구,69395,71429,2568,3169
2021,8,202108,대전,동구,74910,77600,2791,3229
2021,8,202108,대전,서구,182040,187581,4874,5458
2021,8,202108,대전,유성구,159286,161611,3603,4013
2021,8,202108,대전,중구,80528,83198,2909,3558
2021,8,202108,부산,강서구,63485,64805,1838,2088
2021,8,202108,부산,금정구,67914,70851,2424,3246
2021,8,202108,부산,기장군,67317,68294,2306,2867
2021,8,202108,부산,남구,79230,82296,2419,2928
2021,8,202108,부산,동구,45949,47392,953,1173
2021,8,202108,부산,동래구,80049,81769,2232,2683
2021,8,202108,부산,부산진구,107523,125377,3174,3733
2021,8,202108,부산,북구,86840,88455,2525,2907
2021,8,202108,부산,사상구,65729,68694,2454,2832
2021,8,202108,부산,사하구,90508,94511,3072,3464
2021,8,202108,부산,서구,24539,24971,1026,1081
2021,8,202108,부산,수영구,59408,94102,1609,2461
2021,8,202108,부산,연제구,80786,88938,1864,2886
2021,8,202108,부산,영도구,25883,27256,1110,1460
2021,8,202108,부산,중구,27390,27663,516,633
2021,8,202108,부산,해운대구,149000,160866,3660,4015
2021,8,202108,서울,강남구,199246,215951,4465,5139
2021,8,202108,서울,강동구,127072,132434,3801,4521
2021,8,202108,서울,강북구,60979,63242,2595,3379
2021,8,202108,서울,강서구,163795,176812,5146,6579
2021,8,202108,서울,관악구,99536,102638,3712,4079
2021,8,202108,서울,광진구,79785,83068,2561,3006
2021,8,202108,서울,구로구,112716,121227,4791,5492
2021,8,202108,서울,금천구,69271,72699,3207,3709
2021,8,202108,서울,노원구,128647,134392,3959,4872
2021,8,202108,서울,도봉구,76642,81282,2858,3455
2021,8,202108,서울,동대문구,79847,82467,3123,3321
2021,8,202108,서울,동작구,93306,94616,2688,2880
2021,8,202108,서울,마포구,100680,105257,2976,3633
2021,8,202108,서울,서대문구,74591,78080,2401,2943
2021,8,202108,서울,서초구,152378,157503,3467,4352
2021,8,202108,서울,성동구,82565,92583,2285,3203
2021,8,202108,서울,성북구,103336,105677,3383,4557
2021,8,202108,서울,송파구,201888,208444,4684,6392
2021,8,202108,서울,양천구,127047,131705,3672,4503
2021,8,202108,서울,영등포구,116965,121002,4357,4588
2021,8,202108,서울,용산구,69550,70666,2096,2211
2021,8,202108,서울,은평구,111043,115131,3728,4525
2021,8,202108,서울,종로구,38907,41353,1674,3602
2021,8,202108,서울,중구,46065,49601,1994,3020
2021,8,202108,서울,중랑구,88818,94665,3630,4211
2021,8,202108,세종,세종시,158469,159580,3640,4294
2021,8,202108,울산,남구,134197,137743,2978,3663
2021,8,202108,울산,동구,55833,56545,1398,1578
2021,8,202108,울산,북구,102517,103969,2355,2674
2021,8,202108,울산,울주군,101921,103562,2878,3688
2021,8,202108,울산,중구,87692,88973,2119,2509
2021,8,202108,인천,강화군,24993,47418,1220,2937
2021,8,202108,인천,계양구,94799,276324,3774,7003
2021,8,202108,인천,남동구,223280,267407,6154,8070
2021,8,202108,인천,동구,19842,20454,940,1041
2021,8,202108,인천,미추홀구,136363,140157,4850,5091
2021,8,202108,인천,부평구,190298,213760,5563,6657
2021,8,202108,인천,서구,204205,208821,6863,8123
2021,8,202108,인천,연수구,182713,187592,3563,4440
2021,8,202108,인천,옹진군,7996,8154,531,635
2021,8,202108,인천,중구,56287,57026,1982,2805
2021,8,202108,전남,강진군,11657,11897,591,749
2021,8,202108,전남,고흥군,19130,19401,1121,1303
2021,8,202108,전남,곡성군,9612,9835,446,551
2021,8,202108,전남,광양시,67824,68521,2336,2676
2021,8,202108,전남,구례군,8703,9186,462,556
2021,8,202108,전남,나주시,48342,49362,2027,2511
2021,8,202108,전남,담양군,18582,18914,846,1158
2021,8,202108,전남,목포시,78377,80848,3061,3607
2021,8,202108,전남,무안군,35940,36282,1585,1834
2021,8,202108,전남,보성군,13200,27503,795,1225
2021,8,202108,전남,순천시,115596,117512,3464,4286
2021,8,202108,전남,신안군,12071,80151,665,2347
2021,8,202108,전남,여수시,107072,109568,3666,4503
2021,8,202108,전남,영광군,19099,19312,842,973
2021,8,202108,전남,영암군,21761,23689,1243,1453
2021,8,202108,전남,완도군,15278,15609,768,932
2021,8,202108,전남,장성군,17962,18310,806,940
2021,8,202108,전남,장흥군,12530,12690,615,734
2021,8,202108,전남,진도군,10384,10539,581,677
2021,8,202108,전남,함평군,11303,42656,569,1246
2021,8,202108,전남,해남군,23090,47659,1700,2152
2021,8,202108,전남,화순군,23841,24339,1037,2213
2021,8,202108,전북,고창군,18860,19146,1354,1505
2021,8,202108,전북,군산시,109149,111519,3509,4167
2021,8,202108,전북,김제시,30716,31453,1555,1783
2021,8,202108,전북,남원시,27409,30736,1311,1656
2021,8,202108,전북,무주군,8211,8333,460,557
2021,8,202108,전북,부안군,18086,18357,915,1110
2021,8,202108,전북,순창군,9246,9367,428,506
2021,8,202108,전북,완주군,38381,38787,1680,2264
2021,8,202108,전북,익산시,108069,110232,4466,5091
2021,8,202108,전북,임실군,9061,9192,449,565
2021,8,202108,전북,장수군,7499,7597,370,430
2021,8,202108,전북,전주시,282043,287758,7655,9495
2021,8,202108,전북,정읍시,38405,40944,1749,2048
2021,8,202108,전북,진안군,8801,8941,441,581
2021,8,202108,제주,서귀포시,73818,75242,3192,3493
2021,8,202108,제주,제주시,227675,468560,7790,14941
2021,8,202108,충남,계룡시,19959,20081,661,798
2021,8,202108,충남,공주시,39857,41508,1753,2224
2021,8,202108,충남,금산군,19125,20424,1089,1409
2021,8,202108,충남,논산시,43489,44488,2249,2713
2021,8,202108,충남,당진시,75732,76484,2646,3065
2021,8,202108,충남,보령시,38432,39032,1529,1776
2021,8,202108,충남,부여군,22129,22667,1191,1589
2021,8,202108,충남,서산시,75243,76320,2741,3327
2021,8,202108,충남,서천군,18759,18989,783,938
2021,8,202108,충남,아산시,144331,147003,5174,5876
2021,8,202108,충남,예산군,30472,30901,1459,1880
2021,8,202108,충남,천안시,280705,284802,9325,11018
2021,8,202108,충남,청양군,10590,10736,517,635
2021,8,202108,충남,태안군,23083,23357,1078,1211
2021,8,202108,충남,홍성군,39613,40094,1546,1861
2021,8,202108,충북,괴산군,14377,14525,811,911
2021,8,202108,충북,단양군,10333,10512,502,614
2021,8,202108,충북,보은군,11376,11592,647,792
2021,8,202108,충북,영동군,16234,16441,758,908
2021,8,202108,충북,옥천군,18928,19369,887,1033
2021,8,202108,충북,음성군,43129,43470,2235,2514
2021,8,202108,충북,제천시,51983,52839,1937,2191
2021,8,202108,충북,증평군,15514,15679,615,668
2021,8,202108,충북,진천군,40104,40407,1611,1758
2021,8,202108,충북,청주시,367059,376580,10825,13643
2021,8,202108,충북,충주시,87484,92553,3199,3766
2021,9,202109,강원,강릉시,88631,91148,2931,3588
2021,9,202109,강원,고성군,10521,10654,508,590
2021,9,202109,강원,동해시,37529,38295,1395,1631
2021,9,202109,강원,삼척시,24755,25307,915,1126
2021,9,202109,강원,속초시,31849,32881,1252,1475
2021,9,202109,강원,양구군,8433,8537,350,429
2021,9,202109,강원,양양군,11616,11823,449,512
2021,9,202109,강원,영월군,14391,14643,732,870
2021,9,202109,강원,원주시,146573,149424,4869,5565
2021,9,202109,강원,인제군,13424,13603,550,663
2021,9,202109,강원,정선군,13826,14143,654,808
2021,9,202109,강원,철원군,16485,16675,818,911
2021,9,202109,강원,춘천시,112808,115647,3500,4396
2021,9,202109,강원,태백시,15788,16272,691,905
2021,9,202109,강원,평창군,16451,16809,812,954
2021,9,202109,강원,홍천군,26390,26728,1392,1795
2021,9,202109,강원,화천군,9536,9658,350,465
2021,9,202109,강원,횡성군,17925,18378,934,1055
2021,9,202109,경기,가평군,23577,23896,1280,1538
2021,9,202109,경기,고양시,373451,380150,10130,12121
2021,9,202109,경기,과천시,23489,24273,562,702
2021,9,202109,경기,광명시,86888,88676,2873,3434
2021,9,202109,경기,광주시,159277,160246,5560,8419
2021,9,202109,경기,구리시,59659,60856,1866,2246
2021,9,202109,경기,군포시,86172,87106,2521,2751
2021,9,202109,경기,김포시,192624,194796,5868,7567
2021,9,202109,경기,남양주시,253144,255402,8630,9903
2021,9,202109,경기,동두천시,31390,32209,1455,1561
2021,9,202109,경기,부천시,250447,256014,9235,10579
2021,9,202109,경기,성남시,301517,308620,7913,9920
2021,9,202109,경기,수원시,457968,466585,13940,16773
2021,9,202109,경기,시흥시,208193,210140,7145,7715
2021,9,202109,경기,안산시,249428,254258,10269,12280
2021,9,202109,경기,안성시,84227,85086,3413,3991
2021,9,202109,경기,안양시,177245,180999,5220,6947
2021,9,202109,경기,양주시,89185,89943,3910,4475
2021,9,202109,경기,양평군,47793,48335,1860,2651
2021,9,202109,경기,여주시,47870,48552,2179,3005
2021,9,202109,경기,연천군,16810,17018,813,1008
2021,9,202109,경기,오산시,94649,95868,3152,3713
2021,9,202109,경기,용인시,421218,426595,10489,12891
2021,9,202109,경기,의왕시,58015,58575,1561,1784
2021,9,202109,경기,의정부시,142103,144501,5229,5939
2021,9,202109,경기,이천시,93857,94944,3664,4337
2021,9,202109,경기,파주시,186220,189119,6042,8639
2021,9,202109,경기,평택시,251196,254913,8450,10341
2021,9,202109,경기,포천시,63751,70402,3216,4063
2021,9,202109,경기,하남시,111259,112062,2889,3313
2021,9,202109,경기,화성시,389809,392977,11181,14091
2021,9,202109,경남,거제시,91213,92387,3206,3810
2021,9,202109,경남,거창군,22592,22879,920,1161
2021,9,202109,경남,고성군,18523,18805,822,958
2021,9,202109,경남,김해시,228745,231287,6999,7772
2021,9,202109,경남,남해군,13313,13564,588,765
2021,9,202109,경남,밀양시,40948,41540,1542,1829
2021,9,202109,경남,사천시,44443,45195,1620,1952
2021,9,202109,경남,산청군,12587,12797,561,677
2021,9,202109,경남,양산시,140863,142204,4595,5515
2021,9,202109,경남,의령군,9676,9804,423,525
2021,9,202109,경남,진주시,136121,138874,3751,4958
2021,9,202109,경남,창녕군,24303,24557,1124,1291
2021,9,202109,경남,창원시,480943,536290,11551,14581
2021,9,202109,경남,통영시,41669,42543,1914,2242
2021,9,202109,경남,하동군,15764,15926,594,692
2021,9,202109,경남,함안군,31574,51923,1193,1584
2021,9,202109,경남,함양군,12696,12916,540,678
2021,9,202109,경남,합천군,14826,15013,642,772
2021,9,202109,경북,경산시,113961,115099,3333,3800
2021,9,202109,경북,경주시,112674,114637,4058,4763
2021,9,202109,경북,고령군,13414,13510,695,778
2021,9,202109,경북,구미시,182308,185010,5638,6553
2021,9,202109,경북,군위군,9224,9302,430,489
2021,9,202109,경북,김천시,55374,56151,2218,2558
2021,9,202109,경북,문경시,25843,26320,1282,1465
2021,9,202109,경북,봉화군,10691,10841,466,544
2021,9,202109,경북,상주시,34676,35234,1745,2089
2021,9,202109,경북,성주군,18971,19192,846,928
2021,9,202109,경북,안동시,61290,62477,2284,2797
2021,9,202109,경북,영덕군,12333,12533,657,764
2021,9,202109,경북,영양군,5744,5831,301,361
2021,9,202109,경북,영주시,39326,39956,1727,1962
2021,9,202109,경북,영천시,42324,42918,1836,2163
2021,9,202109,경북,예천군,21364,21643,774,908
2021,9,202109,경북,울릉군,3645,4075,239,450
2021,9,202109,경북,울진군,19117,19379,672,813
2021,9,202109,경북,의성군,18227,18389,915,1077
2021,9,202109,경북,청도군,16609,16834,668,756
2021,9,202109,경북,청송군,9479,9581,446,552
2021,9,202109,경북,칠곡군,54145,54567,1972,2448
2021,9,202109,경북,포항시,220964,224686,6506,7787
2021,9,202109,광주,광산구,165667,169677,4793,5320
2021,9,202109,광주,남구,80124,81289,2137,2644
2021,9,202109,광주,동구,38134,38904,1092,1307
2021,9,202109,광주,북구,162573,167120,4443,5611
2021,9,202109,광주,서구,121600,126320,3582,4114
2021,9,202109,대구,남구,47578,48634,1512,1791
2021,9,202109,대구,달서구,236113,244130,5387,6259
2021,9,202109,대구,달성군,113263,115154,3159,3789
2021,9,202109,대구,동구,131193,137457,3679,4509
2021,9,202109,대구,북구,168937,171600,4297,4986
2021,9,202109,대구,서구,55109,57611,1883,2146
2021,9,202109,대구,수성구,188234,191262,3443,4296
2021,9,202109,대구,중구,53172,54820,1013,1427
2021,9,202109,대전,대덕구,69411,71462,2554,3154
2021,9,202109,대전,동구,75050,77750,2780,3218
2021,9,202109,대전,서구,182393,187971,4860,5456
2021,9,202109,대전,유성구,159591,161920,3574,3983
2021,9,202109,대전,중구,80577,83238,2905,3551
2021,9,202109,부산,강서구,63739,65048,1837,2084
2021,9,202109,부산,금정구,67929,70852,2416,3235
2021,9,202109,부산,기장군,67458,68426,2306,2866
2021,9,202109,부산,남구,79116,82150,2406,2917
2021,9,202109,부산,동구,46429,47897,949,1169
2021,9,202109,부산,동래구,80103,81812,2234,2678
2021,9,202109,부산,부산진구,105011,123004,3160,3718
2021,9,202109,부산,북구,86998,88620,2522,2904
2021,9,202109,부산,사상구,65737,68687,2437,2816
2021,9,202109,부산,사하구,90697,94653,3074,3466
2021,9,202109,부산,서구,24531,24963,1017,1072
2021,9,202109,부산,수영구,59374,94488,1611,2463
2021,9,202109,부산,연제구,81271,89581,1839,2867
2021,9,202109,부산,영도구,25903,27273,1110,1459
2021,9,202109,부산,중구,27578,27851,518,635
2021,9,202109,부산,해운대구,149125,161394,3630,3983
2021,9,202109,서울,강남구,199592,216636,4456,5137
2021,9,202109,서울,강동구,127111,132417,3755,4468
2021,9,202109,서울,강북구,60963,63223,2586,3370
2021,9,202109,서울,강서구,163865,176830,5097,6528
2021,9,202109,서울,관악구,99473,102572,3684,4050
2021,9,202109,서울,광진구,79843,82979,2545,2977
2021,9,202109,서울,구로구,112697,121673,4776,5474
2021,9,202109,서울,금천구,69351,72784,3197,3698
2021,9,202109,서울,노원구,128491,134232,3943,4856
2021,9,202109,서울,도봉구,76688,81327,2838,3436
2021,9,202109,서울,동대문구,79874,82519,3099,3297
2021,9,202109,서울,동작구,93301,94610,2668,2860
2021,9,202109,서울,마포구,100787,105285,2967,3623
2021,9,202109,서울,서대문구,74666,78147,2380,2910
2021,9,202109,서울,서초구,152269,157447,3437,4324
2021,9,202109,서울,성동구,82519,92629,2270,3188
2021,9,202109,서울,성북구,103389,105714,3362,4541
2021,9,202109,서울,송파구,202263,208858,4680,6384
2021,9,202109,서울,양천구,127122,131787,3661,4491
2021,9,202109,서울,영등포구,116953,120979,4353,4583
2021,9,202109,서울,용산구,69462,70595,2079,2195
2021,9,202109,서울,은평구,111123,115216,3698,4494
2021,9,202109,서울,종로구,38939,41375,1672,3591
2021,9,202109,서울,중구,48622,52116,1986,3027
2021,9,202109,서울,중랑구,88869,94718,3628,4218
2021,9,202109,세종,세종시,159108,160234,3604,4260
2021,9,202109,울산,남구,134259,137808,2979,3686
2021,9,202109,울산,동구,55890,56598,1391,1571
2021,9,202109,울산,북구,102541,104008,2341,2661
2021,9,202109,울산,울주군,102049,103682,2867,3655
2021,9,202109,울산,중구,87711,88989,2105,2494
2021,9,202109,인천,강화군,25067,41173,1218,2626
2021,9,202109,인천,계양구,94648,274137,3765,6932
2021,9,202109,인천,남동구,222372,266044,6120,8004
2021,9,202109,인천,동구,19802,20415,936,1037
2021,9,202109,인천,미추홀구,136871,140650,4807,5047
2021,9,202109,인천,부평구,190747,214739,5555,6666
2021,9,202109,인천,서구,205785,210451,6812,8067
2021,9,202109,인천,연수구,183070,187980,3553,4418
2021,9,202109,인천,옹진군,8026,8186,534,638
2021,9,202109,인천,중구,56662,57395,1975,2804
2021,9,202109,전남,강진군,11650,11890,592,750
2021,9,202109,전남,고흥군,19097,19366,1119,1301
2021,9,202109,전남,곡성군,9597,9817,447,553
2021,9,202109,전남,광양시,67766,68462,2323,2663
2021,9,202109,전남,구례군,8725,9193,462,555
2021,9,202109,전남,나주시,48445,49453,2018,2502
2021,9,202109,전남,담양군,18668,19007,839,1133
2021,9,202109,전남,목포시,78279,80764,3060,3607
2021,9,202109,전남,무안군,36316,36655,1584,1832
2021,9,202109,전남,보성군,13222,26703,790,1195
2021,9,202109,전남,순천시,115870,117779,3452,4274
2021,9,202109,전남,신안군,12069,86859,655,2567
2021,9,202109,전남,여수시,107176,109662,3671,4512
2021,9,202109,전남,영광군,19116,19328,845,976
2021,9,202109,전남,영암군,21722,23531,1230,1446
2021,9,202109,전남,완도군,15294,15622,768,931
2021,9,202109,전남,장성군,17963,18312,808,923
2021,9,202109,전남,장흥군,12516,12676,606,727
2021,9,202109,전남,진도군,10378,10530,575,670
2021,9,202109,전남,함평군,11326,42501,568,1242
2021,9,202109,전남,해남군,23083,50964,1681,2153
2021,9,202109,전남,화순군,23988,24465,1036,2211
2021,9,202109,전북,고창군,18875,19162,1360,1513
2021,9,202109,전북,군산시,109256,111622,3510,4164
2021,9,202109,전북,김제시,30727,31459,1556,1786
2021,9,202109,전북,남원시,27413,30659,1305,1642
2021,9,202109,전북,무주군,8208,8329,462,559
2021,9,202109,전북,부안군,18049,18320,912,1102
2021,9,202109,전북,순창군,9266,9387,435,513
2021,9,202109,전북,완주군,38451,38856,1680,2252
2021,9,202109,전북,익산시,108174,110291,4444,5072
2021,9,202109,전북,임실군,9044,9172,444,560
2021,9,202109,전북,장수군,7485,7583,367,427
2021,9,202109,전북,전주시,282433,288142,7628,9464
2021,9,202109,전북,정읍시,38384,40899,1737,2026
2021,9,202109,전북,진안군,8794,8932,440,582
2021,9,202109,제주,서귀포시,74022,75443,3191,3492
2021,9,202109,제주,제주시,228298,470953,7780,14897
2021,9,202109,충남,계룡시,19969,20091,664,801
2021,9,202109,충남,공주시,39886,41553,1745,2221
2021,9,202109,충남,금산군,19126,20429,1086,1407
2021,9,202109,충남,논산시,43626,44624,2250,2708
2021,9,202109,충남,당진시,75945,76701,2643,3062
2021,9,202109,충남,보령시,38461,39067,1535,1782
2021,9,202109,충남,부여군,22108,22641,1198,1597
2021,9,202109,충남,서산시,75382,76471,2748,3341
2021,9,202109,충남,서천군,18754,18984,781,934
2021,9,202109,충남,아산시,144878,147538,5151,5850
2021,9,202109,충남,예산군,30485,30915,1450,1871
2021,9,202109,충남,천안시,281139,285220,9291,10974
2021,9,202109,충남,청양군,10598,10746,519,638
2021,9,202109,충남,태안군,23094,23373,1071,1204
2021,9,202109,충남,홍성군,39693,40174,1541,1855
2021,9,202109,충북,괴산군,14382,14529,802,902
2021,9,202109,충북,단양군,10324,10506,497,612
2021,9,202109,충북,보은군,11362,11578,640,787
2021,9,202109,충북,영동군,16236,16443,761,911
2021,9,202109,충북,옥천군,18959,19398,886,1033
2021,9,202109,충북,음성군,43223,43568,2247,2523
2021,9,202109,충북,제천시,51982,52834,1933,2189
2021,9,202109,충북,증평군,15503,15670,613,665
2021,9,202109,충북,진천군,40255,40557,1616,1763
2021,9,202109,충북,청주시,367710,377209,10861,13674
2021,9,202109,충북,충주시,87744,92835,3206,3777
2021,10,202110,강원,강릉시,88831,91300,2916,3566
2021,10,202110,강원,고성군,10581,10713,500,580
2021,10,202110,강원,동해시,37686,38458,1397,1634
2021,10,202110,강원,삼척시,24758,25306,916,1128
2021,10,202110,강원,속초시,32008,33033,1249,1470
2021,10,202110,강원,양구군,8452,8556,348,427
2021,10,202110,강원,양양군,11615,11831,452,515
2021,10,202110,강원,영월군,14407,14662,736,875
2021,10,202110,강원,원주시,147071,149920,4858,5553
2021,10,202110,강원,인제군,13463,13642,544,657
2021,10,202110,강원,정선군,13854,14168,646,798
2021,10,202110,강원,철원군,16511,16701,817,912
2021,10,202110,강원,춘천시,113361,116195,3492,4392
2021,10,202110,강원,태백시,15768,16240,684,899
2021,10,202110,강원,평창군,16495,16854,811,954
2021,10,202110,강원,홍천군,26484,26822,1393,1797
2021,10,202110,강원,화천군,9527,9646,352,467
2021,10,202110,강원,횡성군,17999,18447,924,1045
2021,10,202110,경기,가평군,23568,23886,1258,1513
2021,10,202110,경기,고양시,373987,380576,10090,12079
2021,10,202110,경기,과천시,23528,24313,556,696
2021,10,202110,경기,광명시,86904,88674,2862,3423
2021,10,202110,경기,광주시,159659,160715,5531,8364
2021,10,202110,경기,구리시,59737,60933,1859,2227
2021,10,202110,경기,군포시,86211,87131,2518,2748
2021,10,202110,경기,김포시,192928,195125,5842,7547
2021,10,202110,경기,남양주시,254099,256344,8627,9877
2021,10,202110,경기,동두천시,31553,32367,1441,1549
2021,10,202110,경기,부천시,250786,256086,9191,10524
2021,10,202110,경기,성남시,301973,308967,7890,9883
2021,10,202110,경기,수원시,458871,467476,13774,16571
2021,10,202110,경기,시흥시,208877,210821,7111,7681
2021,10,202110,경기,안산시,249688,254523,10205,12217
2021,10,202110,경기,안성시,84397,85258,3403,3979
2021,10,202110,경기,안양시,177316,181050,5183,6906
2021,10,202110,경기,양주시,89440,90160,3919,4463
2021,10,202110,경기,양평군,47970,48513,1878,2671
2021,10,202110,경기,여주시,48039,48728,2178,3002
2021,10,202110,경기,연천군,16825,17028,811,1001
2021,10,202110,경기,오산시,94726,95921,3120,3687
2021,10,202110,경기,용인시,421708,427152,10448,12864
2021,10,202110,경기,의왕시,58178,58735,1557,1778
2021,10,202110,경기,의정부시,142539,144948,5228,5897
2021,10,202110,경기,이천시,94374,95444,3666,4347
2021,10,202110,경기,파주시,187146,190024,6027,8615
2021,10,202110,경기,평택시,252790,256510,8465,10384
2021,10,202110,경기,포천시,63965,70463,3217,4072
2021,10,202110,경기,하남시,112395,113229,2887,3312
2021,10,202110,경기,화성시,391440,394601,11175,14069
2021,10,202110,경남,거제시,91275,92453,3196,3797
2021,10,202110,경남,거창군,22621,22904,913,1153
2021,10,202110,경남,고성군,18551,18833,813,949
2021,10,202110,경남,김해시,229062,231589,6988,7759
2021,10,202110,경남,남해군,13372,13624,589,764
2021,10,202110,경남,밀양시,41009,41604,1538,1823
2021,10,202110,경남,사천시,44524,45277,1619,1948
2021,10,202110,경남,산청군,12634,12841,558,675
2021,10,202110,경남,양산시,141228,142565,4583,5502
2021,10,202110,경남,의령군,9713,9843,424,525
2021,10,202110,경남,진주시,136479,139418,3744,4953
2021,10,202110,경남,창녕군,24344,24598,1121,1289
2021,10,202110,경남,창원시,482077,537631,11477,14509
2021,10,202110,경남,통영시,41679,42549,1902,2230
2021,10,202110,경남,하동군,15741,15904,591,690
2021,10,202110,경남,함안군,31779,52029,1189,1584
2021,10,202110,경남,함양군,12672,12894,538,676
2021,10,202110,경남,합천군,14845,15033,647,777
2021,10,202110,경북,경산시,114192,115334,3294,3761
2021,10,202110,경북,경주시,112771,114717,4051,4758
2021,10,202110,경북,고령군,13402,13498,697,781
2021,10,202110,경북,구미시,182618,185298,5629,6545
2021,10,202110,경북,군위군,9257,9335,429,487
2021,10,202110,경북,김천시,55515,56292,2214,2556
2021,10,202110,경북,문경시,25957,26429,1276,1456
2021,10,202110,경북,봉화군,10728,10879,463,542
2021,10,202110,경북,상주시,34645,35200,1735,2079
2021,10,202110,경북,성주군,19002,19224,847,929
2021,10,202110,경북,안동시,61379,62564,2287,2796
2021,10,202110,경북,영덕군,12339,12538,653,759
2021,10,202110,경북,영양군,5786,5873,297,357
2021,10,202110,경북,영주시,39336,39975,1729,1963
2021,10,202110,경북,영천시,42396,42988,1827,2151
2021,10,202110,경북,예천군,21442,21721,775,909
2021,10,202110,경북,울릉군,3651,4082,239,448
2021,10,202110,경북,울진군,19121,19383,667,808
2021,10,202110,경북,의성군,18249,18411,910,1073
2021,10,202110,경북,청도군,16678,16905,675,762
2021,10,202110,경북,청송군,9473,9574,445,551
2021,10,202110,경북,칠곡군,54275,54694,1949,2425
2021,10,202110,경북,포항시,221278,224971,6510,7791
2021,10,202110,광주,광산구,165961,169903,4789,5319
2021,10,202110,광주,남구,80604,81777,2150,2658
2021,10,202110,광주,동구,38164,38945,1088,1302
2021,10,202110,광주,북구,162698,167214,4428,5584
2021,10,202110,광주,서구,121578,126278,3542,4075
2021,10,202110,대구,남구,47541,48587,1502,1778
2021,10,202110,대구,달서구,235962,243933,5323,6193
2021,10,202110,대구,달성군,113496,115388,3148,3776
2021,10,202110,대구,동구,131643,137867,3656,4496
2021,10,202110,대구,북구,169050,171723,4256,4946
2021,10,202110,대구,서구,54883,57391,1864,2125
2021,10,202110,대구,수성구,188201,191152,3420,4263
2021,10,202110,대구,중구,53312,54929,1006,1424
2021,10,202110,대전,대덕구,69510,71556,2541,3147
2021,10,202110,대전,동구,75147,77830,2749,3181
2021,10,202110,대전,서구,182571,188211,4838,5433
2021,10,202110,대전,유성구,159748,162051,3521,3929
2021,10,202110,대전,중구,80710,83391,2879,3526
2021,10,202110,부산,강서구,63971,65265,1842,2088
2021,10,202110,부산,금정구,68001,70903,2399,3214
2021,10,202110,부산,기장군,67612,68584,2296,2856
2021,10,202110,부산,남구,79397,82314,2408,2920
2021,10,202110,부산,동구,46899,48365,947,1169
2021,10,202110,부산,동래구,80101,81760,2223,2660
2021,10,202110,부산,부산진구,105198,123222,3155,3714
2021,10,202110,부산,북구,87073,88691,2510,2889
2021,10,202110,부산,사상구,65743,68675,2413,2793
2021,10,202110,부산,사하구,90830,94763,3058,3450
2021,10,202110,부산,서구,24520,24952,1017,1072
2021,10,202110,부산,수영구,59197,94866,1597,2458
2021,10,202110,부산,연제구,81547,90111,1842,2872
2021,10,202110,부산,영도구,25961,27326,1115,1462
2021,10,202110,부산,중구,27633,27905,514,632
2021,10,202110,부산,해운대구,149022,161594,3604,3959
2021,10,202110,서울,강남구,200027,217278,4423,5100
2021,10,202110,서울,강동구,127029,132344,3728,4443
2021,10,202110,서울,강북구,60868,63122,2571,3355
2021,10,202110,서울,강서구,163708,176385,5046,6470
2021,10,202110,서울,관악구,99353,102446,3674,4037
2021,10,202110,서울,광진구,79801,82922,2534,2967
2021,10,202110,서울,구로구,112776,122366,4772,5485
2021,10,202110,서울,금천구,69387,72837,3177,3682
2021,10,202110,서울,노원구,128455,134181,3959,4870
2021,10,202110,서울,도봉구,76745,81386,2833,3458
2021,10,202110,서울,동대문구,79935,82594,3083,3306
2021,10,202110,서울,동작구,93282,94581,2661,2853
2021,10,202110,서울,마포구,100852,105342,2949,3604
2021,10,202110,서울,서대문구,74653,78122,2363,2887
2021,10,202110,서울,서초구,152040,157216,3403,4293
2021,10,202110,서울,성동구,82455,92029,2253,3170
2021,10,202110,서울,성북구,103372,105698,3346,4523
2021,10,202110,서울,송파구,202318,208941,4685,6397
2021,10,202110,서울,양천구,127043,131686,3605,4433
2021,10,202110,서울,영등포구,117070,121033,4315,4541
2021,10,202110,서울,용산구,69633,70772,2078,2193
2021,10,202110,서울,은평구,111258,115348,3692,4488
2021,10,202110,서울,종로구,38938,41340,1666,3556
2021,10,202110,서울,중구,48360,51799,1969,3007
2021,10,202110,서울,중랑구,88955,94778,3610,4196
2021,10,202110,세종,세종시,160133,161267,3647,4327
2021,10,202110,울산,남구,134334,137855,2963,3671
2021,10,202110,울산,동구,55928,56639,1396,1578
2021,10,202110,울산,북구,102771,104243,2344,2666
2021,10,202110,울산,울주군,102181,103817,2848,3634
2021,10,202110,울산,중구,87752,89035,2103,2491
2021,10,202110,인천,강화군,25179,40542,1210,2552
2021,10,202110,인천,계양구,94896,272588,3749,6843
2021,10,202110,인천,남동구,220794,264102,6102,7960
2021,10,202110,인천,동구,19736,20346,936,1036
2021,10,202110,인천,미추홀구,137256,141055,4762,5003
2021,10,202110,인천,부평구,191142,215686,5523,6629
2021,10,202110,인천,서구,207602,212278,6800,8053
2021,10,202110,인천,연수구,183435,188344,3541,4402
2021,10,202110,인천,옹진군,8028,8192,530,634
2021,10,202110,인천,중구,57102,57849,1975,2804
2021,10,202110,전남,강진군,11676,11913,586,744
2021,10,202110,전남,고흥군,19156,19427,1121,1302
2021,10,202110,전남,곡성군,9638,9854,442,547
2021,10,202110,전남,광양시,67954,68653,2321,2661
2021,10,202110,전남,구례군,8753,9223,461,553
2021,10,202110,전남,나주시,48639,49798,2024,2509
2021,10,202110,전남,담양군,18724,19088,842,1136
2021,10,202110,전남,목포시,78298,80771,3048,3588
2021,10,202110,전남,무안군,36537,36875,1593,1840
2021,10,202110,전남,보성군,13233,25903,780,1150
2021,10,202110,전남,순천시,115901,117796,3429,4256
2021,10,202110,전남,신안군,12100,88651,651,2569
2021,10,202110,전남,여수시,107158,109634,3652,4493
2021,10,202110,전남,영광군,19173,19385,841,972
2021,10,202110,전남,영암군,21814,23487,1250,1460
2021,10,202110,전남,완도군,15311,15640,757,921
2021,10,202110,전남,장성군,18017,18337,818,933
2021,10,202110,전남,장흥군,12529,12690,608,729
2021,10,202110,전남,진도군,10387,10540,567,662
2021,10,202110,전남,함평군,11366,41935,571,1221
2021,10,202110,전남,해남군,23099,52971,1687,2222
2021,10,202110,전남,화순군,24092,24598,1035,2189
2021,10,202110,전북,고창군,18874,19161,1362,1519
2021,10,202110,전북,군산시,109405,111763,3505,4156
2021,10,202110,전북,김제시,30776,31550,1567,1798
2021,10,202110,전북,남원시,27473,30639,1309,1646
2021,10,202110,전북,무주군,8243,8364,466,562
2021,10,202110,전북,부안군,18041,18312,908,1098
2021,10,202110,전북,순창군,9287,9406,426,503
2021,10,202110,전북,완주군,38543,38946,1681,2250
2021,10,202110,전북,익산시,108384,110457,4433,5062
2021,10,202110,전북,임실군,9053,9181,445,561
2021,10,202110,전북,장수군,7498,7598,373,433
2021,10,202110,전북,전주시,282757,288450,7570,9401
2021,10,202110,전북,정읍시,38429,40948,1722,2019
2021,10,202110,전북,진안군,8803,8941,441,582
2021,10,202110,제주,서귀포시,74260,75679,3180,3480
2021,10,202110,제주,제주시,229272,473414,7753,14868
2021,10,202110,충남,계룡시,19973,20094,659,796
2021,10,202110,충남,공주시,39839,41541,1736,2212
2021,10,202110,충남,금산군,19141,20459,1091,1412
2021,10,202110,충남,논산시,43678,44677,2260,2718
2021,10,202110,충남,당진시,75981,76732,2626,3051
2021,10,202110,충남,보령시,38544,39150,1527,1773
2021,10,202110,충남,부여군,22106,22630,1198,1597
2021,10,202110,충남,서산시,75543,76650,2744,3334
2021,10,202110,충남,서천군,18788,19016,792,946
2021,10,202110,충남,아산시,145619,148233,5147,5845
2021,10,202110,충남,예산군,30542,30968,1443,1858
2021,10,202110,충남,천안시,282118,286160,9234,10915
2021,10,202110,충남,청양군,10645,10789,517,634
2021,10,202110,충남,태안군,23122,23401,1071,1205
2021,10,202110,충남,홍성군,39706,40184,1532,1844
2021,10,202110,충북,괴산군,14374,14521,797,898
2021,10,202110,충북,단양군,10305,10484,495,611
2021,10,202110,충북,보은군,11390,11597,635,781
2021,10,202110,충북,영동군,16261,16467,757,905
2021,10,202110,충북,옥천군,19002,19439,884,1037
2021,10,202110,충북,음성군,43360,43715,2248,2523
2021,10,202110,충북,제천시,52119,52971,1926,2183
2021,10,202110,충북,증평군,15547,15714,616,668
2021,10,202110,충북,진천군,40318,40618,1598,1745
2021,10,202110,충북,청주시,368149,377659,10811,13620
2021,10,202110,충북,충주시,87957,93168,3183,3747
2021,11,202111,강원,강릉시,89012,91478,2895,3544
2021,11,202111,강원,고성군,10676,10807,503,583
2021,11,202111,강원,동해시,37759,38535,1393,1631
2021,11,202111,강원,삼척시,24774,25317,912,1128
2021,11,202111,강원,속초시,32094,33104,1236,1461
2021,11,202111,강원,양구군,8449,8551,346,425
2021,11,202111,강원,양양군,11635,11845,442,505
2021,11,202111,강원,영월군,14407,14661,729,868
2021,11,202111,강원,원주시,147724,150601,4862,5551
2021,11,202111,강원,인제군,13510,13691,542,655
2021,11,202111,강원,정선군,13886,14202,640,792
2021,11,202111,강원,철원군,16542,16734,812,907
2021,11,202111,강원,춘천시,113663,116488,3462,4368
2021,11,202111,강원,태백시,15797,16270,686,901
2021,11,202111,강원,평창군,16533,16890,811,953
2021,11,202111,강원,홍천군,26516,26858,1378,1781
2021,11,202111,강원,화천군,9529,9652,348,461
2021,11,202111,강원,횡성군,18058,18515,920,1041
2021,11,202111,경기,가평군,23644,23968,1254,1504
2021,11,202111,경기,고양시,374536,381108,10066,12086
2021,11,202111,경기,과천시,23975,24761,555,699
2021,11,202111,경기,광명시,86959,88774,2842,3395
2021,11,202111,경기,광주시,160000,161059,5522,8365
2021,11,202111,경기,구리시,59680,60881,1854,2220
2021,11,202111,경기,군포시,86436,87360,2520,2750
2021,11,202111,경기,김포시,193263,195443,5814,7475
2021,11,202111,경기,남양주시,255292,257521,8592,9848
2021,11,202111,경기,동두천시,31663,32479,1447,1555
2021,11,202111,경기,부천시,250999,256325,9119,10455
2021,11,202111,경기,성남시,302616,309636,7862,9846
2021,11,202111,경기,수원시,459154,467757,13610,16346
2021,11,202111,경기,시흥시,209464,211416,7120,7692
2021,11,202111,경기,안산시,250116,254906,10157,12169
2021,11,202111,경기,안성시,84747,85601,3381,3956
2021,11,202111,경기,안양시,177542,181264,5153,6880
2021,11,202111,경기,양주시,89662,90386,3916,4471
2021,11,202111,경기,양평군,48179,48719,1879,2669
2021,11,202111,경기,여주시,48152,48841,2179,3000
2021,11,202111,경기,연천군,16860,17064,816,1004
2021,11,202111,경기,오산시,95064,96256,3095,3661
2021,11,202111,경기,용인시,422476,427973,10405,12803
2021,11,202111,경기,의왕시,58231,58789,1544,1766
2021,11,202111,경기,의정부시,142968,145381,5172,5843
2021,11,202111,경기,이천시,94659,95729,3666,4348
2021,11,202111,경기,파주시,188500,191354,6019,8607
2021,11,202111,경기,평택시,254621,258338,8492,10433
2021,11,202111,경기,포천시,64200,70543,3198,4053
2021,11,202111,경기,하남시,113640,114488,2893,3309
2021,11,202111,경기,화성시,393434,396613,11180,14084
2021,11,202111,경남,거제시,91378,92578,3187,3789
2021,11,202111,경남,거창군,22659,22941,910,1148
2021,11,202111,경남,고성군,18571,18852,814,950
2021,11,202111,경남,김해시,229402,231923,6975,7754
2021,11,202111,경남,남해군,13406,13660,590,765
2021,11,202111,경남,밀양시,41092,41689,1529,1814
2021,11,202111,경남,사천시,44637,45404,1610,1935
2021,11,202111,경남,산청군,12673,12878,556,674
2021,11,202111,경남,양산시,141291,142633,4585,5509
2021,11,202111,경남,의령군,9705,9834,427,527
2021,11,202111,경남,진주시,136845,139779,3732,4936
2021,11,202111,경남,창녕군,24443,24697,1119,1287
2021,11,202111,경남,창원시,483414,539368,11375,14440
2021,11,202111,경남,통영시,41738,42607,1893,2221
2021,11,202111,경남,하동군,15742,15904,591,690
2021,11,202111,경남,함안군,32278,52442,1186,1544
2021,11,202111,경남,함양군,12633,12858,534,672
2021,11,202111,경남,합천군,14897,15085,648,777
2021,11,202111,경북,경산시,114338,115488,3276,3744
2021,11,202111,경북,경주시,112995,114941,4046,4752
2021,11,202111,경북,고령군,13400,13497,689,773
2021,11,202111,경북,구미시,182905,185570,5604,6522
2021,11,202111,경북,군위군,9306,9384,421,479
2021,11,202111,경북,김천시,55631,56407,2207,2546
2021,11,202111,경북,문경시,25979,26476,1277,1455
2021,11,202111,경북,봉화군,10767,10923,466,545
2021,11,202111,경북,상주시,34710,35268,1731,2076
2021,11,202111,경북,성주군,19040,19265,843,924
2021,11,202111,경북,안동시,61435,62636,2297,2805
2021,11,202111,경북,영덕군,12365,12563,647,751
2021,11,202111,경북,영양군,5805,5892,297,357
2021,11,202111,경북,영주시,39415,40048,1717,1949
2021,11,202111,경북,영천시,42581,43168,1833,2154
2021,11,202111,경북,예천군,21481,21764,769,904
2021,11,202111,경북,울릉군,3674,4108,240,450
2021,11,202111,경북,울진군,19157,19419,674,818
2021,11,202111,경북,의성군,18325,18487,913,1078
2021,11,202111,경북,청도군,16748,16977,675,762
2021,11,202111,경북,청송군,9510,9609,440,545
2021,11,202111,경북,칠곡군,54425,54846,1958,2435
2021,11,202111,경북,포항시,221863,225539,6513,7789
2021,11,202111,광주,광산구,166053,170000,4769,5299
2021,11,202111,광주,남구,80921,82092,2155,2665
2021,11,202111,광주,동구,38241,39025,1087,1301
2021,11,202111,광주,북구,163000,167476,4418,5576
2021,11,202111,광주,서구,121897,126584,3506,4043
2021,11,202111,대구,남구,47499,48527,1493,1768
2021,11,202111,대구,달서구,235975,243805,5307,6182
2021,11,202111,대구,달성군,113795,115629,3150,3778
2021,11,202111,대구,동구,132080,138166,3630,4474
2021,11,202111,대구,북구,169502,172175,4254,4943
2021,11,202111,대구,서구,54822,57318,1858,2120
2021,11,202111,대구,수성구,188073,190959,3397,4241
2021,11,202111,대구,중구,53219,54843,1004,1428
2021,11,202111,대전,대덕구,69543,71571,2521,3127
2021,11,202111,대전,동구,75188,77885,2738,3170
2021,11,202111,대전,서구,182908,188509,4799,5391
2021,11,202111,대전,유성구,160406,162743,3519,3930
2021,11,202111,대전,중구,80681,83362,2857,3502
2021,11,202111,부산,강서구,64257,65553,1852,2098
2021,11,202111,부산,금정구,68005,70894,2397,3216
2021,11,202111,부산,기장군,67831,68800,2301,2874
2021,11,202111,부산,남구,79568,82457,2385,2898
2021,11,202111,부산,동구,47080,48550,950,1176
2021,11,202111,부산,동래구,80158,81811,2207,2632
2021,11,202111,부산,부산진구,105282,123521,3139,3696
2021,11,202111,부산,북구,87192,88816,2488,2868
2021,11,202111,부산,사상구,65826,68729,2411,2789
2021,11,202111,부산,사하구,90944,94851,3031,3423
2021,11,202111,부산,서구,24527,24962,1007,1063
2021,11,202111,부산,수영구,59182,95808,1594,2454
2021,11,202111,부산,연제구,81873,90606,1833,2862
2021,11,202111,부산,영도구,26010,27377,1104,1451
2021,11,202111,부산,중구,27655,27935,512,628
2021,11,202111,부산,해운대구,149204,162136,3591,3944
2021,11,202111,서울,강남구,200280,219006,4413,5084
2021,11,202111,서울,강동구,127104,132404,3722,4445
2021,11,202111,서울,강북구,60921,63167,2559,3343
2021,11,202111,서울,강서구,163906,176435,5008,6427
2021,11,202111,서울,관악구,99276,102402,3646,4012
2021,11,202111,서울,광진구,79869,83021,2515,2948
2021,11,202111,서울,구로구,112990,123003,4745,5445
2021,11,202111,서울,금천구,69633,73110,3151,3654
2021,11,202111,서울,노원구,128533,134250,3939,4848
2021,11,202111,서울,도봉구,76733,81364,2813,3441
2021,11,202111,서울,동대문구,80098,82726,3046,3230
2021,11,202111,서울,동작구,93445,94743,2649,2842
2021,11,202111,서울,마포구,100908,105460,2946,3599
2021,11,202111,서울,서대문구,74673,78139,2349,2873
2021,11,202111,서울,서초구,151731,156906,3410,4279
2021,11,202111,서울,성동구,82510,92098,2245,3164
2021,11,202111,서울,성북구,103399,105725,3321,4498
2021,11,202111,서울,송파구,202495,209122,4679,6406
2021,11,202111,서울,양천구,127029,131677,3578,4404
2021,11,202111,서울,영등포구,117004,120849,4317,4544
2021,11,202111,서울,용산구,69803,70940,2080,2195
2021,11,202111,서울,은평구,111694,115775,3671,4462
2021,11,202111,서울,종로구,39025,41465,1652,3553
2021,11,202111,서울,중구,48037,51405,1962,2992
2021,11,202111,서울,중랑구,88967,94787,3608,4197
2021,11,202111,세종,세종시,160860,162028,3643,4323
2021,11,202111,울산,남구,134427,137930,2962,3669
2021,11,202111,울산,동구,55931,56640,1393,1573
2021,11,202111,울산,북구,103317,104793,2340,2659
2021,11,202111,울산,울주군,102401,103982,2838,3627
2021,11,202111,울산,중구,87888,89174,2098,2489
2021,11,202111,인천,강화군,25310,39897,1203,2485
2021,11,202111,인천,계양구,95385,273170,3749,6820
2021,11,202111,인천,남동구,211996,254999,6049,7881
2021,11,202111,인천,동구,19685,20296,927,1025
2021,11,202111,인천,미추홀구,137730,141504,4741,4956
2021,11,202111,인천,부평구,191571,216856,5459,6578
2021,11,202111,인천,서구,217286,221999,6809,8067
2021,11,202111,인천,연수구,183763,188712,3526,4409
2021,11,202111,인천,옹진군,8075,8241,528,632
2021,11,202111,인천,중구,57348,58110,1968,2799
2021,11,202111,전남,강진군,11670,11912,578,738
2021,11,202111,전남,고흥군,19203,19477,1117,1300
2021,11,202111,전남,곡성군,9650,9869,439,542
2021,11,202111,전남,광양시,68368,69074,2335,2677
2021,11,202111,전남,구례군,8800,9284,461,555
2021,11,202111,전남,나주시,48804,49976,2015,2496
2021,11,202111,전남,담양군,18771,19129,840,1134
2021,11,202111,전남,목포시,78275,80745,3018,3567
2021,11,202111,전남,무안군,36887,37230,1604,1854
2021,11,202111,전남,보성군,13203,25004,779,1122
2021,11,202111,전남,순천시,115965,117871,3410,4243
2021,11,202111,전남,신안군,12152,90560,646,2593
2021,11,202111,전남,여수시,107298,109796,3632,4475
2021,11,202111,전남,영광군,19237,19447,844,977
2021,11,202111,전남,영암군,21855,23431,1246,1457
2021,11,202111,전남,완도군,15380,15706,751,919
2021,11,202111,전남,장성군,18038,18390,806,921
2021,11,202111,전남,장흥군,12544,12707,610,730
2021,11,202111,전남,진도군,10418,10575,565,660
2021,11,202111,전남,함평군,11379,41593,571,1210
2021,11,202111,전남,해남군,23154,54083,1679,2351
2021,11,202111,전남,화순군,24155,24670,1025,2155
2021,11,202111,전북,고창군,18897,19185,1368,1526
2021,11,202111,전북,군산시,109723,112071,3516,4165
2021,11,202111,전북,김제시,30826,31598,1572,1802
2021,11,202111,전북,남원시,27545,30624,1300,1636
2021,11,202111,전북,무주군,8268,8390,460,556
2021,11,202111,전북,부안군,18086,18359,911,1103
2021,11,202111,전북,순창군,9279,9399,427,505
2021,11,202111,전북,완주군,38629,39022,1674,2247
2021,11,202111,전북,익산시,108623,110695,4412,5039
2021,11,202111,전북,임실군,9080,9206,441,556
2021,11,202111,전북,장수군,7519,7619,373,433
2021,11,202111,전북,전주시,283091,288787,7548,9373
2021,11,202111,전북,정읍시,38501,41063,1717,2015
2021,11,202111,전북,진안군,8859,8997,443,584
2021,11,202111,제주,서귀포시,74561,75979,3189,3487
2021,11,202111,제주,제주시,230357,476572,7760,14867
2021,11,202111,충남,계룡시,19983,20104,651,791
2021,11,202111,충남,공주시,39891,41664,1740,2228
2021,11,202111,충남,금산군,19149,20485,1080,1405
2021,11,202111,충남,논산시,43798,44803,2267,2724
2021,11,202111,충남,당진시,76239,77000,2618,3039
2021,11,202111,충남,보령시,38608,39208,1535,1784
2021,11,202111,충남,부여군,22113,22628,1206,1611
2021,11,202111,충남,서산시,75789,76857,2742,3327
2021,11,202111,충남,서천군,18790,19019,785,940
2021,11,202111,충남,아산시,146371,148982,5143,5840
2021,11,202111,충남,예산군,30539,30964,1438,1854
2021,11,202111,충남,천안시,282827,286865,9193,10883
2021,11,202111,충남,청양군,10648,10791,512,629
2021,11,202111,충남,태안군,23121,23400,1072,1207
2021,11,202111,충남,홍성군,39729,40207,1523,1835
2021,11,202111,충북,괴산군,14377,14524,799,900
2021,11,202111,충북,단양군,10340,10519,491,610
2021,11,202111,충북,보은군,11402,11609,627,771
2021,11,202111,충북,영동군,16350,16558,750,899
2021,11,202111,충북,옥천군,19066,19503,885,1036
2021,11,202111,충북,음성군,43582,43932,2266,2540
2021,11,202111,충북,제천시,52241,53091,1912,2166
2021,11,202111,충북,증평군,15557,15723,612,666
2021,11,202111,충북,진천군,40468,40769,1596,1744
2021,11,202111,충북,청주시,368770,378260,10739,13551
2021,11,202111,충북,충주시,88187,93318,3169,3733
2021,12,202112,강원,강릉시,89086,91547,2882,3536
2021,12,202112,강원,고성군,10736,10870,500,581
2021,12,202112,강원,동해시,37774,38548,1383,1626
2021,12,202112,강원,삼척시,24839,25382,912,1128
2021,12,202112,강원,속초시,32215,33226,1229,1453
2021,12,202112,강원,양구군,8406,8508,342,420
2021,12,202112,강원,양양군,11623,11829,437,499
2021,12,202112,강원,영월군,14429,14683,722,858
2021,12,202112,강원,원주시,148190,151064,4867,5555
2021,12,202112,강원,인제군,13534,13716,543,659
2021,12,202112,강원,정선군,13909,14224,637,795
2021,12,202112,강원,철원군,16568,16761,800,897
2021,12,202112,강원,춘천시,114027,116836,3437,4347
2021,12,202112,강원,태백시,15780,16247,680,896
2021,12,202112,강원,평창군,16565,16916,805,949
2021,12,202112,강원,홍천군,26502,26849,1365,1765
2021,12,202112,강원,화천군,9552,9678,351,464
2021,12,202112,강원,횡성군,18058,18514,917,1041
2021,12,202112,경기,가평군,23687,24008,1253,1504
2021,12,202112,경기,고양시,374779,381304,10026,12045
2021,12,202112,경기,과천시,24703,25491,568,712
2021,12,202112,경기,광명시,86988,88791,2813,3369
2021,12,202112,경기,광주시,160451,161491,5505,8311
2021,12,202112,경기,구리시,59652,60851,1848,2215
2021,12,202112,경기,군포시,86368,87294,2500,2738
2021,12,202112,경기,김포시,193899,196069,5824,7478
2021,12,202112,경기,남양주시,256477,258701,8590,9852
2021,12,202112,경기,동두천시,31704,32519,1430,1538
2021,12,202112,경기,부천시,251698,257002,9064,10397
2021,12,202112,경기,성남시,303013,310078,7834,9809
2021,12,202112,경기,수원시,461430,470049,13612,16320
2021,12,202112,경기,시흥시,210017,211970,7056,7631
2021,12,202112,경기,안산시,250699,255518,10134,12147
2021,12,202112,경기,안성시,86125,86985,3383,3938
2021,12,202112,경기,안양시,177872,181596,5142,6866
2021,12,202112,경기,양주시,89841,90630,3901,4454
2021,12,202112,경기,양평군,48251,48787,1863,2653
2021,12,202112,경기,여주시,48213,48894,2181,3047
2021,12,202112,경기,연천군,16878,17076,821,1009
2021,12,202112,경기,오산시,95171,96374,3078,3648
2021,12,202112,경기,용인시,423090,428580,10397,12811
2021,12,202112,경기,의왕시,58268,58829,1541,1766
2021,12,202112,경기,의정부시,143091,145436,5142,5817
2021,12,202112,경기,이천시,94806,95880,3636,4319
2021,12,202112,경기,파주시,189304,192117,6018,8621
2021,12,202112,경기,평택시,256230,259968,8486,10466
2021,12,202112,경기,포천시,64310,70492,3189,4044
2021,12,202112,경기,하남시,114322,115178,2886,3302
2021,12,202112,경기,화성시,395157,398339,11173,14083
2021,12,202112,경남,거제시,91436,92603,3176,3780
2021,12,202112,경남,거창군,22736,23019,910,1148
2021,12,202112,경남,고성군,18568,18849,807,944
2021,12,202112,경남,김해시,229560,232101,6948,7732
2021,12,202112,경남,남해군,13417,13671,586,760
2021,12,202112,경남,밀양시,41188,41794,1524,1809
2021,12,202112,경남,사천시,44675,45445,1601,1928
2021,12,202112,경남,산청군,12708,12912,546,667
2021,12,202112,경남,양산시,141869,143204,4581,5514
2021,12,202112,경남,의령군,9762,9893,421,528
2021,12,202112,경남,진주시,137022,139953,3711,4918
2021,12,202112,경남,창녕군,24501,24754,1107,1276
2021,12,202112,경남,창원시,484866,541282,11337,14398
2021,12,202112,경남,통영시,41760,42631,1892,2219
2021,12,202112,경남,하동군,15776,15938,587,687
2021,12,202112,경남,함안군,32276,52392,1172,1526
2021,12,202112,경남,함양군,12635,12860,528,667
2021,12,202112,경남,합천군,14920,15104,646,778
2021,12,202112,경북,경산시,114380,115521,3275,3745
2021,12,202112,경북,경주시,112994,114940,4033,4737
2021,12,202112,경북,고령군,13425,13523,694,779
2021,12,202112,경북,구미시,182933,185624,5589,6503
2021,12,202112,경북,군위군,9342,9421,423,479
2021,12,202112,경북,김천시,55841,56619,2199,2539
2021,12,202112,경북,문경시,25993,26494,1272,1451
2021,12,202112,경북,봉화군,10776,10932,466,546
2021,12,202112,경북,상주시,34736,35296,1723,2070
2021,12,202112,경북,성주군,19136,19355,840,923
2021,12,202112,경북,안동시,61421,62626,2284,2795
2021,12,202112,경북,영덕군,12323,12524,645,752
2021,12,202112,경북,영양군,5831,5919,297,357
2021,12,202112,경북,영주시,39502,40140,1716,1952
2021,12,202112,경북,영천시,42697,43283,1812,2131
2021,12,202112,경북,예천군,21545,21828,769,904
2021,12,202112,경북,울릉군,3678,4113,241,450
2021,12,202112,경북,울진군,19163,19427,679,823
2021,12,202112,경북,의성군,18330,18493,916,1081
2021,12,202112,경북,청도군,16813,17038,672,762
2021,12,202112,경북,청송군,9531,9632,443,548
2021,12,202112,경북,칠곡군,54399,54819,1961,2438
2021,12,202112,경북,포항시,222392,226059,6509,7782
2021,12,202112,광주,광산구,166389,170365,4756,5292
2021,12,202112,광주,남구,81098,82284,2155,2663
2021,12,202112,광주,동구,38299,39086,1081,1295
2021,12,202112,광주,북구,163023,167489,4405,5568
2021,12,202112,광주,서구,122374,127072,3495,4026
2021,12,202112,대구,남구,47416,48432,1475,1770
2021,12,202112,대구,달서구,236249,244193,5289,6148
2021,12,202112,대구,달성군,113702,115538,3161,3773
2021,12,202112,대구,동구,132594,138666,3616,4442
2021,12,202112,대구,북구,170216,172860,4247,4939
2021,12,202112,대구,서구,54777,57268,1845,2106
2021,12,202112,대구,수성구,187902,190773,3369,4217
2021,12,202112,대구,중구,52958,54551,998,1433
2021,12,202112,대전,대덕구,70054,72102,2526,3136
2021,12,202112,대전,동구,75033,77733,2717,3150
2021,12,202112,대전,서구,182858,188463,4806,5398
2021,12,202112,대전,유성구,160906,163270,3542,3957
2021,12,202112,대전,중구,80423,83105,2846,3490
2021,12,202112,부산,강서구,64401,65696,1844,2090
2021,12,202112,부산,금정구,67892,70775,2373,3187
2021,12,202112,부산,기장군,67908,68859,2285,2883
2021,12,202112,부산,남구,79395,82271,2377,2890
2021,12,202112,부산,동구,48054,49532,952,1177
2021,12,202112,부산,동래구,80437,82093,2199,2627
2021,12,202112,부산,부산진구,105358,123540,3123,3680
2021,12,202112,부산,북구,87174,88858,2489,2870
2021,12,202112,부산,사상구,65892,68761,2385,2766
2021,12,202112,부산,사하구,90967,94858,3016,3407
2021,12,202112,부산,서구,24515,24954,1011,1067
2021,12,202112,부산,수영구,59086,96898,1582,2442
2021,12,202112,부산,연제구,82891,91828,1835,2890
2021,12,202112,부산,영도구,26009,27380,1090,1437
2021,12,202112,부산,중구,27808,28084,509,613
2021,12,202112,부산,해운대구,149133,162596,3571,3928
2021,12,202112,서울,강남구,200358,218661,4348,5013
2021,12,202112,서울,강동구,126873,132189,3721,4441
2021,12,202112,서울,강북구,60845,63086,2556,3338
2021,12,202112,서울,강서구,164486,177096,5003,6409
2021,12,202112,서울,관악구,99015,102151,3619,3979
2021,12,202112,서울,광진구,79766,82952,2507,2942
2021,12,202112,서울,구로구,112959,123092,4738,5431
2021,12,202112,서울,금천구,69563,73167,3143,3647
2021,12,202112,서울,노원구,128613,134415,3919,4833
2021,12,202112,서울,도봉구,76683,81288,2788,3415
2021,12,202112,서울,동대문구,80187,82777,3032,3216
2021,12,202112,서울,동작구,93439,94732,2621,2815
2021,12,202112,서울,마포구,100945,105464,2928,3579
2021,12,202112,서울,서대문구,74574,77942,2331,2850
2021,12,202112,서울,서초구,151378,156537,3374,4223
2021,12,202112,서울,성동구,82640,93171,2224,3147
2021,12,202112,서울,성북구,103283,105568,3306,4476
2021,12,202112,서울,송파구,202318,208974,4670,6397
2021,12,202112,서울,양천구,127140,131797,3555,4381
2021,12,202112,서울,영등포구,117096,120935,4303,4531
2021,12,202112,서울,용산구,69749,70885,2080,2195
2021,12,202112,서울,은평구,111829,115926,3631,4422
2021,12,202112,서울,종로구,38996,41475,1654,3576
2021,12,202112,서울,중구,47592,50888,1942,2969
2021,12,202112,서울,중랑구,89013,94876,3591,4178
2021,12,202112,세종,세종시,162159,163350,3643,4332
2021,12,202112,울산,남구,134325,137819,2963,3671
2021,12,202112,울산,동구,55940,56655,1384,1564
2021,12,202112,울산,북구,103874,105368,2327,2638
2021,12,202112,울산,울주군,102588,104159,2822,3611
2021,12,202112,울산,중구,87826,89116,2088,2499
2021,12,202112,인천,강화군,25566,39787,1203,2449
2021,12,202112,인천,계양구,95526,271106,3725,6651
2021,12,202112,인천,남동구,214042,256853,6044,7837
2021,12,202112,인천,동구,19588,20200,924,1025
2021,12,202112,인천,미추홀구,138214,141954,4705,4921
2021,12,202112,인천,부평구,192359,218647,5423,6642
2021,12,202112,인천,서구,218795,223508,6805,8066
2021,12,202112,인천,연수구,184022,188613,3499,4271
2021,12,202112,인천,옹진군,8012,8174,521,628
2021,12,202112,인천,중구,57620,58439,1971,2802
2021,12,202112,전남,강진군,11652,11894,575,738
2021,12,202112,전남,고흥군,19236,19509,1124,1310
2021,12,202112,전남,곡성군,9710,9924,440,543
2021,12,202112,전남,광양시,68548,69248,2324,2675
2021,12,202112,전남,구례군,8836,9325,463,558
2021,12,202112,전남,나주시,48843,49921,2001,2485
2021,12,202112,전남,담양군,18788,19148,842,1136
2021,12,202112,전남,목포시,78369,80833,2999,3546
2021,12,202112,전남,무안군,36972,37314,1576,1831
2021,12,202112,전남,보성군,13201,24026,774,1104
2021,12,202112,전남,순천시,115928,117839,3385,4219
2021,12,202112,전남,신안군,12169,93456,644,2574
2021,12,202112,전남,여수시,107551,110069,3623,4465
2021,12,202112,전남,영광군,19304,19516,837,969
2021,12,202112,전남,영암군,21904,23393,1253,1471
2021,12,202112,전남,완도군,15389,15711,745,913
2021,12,202112,전남,장성군,18026,18398,803,926
2021,12,202112,전남,장흥군,12576,12741,617,736
2021,12,202112,전남,진도군,10441,10598,564,661
2021,12,202112,전남,함평군,11408,41457,563,1197
2021,12,202112,전남,해남군,23180,59313,1664,2442
2021,12,202112,전남,화순군,24220,24719,1020,2114
2021,12,202112,전북,고창군,18923,19215,1359,1513
2021,12,202112,전북,군산시,109841,112189,3508,4169
2021,12,202112,전북,김제시,30869,31629,1569,1801
2021,12,202112,전북,남원시,27565,30609,1287,1620
2021,12,202112,전북,무주군,8254,8378,462,556
2021,12,202112,전북,부안군,18061,18336,906,1097
2021,12,202112,전북,순창군,9277,9397,423,504
2021,12,202112,전북,완주군,38652,39041,1661,2247
2021,12,202112,전북,익산시,108596,110650,4402,5036
2021,12,202112,전북,임실군,9114,9243,451,568
2021,12,202112,전북,장수군,7544,7649,368,434
2021,12,202112,전북,전주시,283128,288821,7513,9337
2021,12,202112,전북,정읍시,38501,41150,1723,2026
2021,12,202112,전북,진안군,8912,9054,446,589
2021,12,202112,제주,서귀포시,74701,76119,3197,3497
2021,12,202112,제주,제주시,231283,479258,7751,14797
2021,12,202112,충남,계룡시,20158,20279,654,792
2021,12,202112,충남,공주시,39935,41754,1735,2225
2021,12,202112,충남,금산군,19180,20512,1080,1405
2021,12,202112,충남,논산시,43814,44826,2245,2707
2021,12,202112,충남,당진시,76330,77094,2613,3031
2021,12,202112,충남,보령시,38615,39219,1526,1780
2021,12,202112,충남,부여군,22139,22644,1202,1608
2021,12,202112,충남,서산시,75972,77044,2744,3334
2021,12,202112,충남,서천군,18823,19049,782,937
2021,12,202112,충남,아산시,146487,149471,5123,5833
2021,12,202112,충남,예산군,30640,31068,1441,1862
2021,12,202112,충남,천안시,283340,287356,9185,10874
2021,12,202112,충남,청양군,10668,10810,506,624
2021,12,202112,충남,태안군,23172,23446,1059,1193
2021,12,202112,충남,홍성군,39777,40255,1519,1831
2021,12,202112,충북,괴산군,14963,15115,819,921
2021,12,202112,충북,단양군,10346,10529,488,609
2021,12,202112,충북,보은군,11448,11652,634,778
2021,12,202112,충북,영동군,16396,16608,755,904
2021,12,202112,충북,옥천군,19075,19505,877,1028
2021,12,202112,충북,음성군,43680,44031,2273,2546
2021,12,202112,충북,제천시,52259,53111,1904,2155
2021,12,202112,충북,증평군,15633,15798,620,674
2021,12,202112,충북,진천군,40581,40887,1599,1743
2021,12,202112,충북,청주시,368828,378243,10655,13484
2021,12,202112,충북,충주시,88401,93501,3152,3714
2022,1,202201,강원,강릉시,89332,91841,2874,3528
2022,1,202201,강원,고성군,10790,10923,505,586
2022,1,202201,강원,동해시,37807,38579,1378,1616
2022,1,202201,강원,삼척시,24983,25525,913,1128
2022,1,202201,강원,속초시,32251,33257,1223,1452
2022,1,202201,강원,양구군,8408,8511,341,418
2022,1,202201,강원,양양군,11652,11871,443,504
2022,1,202201,강원,영월군,14469,14724,722,858
2022,1,202201,강원,원주시,148800,151685,4862,5547
2022,1,202201,강원,인제군,13605,13787,545,652
2022,1,202201,강원,정선군,13927,14238,633,788
2022,1,202201,강원,철원군,16555,16746,795,892
2022,1,202201,강원,춘천시,114461,117287,3432,4346
2022,1,202201,강원,태백시,15776,16239,685,902
2022,1,202201,강원,평창군,16679,17038,807,961
2022,1,202201,강원,홍천군,26547,26896,1363,1761
2022,1,202201,강원,화천군,9543,9669,350,463
2022,1,202201,강원,횡성군,18103,18542,910,1031
2022,1,202201,경기,가평군,23740,24059,1250,1492
2022,1,202201,경기,고양시,375368,381927,9969,11990
2022,1,202201,경기,과천시,25706,26491,579,721
2022,1,202201,경기,광명시,86976,88806,2801,3354
2022,1,202201,경기,광주시,160819,161862,5479,8205
2022,1,202201,경기,구리시,59604,60792,1840,2206
2022,1,202201,경기,군포시,86346,87305,2490,2727
2022,1,202201,경기,김포시,194258,196448,5833,7484
2022,1,202201,경기,남양주시,257267,259568,8549,9853
2022,1,202201,경기,동두천시,31748,32566,1428,1537
2022,1,202201,경기,부천시,251890,257252,9027,10357
2022,1,202201,경기,성남시,303674,310856,7794,9767
2022,1,202201,경기,수원시,462822,471706,13592,16327
2022,1,202201,경기,시흥시,210533,212502,7034,7607
2022,1,202201,경기,안산시,251417,256280,10169,12189
2022,1,202201,경기,안성시,86262,87126,3396,3948
2022,1,202201,경기,안양시,178835,182592,5134,6845
2022,1,202201,경기,양주시,90053,90831,3895,4447
2022,1,202201,경기,양평군,48355,48893,1864,2650
2022,1,202201,경기,여주시,48419,49094,2181,3038
2022,1,202201,경기,연천군,16967,17164,818,1016
2022,1,202201,경기,오산시,95489,96703,3094,3664
2022,1,202201,경기,용인시,423919,429429,10387,12804
2022,1,202201,경기,의왕시,58288,58852,1527,1751
2022,1,202201,경기,의정부시,143647,146034,5116,5796
2022,1,202201,경기,이천시,95124,96211,3651,4344
2022,1,202201,경기,파주시,190383,193161,6026,8647
2022,1,202201,경기,평택시,257614,261373,8458,10437
2022,1,202201,경기,포천시,64498,70567,3181,4023
2022,1,202201,경기,하남시,114836,115690,2906,3322
2022,1,202201,경기,화성시,396428,399677,11171,14071
2022,1,202201,경남,거제시,91511,92661,3176,3783
2022,1,202201,경남,거창군,22763,23047,907,1145
2022,1,202201,경남,고성군,18621,18903,799,932
2022,1,202201,경남,김해시,230072,232606,6953,7732
2022,1,202201,경남,남해군,13443,13696,592,765
2022,1,202201,경남,밀양시,41267,41873,1516,1799
2022,1,202201,경남,사천시,44674,45448,1606,1934
2022,1,202201,경남,산청군,12730,12932,537,656
2022,1,202201,경남,양산시,142232,143563,4585,5525
2022,1,202201,경남,의령군,9816,9946,428,535
2022,1,202201,경남,진주시,137301,140227,3701,4901
2022,1,202201,경남,창녕군,24532,24786,1101,1272
2022,1,202201,경남,창원시,486165,542922,11318,14375
2022,1,202201,경남,통영시,41807,42670,1878,2204
2022,1,202201,경남,하동군,15776,15938,595,696
2022,1,202201,경남,함안군,32229,53174,1172,1551
2022,1,202201,경남,함양군,12664,12892,528,667
2022,1,202201,경남,합천군,14946,15130,641,773
2022,1,202201,경북,경산시,114698,115811,3285,3758
2022,1,202201,경북,경주시,113171,115097,4022,4728
2022,1,202201,경북,고령군,13473,13571,694,781
2022,1,202201,경북,구미시,183275,185951,5572,6486
2022,1,202201,경북,군위군,9444,9522,416,472
2022,1,202201,경북,김천시,56059,56834,2192,2532
2022,1,202201,경북,문경시,26052,26568,1276,1456
2022,1,202201,경북,봉화군,10795,10948,465,548
2022,1,202201,경북,상주시,34863,35418,1714,2062
2022,1,202201,경북,성주군,19224,19441,844,927
2022,1,202201,경북,안동시,61481,62709,2282,2800
2022,1,202201,경북,영덕군,12351,12549,647,754
2022,1,202201,경북,영양군,5835,5922,290,350
2022,1,202201,경북,영주시,39621,40253,1719,1954
2022,1,202201,경북,영천시,42763,43340,1803,2130
2022,1,202201,경북,예천군,21609,21893,760,895
2022,1,202201,경북,울릉군,3678,4113,241,450
2022,1,202201,경북,울진군,19182,19442,673,816
2022,1,202201,경북,의성군,18379,18541,920,1085
2022,1,202201,경북,청도군,16860,17085,675,766
2022,1,202201,경북,청송군,9546,9645,446,550
2022,1,202201,경북,칠곡군,54497,54918,1960,2438
2022,1,202201,경북,포항시,222898,226535,6504,7779
2022,1,202201,광주,광산구,166887,170938,4750,5305
2022,1,202201,광주,남구,81353,82516,2148,2660
2022,1,202201,광주,동구,38318,38855,1080,1294
2022,1,202201,광주,북구,163417,168112,4400,5567
2022,1,202201,광주,서구,122717,127368,3504,4015
2022,1,202201,대구,남구,47378,48398,1473,1775
2022,1,202201,대구,달서구,236654,244743,5287,6139
2022,1,202201,대구,달성군,113813,115632,3152,3769
2022,1,202201,대구,동구,132960,139050,3614,4443
2022,1,202201,대구,북구,170573,173195,4232,4919
2022,1,202201,대구,서구,54790,57289,1827,2088
2022,1,202201,대구,수성구,188489,191233,3356,4207
2022,1,202201,대구,중구,52719,54403,999,1406
2022,1,202201,대전,대덕구,70519,72570,2523,3132
2022,1,202201,대전,동구,74935,77663,2699,3127
2022,1,202201,대전,서구,183160,188791,4812,5407
2022,1,202201,대전,유성구,161347,163699,3518,3930
2022,1,202201,대전,중구,80283,82969,2819,3463
2022,1,202201,부산,강서구,64584,65875,1854,2101
2022,1,202201,부산,금정구,67637,70482,2363,3182
2022,1,202201,부산,기장군,68005,68900,2277,2879
2022,1,202201,부산,남구,79296,82305,2364,2877
2022,1,202201,부산,동구,48327,49806,948,1172
2022,1,202201,부산,동래구,81871,83526,2210,2637
2022,1,202201,부산,부산진구,105297,123474,3101,3667
2022,1,202201,부산,북구,87154,88797,2486,2866
2022,1,202201,부산,사상구,65858,68706,2367,2748
2022,1,202201,부산,사하구,91130,95007,3012,3402
2022,1,202201,부산,서구,24492,24932,1012,1068
2022,1,202201,부산,수영구,58966,97675,1584,2441
2022,1,202201,부산,연제구,83325,92475,1834,2887
2022,1,202201,부산,영도구,26014,27439,1087,1434
2022,1,202201,부산,중구,27937,28216,507,610
2022,1,202201,부산,해운대구,149155,162969,3548,3900
2022,1,202201,서울,강남구,200545,219036,4338,5001
2022,1,202201,서울,강동구,126883,132168,3701,4417
2022,1,202201,서울,강북구,60967,63205,2551,3333
2022,1,202201,서울,강서구,164621,177179,4939,6384
2022,1,202201,서울,관악구,99161,102296,3597,3957
2022,1,202201,서울,광진구,79867,83453,2509,2939
2022,1,202201,서울,구로구,113058,123091,4701,5389
2022,1,202201,서울,금천구,69694,73290,3121,3631
2022,1,202201,서울,노원구,128881,134640,3903,4812
2022,1,202201,서울,도봉구,76735,81321,2774,3401
2022,1,202201,서울,동대문구,80263,82860,3032,3221
2022,1,202201,서울,동작구,93630,94919,2624,2817
2022,1,202201,서울,마포구,101002,105503,2909,3556
2022,1,202201,서울,서대문구,74846,78207,2310,2827
2022,1,202201,서울,서초구,151225,156347,3362,4207
2022,1,202201,서울,성동구,82519,92261,2210,3041
2022,1,202201,서울,성북구,103410,105696,3285,4455
2022,1,202201,서울,송파구,202779,209519,4631,6350
2022,1,202201,서울,양천구,127182,131823,3542,4364
2022,1,202201,서울,영등포구,117251,121079,4284,4512
2022,1,202201,서울,용산구,69698,70828,2061,2176
2022,1,202201,서울,은평구,111919,116018,3604,4394
2022,1,202201,서울,종로구,39041,41451,1643,3576
2022,1,202201,서울,중구,47268,50506,1921,2928
2022,1,202201,서울,중랑구,89329,95151,3588,4171
2022,1,202201,세종,세종시,163627,164821,3656,4341
2022,1,202201,울산,남구,134384,137883,2967,3685
2022,1,202201,울산,동구,56016,56740,1376,1556
2022,1,202201,울산,북구,104372,105867,2310,2619
2022,1,202201,울산,울주군,102836,104389,2810,3593
2022,1,202201,울산,중구,87867,89157,2079,2489
2022,1,202201,인천,강화군,25687,39037,1200,2364
2022,1,202201,인천,계양구,95609,270585,3710,6603
2022,1,202201,인천,남동구,214664,257139,6035,7809
2022,1,202201,인천,동구,19533,20140,920,1020
2022,1,202201,인천,미추홀구,138424,142149,4671,4886
2022,1,202201,인천,부평구,193049,221779,5363,6583
2022,1,202201,인천,서구,220189,224915,6822,8082
2022,1,202201,인천,연수구,184415,189072,3482,4255
2022,1,202201,인천,옹진군,8070,8231,517,622
2022,1,202201,인천,중구,57942,58765,1958,2785
2022,1,202201,전남,강진군,11681,11922,574,736
2022,1,202201,전남,고흥군,19240,19514,1119,1305
2022,1,202201,전남,곡성군,9731,9946,440,543
2022,1,202201,전남,광양시,69228,69932,2315,2663
2022,1,202201,전남,구례군,8852,9342,455,552
2022,1,202201,전남,나주시,48946,49991,2003,2487
2022,1,202201,전남,담양군,18859,19224,844,1138
2022,1,202201,전남,목포시,78619,81074,2992,3538
2022,1,202201,전남,무안군,37004,37344,1572,1828
2022,1,202201,전남,보성군,13247,23302,772,1078
2022,1,202201,전남,순천시,115834,117746,3367,4175
2022,1,202201,전남,신안군,12168,94830,641,2511
2022,1,202201,전남,여수시,107909,110437,3618,4456
2022,1,202201,전남,영광군,19382,19594,833,965
2022,1,202201,전남,영암군,22030,23459,1245,1462
2022,1,202201,전남,완도군,15394,15723,744,911
2022,1,202201,전남,장성군,18096,18465,800,924
2022,1,202201,전남,장흥군,12634,12799,617,736
2022,1,202201,전남,진도군,10456,10613,567,664
2022,1,202201,전남,함평군,11392,41034,557,1177
2022,1,202201,전남,해남군,23242,59612,1668,2433
2022,1,202201,전남,화순군,24286,24785,1017,2098
2022,1,202201,전북,고창군,18969,19262,1362,1517
2022,1,202201,전북,군산시,110101,112453,3487,4149
2022,1,202201,전북,김제시,30987,31747,1567,1801
2022,1,202201,전북,남원시,27616,30564,1277,1597
2022,1,202201,전북,무주군,8277,8401,463,557
2022,1,202201,전북,부안군,18107,18380,908,1098
2022,1,202201,전북,순창군,9295,9412,421,501
2022,1,202201,전북,완주군,38690,39076,1657,2240
2022,1,202201,전북,익산시,108731,110827,4387,5018
2022,1,202201,전북,임실군,9124,9252,449,562
2022,1,202201,전북,장수군,7561,7666,366,432
2022,1,202201,전북,전주시,283685,289352,7501,9333
2022,1,202201,전북,정읍시,38651,41282,1719,2022
2022,1,202201,전북,진안군,8956,9098,452,595
2022,1,202201,제주,서귀포시,74839,76252,3200,3499
2022,1,202201,제주,제주시,232034,482202,7731,14744
2022,1,202201,충남,계룡시,20222,20343,655,794
2022,1,202201,충남,공주시,40231,42008,1731,2219
2022,1,202201,충남,금산군,19166,20519,1082,1409
2022,1,202201,충남,논산시,43929,44943,2245,2712
2022,1,202201,충남,당진시,76640,77405,2599,3019
2022,1,202201,충남,보령시,38598,39205,1511,1769
2022,1,202201,충남,부여군,22171,22668,1211,1620
2022,1,202201,충남,서산시,76157,77182,2740,3332
2022,1,202201,충남,서천군,18838,19064,781,934
2022,1,202201,충남,아산시,147366,150341,5099,5799
2022,1,202201,충남,예산군,30710,31136,1445,1861
2022,1,202201,충남,천안시,283773,287843,9156,10860
2022,1,202201,충남,청양군,10698,10837,508,627
2022,1,202201,충남,태안군,23262,23532,1059,1193
2022,1,202201,충남,홍성군,39857,40333,1512,1824
2022,1,202201,충북,괴산군,14737,14882,812,914
2022,1,202201,충북,단양군,10357,10538,495,613
2022,1,202201,충북,보은군,11455,11658,634,779
2022,1,202201,충북,영동군,16400,16606,760,909
2022,1,202201,충북,옥천군,19106,19529,870,1022
2022,1,202201,충북,음성군,43815,44170,2265,2539
2022,1,202201,충북,제천시,52327,53171,1900,2153
2022,1,202201,충북,증평군,15755,15919,621,677
2022,1,202201,충북,진천군,40854,41164,1601,1746
2022,1,202201,충북,청주시,369791,379194,10601,13438
2022,1,202201,충북,충주시,88651,93689,3126,3688
2022,2,202202,강원,강릉시,89396,91895,2857,3504
2022,2,202202,강원,고성군,10868,11001,500,581
2022,2,202202,강원,동해시,37840,38605,1381,1617
2022,2,202202,강원,삼척시,25086,25629,916,1130
2022,2,202202,강원,속초시,32298,33304,1224,1448
2022,2,202202,강원,양구군,8412,8515,341,419
2022,2,202202,강원,양양군,11675,11902,441,502
2022,2,202202,강원,영월군,14506,14761,721,853
2022,2,202202,강원,원주시,149298,152160,4833,5510
2022,2,202202,강원,인제군,13628,13810,547,649
2022,2,202202,강원,정선군,13929,14240,633,787
2022,2,202202,강원,철원군,16550,16741,787,881
2022,2,202202,강원,춘천시,114735,117569,3422,4329
2022,2,202202,강원,태백시,15723,16184,685,899
2022,2,202202,강원,평창군,16745,17104,811,964
2022,2,202202,강원,홍천군,26585,26933,1365,1761
2022,2,202202,강원,화천군,9551,9677,348,459
2022,2,202202,강원,횡성군,18177,18624,910,1028
2022,2,202202,경기,가평군,23757,24073,1257,1498
2022,2,202202,경기,고양시,375636,382174,9936,11955
2022,2,202202,경기,과천시,26163,26945,580,721
2022,2,202202,경기,광명시,86858,88689,2782,3329
2022,2,202202,경기,광주시,161195,162257,5458,8180
2022,2,202202,경기,구리시,59638,60836,1847,2212
2022,2,202202,경기,군포시,86319,87280,2485,2721
2022,2,202202,경기,김포시,194482,196637,5819,7483
2022,2,202202,경기,남양주시,257645,259956,8500,9803
2022,2,202202,경기,동두천시,31803,32627,1422,1531
2022,2,202202,경기,부천시,251635,257003,8957,10290
2022,2,202202,경기,성남시,303944,311101,7752,9731
2022,2,202202,경기,수원시,464067,472944,13571,16337
2022,2,202202,경기,시흥시,210825,212794,6993,7566
2022,2,202202,경기,안산시,251595,256481,10125,12126
2022,2,202202,경기,안성시,86190,87055,3351,3903
2022,2,202202,경기,안양시,179650,183413,5116,6824
2022,2,202202,경기,양주시,90231,91015,3903,4454
2022,2,202202,경기,양평군,48500,49040,1870,2652
2022,2,202202,경기,여주시,48613,49311,2171,2991
2022,2,202202,경기,연천군,16961,17156,817,1016
2022,2,202202,경기,오산시,95988,97211,3106,3678
2022,2,202202,경기,용인시,424368,429817,10351,12756
2022,2,202202,경기,의왕시,58324,58887,1523,1724
2022,2,202202,경기,의정부시,143809,146196,5089,5764
2022,2,202202,경기,이천시,95214,96307,3653,4334
2022,2,202202,경기,파주시,191144,193895,6015,8687
2022,2,202202,경기,평택시,258665,262427,8463,10464
2022,2,202202,경기,포천시,64522,70463,3168,4005
2022,2,202202,경기,하남시,115407,116296,2892,3305
2022,2,202202,경기,화성시,397398,400655,11152,14076
2022,2,202202,경남,거제시,91525,92671,3175,3768
2022,2,202202,경남,거창군,22787,23069,903,1138
2022,2,202202,경남,고성군,18667,18951,794,926
2022,2,202202,경남,김해시,230638,233182,6946,7692
2022,2,202202,경남,남해군,13496,13748,593,760
2022,2,202202,경남,밀양시,41360,41967,1511,1790
2022,2,202202,경남,사천시,44770,45553,1611,1936
2022,2,202202,경남,산청군,12746,12946,539,651
2022,2,202202,경남,양산시,142412,143740,4553,5490
2022,2,202202,경남,의령군,9848,9975,426,519
2022,2,202202,경남,진주시,137467,140378,3682,4887
2022,2,202202,경남,창녕군,24562,24815,1100,1272
2022,2,202202,경남,창원시,487225,543999,11290,14344
2022,2,202202,경남,통영시,41789,42646,1867,2197
2022,2,202202,경남,하동군,15842,16004,590,691
2022,2,202202,경남,함안군,32163,53570,1166,1546
2022,2,202202,경남,함양군,12686,12915,528,667
2022,2,202202,경남,합천군,14967,15151,640,768
2022,2,202202,경북,경산시,114798,115922,3275,3745
2022,2,202202,경북,경주시,113378,115280,4014,4717
2022,2,202202,경북,고령군,13519,13617,693,779
2022,2,202202,경북,구미시,183429,186102,5569,6483
2022,2,202202,경북,군위군,9473,9552,414,471
2022,2,202202,경북,김천시,56084,56861,2181,2519
2022,2,202202,경북,문경시,26197,26711,1278,1458
2022,2,202202,경북,봉화군,10816,10969,462,545
2022,2,202202,경북,상주시,34992,35545,1719,2067
2022,2,202202,경북,성주군,19291,19506,844,926
2022,2,202202,경북,안동시,61620,62849,2280,2803
2022,2,202202,경북,영덕군,12361,12561,648,748
2022,2,202202,경북,영양군,5838,5925,285,345
2022,2,202202,경북,영주시,39649,40279,1721,1955
2022,2,202202,경북,영천시,42830,43404,1806,2134
2022,2,202202,경북,예천군,21638,21921,759,894
2022,2,202202,경북,울릉군,3730,4174,243,452
2022,2,202202,경북,울진군,19171,19431,673,818
2022,2,202202,경북,의성군,18435,18597,915,1080
2022,2,202202,경북,청도군,16900,17127,674,764
2022,2,202202,경북,청송군,9572,9671,450,554
2022,2,202202,경북,칠곡군,54628,55051,1965,2439
2022,2,202202,경북,포항시,223041,226697,6500,7777
2022,2,202202,광주,광산구,166814,170818,4715,5266
2022,2,202202,광주,남구,81386,82529,2157,2674
2022,2,202202,광주,동구,38377,38899,1086,1300
2022,2,202202,광주,북구,163778,168476,4378,5552
2022,2,202202,광주,서구,122823,127494,3501,4012
2022,2,202202,대구,남구,47329,48350,1461,1754
2022,2,202202,대구,달서구,236943,245118,5254,6093
2022,2,202202,대구,달성군,113780,115577,3149,3764
2022,2,202202,대구,동구,133050,138761,3582,4411
2022,2,202202,대구,북구,170662,173289,4226,4912
2022,2,202202,대구,서구,54706,57577,1819,2082
2022,2,202202,대구,수성구,189106,191840,3347,4188
2022,2,202202,대구,중구,52520,54224,1000,1426
2022,2,202202,대전,대덕구,70707,72760,2512,3120
2022,2,202202,대전,동구,74908,77631,2705,3133
2022,2,202202,대전,서구,183396,189049,4791,5387
2022,2,202202,대전,유성구,161505,163958,3489,3899
2022,2,202202,대전,중구,80264,82956,2812,3456
2022,2,202202,부산,강서구,64655,66207,1848,2094
2022,2,202202,부산,금정구,67462,70294,2363,3189
2022,2,202202,부산,기장군,68134,69026,2271,2897
2022,2,202202,부산,남구,79221,82232,2355,2849
2022,2,202202,부산,동구,48825,50520,953,1179
2022,2,202202,부산,동래구,83070,84720,2204,2648
2022,2,202202,부산,부산진구,105383,123516,3093,3654
2022,2,202202,부산,북구,87020,88659,2482,2865
2022,2,202202,부산,사상구,65749,68580,2358,2738
2022,2,202202,부산,사하구,91333,95206,2995,3387
2022,2,202202,부산,서구,24444,24885,1006,1061
2022,2,202202,부산,수영구,58908,98555,1579,2433
2022,2,202202,부산,연제구,83420,92697,1829,2882
2022,2,202202,부산,영도구,25985,27406,1077,1425
2022,2,202202,부산,중구,28146,28426,509,580
2022,2,202202,부산,해운대구,149203,163361,3542,3893
2022,2,202202,서울,강남구,200564,219568,4309,4991
2022,2,202202,서울,강동구,126797,132056,3680,4416
2022,2,202202,서울,강북구,60819,63048,2524,3306
2022,2,202202,서울,강서구,164624,177121,4910,6340
2022,2,202202,서울,관악구,99119,102303,3577,3939
2022,2,202202,서울,광진구,79971,83492,2490,2916
2022,2,202202,서울,구로구,112987,122854,4692,5355
2022,2,202202,서울,금천구,69787,73381,3112,3621
2022,2,202202,서울,노원구,128884,134635,3881,4788
2022,2,202202,서울,도봉구,76738,81367,2769,3395
2022,2,202202,서울,동대문구,80280,82885,3022,3211
2022,2,202202,서울,동작구,93492,94779,2604,2794
2022,2,202202,서울,마포구,100918,105415,2912,3561
2022,2,202202,서울,서대문구,75058,78312,2295,2807
2022,2,202202,서울,서초구,151067,156204,3334,4178
2022,2,202202,서울,성동구,82498,92176,2190,3052
2022,2,202202,서울,성북구,103807,106062,3277,4446
2022,2,202202,서울,송파구,203765,210620,4608,6323
2022,2,202202,서울,양천구,127107,131729,3533,4353
2022,2,202202,서울,영등포구,117247,121073,4291,4520
2022,2,202202,서울,용산구,69673,70796,2056,2171
2022,2,202202,서울,은평구,111957,116138,3583,4375
2022,2,202202,서울,종로구,38951,42025,1640,3574
2022,2,202202,서울,중구,47031,50213,1913,2947
2022,2,202202,서울,중랑구,89569,95368,3581,4163
2022,2,202202,세종,세종시,164601,165798,3677,4362
2022,2,202202,울산,남구,134509,137997,2957,3674
2022,2,202202,울산,동구,55906,56628,1366,1546
2022,2,202202,울산,북구,104603,106096,2324,2633
2022,2,202202,울산,울주군,103162,104758,2800,3579
2022,2,202202,울산,중구,87829,89116,2068,2477
2022,2,202202,인천,강화군,25769,38217,1200,2321
2022,2,202202,인천,계양구,95518,270760,3701,6573
2022,2,202202,인천,남동구,210342,250984,5989,7723
2022,2,202202,인천,동구,19441,20049,909,1009
2022,2,202202,인천,미추홀구,138424,142166,4648,4869
2022,2,202202,인천,부평구,193622,222892,5325,6555
2022,2,202202,인천,서구,227009,233328,6850,8133
2022,2,202202,인천,연수구,184686,189356,3470,4244
2022,2,202202,인천,옹진군,8136,8290,521,625
2022,2,202202,인천,중구,58305,59123,1959,2772
2022,2,202202,전남,강진군,11712,11953,579,742
2022,2,202202,전남,고흥군,19320,19594,1113,1299
2022,2,202202,전남,곡성군,9757,9971,441,543
2022,2,202202,전남,광양시,69398,70112,2322,2672
2022,2,202202,전남,구례군,8845,9328,452,547
2022,2,202202,전남,나주시,49169,50213,1977,2477
2022,2,202202,전남,담양군,18925,19292,840,1138
2022,2,202202,전남,목포시,78855,81328,2979,3528
2022,2,202202,전남,무안군,37003,37345,1575,1825
2022,2,202202,전남,보성군,13312,21640,765,1060
2022,2,202202,전남,순천시,116203,118159,3352,4156
2022,2,202202,전남,신안군,12244,96087,650,2528
2022,2,202202,전남,여수시,108059,110661,3594,4428
2022,2,202202,전남,영광군,19452,19668,833,965
2022,2,202202,전남,영암군,22068,23536,1247,1457
2022,2,202202,전남,완도군,15452,15782,744,908
2022,2,202202,전남,장성군,18176,18543,804,928
2022,2,202202,전남,장흥군,12648,12813,615,735
2022,2,202202,전남,진도군,10463,10619,573,668
2022,2,202202,전남,함평군,11409,40857,559,1166
2022,2,202202,전남,해남군,23320,61301,1671,2422
2022,2,202202,전남,화순군,24345,24836,1019,2094
2022,2,202202,전북,고창군,19017,19310,1366,1521
2022,2,202202,전북,군산시,110218,112561,3472,4130
2022,2,202202,전북,김제시,31087,31827,1553,1791
2022,2,202202,전북,남원시,27650,30501,1279,1599
2022,2,202202,전북,무주군,8330,8454,466,560
2022,2,202202,전북,부안군,18152,18429,908,1098
2022,2,202202,전북,순창군,9323,9445,422,505
2022,2,202202,전북,완주군,38800,39181,1653,2229
2022,2,202202,전북,익산시,108837,110957,4363,4993
2022,2,202202,전북,임실군,9163,9292,449,562
2022,2,202202,전북,장수군,7580,7684,366,432
2022,2,202202,전북,전주시,283969,289594,7475,9311
2022,2,202202,전북,정읍시,38714,41315,1729,2028
2022,2,202202,전북,진안군,9007,9149,450,592
2022,2,202202,제주,서귀포시,75079,76493,3183,3477
2022,2,202202,제주,제주시,232726,484284,7729,14724
2022,2,202202,충남,계룡시,20325,20446,649,789
2022,2,202202,충남,공주시,40354,42132,1728,2217
2022,2,202202,충남,금산군,19181,20595,1078,1404
2022,2,202202,충남,논산시,44026,45037,2234,2697
2022,2,202202,충남,당진시,76774,77556,2589,3007
2022,2,202202,충남,보령시,38590,39199,1509,1766
2022,2,202202,충남,부여군,22179,22669,1207,1611
2022,2,202202,충남,서산시,76280,77273,2738,3331
2022,2,202202,충남,서천군,18856,19081,782,934
2022,2,202202,충남,아산시,148657,151643,5106,5799
2022,2,202202,충남,예산군,30727,31150,1444,1859
2022,2,202202,충남,천안시,283756,287869,9121,10821
2022,2,202202,충남,청양군,10742,10882,510,629
2022,2,202202,충남,태안군,23271,23540,1057,1187
2022,2,202202,충남,홍성군,39927,40397,1514,1825
2022,2,202202,충북,괴산군,14739,14891,820,923
2022,2,202202,충북,단양군,10359,10540,497,616
2022,2,202202,충북,보은군,11472,11674,640,785
2022,2,202202,충북,영동군,16464,16670,760,906
2022,2,202202,충북,옥천군,19127,19548,865,1016
2022,2,202202,충북,음성군,43955,44313,2262,2540
2022,2,202202,충북,제천시,52335,53175,1892,2145
2022,2,202202,충북,증평군,15855,16019,622,679
2022,2,202202,충북,진천군,41049,41357,1600,1747
2022,2,202202,충북,청주시,370409,379876,10607,13450
2022,2,202202,충북,충주시,88809,93939,3133,3695
2022,3,202203,강원,강릉시,89565,92062,2862,3499
2022,3,202203,강원,고성군,10906,11037,500,581
2022,3,202203,강원,동해시,37889,38648,1375,1603
2022,3,202203,강원,삼척시,25174,25722,918,1143
2022,3,202203,강원,속초시,32398,33399,1218,1444
2022,3,202203,강원,양구군,8442,8551,340,418
2022,3,202203,강원,양양군,11710,11945,443,504
2022,3,202203,강원,영월군,14544,14803,722,854
2022,3,202203,강원,원주시,149856,152739,4836,5513
2022,3,202203,강원,인제군,13681,13878,550,657
2022,3,202203,강원,정선군,13952,14263,629,784
2022,3,202203,강원,철원군,16556,16747,794,888
2022,3,202203,강원,춘천시,115036,117872,3409,4316
2022,3,202203,강원,태백시,15736,16206,685,899
2022,3,202203,강원,평창군,16773,17143,815,963
2022,3,202203,강원,홍천군,26665,27024,1365,1763
2022,3,202203,강원,화천군,9572,9695,346,456
2022,3,202203,강원,횡성군,18237,18680,913,1031
2022,3,202203,경기,가평군,23804,24117,1242,1478
2022,3,202203,경기,고양시,376575,383184,9893,11917
2022,3,202203,경기,과천시,26433,27213,573,717
2022,3,202203,경기,광명시,86848,88672,2765,3312
2022,3,202203,경기,광주시,161542,162616,5430,8144
2022,3,202203,경기,구리시,59728,60900,1840,2204
2022,3,202203,경기,군포시,86449,87406,2484,2719
2022,3,202203,경기,김포시,194915,197069,5773,7427
2022,3,202203,경기,남양주시,258127,260427,8465,9741
2022,3,202203,경기,동두천시,31858,32694,1427,1537
2022,3,202203,경기,부천시,252143,257652,8939,10268
2022,3,202203,경기,성남시,304065,311281,7724,9717
2022,3,202203,경기,수원시,467935,476807,13513,16273
2022,3,202203,경기,시흥시,211225,213192,6967,7540
2022,3,202203,경기,안산시,252339,257223,10096,12101
2022,3,202203,경기,안성시,86249,87139,3334,3883
2022,3,202203,경기,안양시,180018,183841,5093,6782
2022,3,202203,경기,양주시,90489,91271,3903,4460
2022,3,202203,경기,양평군,48740,49310,1858,2643
2022,3,202203,경기,여주시,48689,49328,2168,2975
2022,3,202203,경기,연천군,17034,17239,817,1016
2022,3,202203,경기,오산시,96107,97329,3103,3675
2022,3,202203,경기,용인시,425478,430912,10289,12708
2022,3,202203,경기,의왕시,58335,58896,1505,1706
2022,3,202203,경기,의정부시,144300,146688,5076,5753
2022,3,202203,경기,이천시,95478,96607,3641,4321
2022,3,202203,경기,파주시,191788,194487,6005,8664
2022,3,202203,경기,평택시,259867,263659,8417,10462
2022,3,202203,경기,포천시,64608,70350,3145,3967
2022,3,202203,경기,하남시,115778,116675,2876,3287
2022,3,202203,경기,화성시,398677,402025,11115,14035
2022,3,202203,경남,거제시,91610,92750,3141,3733
2022,3,202203,경남,거창군,22868,23149,904,1135
2022,3,202203,경남,고성군,18697,18977,788,919
2022,3,202203,경남,김해시,231127,233710,6924,7667
2022,3,202203,경남,남해군,13546,13798,597,764
2022,3,202203,경남,밀양시,41488,42092,1501,1780
2022,3,202203,경남,사천시,44878,45661,1608,1931
2022,3,202203,경남,산청군,12783,12980,528,641
2022,3,202203,경남,양산시,142756,144102,4531,5459
2022,3,202203,경남,의령군,9902,10029,427,520
2022,3,202203,경남,진주시,137641,140530,3655,4851
2022,3,202203,경남,창녕군,24538,24792,1101,1274
2022,3,202203,경남,창원시,488268,545189,11151,14191
2022,3,202203,경남,통영시,41893,42749,1866,2199
2022,3,202203,경남,하동군,15830,15989,583,684
2022,3,202203,경남,함안군,32034,55347,1157,1542
2022,3,202203,경남,함양군,12741,12962,527,666
2022,3,202203,경남,합천군,15040,15224,641,769
2022,3,202203,경북,경산시,114836,115967,3258,3728
2022,3,202203,경북,경주시,113581,115475,4010,4713
2022,3,202203,경북,고령군,13473,13571,684,770
2022,3,202203,경북,구미시,183725,186410,5545,6452
2022,3,202203,경북,군위군,9579,9658,416,472
2022,3,202203,경북,김천시,56210,57007,2176,2512
2022,3,202203,경북,문경시,26641,27156,1286,1466
2022,3,202203,경북,봉화군,10887,11040,460,543
2022,3,202203,경북,상주시,35123,35674,1717,2066
2022,3,202203,경북,성주군,19338,19552,846,928
2022,3,202203,경북,안동시,61670,62895,2262,2784
2022,3,202203,경북,영덕군,12439,12637,640,740
2022,3,202203,경북,영양군,5820,5908,287,347
2022,3,202203,경북,영주시,39725,40355,1719,1947
2022,3,202203,경북,영천시,42932,43508,1808,2144
2022,3,202203,경북,예천군,21637,21920,756,891
2022,3,202203,경북,울릉군,3790,4237,246,456
2022,3,202203,경북,울진군,19194,19455,674,819
2022,3,202203,경북,의성군,18538,18700,916,1081
2022,3,202203,경북,청도군,16955,17180,666,755
2022,3,202203,경북,청송군,9599,9698,453,558
2022,3,202203,경북,칠곡군,54743,55164,1963,2437
2022,3,202203,경북,포항시,223392,227039,6458,7728
2022,3,202203,광주,광산구,167162,171257,4726,5277
2022,3,202203,광주,남구,81462,82622,2139,2657
2022,3,202203,광주,동구,38277,38791,1076,1290
2022,3,202203,광주,북구,164211,168966,4353,5525
2022,3,202203,광주,서구,123451,128119,3458,3959
2022,3,202203,대구,남구,47275,48298,1448,1741
2022,3,202203,대구,달서구,236987,245219,5232,6068
2022,3,202203,대구,달성군,114059,115865,3137,3754
2022,3,202203,대구,동구,133353,139055,3556,4389
2022,3,202203,대구,북구,170715,173309,4205,4891
2022,3,202203,대구,서구,54931,57842,1816,2079
2022,3,202203,대구,수성구,189671,192442,3336,4176
2022,3,202203,대구,중구,52673,54391,1006,1436
2022,3,202203,대전,대덕구,70823,73355,2480,3101
2022,3,202203,대전,동구,74757,77481,2703,3129
2022,3,202203,대전,서구,183453,189077,4757,5341
2022,3,202203,대전,유성구,162144,164627,3459,3868
2022,3,202203,대전,중구,80527,83198,2789,3442
2022,3,202203,부산,강서구,64823,66615,1841,2086
2022,3,202203,부산,금정구,67280,70078,2332,3186
2022,3,202203,부산,기장군,68218,69106,2243,2860
2022,3,202203,부산,남구,79323,82324,2315,2809
2022,3,202203,부산,동구,49240,51298,943,1166
2022,3,202203,부산,동래구,83406,85044,2186,2611
2022,3,202203,부산,부산진구,105576,123678,3052,3614
2022,3,202203,부산,북구,86959,88598,2455,2839
2022,3,202203,부산,사상구,65712,68495,2340,2718
2022,3,202203,부산,사하구,91383,95234,2961,3352
2022,3,202203,부산,서구,24378,24817,992,1047
2022,3,202203,부산,수영구,58648,99479,1553,2419
2022,3,202203,부산,연제구,83763,93315,1810,2865
2022,3,202203,부산,영도구,25946,27358,1056,1403
2022,3,202203,부산,중구,28410,28689,510,581
2022,3,202203,부산,해운대구,149233,163621,3502,3853
2022,3,202203,서울,강남구,200576,219552,4293,4973
2022,3,202203,서울,강동구,126760,131988,3680,4420
2022,3,202203,서울,강북구,60738,62958,2494,3275
2022,3,202203,서울,강서구,165787,178262,4887,6317
2022,3,202203,서울,관악구,99022,102219,3534,3896
2022,3,202203,서울,광진구,80142,83683,2470,2892
2022,3,202203,서울,구로구,113101,123331,4688,5333
2022,3,202203,서울,금천구,69933,73512,3081,3588
2022,3,202203,서울,노원구,128855,134502,3858,4759
2022,3,202203,서울,도봉구,76643,81341,2736,3363
2022,3,202203,서울,동대문구,80297,82904,2995,3207
2022,3,202203,서울,동작구,93572,94876,2586,2775
2022,3,202203,서울,마포구,100955,105456,2906,3549
2022,3,202203,서울,서대문구,74989,78253,2280,2792
2022,3,202203,서울,서초구,150923,156153,3313,4159
2022,3,202203,서울,성동구,82651,91803,2185,3070
2022,3,202203,서울,성북구,104302,106577,3249,4423
2022,3,202203,서울,송파구,204346,211224,4576,6298
2022,3,202203,서울,양천구,127116,131668,3518,4334
2022,3,202203,서울,영등포구,117058,120885,4265,4495
2022,3,202203,서울,용산구,69534,70660,2036,2150
2022,3,202203,서울,은평구,111883,116104,3574,4369
2022,3,202203,서울,종로구,38943,41977,1626,3559
2022,3,202203,서울,중구,46779,49909,1905,2943
2022,3,202203,서울,중랑구,89676,95472,3564,4142
2022,3,202203,세종,세종시,165282,166501,3664,4349
2022,3,202203,울산,남구,134471,137997,2919,3635
2022,3,202203,울산,동구,55908,56638,1347,1531
2022,3,202203,울산,북구,104884,106378,2300,2617
2022,3,202203,울산,울주군,103181,104778,2776,3549
2022,3,202203,울산,중구,87818,89098,2071,2483
2022,3,202203,인천,강화군,25860,36979,1203,2265
2022,3,202203,인천,계양구,95397,271223,3669,6523
2022,3,202203,인천,남동구,211010,251556,5962,7677
2022,3,202203,인천,동구,19338,19950,905,1004
2022,3,202203,인천,미추홀구,138503,142246,4651,4872
2022,3,202203,인천,부평구,194617,224453,5280,6515
2022,3,202203,인천,서구,229437,235530,6844,8122
2022,3,202203,인천,연수구,185229,189997,3459,4237
2022,3,202203,인천,옹진군,8223,8380,513,619
2022,3,202203,인천,중구,58759,59569,1936,2747
2022,3,202203,전남,강진군,11720,11958,577,742
2022,3,202203,전남,고흥군,19374,19645,1112,1298
2022,3,202203,전남,곡성군,9774,9984,444,546
2022,3,202203,전남,광양시,69642,70351,2310,2663
2022,3,202203,전남,구례군,8889,9374,453,547
2022,3,202203,전남,나주시,49167,50244,1965,2464
2022,3,202203,전남,담양군,19022,19399,841,1141
2022,3,202203,전남,목포시,78980,81416,2951,3495
2022,3,202203,전남,무안군,37127,37466,1575,1823
2022,3,202203,전남,보성군,13303,17249,768,1046
2022,3,202203,전남,순천시,116747,118736,3327,4124
2022,3,202203,전남,신안군,12365,96767,647,2521
2022,3,202203,전남,여수시,108147,110732,3594,4429
2022,3,202203,전남,영광군,19531,19746,828,960
2022,3,202203,전남,영암군,22199,23512,1253,1459
2022,3,202203,전남,완도군,15455,15780,739,902
2022,3,202203,전남,장성군,18235,18573,805,928
2022,3,202203,전남,장흥군,12669,12836,617,739
2022,3,202203,전남,진도군,10505,10668,573,675
2022,3,202203,전남,함평군,11464,43876,558,1152
2022,3,202203,전남,해남군,23382,62483,1664,2382
2022,3,202203,전남,화순군,24495,24990,1019,2077
2022,3,202203,전북,고창군,19072,19365,1376,1531
2022,3,202203,전북,군산시,110473,112827,3460,4117
2022,3,202203,전북,김제시,31162,31909,1554,1793
2022,3,202203,전북,남원시,27746,30496,1277,1592
2022,3,202203,전북,무주군,8357,8482,464,557
2022,3,202203,전북,부안군,18171,18448,906,1088
2022,3,202203,전북,순창군,9350,9472,423,500
2022,3,202203,전북,완주군,38934,39311,1652,2218
2022,3,202203,전북,익산시,109066,111185,4361,4985
2022,3,202203,전북,임실군,9193,9321,446,558
2022,3,202203,전북,장수군,7624,7728,368,433
2022,3,202203,전북,전주시,284510,290144,7426,9255
2022,3,202203,전북,정읍시,38825,41484,1721,2034
2022,3,202203,전북,진안군,9034,9176,455,590
2022,3,202203,제주,서귀포시,75235,76652,3181,3474
2022,3,202203,제주,제주시,233718,486989,7663,14628
2022,3,202203,충남,계룡시,20382,20503,652,794
2022,3,202203,충남,공주시,40485,42257,1724,2211
2022,3,202203,충남,금산군,19220,20372,1072,1388
2022,3,202203,충남,논산시,44132,45141,2235,2693
2022,3,202203,충남,당진시,77055,77832,2581,2994
2022,3,202203,충남,보령시,38702,39318,1503,1758
2022,3,202203,충남,부여군,22190,22673,1206,1614
2022,3,202203,충남,서산시,76455,77462,2729,3336
2022,3,202203,충남,서천군,18886,19111,783,936
2022,3,202203,충남,아산시,149632,152598,5114,5809
2022,3,202203,충남,예산군,30811,31232,1442,1863
2022,3,202203,충남,천안시,284679,288804,9086,10786
2022,3,202203,충남,청양군,10831,10971,507,625
2022,3,202203,충남,태안군,23360,23628,1055,1185
2022,3,202203,충남,홍성군,39964,40434,1514,1825
2022,3,202203,충북,괴산군,14742,14896,820,922
2022,3,202203,충북,단양군,10400,10581,497,612
2022,3,202203,충북,보은군,11491,11695,646,789
2022,3,202203,충북,영동군,16477,16682,749,894
2022,3,202203,충북,옥천군,19173,19590,866,1017
2022,3,202203,충북,음성군,44194,44563,2266,2539
2022,3,202203,충북,제천시,52499,53342,1894,2147
2022,3,202203,충북,증평군,15947,16111,618,674
2022,3,202203,충북,진천군,41156,41464,1606,1753
2022,3,202203,충북,청주시,371297,380907,10565,13385
2022,3,202203,충북,충주시,89021,94286,3112,3669
2022,4,202204,강원,강릉시,89762,92272,2856,3495
2022,4,202204,강원,고성군,10991,11123,500,581
2022,4,202204,강원,동해시,37941,38693,1368,1596
2022,4,202204,강원,삼척시,25252,25804,924,1151
2022,4,202204,강원,속초시,32444,33433,1206,1431
2022,4,202204,강원,양구군,8450,8560,339,417
2022,4,202204,강원,양양군,11714,11952,442,502
2022,4,202204,강원,영월군,14545,14807,719,851
2022,4,202204,강원,원주시,150392,153257,4811,5479
2022,4,202204,강원,인제군,13727,13920,545,652
2022,4,202204,강원,정선군,13939,14252,629,785
2022,4,202204,강원,철원군,16619,16810,791,885
2022,4,202204,강원,춘천시,115302,118196,3393,4302
2022,4,202204,강원,태백시,15748,16223,677,891
2022,4,202204,강원,평창군,16779,17138,814,965
2022,4,202204,강원,홍천군,26650,27007,1353,1753
2022,4,202204,강원,화천군,9613,9736,350,458
2022,4,202204,강원,횡성군,18281,18738,920,1038
2022,4,202204,경기,가평군,23864,24174,1242,1475
2022,4,202204,경기,고양시,377506,384356,9834,11832
2022,4,202204,경기,과천시,26548,27330,570,714
2022,4,202204,경기,광명시,87141,88971,2750,3280
2022,4,202204,경기,광주시,162049,163078,5439,8144
2022,4,202204,경기,구리시,59796,60950,1844,2206
2022,4,202204,경기,군포시,86669,87629,2463,2698
2022,4,202204,경기,김포시,195056,197370,5744,7358
2022,4,202204,경기,남양주시,258915,261210,8421,9692
2022,4,202204,경기,동두천시,31949,32792,1425,1532
2022,4,202204,경기,부천시,252809,258395,8900,10269
2022,4,202204,경기,성남시,304178,311484,7669,9634
2022,4,202204,경기,수원시,470745,479772,13430,16173
2022,4,202204,경기,시흥시,211707,213673,6991,7564
2022,4,202204,경기,안산시,253137,258058,10030,12034
2022,4,202204,경기,안성시,86763,87655,3346,3896
2022,4,202204,경기,안양시,180647,184469,5051,6739
2022,4,202204,경기,양주시,90808,91592,3893,4454
2022,4,202204,경기,양평군,48879,49482,1859,2638
2022,4,202204,경기,여주시,48831,49411,2161,2965
2022,4,202204,경기,연천군,17045,17250,816,1013
2022,4,202204,경기,오산시,96152,97391,3091,3662
2022,4,202204,경기,용인시,426352,431887,10238,12660
2022,4,202204,경기,의왕시,58329,58886,1505,1726
2022,4,202204,경기,의정부시,144849,147260,5054,5722
2022,4,202204,경기,이천시,95769,96898,3652,4342
2022,4,202204,경기,파주시,192414,195084,5982,8633
2022,4,202204,경기,평택시,261013,264779,8397,10448
2022,4,202204,경기,포천시,64791,70351,3140,3963
2022,4,202204,경기,하남시,116094,117016,2864,3273
2022,4,202204,경기,화성시,399995,403303,11078,14002
2022,4,202204,경남,거제시,91691,92828,3123,3710
2022,4,202204,경남,거창군,22840,23121,892,1123
2022,4,202204,경남,고성군,18725,19004,779,909
2022,4,202204,경남,김해시,231321,233858,6829,7566
2022,4,202204,경남,남해군,13578,13830,587,753
2022,4,202204,경남,밀양시,41511,42113,1483,1761
2022,4,202204,경남,사천시,44961,45744,1594,1916
2022,4,202204,경남,산청군,12804,12999,527,638
2022,4,202204,경남,양산시,143019,144370,4508,5426
2022,4,202204,경남,의령군,9944,10072,432,526
2022,4,202204,경남,진주시,137722,140639,3626,4825
2022,4,202204,경남,창녕군,24600,24853,1100,1272
2022,4,202204,경남,창원시,490220,547180,11127,14155
2022,4,202204,경남,통영시,41902,42762,1857,2192
2022,4,202204,경남,하동군,15862,16022,582,686
2022,4,202204,경남,함안군,31924,56624,1156,1545
2022,4,202204,경남,함양군,12807,13024,527,665
2022,4,202204,경남,합천군,15043,15227,633,761
2022,4,202204,경북,경산시,114881,116009,3244,3715
2022,4,202204,경북,경주시,113927,115832,4015,4716
2022,4,202204,경북,고령군,13499,13597,683,769
2022,4,202204,경북,구미시,184096,186770,5519,6427
2022,4,202204,경북,군위군,9649,9728,409,466
2022,4,202204,경북,김천시,56312,57107,2173,2507
2022,4,202204,경북,문경시,26738,27254,1273,1451
2022,4,202204,경북,봉화군,10878,11030,453,533
2022,4,202204,경북,상주시,35213,35759,1708,2057
2022,4,202204,경북,성주군,19334,19548,837,919
2022,4,202204,경북,안동시,61723,62947,2245,2762
2022,4,202204,경북,영덕군,12419,12617,636,735
2022,4,202204,경북,영양군,5849,5937,289,349
2022,4,202204,경북,영주시,39754,40385,1710,1936
2022,4,202204,경북,영천시,42979,43553,1803,2138
2022,4,202204,경북,예천군,21741,22023,752,888
2022,4,202204,경북,울릉군,3787,4239,244,453
2022,4,202204,경북,울진군,19203,19464,679,823
2022,4,202204,경북,의성군,18619,18780,896,1060
2022,4,202204,경북,청도군,16969,17192,667,757
2022,4,202204,경북,청송군,9634,9733,449,556
2022,4,202204,경북,칠곡군,54743,55163,1954,2428
2022,4,202204,경북,포항시,223694,227342,6446,7717
2022,4,202204,광주,광산구,167336,171540,4663,5210
2022,4,202204,광주,남구,81360,82519,2110,2634
2022,4,202204,광주,동구,38266,38778,1068,1281
2022,4,202204,광주,북구,164371,169048,4324,5497
2022,4,202204,광주,서구,123799,128462,3386,3886
2022,4,202204,대구,남구,47071,48094,1439,1732
2022,4,202204,대구,달서구,237130,245343,5187,6021
2022,4,202204,대구,달성군,114395,116181,3135,3752
2022,4,202204,대구,동구,133605,139378,3536,4371
2022,4,202204,대구,북구,170771,173363,4172,4859
2022,4,202204,대구,서구,54998,57903,1803,2065
2022,4,202204,대구,수성구,190039,192822,3313,4152
2022,4,202204,대구,중구,53445,55172,1006,1433
2022,4,202204,대전,대덕구,70870,73474,2435,3056
2022,4,202204,대전,동구,74702,77421,2686,3116
2022,4,202204,대전,서구,183749,189720,4722,5306
2022,4,202204,대전,유성구,163109,165570,3411,3821
2022,4,202204,대전,중구,80693,83341,2776,3429
2022,4,202204,부산,강서구,65066,66888,1827,2074
2022,4,202204,부산,금정구,67162,69946,2319,3172
2022,4,202204,부산,기장군,68316,69207,2222,2826
2022,4,202204,부산,남구,79487,82716,2307,2801
2022,4,202204,부산,동구,49682,51769,938,1167
2022,4,202204,부산,동래구,83434,85077,2173,2539
2022,4,202204,부산,부산진구,106171,124336,3045,3605
2022,4,202204,부산,북구,86945,88582,2437,2820
2022,4,202204,부산,사상구,65835,68642,2325,2703
2022,4,202204,부산,사하구,91579,95401,2961,3353
2022,4,202204,부산,서구,24282,24743,975,1031
2022,4,202204,부산,수영구,58603,100486,1537,2479
2022,4,202204,부산,연제구,84180,93949,1805,2840
2022,4,202204,부산,영도구,25985,27384,1050,1397
2022,4,202204,부산,중구,28434,28690,512,581
2022,4,202204,부산,해운대구,149068,163288,3485,3839
2022,4,202204,서울,강남구,205334,224560,4260,4935
2022,4,202204,서울,강동구,126912,132105,3679,4427
2022,4,202204,서울,강북구,60734,62944,2493,3274
2022,4,202204,서울,강서구,166507,178428,4834,6266
2022,4,202204,서울,관악구,99118,102314,3512,3874
2022,4,202204,서울,광진구,80207,83636,2461,2885
2022,4,202204,서울,구로구,113168,123365,4649,5293
2022,4,202204,서울,금천구,70006,73462,3079,3583
2022,4,202204,서울,노원구,128853,134537,3857,4758
2022,4,202204,서울,도봉구,76631,81390,2729,3354
2022,4,202204,서울,동대문구,80365,82966,2967,3148
2022,4,202204,서울,동작구,93713,95015,2594,2783
2022,4,202204,서울,마포구,100976,105433,2885,3558
2022,4,202204,서울,서대문구,75049,78303,2281,2783
2022,4,202204,서울,서초구,150865,156112,3281,4122
2022,4,202204,서울,성동구,82721,91816,2159,3066
2022,4,202204,서울,성북구,104554,106786,3228,4402
2022,4,202204,서울,송파구,204876,211839,4558,6304
2022,4,202204,서울,양천구,127225,131769,3492,4304
2022,4,202204,서울,영등포구,117031,120809,4192,4418
2022,4,202204,서울,용산구,65330,66452,2044,2158
2022,4,202204,서울,은평구,112394,116618,3574,4369
2022,4,202204,서울,종로구,38886,41895,1622,3561
2022,4,202204,서울,중구,46465,49565,1893,2929
2022,4,202204,서울,중랑구,89793,95601,3555,4133
2022,4,202204,세종,세종시,165955,167212,3648,4321
2022,4,202204,울산,남구,134434,137958,2903,3618
2022,4,202204,울산,동구,55891,56627,1333,1517
2022,4,202204,울산,북구,105153,106642,2268,2589
2022,4,202204,울산,울주군,103210,104798,2761,3540
2022,4,202204,울산,중구,87795,89073,2051,2459
2022,4,202204,인천,강화군,25954,36319,1204,2236
2022,4,202204,인천,계양구,95479,269922,3662,6385
2022,4,202204,인천,남동구,211494,251702,5954,7654
2022,4,202204,인천,동구,19216,19928,891,993
2022,4,202204,인천,미추홀구,138624,142351,4634,4854
2022,4,202204,인천,부평구,195463,225887,5237,6488
2022,4,202204,인천,서구,231588,237508,6808,8084
2022,4,202204,인천,연수구,185642,190436,3439,4219
2022,4,202204,인천,옹진군,8319,8484,517,621
2022,4,202204,인천,중구,59227,60034,1939,2746
2022,4,202204,전남,강진군,11709,11946,571,734
2022,4,202204,전남,고흥군,19498,19780,1123,1308
2022,4,202204,전남,곡성군,9820,10029,440,543
2022,4,202204,전남,광양시,69936,70673,2305,2658
2022,4,202204,전남,구례군,8914,9401,448,541
2022,4,202204,전남,나주시,49274,50232,1952,2447
2022,4,202204,전남,담양군,19064,19470,829,1125
2022,4,202204,전남,목포시,79061,81510,2928,3477
2022,4,202204,전남,무안군,37226,37563,1579,1823
2022,4,202204,전남,보성군,13315,16738,760,1026
2022,4,202204,전남,순천시,117040,119038,3280,4073
2022,4,202204,전남,신안군,12385,98686,636,2543
2022,4,202204,전남,여수시,108202,110797,3561,4394
2022,4,202204,전남,영광군,19575,19790,820,951
2022,4,202204,전남,영암군,22415,23602,1265,1468
2022,4,202204,전남,완도군,15511,15840,742,904
2022,4,202204,전남,장성군,18274,18611,793,912
2022,4,202204,전남,장흥군,12693,12861,607,727
2022,4,202204,전남,진도군,10508,10671,575,677
2022,4,202204,전남,함평군,11457,42978,552,1135
2022,4,202204,전남,해남군,23370,66219,1640,2461
2022,4,202204,전남,화순군,24525,25071,1012,2068
2022,4,202204,전북,고창군,19094,19382,1356,1510
2022,4,202204,전북,군산시,110556,112914,3450,4116
2022,4,202204,전북,김제시,31245,32101,1545,1784
2022,4,202204,전북,남원시,27798,30470,1261,1573
2022,4,202204,전북,무주군,8387,8510,460,553
2022,4,202204,전북,부안군,18227,18499,900,1086
2022,4,202204,전북,순창군,9374,9497,426,508
2022,4,202204,전북,완주군,39034,39413,1641,2199
2022,4,202204,전북,익산시,109193,111306,4336,4956
2022,4,202204,전북,임실군,9278,9402,440,549
2022,4,202204,전북,장수군,7623,7724,367,431
2022,4,202204,전북,전주시,284954,290595,7364,9196
2022,4,202204,전북,정읍시,38794,41386,1703,2004
2022,4,202204,전북,진안군,9035,9173,449,589
2022,4,202204,제주,서귀포시,75512,76921,3180,3475
2022,4,202204,제주,제주시,234789,490390,7658,14606
2022,4,202204,충남,계룡시,20450,20572,640,780
2022,4,202204,충남,공주시,40476,42231,1702,2171
2022,4,202204,충남,금산군,19262,20410,1072,1385
2022,4,202204,충남,논산시,44117,45138,2200,2666
2022,4,202204,충남,당진시,77280,78072,2586,3006
2022,4,202204,충남,보령시,38850,39488,1500,1752
2022,4,202204,충남,부여군,22223,22700,1203,1613
2022,4,202204,충남,서산시,76587,77621,2712,3315
2022,4,202204,충남,서천군,18931,19156,781,936
2022,4,202204,충남,아산시,150097,153048,5069,5761
2022,4,202204,충남,예산군,30835,31252,1434,1854
2022,4,202204,충남,천안시,285516,289662,9012,10727
2022,4,202204,충남,청양군,10815,10955,505,623
2022,4,202204,충남,태안군,23403,23670,1054,1180
2022,4,202204,충남,홍성군,40034,40520,1508,1819
2022,4,202204,충북,괴산군,14757,14911,818,919
2022,4,202204,충북,단양군,10423,10607,492,605
2022,4,202204,충북,보은군,11538,11742,651,794
2022,4,202204,충북,영동군,16544,16748,744,889
2022,4,202204,충북,옥천군,19251,19664,867,1019
2022,4,202204,충북,음성군,44219,44587,2256,2530
2022,4,202204,충북,제천시,52579,53417,1881,2134
2022,4,202204,충북,증평군,16046,16213,618,675
2022,4,202204,충북,진천군,41246,41553,1596,1741
2022,4,202204,충북,청주시,372106,381796,10501,13312
2022,4,202204,충북,충주시,89258,94579,3109,3665
2022,5,202205,강원,강릉시,89921,92460,2846,3480
2022,5,202205,강원,고성군,11052,11184,498,581
2022,5,202205,강원,동해시,38081,38840,1353,1584
2022,5,202205,강원,삼척시,25235,25787,925,1155
2022,5,202205,강원,속초시,32542,33543,1192,1419
2022,5,202205,강원,양구군,8480,8591,338,416
2022,5,202205,강원,양양군,11735,11974,439,500
2022,5,202205,강원,영월군,14568,14831,715,847
2022,5,202205,강원,원주시,150727,153553,4754,5421
2022,5,202205,강원,인제군,13779,13972,537,643
2022,5,202205,강원,정선군,13969,14283,623,779
2022,5,202205,강원,철원군,16605,16797,772,867
2022,5,202205,강원,춘천시,115625,118516,3381,4289
2022,5,202205,강원,태백시,15768,16237,679,892
2022,5,202205,강원,평창군,16804,17167,819,970
2022,5,202205,강원,홍천군,26666,27024,1341,1736
2022,5,202205,강원,화천군,9639,9763,343,451
2022,5,202205,강원,횡성군,18302,18849,911,1035
2022,5,202205,경기,가평군,23962,24272,1241,1473
2022,5,202205,경기,고양시,378378,385329,9802,11773
2022,5,202205,경기,과천시,26642,27421,578,721
2022,5,202205,경기,광명시,87343,89177,2724,3253
2022,5,202205,경기,광주시,162671,163709,5419,8134
2022,5,202205,경기,구리시,59898,61053,1829,2192
2022,5,202205,경기,군포시,86927,87879,2452,2693
2022,5,202205,경기,김포시,195418,197773,5721,7328
2022,5,202205,경기,남양주시,259817,262110,8386,9657
2022,5,202205,경기,동두천시,32010,32852,1418,1525
2022,5,202205,경기,부천시,252987,258583,8861,10227
2022,5,202205,경기,성남시,304519,311827,7629,9590
2022,5,202205,경기,수원시,471555,480776,13303,16088
2022,5,202205,경기,시흥시,212478,214442,6952,7525
2022,5,202205,경기,안산시,253597,258530,9978,11979
2022,5,202205,경기,안성시,86869,87763,3333,3889
2022,5,202205,경기,안양시,181157,184971,5023,6710
2022,5,202205,경기,양주시,90923,91707,3865,4415
2022,5,202205,경기,양평군,49035,49641,1856,2647
2022,5,202205,경기,여주시,48953,49532,2170,2975
2022,5,202205,경기,연천군,17115,17316,802,996
2022,5,202205,경기,오산시,96571,97813,3083,3656
2022,5,202205,경기,용인시,427386,432971,10197,12594
2022,5,202205,경기,의왕시,58266,58817,1495,1716
2022,5,202205,경기,의정부시,145298,147665,5046,5726
2022,5,202205,경기,이천시,96091,97223,3637,4343
2022,5,202205,경기,파주시,192926,195608,5978,8638
2022,5,202205,경기,평택시,262075,265841,8400,10489
2022,5,202205,경기,포천시,64930,70301,3123,3957
2022,5,202205,경기,하남시,116276,117212,2870,3280
2022,5,202205,경기,화성시,401965,405262,11018,13903
2022,5,202205,경남,거제시,91758,92897,3121,3705
2022,5,202205,경남,거창군,22844,23125,896,1127
2022,5,202205,경남,고성군,18716,18991,772,901
2022,5,202205,경남,김해시,231854,234400,6777,7507
2022,5,202205,경남,남해군,13619,13872,579,744
2022,5,202205,경남,밀양시,41570,42175,1484,1762
2022,5,202205,경남,사천시,45031,45817,1585,1899
2022,5,202205,경남,산청군,12863,13053,528,639
2022,5,202205,경남,양산시,142945,144310,4463,5372
2022,5,202205,경남,의령군,9970,10097,430,524
2022,5,202205,경남,진주시,137884,140809,3613,4824
2022,5,202205,경남,창녕군,24651,24904,1115,1289
2022,5,202205,경남,창원시,492059,549076,11065,14079
2022,5,202205,경남,통영시,41975,42827,1849,2186
2022,5,202205,경남,하동군,15916,16075,578,682
2022,5,202205,경남,함안군,32316,58464,1161,1546
2022,5,202205,경남,함양군,12871,13086,521,660
2022,5,202205,경남,합천군,15089,15274,628,756
2022,5,202205,경북,경산시,115052,116182,3222,3692
2022,5,202205,경북,경주시,113934,115849,3974,4684
2022,5,202205,경북,고령군,13502,13599,677,764
2022,5,202205,경북,구미시,184152,186865,5462,6365
2022,5,202205,경북,군위군,9723,9802,406,463
2022,5,202205,경북,김천시,56459,57247,2162,2497
2022,5,202205,경북,문경시,26879,27394,1281,1459
2022,5,202205,경북,봉화군,10876,11026,451,530
2022,5,202205,경북,상주시,35165,35711,1691,2042
2022,5,202205,경북,성주군,19375,19589,838,920
2022,5,202205,경북,안동시,61800,63034,2243,2763
2022,5,202205,경북,영덕군,12421,12618,639,738
2022,5,202205,경북,영양군,5865,5954,284,344
2022,5,202205,경북,영주시,39808,40437,1708,1931
2022,5,202205,경북,영천시,43037,43615,1797,2131
2022,5,202205,경북,예천군,21735,22018,755,892
2022,5,202205,경북,울릉군,3810,4265,245,456
2022,5,202205,경북,울진군,19268,19530,676,820
2022,5,202205,경북,의성군,18673,18846,893,1057
2022,5,202205,경북,청도군,17001,17225,670,760
2022,5,202205,경북,청송군,9646,9744,450,557
2022,5,202205,경북,칠곡군,54852,55273,1947,2420
2022,5,202205,경북,포항시,223533,227178,6399,7669
2022,5,202205,광주,광산구,167499,171726,4642,5224
2022,5,202205,광주,남구,81834,82989,2087,2614
2022,5,202205,광주,동구,38262,38771,1065,1274
2022,5,202205,광주,북구,164492,169241,4291,5458
2022,5,202205,광주,서구,123802,128425,3312,3813
2022,5,202205,대구,남구,46959,47985,1418,1709
2022,5,202205,대구,달서구,237421,245659,5176,6008
2022,5,202205,대구,달성군,114636,116448,3119,3735
2022,5,202205,대구,동구,133722,139507,3506,4333
2022,5,202205,대구,북구,170754,173353,4154,4833
2022,5,202205,대구,서구,54903,57843,1787,2048
2022,5,202205,대구,수성구,190334,193166,3307,4146
2022,5,202205,대구,중구,53616,55358,999,1425
2022,5,202205,대전,대덕구,70932,73597,2424,3022
2022,5,202205,대전,동구,75153,77866,2677,3115
2022,5,202205,대전,서구,184016,190102,4663,5258
2022,5,202205,대전,유성구,163458,166003,3392,3821
2022,5,202205,대전,중구,80663,83313,2759,3411
2022,5,202205,부산,강서구,65258,67067,1812,2059
2022,5,202205,부산,금정구,67225,69987,2312,3172
2022,5,202205,부산,기장군,68499,69393,2223,2824
2022,5,202205,부산,남구,79541,82763,2289,2783
2022,5,202205,부산,동구,50761,52870,929,1157
2022,5,202205,부산,동래구,83645,85295,2160,2527
2022,5,202205,부산,부산진구,106393,124696,3010,3566
2022,5,202205,부산,북구,87031,88671,2420,2805
2022,5,202205,부산,사상구,65962,68750,2320,2698
2022,5,202205,부산,사하구,91675,95454,2942,3334
2022,5,202205,부산,서구,24293,24755,975,1031
2022,5,202205,부산,수영구,58520,101278,1536,2479
2022,5,202205,부산,연제구,84574,94600,1798,2824
2022,5,202205,부산,영도구,26128,27517,1044,1392
2022,5,202205,부산,중구,28451,28707,515,584
2022,5,202205,부산,해운대구,149066,163059,3460,3813
2022,5,202205,서울,강남구,205571,225010,4224,4885
2022,5,202205,서울,강동구,127075,132265,3665,4417
2022,5,202205,서울,강북구,60699,62932,2474,3255
2022,5,202205,서울,강서구,166816,178686,4826,6257
2022,5,202205,서울,관악구,99150,102370,3506,3861
2022,5,202205,서울,광진구,80294,83771,2461,2884
2022,5,202205,서울,구로구,113156,123340,4625,5267
2022,5,202205,서울,금천구,70232,73681,3081,3585
2022,5,202205,서울,노원구,128902,134583,3836,4739
2022,5,202205,서울,도봉구,76745,81527,2709,3335
2022,5,202205,서울,동대문구,80472,83059,2954,3152
2022,5,202205,서울,동작구,93803,95107,2577,2766
2022,5,202205,서울,마포구,101090,105625,2860,3551
2022,5,202205,서울,서대문구,75200,78483,2275,2780
2022,5,202205,서울,서초구,150804,156107,3256,4113
2022,5,202205,서울,성동구,82808,91851,2135,3050
2022,5,202205,서울,성북구,104784,107015,3227,4401
2022,5,202205,서울,송파구,205123,212147,4549,6292
2022,5,202205,서울,양천구,127239,131786,3493,4309
2022,5,202205,서울,영등포구,117120,120897,4173,4398
2022,5,202205,서울,용산구,65446,66575,2036,2149
2022,5,202205,서울,은평구,112777,117008,3562,4356
2022,5,202205,서울,종로구,38876,41789,1597,3540
2022,5,202205,서울,중구,46190,49255,1893,2911
2022,5,202205,서울,중랑구,89938,95778,3548,4128
2022,5,202205,세종,세종시,166635,167905,3627,4308
2022,5,202205,울산,남구,134683,138221,2896,3613
2022,5,202205,울산,동구,55917,56661,1320,1505
2022,5,202205,울산,북구,105272,106750,2250,2566
2022,5,202205,울산,울주군,103318,104907,2742,3510
2022,5,202205,울산,중구,87719,88995,2027,2439
2022,5,202205,인천,강화군,26052,35966,1208,2209
2022,5,202205,인천,계양구,95598,270201,3646,6323
2022,5,202205,인천,남동구,211491,251433,5902,7605
2022,5,202205,인천,동구,19100,19810,886,987
2022,5,202205,인천,미추홀구,138714,142434,4607,4826
2022,5,202205,인천,부평구,197077,228347,5206,6463
2022,5,202205,인천,서구,233011,238758,6769,8030
2022,5,202205,인천,연수구,186041,190853,3435,4206
2022,5,202205,인천,옹진군,8336,8498,515,619
2022,5,202205,인천,중구,59652,60466,1932,2739
2022,5,202205,전남,강진군,11725,11963,567,729
2022,5,202205,전남,고흥군,19513,19796,1115,1305
2022,5,202205,전남,곡성군,9853,10058,437,540
2022,5,202205,전남,광양시,69968,70721,2264,2615
2022,5,202205,전남,구례군,8911,9413,443,538
2022,5,202205,전남,나주시,49342,50309,1945,2441
2022,5,202205,전남,담양군,19125,19520,833,1129
2022,5,202205,전남,목포시,79099,81563,2930,3477
2022,5,202205,전남,무안군,37322,37660,1564,1811
2022,5,202205,전남,보성군,13331,15966,751,1000
2022,5,202205,전남,순천시,117330,119335,3245,4036
2022,5,202205,전남,신안군,12459,100663,641,2594
2022,5,202205,전남,여수시,108304,110901,3558,4395
2022,5,202205,전남,영광군,19638,19851,820,951
2022,5,202205,전남,영암군,22497,23546,1257,1458
2022,5,202205,전남,완도군,15521,15849,741,903
2022,5,202205,전남,장성군,18326,18670,795,913
2022,5,202205,전남,장흥군,12725,12893,604,724
2022,5,202205,전남,진도군,10521,10684,573,676
2022,5,202205,전남,함평군,11482,42053,552,1130
2022,5,202205,전남,해남군,23346,68433,1646,2493
2022,5,202205,전남,화순군,24573,25143,997,2021
2022,5,202205,전북,고창군,19105,19394,1359,1514
2022,5,202205,전북,군산시,110670,113014,3430,4096
2022,5,202205,전북,김제시,31363,32218,1546,1786
2022,5,202205,전북,남원시,27820,30369,1248,1558
2022,5,202205,전북,무주군,8417,8541,458,551
2022,5,202205,전북,부안군,18248,18522,906,1094
2022,5,202205,전북,순창군,9446,9570,423,505
2022,5,202205,전북,완주군,39126,39498,1645,2195
2022,5,202205,전북,익산시,109287,111392,4308,4925
2022,5,202205,전북,임실군,9310,9434,441,551
2022,5,202205,전북,장수군,7640,7740,369,433
2022,5,202205,전북,전주시,285080,290656,7316,9141
2022,5,202205,전북,정읍시,38817,41456,1706,2006
2022,5,202205,전북,진안군,9067,9201,450,590
2022,5,202205,제주,서귀포시,75563,76801,3142,3438
2022,5,202205,제주,제주시,235799,493628,7623,14561
2022,5,202205,충남,계룡시,20532,20656,636,776
2022,5,202205,충남,공주시,40550,42313,1699,2167
2022,5,202205,충남,금산군,19274,20435,1075,1386
2022,5,202205,충남,논산시,44192,45181,2180,2643
2022,5,202205,충남,당진시,77554,78346,2593,3020
2022,5,202205,충남,보령시,38892,39531,1488,1740
2022,5,202205,충남,부여군,22252,22723,1203,1615
2022,5,202205,충남,서산시,76756,77790,2705,3290
2022,5,202205,충남,서천군,18965,19191,783,938
2022,5,202205,충남,아산시,150716,153642,5081,5769
2022,5,202205,충남,예산군,31019,31436,1431,1850
2022,5,202205,충남,천안시,286056,290198,8965,10679
2022,5,202205,충남,청양군,10804,10944,507,625
2022,5,202205,충남,태안군,23496,23764,1058,1183
2022,5,202205,충남,홍성군,39978,40467,1501,1813
2022,5,202205,충북,괴산군,14806,14961,822,924
2022,5,202205,충북,단양군,10447,10631,484,596
2022,5,202205,충북,보은군,11555,11757,650,793
2022,5,202205,충북,영동군,16554,16759,745,890
2022,5,202205,충북,옥천군,19273,19682,866,1018
2022,5,202205,충북,음성군,44337,44706,2251,2524
2022,5,202205,충북,제천시,52633,53475,1879,2132
2022,5,202205,충북,증평군,16127,16299,613,671
2022,5,202205,충북,진천군,41358,41666,1593,1743
2022,5,202205,충북,청주시,372891,382607,10453,13271
2022,5,202205,충북,충주시,89455,94829,3098,3658
2022,6,202206,강원,강릉시,90090,92670,2839,3478
2022,6,202206,강원,고성군,11069,11198,496,579
2022,6,202206,강원,동해시,38119,38872,1347,1577
2022,6,202206,강원,삼척시,25297,25854,918,1150
2022,6,202206,강원,속초시,32668,33670,1188,1415
2022,6,202206,강원,양구군,8502,8611,335,413
2022,6,202206,강원,양양군,11771,12011,441,503
2022,6,202206,강원,영월군,14604,14878,713,848
2022,6,202206,강원,원주시,151262,154083,4738,5403
2022,6,202206,강원,인제군,13813,14003,538,644
2022,6,202206,강원,정선군,14005,14318,618,778
2022,6,202206,강원,철원군,16641,16833,770,865
2022,6,202206,강원,춘천시,115916,118807,3382,4294
2022,6,202206,강원,태백시,15748,16220,674,889
2022,6,202206,강원,평창군,16811,17183,817,968
2022,6,202206,강원,홍천군,26760,27114,1333,1729
2022,6,202206,강원,화천군,9638,9762,334,442
2022,6,202206,강원,횡성군,18346,18900,907,1032
2022,6,202206,경기,가평군,24040,24346,1236,1469
2022,6,202206,경기,고양시,379082,386110,9761,11743
2022,6,202206,경기,과천시,26738,27519,577,724
2022,6,202206,경기,광명시,87547,89362,2703,3239
2022,6,202206,경기,광주시,163063,164099,5410,8141
2022,6,202206,경기,구리시,59924,61075,1818,2185
2022,6,202206,경기,군포시,87095,88044,2435,2687
2022,6,202206,경기,김포시,195716,198108,5712,7330
2022,6,202206,경기,남양주시,260502,262814,8358,9633
2022,6,202206,경기,동두천시,32007,32852,1414,1521
2022,6,202206,경기,부천시,253310,258907,8808,10195
2022,6,202206,경기,성남시,305002,312349,7597,9554
2022,6,202206,경기,수원시,472321,481592,13235,16031
2022,6,202206,경기,시흥시,213314,215287,6923,7489
2022,6,202206,경기,안산시,254045,258960,9925,11903
2022,6,202206,경기,안성시,87051,87959,3324,3882
2022,6,202206,경기,안양시,181437,185231,4978,6672
2022,6,202206,경기,양주시,91532,92347,3845,4394
2022,6,202206,경기,양평군,49160,49764,1842,2624
2022,6,202206,경기,여주시,49168,49738,2168,2978
2022,6,202206,경기,연천군,17155,17356,805,997
2022,6,202206,경기,오산시,96871,98107,3057,3642
2022,6,202206,경기,용인시,428465,434090,10155,12552
2022,6,202206,경기,의왕시,58314,58862,1482,1695
2022,6,202206,경기,의정부시,145597,148084,5014,5700
2022,6,202206,경기,이천시,96317,97452,3621,4332
2022,6,202206,경기,파주시,193805,196466,6003,8674
2022,6,202206,경기,평택시,263192,266984,8399,10510
2022,6,202206,경기,포천시,65151,70349,3125,3955
2022,6,202206,경기,하남시,116565,117565,2852,3266
2022,6,202206,경기,화성시,403227,406535,11017,13904
2022,6,202206,경남,거제시,91850,92981,3117,3696
2022,6,202206,경남,거창군,22888,23166,900,1130
2022,6,202206,경남,고성군,18795,19069,769,901
2022,6,202206,경남,김해시,232340,234878,6769,7495
2022,6,202206,경남,남해군,13642,13895,580,747
2022,6,202206,경남,밀양시,41611,42211,1490,1770
2022,6,202206,경남,사천시,45216,45996,1574,1886
2022,6,202206,경남,산청군,12863,13054,529,640
2022,6,202206,경남,양산시,143543,144923,4449,5348
2022,6,202206,경남,의령군,9976,10101,432,526
2022,6,202206,경남,진주시,138233,141147,3608,4821
2022,6,202206,경남,창녕군,24650,24903,1103,1277
2022,6,202206,경남,창원시,493300,550711,10982,13992
2022,6,202206,경남,통영시,41990,42846,1831,2168
2022,6,202206,경남,하동군,15909,16067,569,673
2022,6,202206,경남,함안군,32280,59849,1148,1539
2022,6,202206,경남,함양군,12893,13109,515,654
2022,6,202206,경남,합천군,15120,15306,627,754
2022,6,202206,경북,경산시,115143,116273,3234,3714
2022,6,202206,경북,경주시,113980,115900,3974,4684
2022,6,202206,경북,고령군,13503,13601,678,766
2022,6,202206,경북,구미시,184312,187025,5442,6347
2022,6,202206,경북,군위군,9740,9819,405,461
2022,6,202206,경북,김천시,56511,57293,2158,2489
2022,6,202206,경북,문경시,26802,27315,1277,1454
2022,6,202206,경북,봉화군,10899,11050,453,535
2022,6,202206,경북,상주시,35229,35775,1684,2033
2022,6,202206,경북,성주군,19414,19629,839,922
2022,6,202206,경북,안동시,61925,63161,2242,2773
2022,6,202206,경북,영덕군,12424,12618,635,734
2022,6,202206,경북,영양군,5854,5943,285,345
2022,6,202206,경북,영주시,39902,40534,1696,1923
2022,6,202206,경북,영천시,43119,43690,1802,2134
2022,6,202206,경북,예천군,21794,22076,755,894
2022,6,202206,경북,울릉군,3847,4309,250,461
2022,6,202206,경북,울진군,19316,19579,679,820
2022,6,202206,경북,의성군,18673,18846,889,1054
2022,6,202206,경북,청도군,17020,17244,661,750
2022,6,202206,경북,청송군,9665,9763,449,557
2022,6,202206,경북,칠곡군,54917,55336,1945,2422
2022,6,202206,경북,포항시,223793,227436,6351,7619
2022,6,202206,광주,광산구,167887,172131,4637,5223
2022,6,202206,광주,남구,82018,83103,2087,2586
2022,6,202206,광주,동구,38515,39022,1068,1277
2022,6,202206,광주,북구,164732,169427,4254,5420
2022,6,202206,광주,서구,123858,128549,3258,3770
2022,6,202206,대구,남구,46960,47987,1404,1697
2022,6,202206,대구,달서구,237790,245909,5179,6010
2022,6,202206,대구,달성군,114978,116825,3123,3739
2022,6,202206,대구,동구,134012,139874,3488,4325
2022,6,202206,대구,북구,170575,173170,4129,4810
2022,6,202206,대구,서구,54987,57994,1783,2046
2022,6,202206,대구,수성구,191141,193945,3285,4125
2022,6,202206,대구,중구,53672,55449,1006,1434
2022,6,202206,대전,대덕구,71029,73703,2420,3015
2022,6,202206,대전,동구,75394,78108,2667,3109
2022,6,202206,대전,서구,183902,190026,4642,5242
2022,6,202206,대전,유성구,163782,166330,3372,3806
2022,6,202206,대전,중구,81039,83676,2743,3397
2022,6,202206,부산,강서구,65411,67217,1812,2062
2022,6,202206,부산,금정구,67261,70022,2293,3155
2022,6,202206,부산,기장군,69057,69956,2218,2816
2022,6,202206,부산,남구,79555,82721,2279,2769
2022,6,202206,부산,동구,51078,53204,923,1152
2022,6,202206,부산,동래구,83936,85588,2147,2513
2022,6,202206,부산,부산진구,106514,125208,3005,3564
2022,6,202206,부산,북구,87093,88737,2412,2799
2022,6,202206,부산,사상구,66041,68819,2337,2717
2022,6,202206,부산,사하구,91760,95544,2938,3328
2022,6,202206,부산,서구,24611,25078,976,1032
2022,6,202206,부산,수영구,58412,102130,1512,2468
2022,6,202206,부산,연제구,85030,95339,1776,2807
2022,6,202206,부산,영도구,26218,27610,1044,1391
2022,6,202206,부산,중구,28444,28700,514,581
2022,6,202206,부산,해운대구,148931,162699,3457,3812
2022,6,202206,서울,강남구,206034,226229,4245,4911
2022,6,202206,서울,강동구,127247,132444,3661,4439
2022,6,202206,서울,강북구,60838,63084,2456,3237
2022,6,202206,서울,강서구,167289,178772,4811,6255
2022,6,202206,서울,관악구,99230,102445,3472,3826
2022,6,202206,서울,광진구,80360,83886,2447,2868
2022,6,202206,서울,구로구,113171,123365,4623,5262
2022,6,202206,서울,금천구,70400,73844,3083,3588
2022,6,202206,서울,노원구,129023,134702,3810,4711
2022,6,202206,서울,도봉구,76786,81562,2698,3325
2022,6,202206,서울,동대문구,80466,82815,2947,3144
2022,6,202206,서울,동작구,93873,95162,2563,2751
2022,6,202206,서울,마포구,100920,105514,2849,3541
2022,6,202206,서울,서대문구,75266,78561,2263,2776
2022,6,202206,서울,서초구,150682,156051,3232,4088
2022,6,202206,서울,성동구,82825,91842,2127,3070
2022,6,202206,서울,성북구,104927,107160,3201,4377
2022,6,202206,서울,송파구,205376,212478,4521,6270
2022,6,202206,서울,양천구,127248,131826,3463,4282
2022,6,202206,서울,영등포구,117261,121036,4139,4365
2022,6,202206,서울,용산구,65519,66879,2011,2125
2022,6,202206,서울,은평구,112936,117160,3545,4341
2022,6,202206,서울,종로구,38900,41663,1587,3580
2022,6,202206,서울,중구,45842,48848,1887,2906
2022,6,202206,서울,중랑구,90129,95965,3526,4107
2022,6,202206,세종,세종시,167193,168539,3636,4327
2022,6,202206,울산,남구,134887,138417,2907,3641
2022,6,202206,울산,동구,55944,56686,1313,1498
2022,6,202206,울산,북구,105570,107050,2244,2561
2022,6,202206,울산,울주군,103459,105060,2740,3501
2022,6,202206,울산,중구,87648,88919,2025,2445
2022,6,202206,인천,강화군,26182,35582,1204,2168
2022,6,202206,인천,계양구,95645,269316,3611,6186
2022,6,202206,인천,남동구,211969,251611,5891,7597
2022,6,202206,인천,동구,18945,19672,884,986
2022,6,202206,인천,미추홀구,138988,142712,4610,4833
2022,6,202206,인천,부평구,198495,230567,5194,6456
2022,6,202206,인천,서구,234484,239972,6724,7977
2022,6,202206,인천,연수구,186542,191398,3412,4187
2022,6,202206,인천,옹진군,8376,8538,513,618
2022,6,202206,인천,중구,59996,60816,1938,2749
2022,6,202206,전남,강진군,11771,12008,567,729
2022,6,202206,전남,고흥군,19526,19809,1109,1293
2022,6,202206,전남,곡성군,9854,10059,441,543
2022,6,202206,전남,광양시,70225,70990,2271,2623
2022,6,202206,전남,구례군,8863,9378,441,536
2022,6,202206,전남,나주시,49363,50337,1948,2446
2022,6,202206,전남,담양군,19203,19601,830,1127
2022,6,202206,전남,목포시,79131,81605,2941,3490
2022,6,202206,전남,무안군,37428,37768,1562,1817
2022,6,202206,전남,보성군,13337,15549,753,990
2022,6,202206,전남,순천시,117533,119536,3220,4021
2022,6,202206,전남,신안군,12487,102775,635,2611
2022,6,202206,전남,여수시,108509,111106,3539,4378
2022,6,202206,전남,영광군,19746,19958,815,946
2022,6,202206,전남,영암군,22528,23399,1250,1450
2022,6,202206,전남,완도군,15536,15862,739,901
2022,6,202206,전남,장성군,18370,18727,789,905
2022,6,202206,전남,장흥군,12762,12932,599,720
2022,6,202206,전남,진도군,10518,10681,572,676
2022,6,202206,전남,함평군,11495,41203,553,1120
2022,6,202206,전남,해남군,23406,70772,1644,2546
2022,6,202206,전남,화순군,24588,25178,995,1982
2022,6,202206,전북,고창군,19142,19432,1357,1517
2022,6,202206,전북,군산시,110920,113261,3434,4103
2022,6,202206,전북,김제시,31442,32285,1539,1778
2022,6,202206,전북,남원시,27923,30340,1247,1554
2022,6,202206,전북,무주군,8408,8535,458,552
2022,6,202206,전북,부안군,18273,18547,911,1099
2022,6,202206,전북,순창군,9464,9588,423,505
2022,6,202206,전북,완주군,39202,39573,1640,2181
2022,6,202206,전북,익산시,109555,111651,4307,4925
2022,6,202206,전북,임실군,9283,9409,438,548
2022,6,202206,전북,장수군,7641,7745,372,436
2022,6,202206,전북,전주시,285774,291302,7303,9139
2022,6,202206,전북,정읍시,38933,41558,1702,2001
2022,6,202206,전북,진안군,9067,9202,447,589
2022,6,202206,제주,서귀포시,75524,76758,3124,3420
2022,6,202206,제주,제주시,236463,495027,7596,14508
2022,6,202206,충남,계룡시,20562,20688,634,772
2022,6,202206,충남,공주시,40596,42371,1694,2160
2022,6,202206,충남,금산군,19291,20458,1077,1390
2022,6,202206,충남,논산시,44289,45285,2181,2646
2022,6,202206,충남,당진시,77919,78706,2584,3006
2022,6,202206,충남,보령시,38940,39578,1474,1727
2022,6,202206,충남,부여군,22230,22696,1196,1605
2022,6,202206,충남,서산시,76886,77936,2694,3278
2022,6,202206,충남,서천군,18981,19205,783,938
2022,6,202206,충남,아산시,151575,154467,5080,5759
2022,6,202206,충남,예산군,31138,31547,1418,1843
2022,6,202206,충남,천안시,286751,290889,8957,10680
2022,6,202206,충남,청양군,10822,10961,508,626
2022,6,202206,충남,태안군,23540,23810,1068,1192
2022,6,202206,충남,홍성군,40031,40521,1503,1816
2022,6,202206,충북,괴산군,14788,14944,823,927
2022,6,202206,충북,단양군,10472,10666,495,612
2022,6,202206,충북,보은군,11554,11756,652,795
2022,6,202206,충북,영동군,16575,16778,733,878
2022,6,202206,충북,옥천군,19301,19704,858,1010
2022,6,202206,충북,음성군,44453,44825,2259,2539
2022,6,202206,충북,제천시,52766,53588,1872,2123
2022,6,202206,충북,증평군,16154,16322,613,671
2022,6,202206,충북,진천군,41583,41895,1590,1740
2022,6,202206,충북,청주시,373631,383333,10431,13245
2022,6,202206,충북,충주시,89637,95018,3079,3646
2022,7,202207,강원,강릉시,90296,92906,2829,3469
2022,7,202207,강원,고성군,11104,11234,495,578
2022,7,202207,강원,동해시,38257,39016,1332,1561
2022,7,202207,강원,삼척시,25357,25919,921,1156
2022,7,202207,강원,속초시,32896,33895,1178,1408
2022,7,202207,강원,양구군,8526,8639,334,412
2022,7,202207,강원,양양군,11789,12029,442,504
2022,7,202207,강원,영월군,14640,14912,711,848
2022,7,202207,강원,원주시,151811,154648,4733,5396
2022,7,202207,강원,인제군,13874,14056,538,644
2022,7,202207,강원,정선군,14022,14337,617,777
2022,7,202207,강원,철원군,16621,16812,773,868
2022,7,202207,강원,춘천시,116234,119124,3388,4300
2022,7,202207,강원,태백시,15741,16212,678,891
2022,7,202207,강원,평창군,16887,17277,818,969
2022,7,202207,강원,홍천군,26806,27160,1336,1733
2022,7,202207,강원,화천군,9611,9734,334,442
2022,7,202207,강원,횡성군,18412,18973,901,1027
2022,7,202207,경기,가평군,24104,24404,1238,1471
2022,7,202207,경기,고양시,379730,386845,9747,11710
2022,7,202207,경기,과천시,26860,27642,561,709
2022,7,202207,경기,광명시,87771,89575,2694,3229
2022,7,202207,경기,광주시,163356,164389,5391,8135
2022,7,202207,경기,구리시,60041,61192,1805,2172
2022,7,202207,경기,군포시,87262,88214,2426,2671
2022,7,202207,경기,김포시,195882,198319,5666,7297
2022,7,202207,경기,남양주시,261201,263524,8319,9592
2022,7,202207,경기,동두천시,32034,32886,1412,1522
2022,7,202207,경기,부천시,253344,259049,8723,10113
2022,7,202207,경기,성남시,305422,312930,7575,9521
2022,7,202207,경기,수원시,473806,483135,13147,15936
2022,7,202207,경기,시흥시,213741,215711,6919,7487
2022,7,202207,경기,안산시,254346,259320,9930,11898
2022,7,202207,경기,안성시,87483,88387,3328,3891
2022,7,202207,경기,안양시,181812,185615,4948,6628
2022,7,202207,경기,양주시,92069,92889,3862,4402
2022,7,202207,경기,양평군,49325,49939,1866,2647
2022,7,202207,경기,여주시,49275,49834,2153,2953
2022,7,202207,경기,연천군,17168,17363,807,999
2022,7,202207,경기,오산시,97051,98289,3045,3631
2022,7,202207,경기,용인시,429523,435259,10112,12467
2022,7,202207,경기,의왕시,58399,58945,1479,1693
2022,7,202207,경기,의정부시,145867,148396,4956,5646
2022,7,202207,경기,이천시,96680,97807,3614,4331
2022,7,202207,경기,파주시,194574,197224,5972,8623
2022,7,202207,경기,평택시,264401,268219,8395,10531
2022,7,202207,경기,포천시,65222,70264,3122,3966
2022,7,202207,경기,하남시,116792,117838,2840,3257
2022,7,202207,경기,화성시,404926,408300,11032,13976
2022,7,202207,경남,거제시,91957,93088,3103,3684
2022,7,202207,경남,거창군,22961,23241,899,1131
2022,7,202207,경남,고성군,18898,19170,775,907
2022,7,202207,경남,김해시,232830,235380,6723,7448
2022,7,202207,경남,남해군,13679,13932,575,743
2022,7,202207,경남,밀양시,41723,42322,1481,1761
2022,7,202207,경남,사천시,45393,46162,1561,1871
2022,7,202207,경남,산청군,12920,13077,523,634
2022,7,202207,경남,양산시,143776,145156,4425,5327
2022,7,202207,경남,의령군,10024,10147,431,524
2022,7,202207,경남,진주시,138430,141333,3589,4797
2022,7,202207,경남,창녕군,24651,24904,1104,1278
2022,7,202207,경남,창원시,495039,553149,10966,13984
2022,7,202207,경남,통영시,42090,42944,1831,2167
2022,7,202207,경남,하동군,15926,16082,567,670
2022,7,202207,경남,함안군,32185,62487,1148,1527
2022,7,202207,경남,함양군,12923,13140,513,653
2022,7,202207,경남,합천군,15164,15350,630,757
2022,7,202207,경북,경산시,115515,116611,3234,3709
2022,7,202207,경북,경주시,114337,116245,3983,4691
2022,7,202207,경북,고령군,13567,13665,678,767
2022,7,202207,경북,구미시,184526,187263,5422,6322
2022,7,202207,경북,군위군,9767,9846,404,460
2022,7,202207,경북,김천시,56646,57427,2172,2506
2022,7,202207,경북,문경시,26749,27264,1273,1449
2022,7,202207,경북,봉화군,10898,11054,453,540
2022,7,202207,경북,상주시,35351,35892,1676,2026
2022,7,202207,경북,성주군,19459,19672,836,922
2022,7,202207,경북,안동시,62079,63303,2232,2756
2022,7,202207,경북,영덕군,12437,12625,635,734
2022,7,202207,경북,영양군,5862,5951,286,347
2022,7,202207,경북,영주시,39993,40618,1696,1918
2022,7,202207,경북,영천시,43218,43792,1790,2118
2022,7,202207,경북,예천군,21849,22133,756,895
2022,7,202207,경북,울릉군,3876,4343,257,472
2022,7,202207,경북,울진군,19416,19661,680,819
2022,7,202207,경북,의성군,18710,18883,893,1059
2022,7,202207,경북,청도군,17087,17314,658,748
2022,7,202207,경북,청송군,9638,9741,451,563
2022,7,202207,경북,칠곡군,55039,55460,1954,2431
2022,7,202207,경북,포항시,224160,227850,6315,7588
2022,7,202207,광주,광산구,168243,172532,4634,5225
2022,7,202207,광주,남구,82069,83156,2083,2579
2022,7,202207,광주,동구,38708,39206,1065,1274
2022,7,202207,광주,북구,165059,169812,4249,5415
2022,7,202207,광주,서구,124158,128857,3238,3751
2022,7,202207,대구,남구,47173,48211,1396,1688
2022,7,202207,대구,달서구,238577,246842,5145,5979
2022,7,202207,대구,달성군,115301,117157,3121,3736
2022,7,202207,대구,동구,134306,140322,3480,4317
2022,7,202207,대구,북구,170560,173177,4106,4787
2022,7,202207,대구,서구,55436,58387,1766,2028
2022,7,202207,대구,수성구,191427,194229,3266,4105
2022,7,202207,대구,중구,53580,55546,1008,1435
2022,7,202207,대전,대덕구,71222,73955,2417,3014
2022,7,202207,대전,동구,75496,78238,2643,3082
2022,7,202207,대전,서구,184228,190597,4618,5218
2022,7,202207,대전,유성구,164251,166850,3366,3800
2022,7,202207,대전,중구,81424,84070,2721,3374
2022,7,202207,부산,강서구,65556,67347,1807,2058
2022,7,202207,부산,금정구,67229,69983,2279,3142
2022,7,202207,부산,기장군,69291,70186,2221,2824
2022,7,202207,부산,남구,79528,82718,2260,2753
2022,7,202207,부산,동구,51252,53367,926,1152
2022,7,202207,부산,동래구,84216,85862,2148,2515
2022,7,202207,부산,부산진구,106832,125574,2983,3542
2022,7,202207,부산,북구,87181,88821,2398,2784
2022,7,202207,부산,사상구,66007,68807,2321,2701
2022,7,202207,부산,사하구,91769,95471,2924,3312
2022,7,202207,부산,서구,24953,25421,983,1039
2022,7,202207,부산,수영구,58313,103063,1511,2466
2022,7,202207,부산,연제구,85326,95403,1773,2803
2022,7,202207,부산,영도구,26315,27688,1039,1386
2022,7,202207,부산,중구,28287,28543,513,586
2022,7,202207,부산,해운대구,148849,162401,3465,3816
2022,7,202207,서울,강남구,206221,226465,4216,4877
2022,7,202207,서울,강동구,127450,132652,3641,4420
2022,7,202207,서울,강북구,60967,63218,2450,3232
2022,7,202207,서울,강서구,167483,178998,4776,6211
2022,7,202207,서울,관악구,99274,102495,3468,3821
2022,7,202207,서울,광진구,80443,84015,2442,2861
2022,7,202207,서울,구로구,113229,123423,4575,5214
2022,7,202207,서울,금천구,70658,74110,3062,3564
2022,7,202207,서울,노원구,129077,134740,3806,4707
2022,7,202207,서울,도봉구,76882,81677,2681,3308
2022,7,202207,서울,동대문구,80586,82944,2943,3138
2022,7,202207,서울,동작구,93970,95258,2548,2734
2022,7,202207,서울,마포구,100939,105621,2824,3535
2022,7,202207,서울,서대문구,75359,78655,2241,2757
2022,7,202207,서울,서초구,150800,156045,3218,4095
2022,7,202207,서울,성동구,82853,91762,2115,3062
2022,7,202207,서울,성북구,105123,107355,3198,4370
2022,7,202207,서울,송파구,205778,212981,4516,6271
2022,7,202207,서울,양천구,127526,132102,3452,4268
2022,7,202207,서울,영등포구,117576,121356,4131,4355
2022,7,202207,서울,용산구,65406,66767,2009,2129
2022,7,202207,서울,은평구,113092,117317,3533,4328
2022,7,202207,서울,종로구,38956,41594,1587,3603
2022,7,202207,서울,중구,45561,48520,1880,2892
2022,7,202207,서울,중랑구,90292,96169,3512,4093
2022,7,202207,세종,세종시,167833,169193,3622,4324
2022,7,202207,울산,남구,135049,138211,2895,3633
2022,7,202207,울산,동구,55997,56745,1304,1490
2022,7,202207,울산,북구,105697,107207,2244,2561
2022,7,202207,울산,울주군,103629,105205,2739,3501
2022,7,202207,울산,중구,87674,88935,2010,2429
2022,7,202207,인천,강화군,26242,35167,1204,2143
2022,7,202207,인천,계양구,95614,268476,3592,6164
2022,7,202207,인천,남동구,212316,251745,5876,7576
2022,7,202207,인천,동구,18959,19717,865,973
2022,7,202207,인천,미추홀구,139229,142938,4572,4796
2022,7,202207,인천,부평구,200060,233191,5198,6357
2022,7,202207,인천,서구,236774,242064,6751,8108
2022,7,202207,인천,연수구,186814,191709,3412,4190
2022,7,202207,인천,옹진군,8416,8579,517,621
2022,7,202207,인천,중구,60378,61221,1937,2739
2022,7,202207,전남,강진군,11837,12085,567,718
2022,7,202207,전남,고흥군,19555,19841,1105,1288
2022,7,202207,전남,곡성군,9900,10102,442,544
2022,7,202207,전남,광양시,70527,71310,2285,2637
2022,7,202207,전남,구례군,8860,9366,441,536
2022,7,202207,전남,나주시,49454,50420,1954,2452
2022,7,202207,전남,담양군,19247,19646,829,1136
2022,7,202207,전남,목포시,79335,81821,2925,3474
2022,7,202207,전남,무안군,37560,37900,1561,1815
2022,7,202207,전남,보성군,13353,15374,753,978
2022,7,202207,전남,순천시,117900,119887,3196,3985
2022,7,202207,전남,신안군,12532,105055,638,2645
2022,7,202207,전남,여수시,108854,111481,3523,4359
2022,7,202207,전남,영광군,19884,20098,820,951
2022,7,202207,전남,영암군,22551,23215,1236,1434
2022,7,202207,전남,완도군,15555,15882,730,893
2022,7,202207,전남,장성군,18465,18789,788,901
2022,7,202207,전남,장흥군,12790,12961,601,724
2022,7,202207,전남,진도군,10536,10706,566,668
2022,7,202207,전남,함평군,11523,40298,555,1111
2022,7,202207,전남,해남군,23457,72998,1652,2638
2022,7,202207,전남,화순군,24612,25144,996,1969
2022,7,202207,전북,고창군,19200,19497,1362,1521
2022,7,202207,전북,군산시,111164,113499,3412,4084
2022,7,202207,전북,김제시,31497,32336,1542,1783
2022,7,202207,전북,남원시,27955,30237,1248,1551
2022,7,202207,전북,무주군,8439,8567,462,555
2022,7,202207,전북,부안군,18272,18546,911,1099
2022,7,202207,전북,순창군,9490,9616,420,502
2022,7,202207,전북,완주군,39600,39971,1649,2189
2022,7,202207,전북,익산시,109654,111753,4301,4921
2022,7,202207,전북,임실군,9281,9407,442,556
2022,7,202207,전북,장수군,7639,7746,373,437
2022,7,202207,전북,전주시,286095,291649,7256,9096
2022,7,202207,전북,정읍시,39039,41623,1700,2000
2022,7,202207,전북,진안군,9099,9235,446,588
2022,7,202207,제주,서귀포시,75696,76932,3126,3424
2022,7,202207,제주,제주시,237480,497660,7575,14480
2022,7,202207,충남,계룡시,20582,20708,628,769
2022,7,202207,충남,공주시,40730,42536,1712,2174
2022,7,202207,충남,금산군,19330,20542,1075,1389
2022,7,202207,충남,논산시,44346,45353,2173,2637
2022,7,202207,충남,당진시,78252,79034,2577,2995
2022,7,202207,충남,보령시,38979,39621,1467,1718
2022,7,202207,충남,부여군,22330,22792,1193,1601
2022,7,202207,충남,서산시,77121,78200,2692,3276
2022,7,202207,충남,서천군,19014,19241,775,929
2022,7,202207,충남,아산시,152342,155272,5062,5739
2022,7,202207,충남,예산군,31256,31663,1422,1844
2022,7,202207,충남,천안시,287670,291803,8930,10658
2022,7,202207,충남,청양군,10827,10965,514,634
2022,7,202207,충남,태안군,23624,23895,1067,1190
2022,7,202207,충남,홍성군,40165,40655,1501,1811
2022,7,202207,충북,괴산군,14799,14953,820,925
2022,7,202207,충북,단양군,10489,10687,490,607
2022,7,202207,충북,보은군,11590,11792,647,790
2022,7,202207,충북,영동군,16645,16850,736,881
2022,7,202207,충북,옥천군,19371,19775,856,1008
2022,7,202207,충북,음성군,44673,45047,2253,2532
2022,7,202207,충북,제천시,52900,53722,1871,2120
2022,7,202207,충북,증평군,16242,16412,613,671
2022,7,202207,충북,진천군,41712,42027,1597,1749
2022,7,202207,충북,청주시,374673,384507,10396,13209
2022,7,202207,충북,충주시,89839,95283,3095,3660
2022,8,202208,강원,강릉시,90448,93061,2817,3454
2022,8,202208,강원,고성군,11118,11250,488,573
2022,8,202208,강원,동해시,38348,39109,1340,1569
2022,8,202208,강원,삼척시,25365,25923,916,1146
2022,8,202208,강원,속초시,32964,33961,1174,1404
2022,8,202208,강원,양구군,8542,8655,331,413
2022,8,202208,강원,양양군,11862,12103,443,510
2022,8,202208,강원,영월군,14630,14906,711,847
2022,8,202208,강원,원주시,152267,155270,4708,5362
2022,8,202208,강원,인제군,13905,14082,532,638
2022,8,202208,강원,정선군,14055,14376,614,773
2022,8,202208,강원,철원군,16646,16837,767,862
2022,8,202208,강원,춘천시,116624,119513,3368,4251
2022,8,202208,강원,태백시,15737,16210,674,890
2022,8,202208,강원,평창군,16903,17310,827,982
2022,8,202208,강원,홍천군,26879,27235,1336,1733
2022,8,202208,강원,화천군,9606,9730,332,440
2022,8,202208,강원,횡성군,18433,19013,899,1032
2022,8,202208,경기,가평군,24136,24435,1221,1457
2022,8,202208,경기,고양시,380309,387538,9688,11612
2022,8,202208,경기,과천시,26916,27654,567,713
2022,8,202208,경기,광명시,87643,89371,2695,3222
2022,8,202208,경기,광주시,163846,164811,5394,8133
2022,8,202208,경기,구리시,60144,61284,1797,2163
2022,8,202208,경기,군포시,87299,88225,2427,2672
2022,8,202208,경기,김포시,195598,198064,5628,7295
2022,8,202208,경기,남양주시,261782,264117,8263,9535
2022,8,202208,경기,동두천시,32083,32930,1404,1515
2022,8,202208,경기,부천시,252755,258459,8660,10050
2022,8,202208,경기,성남시,305035,312537,7518,9462
2022,8,202208,경기,수원시,473214,482555,13079,15868
2022,8,202208,경기,시흥시,213821,215813,6909,7478
2022,8,202208,경기,안산시,254550,259588,9891,11861
2022,8,202208,경기,안성시,87580,88491,3308,3874
2022,8,202208,경기,안양시,181767,185671,4905,6581
2022,8,202208,경기,양주시,92589,93414,3852,4375
2022,8,202208,경기,양평군,49406,50029,1854,2631
2022,8,202208,경기,여주시,49423,49979,2148,2942
2022,8,202208,경기,연천군,17195,17381,805,999
2022,8,202208,경기,오산시,96966,98200,3050,3639
2022,8,202208,경기,용인시,429711,435421,10059,12429
2022,8,202208,경기,의왕시,58418,58962,1464,1657
2022,8,202208,경기,의정부시,146107,148675,4955,5645
2022,8,202208,경기,이천시,96891,98033,3606,4312
2022,8,202208,경기,파주시,195473,198111,5956,8738
2022,8,202208,경기,평택시,265854,269690,8395,10526
2022,8,202208,경기,포천시,65244,70144,3109,3956
2022,8,202208,경기,하남시,116783,117861,2826,3243
2022,8,202208,경기,화성시,406256,409659,10988,13929
2022,8,202208,경남,거제시,92068,93193,3097,3677
2022,8,202208,경남,거창군,23038,23318,894,1126
2022,8,202208,경남,고성군,18942,19215,772,905
2022,8,202208,경남,김해시,233536,236102,6715,7451
2022,8,202208,경남,남해군,13699,13956,572,740
2022,8,202208,경남,밀양시,41764,42366,1476,1756
2022,8,202208,경남,사천시,45577,46355,1557,1858
2022,8,202208,경남,산청군,12963,13120,533,646
2022,8,202208,경남,양산시,144110,145493,4424,5324
2022,8,202208,경남,의령군,10027,10151,429,522
2022,8,202208,경남,진주시,138638,141531,3588,4798
2022,8,202208,경남,창녕군,24596,24849,1109,1284
2022,8,202208,경남,창원시,496856,555640,10910,13912
2022,8,202208,경남,통영시,42111,42964,1833,2169
2022,8,202208,경남,하동군,15900,16056,568,671
2022,8,202208,경남,함안군,32054,62460,1134,1512
2022,8,202208,경남,함양군,12970,13187,513,652
2022,8,202208,경남,합천군,15178,15363,624,754
2022,8,202208,경북,경산시,115882,117016,3212,3685
2022,8,202208,경북,경주시,114543,116447,3974,4682
2022,8,202208,경북,고령군,13564,13663,684,774
2022,8,202208,경북,구미시,184595,187322,5404,6311
2022,8,202208,경북,군위군,9776,9855,404,460
2022,8,202208,경북,김천시,56777,57552,2167,2501
2022,8,202208,경북,문경시,26707,27223,1268,1445
2022,8,202208,경북,봉화군,10920,11076,448,534
2022,8,202208,경북,상주시,35396,35936,1675,2025
2022,8,202208,경북,성주군,19485,19697,828,915
2022,8,202208,경북,안동시,62101,63318,2220,2745
2022,8,202208,경북,영덕군,12481,12669,636,736
2022,8,202208,경북,영양군,5867,5956,290,351
2022,8,202208,경북,영주시,40038,40661,1686,1907
2022,8,202208,경북,영천시,43386,43961,1788,2118
2022,8,202208,경북,예천군,21972,22259,759,900
2022,8,202208,경북,울릉군,3927,4396,258,473
2022,8,202208,경북,울진군,19421,19666,680,818
2022,8,202208,경북,의성군,18715,18888,887,1053
2022,8,202208,경북,청도군,17130,17354,660,751
2022,8,202208,경북,청송군,9636,9739,452,564
2022,8,202208,경북,칠곡군,55172,55593,1953,2433
2022,8,202208,경북,포항시,224337,228028,6309,7581
2022,8,202208,광주,광산구,168420,172696,4643,5201
2022,8,202208,광주,남구,81974,83057,2077,2574
2022,8,202208,광주,동구,39467,39969,1066,1275
2022,8,202208,광주,북구,165122,169847,4242,5431
2022,8,202208,광주,서구,124230,128905,3229,3722
2022,8,202208,대구,남구,47317,48357,1396,1686
2022,8,202208,대구,달서구,239155,247520,5139,5977
2022,8,202208,대구,달성군,115583,117440,3109,3726
2022,8,202208,대구,동구,134418,140458,3471,4309
2022,8,202208,대구,북구,170641,173259,4082,4763
2022,8,202208,대구,서구,55212,58164,1764,2027
2022,8,202208,대구,수성구,191761,194556,3250,4093
2022,8,202208,대구,중구,53463,55580,1009,1434
2022,8,202208,대전,대덕구,71294,74099,2404,3000
2022,8,202208,대전,동구,75592,78332,2633,3074
2022,8,202208,대전,서구,185079,191557,4601,5206
2022,8,202208,대전,유성구,163981,166590,3363,3792
2022,8,202208,대전,중구,81440,84092,2711,3365
2022,8,202208,부산,강서구,65638,67502,1789,2042
2022,8,202208,부산,금정구,67230,69946,2270,3129
2022,8,202208,부산,기장군,69374,70255,2219,2823
2022,8,202208,부산,남구,79491,82590,2240,2731
2022,8,202208,부산,동구,51232,53348,923,1151
2022,8,202208,부산,동래구,84354,85920,2132,2481
2022,8,202208,부산,부산진구,107057,125968,2973,3531
2022,8,202208,부산,북구,87318,88955,2383,2770
2022,8,202208,부산,사상구,65889,68681,2312,2693
2022,8,202208,부산,사하구,91725,95422,2925,3313
2022,8,202208,부산,서구,25272,25740,990,1046
2022,8,202208,부산,수영구,58190,103614,1501,2484
2022,8,202208,부산,연제구,85188,95477,1767,2790
2022,8,202208,부산,영도구,26361,27736,1038,1385
2022,8,202208,부산,중구,28372,28627,514,587
2022,8,202208,부산,해운대구,148760,162244,3444,3795
2022,8,202208,서울,강남구,206124,226679,4184,4852
2022,8,202208,서울,강동구,127611,132828,3602,4391
2022,8,202208,서울,강북구,61034,63268,2464,3249
2022,8,202208,서울,강서구,167244,178751,4729,6166
2022,8,202208,서울,관악구,99159,102389,3442,3798
2022,8,202208,서울,광진구,80430,84043,2425,2845
2022,8,202208,서울,구로구,113217,123602,4566,5203
2022,8,202208,서울,금천구,70737,74279,3048,3551
2022,8,202208,서울,노원구,129128,134787,3787,4688
2022,8,202208,서울,도봉구,76871,81671,2657,3286
2022,8,202208,서울,동대문구,80672,83025,2915,3120
2022,8,202208,서울,동작구,93861,95155,2538,2724
2022,8,202208,서울,마포구,100895,105562,2806,3520
2022,8,202208,서울,서대문구,75543,78865,2240,2777
2022,8,202208,서울,서초구,150325,155622,3212,4095
2022,8,202208,서울,성동구,82686,91622,2098,3049
2022,8,202208,서울,성북구,105174,107411,3199,4370
2022,8,202208,서울,송파구,205829,213059,4515,6270
2022,8,202208,서울,양천구,127458,132042,3445,4262
2022,8,202208,서울,영등포구,117710,121494,4110,4331
2022,8,202208,서울,용산구,65451,66922,2005,2190
2022,8,202208,서울,은평구,113119,117335,3504,4302
2022,8,202208,서울,종로구,38965,41359,1589,3539
2022,8,202208,서울,중구,45397,48343,1880,2866
2022,8,202208,서울,중랑구,90350,96259,3509,4101
2022,8,202208,세종,세종시,168183,169558,3616,4319
2022,8,202208,울산,남구,135069,138135,2885,3622
2022,8,202208,울산,동구,56018,56816,1302,1489
2022,8,202208,울산,북구,105659,107205,2236,2555
2022,8,202208,울산,울주군,103875,105439,2730,3497
2022,8,202208,울산,중구,87533,88796,2006,2417
2022,8,202208,인천,강화군,26313,34755,1193,2103
2022,8,202208,인천,계양구,95649,266273,3574,6093
2022,8,202208,인천,남동구,212826,252064,5830,7504
2022,8,202208,인천,동구,18889,19670,863,970
2022,8,202208,인천,미추홀구,139753,143461,4565,4790
2022,8,202208,인천,부평구,201332,235622,5193,6373
2022,8,202208,인천,서구,238066,243149,6725,8080
2022,8,202208,인천,연수구,187118,192048,3404,4186
2022,8,202208,인천,옹진군,8419,8585,520,629
2022,8,202208,인천,중구,60691,61541,1931,2736
2022,8,202208,전남,강진군,11846,12095,560,711
2022,8,202208,전남,고흥군,19610,19894,1101,1283
2022,8,202208,전남,곡성군,9904,10103,437,539
2022,8,202208,전남,광양시,70881,71685,2286,2637
2022,8,202208,전남,구례군,8896,9401,443,538
2022,8,202208,전남,나주시,49479,50479,1946,2456
2022,8,202208,전남,담양군,19260,19663,817,1124
2022,8,202208,전남,목포시,79574,82071,2913,3462
2022,8,202208,전남,무안군,37626,37967,1564,1818
2022,8,202208,전남,보성군,13367,15218,751,959
2022,8,202208,전남,순천시,117969,119964,3184,3974
2022,8,202208,전남,신안군,12571,105724,638,2724
2022,8,202208,전남,여수시,109178,111805,3511,4345
2022,8,202208,전남,영광군,19983,20199,817,950
2022,8,202208,전남,영암군,22563,23119,1241,1439
2022,8,202208,전남,완도군,15601,15929,732,896
2022,8,202208,전남,장성군,18474,18800,788,901
2022,8,202208,전남,장흥군,12802,12973,595,717
2022,8,202208,전남,진도군,10582,10751,563,665
2022,8,202208,전남,함평군,11542,39195,557,1102
2022,8,202208,전남,해남군,23451,74809,1640,2681
2022,8,202208,전남,화순군,24649,25182,1001,1983
2022,8,202208,전북,고창군,19246,19543,1356,1515
2022,8,202208,전북,군산시,111396,113754,3406,4075
2022,8,202208,전북,김제시,31673,32503,1541,1779
2022,8,202208,전북,남원시,27989,30129,1243,1540
2022,8,202208,전북,무주군,8453,8577,465,558
2022,8,202208,전북,부안군,18301,18575,915,1102
2022,8,202208,전북,순창군,9501,9628,421,503
2022,8,202208,전북,완주군,39757,40126,1645,2184
2022,8,202208,전북,익산시,109732,111798,4285,4904
2022,8,202208,전북,임실군,9290,9415,447,559
2022,8,202208,전북,장수군,7645,7750,378,444
2022,8,202208,전북,전주시,286210,291779,7227,9057
2022,8,202208,전북,정읍시,39167,41804,1700,2001
2022,8,202208,전북,진안군,9113,9254,444,584
2022,8,202208,제주,서귀포시,76020,77252,3130,3427
2022,8,202208,제주,제주시,238373,499599,7576,14501
2022,8,202208,충남,계룡시,20599,20726,620,760
2022,8,202208,충남,공주시,40785,42559,1686,2167
2022,8,202208,충남,금산군,19404,20659,1074,1389
2022,8,202208,충남,논산시,44430,45448,2163,2627
2022,8,202208,충남,당진시,78487,79274,2584,3007
2022,8,202208,충남,보령시,39061,39706,1459,1710
2022,8,202208,충남,부여군,22319,22779,1195,1604
2022,8,202208,충남,서산시,77379,78459,2654,3260
2022,8,202208,충남,서천군,19042,19268,778,933
2022,8,202208,충남,아산시,152924,155825,5068,5746
2022,8,202208,충남,예산군,31383,31789,1432,1854
2022,8,202208,충남,천안시,287945,292062,8906,10630
2022,8,202208,충남,청양군,10842,10979,514,634
2022,8,202208,충남,태안군,23686,23956,1070,1193
2022,8,202208,충남,홍성군,40219,40706,1493,1802
2022,8,202208,충북,괴산군,14810,14965,819,924
2022,8,202208,충북,단양군,10510,10711,492,611
2022,8,202208,충북,보은군,11593,11792,641,784
2022,8,202208,충북,영동군,16681,16882,731,876
2022,8,202208,충북,옥천군,19400,19804,852,1005
2022,8,202208,충북,음성군,44814,45184,2249,2529
2022,8,202208,충북,제천시,52972,53794,1866,2117
2022,8,202208,충북,증평군,16315,16484,620,678
2022,8,202208,충북,진천군,41845,42158,1594,1746
2022,8,202208,충북,청주시,375319,385204,10396,13215
2022,8,202208,충북,충주시,90104,95585,3075,3638
2022,9,202209,강원,강릉시,90711,93353,2807,3454
2022,9,202209,강원,고성군,11210,11342,484,569
2022,9,202209,강원,동해시,38479,39244,1333,1561
2022,9,202209,강원,삼척시,25378,25938,919,1150
2022,9,202209,강원,속초시,33079,34068,1176,1406
2022,9,202209,강원,양구군,8569,8682,328,410
2022,9,202209,강원,양양군,11897,12136,441,508
2022,9,202209,강원,영월군,14642,14919,709,846
2022,9,202209,강원,원주시,152861,155871,4697,5356
2022,9,202209,강원,인제군,13957,14129,536,642
2022,9,202209,강원,정선군,14066,14387,616,775
2022,9,202209,강원,철원군,16687,16879,756,851
2022,9,202209,강원,춘천시,116971,119867,3370,4251
2022,9,202209,강원,태백시,15750,16233,675,890
2022,9,202209,강원,평창군,16922,17314,826,982
2022,9,202209,강원,홍천군,26900,27259,1326,1726
2022,9,202209,강원,화천군,9587,9711,330,438
2022,9,202209,강원,횡성군,18453,19037,898,1030
2022,9,202209,경기,가평군,24206,24503,1220,1456
2022,9,202209,경기,고양시,380709,388225,9621,11542
2022,9,202209,경기,과천시,26862,27606,562,706
2022,9,202209,경기,광명시,87718,89462,2683,3211
2022,9,202209,경기,광주시,164587,165592,5381,8118
2022,9,202209,경기,구리시,60133,61290,1797,2164
2022,9,202209,경기,군포시,87458,88379,2415,2659
2022,9,202209,경기,김포시,195791,198267,5633,7314
2022,9,202209,경기,남양주시,262507,264826,8218,9495
2022,9,202209,경기,동두천시,32127,32970,1395,1506
2022,9,202209,경기,부천시,252435,258183,8616,10007
2022,9,202209,경기,성남시,305300,313064,7492,9435
2022,9,202209,경기,수원시,474449,483951,12987,15763
2022,9,202209,경기,시흥시,214092,216079,6900,7467
2022,9,202209,경기,안산시,255036,260231,9840,11803
2022,9,202209,경기,안성시,87385,88300,3279,3845
2022,9,202209,경기,안양시,182265,186139,4893,6563
2022,9,202209,경기,양주시,93155,93987,3842,4367
2022,9,202209,경기,양평군,49515,50138,1847,2614
2022,9,202209,경기,여주시,49656,50220,2138,2922
2022,9,202209,경기,연천군,17225,17410,801,995
2022,9,202209,경기,오산시,97138,98376,3039,3627
2022,9,202209,경기,용인시,430130,435611,10039,12411
2022,9,202209,경기,의왕시,58516,59067,1450,1716
2022,9,202209,경기,의정부시,146526,149113,4947,5643
2022,9,202209,경기,이천시,97065,98202,3590,4300
2022,9,202209,경기,파주시,197072,200172,5961,8730
2022,9,202209,경기,평택시,267125,270980,8357,10506
2022,9,202209,경기,포천시,65264,71511,3098,3958
2022,9,202209,경기,하남시,117251,118322,2817,3234
2022,9,202209,경기,화성시,407567,411006,10945,13801
2022,9,202209,경남,거제시,92246,93364,3085,3665
2022,9,202209,경남,거창군,23113,23393,886,1117
2022,9,202209,경남,고성군,19007,19280,766,903
2022,9,202209,경남,김해시,233933,236513,6671,7400
2022,9,202209,경남,남해군,13707,13962,569,737
2022,9,202209,경남,밀양시,41846,42449,1474,1754
2022,9,202209,경남,사천시,45602,46389,1556,1840
2022,9,202209,경남,산청군,13031,13188,532,646
2022,9,202209,경남,양산시,144323,145722,4417,5318
2022,9,202209,경남,의령군,10034,10157,428,522
2022,9,202209,경남,진주시,138935,141811,3590,4794
2022,9,202209,경남,창녕군,24602,24855,1099,1272
2022,9,202209,경남,창원시,498317,557301,10877,13879
2022,9,202209,경남,통영시,42174,43021,1815,2151
2022,9,202209,경남,하동군,15937,16091,565,666
2022,9,202209,경남,함안군,31977,62051,1134,1505
2022,9,202209,경남,함양군,12979,13194,508,648
2022,9,202209,경남,합천군,15221,15405,625,757
2022,9,202209,경북,경산시,115972,117102,3214,3686
2022,9,202209,경북,경주시,114608,116486,3965,4681
2022,9,202209,경북,고령군,13573,13672,676,765
2022,9,202209,경북,구미시,184849,187561,5377,6284
2022,9,202209,경북,군위군,9808,9887,404,460
2022,9,202209,경북,김천시,56889,57660,2154,2489
2022,9,202209,경북,문경시,26702,27218,1270,1447
2022,9,202209,경북,봉화군,10934,11090,442,526
2022,9,202209,경북,상주시,35493,36035,1675,2027
2022,9,202209,경북,성주군,19522,19757,831,918
2022,9,202209,경북,안동시,62184,63392,2223,2749
2022,9,202209,경북,영덕군,12466,12655,634,735
2022,9,202209,경북,영양군,5870,5959,293,352
2022,9,202209,경북,영주시,40128,40749,1681,1900
2022,9,202209,경북,영천시,43559,44132,1800,2131
2022,9,202209,경북,예천군,22057,22344,755,897
2022,9,202209,경북,울릉군,3933,4400,263,480
2022,9,202209,경북,울진군,19429,19675,681,820
2022,9,202209,경북,의성군,18752,18925,881,1048
2022,9,202209,경북,청도군,17174,17397,657,748
2022,9,202209,경북,청송군,9612,9715,447,560
2022,9,202209,경북,칠곡군,55252,55675,1940,2417
2022,9,202209,경북,포항시,220979,224639,6215,7484
2022,9,202209,광주,광산구,168853,173135,4637,5197
2022,9,202209,광주,남구,81910,82984,2081,2578
2022,9,202209,광주,동구,39872,40375,1054,1263
2022,9,202209,광주,북구,165225,169896,4220,5408
2022,9,202209,광주,서구,124623,129278,3209,3702
2022,9,202209,대구,남구,47610,48651,1395,1686
2022,9,202209,대구,달서구,239462,247925,5123,5958
2022,9,202209,대구,달성군,115749,117581,3102,3720
2022,9,202209,대구,동구,134626,140650,3457,4297
2022,9,202209,대구,북구,170551,173183,4067,4747
2022,9,202209,대구,서구,55012,57961,1768,2031
2022,9,202209,대구,수성구,192118,194919,3241,4084
2022,9,202209,대구,중구,53400,55530,1001,1422
2022,9,202209,대전,대덕구,71259,74079,2381,2976
2022,9,202209,대전,동구,75705,78466,2624,3062
2022,9,202209,대전,서구,185614,192192,4573,5182
2022,9,202209,대전,유성구,164258,167032,3333,3773
2022,9,202209,대전,중구,81417,84059,2691,3347
2022,9,202209,부산,강서구,65721,67591,1785,2033
2022,9,202209,부산,금정구,67152,69843,2251,3110
2022,9,202209,부산,기장군,69703,70583,2204,2805
2022,9,202209,부산,남구,79438,82832,2239,2713
2022,9,202209,부산,동구,51260,53436,925,1159
2022,9,202209,부산,동래구,84501,86059,2118,2487
2022,9,202209,부산,부산진구,107228,126331,2968,3561
2022,9,202209,부산,북구,87591,89219,2385,2772
2022,9,202209,부산,사상구,65842,68624,2287,2669
2022,9,202209,부산,사하구,91708,95390,2919,3307
2022,9,202209,부산,서구,25432,25897,987,1043
2022,9,202209,부산,수영구,58123,104291,1500,2495
2022,9,202209,부산,연제구,85138,95509,1749,2747
2022,9,202209,부산,영도구,26403,27760,1038,1384
2022,9,202209,부산,중구,28483,28739,509,582
2022,9,202209,부산,해운대구,148781,162345,3429,3778
2022,9,202209,서울,강남구,206457,226651,4164,4828
2022,9,202209,서울,강동구,127777,133002,3596,4410
2022,9,202209,서울,강북구,60968,63172,2448,3232
2022,9,202209,서울,강서구,167354,178783,4700,6138
2022,9,202209,서울,관악구,99386,102626,3432,3790
2022,9,202209,서울,광진구,80477,84096,2399,2817
2022,9,202209,서울,구로구,113321,123787,4553,5179
2022,9,202209,서울,금천구,70794,74343,3030,3531
2022,9,202209,서울,노원구,129227,134852,3767,4661
2022,9,202209,서울,도봉구,76798,81607,2649,3278
2022,9,202209,서울,동대문구,81134,83490,2911,3118
2022,9,202209,서울,동작구,93850,95142,2522,2709
2022,9,202209,서울,마포구,100931,105582,2806,3528
2022,9,202209,서울,서대문구,75705,79055,2218,2759
2022,9,202209,서울,서초구,150809,156004,3190,4057
2022,9,202209,서울,성동구,82754,91464,2097,3066
2022,9,202209,서울,성북구,105195,107426,3179,4350
2022,9,202209,서울,송파구,206058,213339,4478,6241
2022,9,202209,서울,양천구,127633,132197,3411,4230
2022,9,202209,서울,영등포구,117615,120949,4095,4314
2022,9,202209,서울,용산구,65460,66944,2001,2186
2022,9,202209,서울,은평구,113076,117306,3492,4287
2022,9,202209,서울,종로구,38925,41292,1583,3534
2022,9,202209,서울,중구,45544,48875,1887,2873
2022,9,202209,서울,중랑구,90425,96366,3491,4081
2022,9,202209,세종,세종시,168561,169991,3607,4309
2022,9,202209,울산,남구,135197,138246,2861,3602
2022,9,202209,울산,동구,56008,56798,1293,1481
2022,9,202209,울산,북구,105690,107245,2224,2536
2022,9,202209,울산,울주군,104213,105732,2726,3496
2022,9,202209,울산,중구,87518,88781,1995,2405
2022,9,202209,인천,강화군,26342,34279,1187,2059
2022,9,202209,인천,계양구,95624,262411,3555,5962
2022,9,202209,인천,남동구,213506,252180,5792,7453
2022,9,202209,인천,동구,18926,19715,855,961
2022,9,202209,인천,미추홀구,140135,143829,4573,4798
2022,9,202209,인천,부평구,201614,236748,5170,6362
2022,9,202209,인천,서구,239073,243977,6684,8038
2022,9,202209,인천,연수구,187997,192972,3398,4180
2022,9,202209,인천,옹진군,8459,8627,518,629
2022,9,202209,인천,중구,61489,62382,1939,2744
2022,9,202209,전남,강진군,11891,12142,558,709
2022,9,202209,전남,고흥군,19692,19976,1101,1283
2022,9,202209,전남,곡성군,9923,10121,436,538
2022,9,202209,전남,광양시,71178,72000,2268,2619
2022,9,202209,전남,구례군,8890,9410,443,538
2022,9,202209,전남,나주시,49629,50613,1931,2450
2022,9,202209,전남,담양군,19280,19683,817,1127
2022,9,202209,전남,목포시,79713,82210,2903,3448
2022,9,202209,전남,무안군,37656,38008,1552,1807
2022,9,202209,전남,보성군,13424,15090,747,949
2022,9,202209,전남,순천시,118087,120063,3178,3961
2022,9,202209,전남,신안군,12606,107003,637,2753
2022,9,202209,전남,여수시,109407,112010,3495,4329
2022,9,202209,전남,영광군,20046,20262,823,956
2022,9,202209,전남,영암군,22618,23109,1242,1439
2022,9,202209,전남,완도군,15622,15949,727,891
2022,9,202209,전남,장성군,18518,18853,786,899
2022,9,202209,전남,장흥군,12796,12966,594,716
2022,9,202209,전남,진도군,10605,10774,564,666
2022,9,202209,전남,함평군,11570,38563,557,1096
2022,9,202209,전남,해남군,23472,76602,1637,2768
2022,9,202209,전남,화순군,24717,25270,999,2003
2022,9,202209,전북,고창군,19244,19540,1347,1506
2022,9,202209,전북,군산시,111713,114059,3399,4067
2022,9,202209,전북,김제시,31823,32650,1541,1780
2022,9,202209,전북,남원시,28042,30099,1245,1537
2022,9,202209,전북,무주군,8469,8593,468,562
2022,9,202209,전북,부안군,18301,18575,907,1093
2022,9,202209,전북,순창군,9528,9654,418,501
2022,9,202209,전북,완주군,39886,40256,1636,2174
2022,9,202209,전북,익산시,109899,111959,4279,4900
2022,9,202209,전북,임실군,9300,9425,442,554
2022,9,202209,전북,장수군,7661,7768,378,444
2022,9,202209,전북,전주시,286478,292028,7218,9052
2022,9,202209,전북,정읍시,39257,41939,1687,1987
2022,9,202209,전북,진안군,9099,9240,446,587
2022,9,202209,제주,서귀포시,76185,77416,3134,3430
2022,9,202209,제주,제주시,239363,500818,7574,14468
2022,9,202209,충남,계룡시,20836,20961,616,757
2022,9,202209,충남,공주시,40814,42641,1679,2163
2022,9,202209,충남,금산군,19452,20724,1075,1390
2022,9,202209,충남,논산시,44459,45483,2152,2616
2022,9,202209,충남,당진시,78820,79603,2584,3007
2022,9,202209,충남,보령시,39137,39788,1464,1717
2022,9,202209,충남,부여군,22428,22884,1194,1604
2022,9,202209,충남,서산시,77517,78617,2643,3230
2022,9,202209,충남,서천군,19041,19267,774,928
2022,9,202209,충남,아산시,153580,156416,5067,5740
2022,9,202209,충남,예산군,31579,31990,1438,1860
2022,9,202209,충남,천안시,288363,292509,8846,10568
2022,9,202209,충남,청양군,10875,11012,513,634
2022,9,202209,충남,태안군,23734,24006,1065,1186
2022,9,202209,충남,홍성군,40231,40711,1469,1776
2022,9,202209,충북,괴산군,14809,14957,818,924
2022,9,202209,충북,단양군,10524,10727,489,608
2022,9,202209,충북,보은군,11635,11835,639,785
2022,9,202209,충북,영동군,16734,16936,737,882
2022,9,202209,충북,옥천군,19379,19783,845,998
2022,9,202209,충북,음성군,45017,45389,2245,2524
2022,9,202209,충북,제천시,53043,53868,1860,2109
2022,9,202209,충북,증평군,16365,16534,623,681
2022,9,202209,충북,진천군,42043,42357,1604,1758
2022,9,202209,충북,청주시,375984,385939,10369,13181
2022,9,202209,충북,충주시,90366,95863,3069,3635
2022,10,202210,강원,강릉시,90848,93463,2793,3441
2022,10,202210,강원,고성군,11299,11431,489,573
2022,10,202210,강원,동해시,38505,39272,1328,1560
2022,10,202210,강원,삼척시,25455,26020,914,1148
2022,10,202210,강원,속초시,33116,34104,1165,1395
2022,10,202210,강원,양구군,8610,8724,324,406
2022,10,202210,강원,양양군,11939,12177,440,507
2022,10,202210,강원,영월군,14653,14930,708,842
2022,10,202210,강원,원주시,153351,156358,4679,5342
2022,10,202210,강원,인제군,13959,14127,532,638
2022,10,202210,강원,정선군,14088,14407,618,779
2022,10,202210,강원,철원군,16715,16908,755,850
2022,10,202210,강원,춘천시,117207,120117,3361,4242
2022,10,202210,강원,태백시,15772,16250,672,875
2022,10,202210,강원,평창군,16971,17377,820,971
2022,10,202210,강원,홍천군,26975,27333,1323,1718
2022,10,202210,강원,화천군,9569,9693,327,436
2022,10,202210,강원,횡성군,18526,19115,900,1031
2022,10,202210,경기,가평군,24278,24574,1220,1453
2022,10,202210,경기,고양시,381384,389210,9566,11508
2022,10,202210,경기,과천시,26781,27528,549,695
2022,10,202210,경기,광명시,87772,89507,2659,3187
2022,10,202210,경기,광주시,164775,165774,5366,8092
2022,10,202210,경기,구리시,60104,61303,1783,2159
2022,10,202210,경기,군포시,87548,88475,2421,2665
2022,10,202210,경기,김포시,196135,198619,5619,7304
2022,10,202210,경기,남양주시,262930,265317,8189,9468
2022,10,202210,경기,동두천시,32186,33040,1377,1489
2022,10,202210,경기,부천시,252251,258007,8577,9970
2022,10,202210,경기,성남시,305953,314017,7447,9382
2022,10,202210,경기,수원시,474850,484345,12939,15737
2022,10,202210,경기,시흥시,214243,216229,6910,7472
2022,10,202210,경기,안산시,254898,260164,9808,11772
2022,10,202210,경기,안성시,87514,88414,3281,3843
2022,10,202210,경기,안양시,182686,186564,4856,6530
2022,10,202210,경기,양주시,93667,94500,3822,4346
2022,10,202210,경기,양평군,49656,50278,1842,2610
2022,10,202210,경기,여주시,49860,50424,2145,2940
2022,10,202210,경기,연천군,17247,17430,799,994
2022,10,202210,경기,오산시,97265,98505,3045,3620
2022,10,202210,경기,용인시,430921,436422,9998,12366
2022,10,202210,경기,의왕시,58487,59035,1462,1726
2022,10,202210,경기,의정부시,146802,149409,4940,5635
2022,10,202210,경기,이천시,97353,98510,3592,4338
2022,10,202210,경기,파주시,198038,201081,5953,8680
2022,10,202210,경기,평택시,268100,271955,8326,10484
2022,10,202210,경기,포천시,65338,71422,3067,3950
2022,10,202210,경기,하남시,117564,118694,2814,3231
2022,10,202210,경기,화성시,409653,413113,10919,13773
2022,10,202210,경남,거제시,92313,93429,3083,3664
2022,10,202210,경남,거창군,23192,23472,887,1116
2022,10,202210,경남,고성군,19048,19318,759,901
2022,10,202210,경남,김해시,234298,236884,6642,7369
2022,10,202210,경남,남해군,13737,13993,562,731
2022,10,202210,경남,밀양시,41929,42538,1479,1762
2022,10,202210,경남,사천시,45689,46535,1561,1844
2022,10,202210,경남,산청군,13065,13222,529,645
2022,10,202210,경남,양산시,144388,145802,4414,5313
2022,10,202210,경남,의령군,10045,10170,432,527
2022,10,202210,경남,진주시,139332,142154,3582,4773
2022,10,202210,경남,창녕군,24631,24883,1097,1269
2022,10,202210,경남,창원시,500334,559614,10824,13828
2022,10,202210,경남,통영시,42209,43052,1810,2146
2022,10,202210,경남,하동군,15928,16083,563,665
2022,10,202210,경남,함안군,32007,62655,1134,1499
2022,10,202210,경남,함양군,13019,13236,515,654
2022,10,202210,경남,합천군,15219,15403,624,755
2022,10,202210,경북,경산시,116021,117154,3205,3675
2022,10,202210,경북,경주시,114797,116684,3952,4668
2022,10,202210,경북,고령군,13608,13707,672,761
2022,10,202210,경북,구미시,184952,187657,5370,6282
2022,10,202210,경북,군위군,9802,9881,406,462
2022,10,202210,경북,김천시,56950,57721,2148,2482
2022,10,202210,경북,문경시,26716,27233,1255,1433
2022,10,202210,경북,봉화군,10933,11090,443,528
2022,10,202210,경북,상주시,35593,36130,1670,2006
2022,10,202210,경북,성주군,19562,19792,824,913
2022,10,202210,경북,안동시,62267,63476,2222,2746
2022,10,202210,경북,영덕군,12519,12708,636,735
2022,10,202210,경북,영양군,5878,5968,289,348
2022,10,202210,경북,영주시,40175,40797,1664,1882
2022,10,202210,경북,영천시,43655,44187,1798,2132
2022,10,202210,경북,예천군,22139,22426,755,897
2022,10,202210,경북,울릉군,3947,4416,255,472
2022,10,202210,경북,울진군,19452,19700,679,817
2022,10,202210,경북,의성군,18782,18955,880,1047
2022,10,202210,경북,청도군,17190,17414,654,745
2022,10,202210,경북,청송군,9651,9756,451,566
2022,10,202210,경북,칠곡군,55381,55811,1928,2406
2022,10,202210,경북,포항시,221969,225690,6207,7469
2022,10,202210,광주,광산구,169018,173310,4621,5182
2022,10,202210,광주,남구,81758,82809,2058,2553
2022,10,202210,광주,동구,40069,40570,1049,1258
2022,10,202210,광주,북구,166025,170768,4219,5409
2022,10,202210,광주,서구,124348,129095,3187,3678
2022,10,202210,대구,남구,47832,48863,1396,1686
2022,10,202210,대구,달서구,239765,248317,5119,5955
2022,10,202210,대구,달성군,116007,117823,3091,3708
2022,10,202210,대구,동구,134874,140817,3439,4285
2022,10,202210,대구,북구,170640,173277,4053,4739
2022,10,202210,대구,서구,55085,58015,1751,2014
2022,10,202210,대구,수성구,192077,194886,3223,4066
2022,10,202210,대구,중구,53520,55683,1003,1417
2022,10,202210,대전,대덕구,71407,74255,2363,2961
2022,10,202210,대전,동구,75769,78536,2612,3052
2022,10,202210,대전,서구,185900,192518,4561,5177
2022,10,202210,대전,유성구,164393,167193,3325,3767
2022,10,202210,대전,중구,81478,84115,2674,3335
2022,10,202210,부산,강서구,65697,67570,1787,2037
2022,10,202210,부산,금정구,67015,69697,2240,3096
2022,10,202210,부산,기장군,69907,70795,2196,2797
2022,10,202210,부산,남구,79293,82659,2233,2702
2022,10,202210,부산,동구,51437,53638,928,1163
2022,10,202210,부산,동래구,84552,86127,2096,2499
2022,10,202210,부산,부산진구,108436,127508,2971,3565
2022,10,202210,부산,북구,87670,89307,2374,2744
2022,10,202210,부산,사상구,65616,68336,2271,2654
2022,10,202210,부산,사하구,91913,95578,2901,3293
2022,10,202210,부산,서구,25512,25975,978,1034
2022,10,202210,부산,수영구,58177,105485,1500,2512
2022,10,202210,부산,연제구,85020,95555,1724,2724
2022,10,202210,부산,영도구,26387,27747,1026,1372
2022,10,202210,부산,중구,28820,29077,510,583
2022,10,202210,부산,해운대구,149042,162717,3413,3764
2022,10,202210,서울,강남구,206392,226343,4154,4804
2022,10,202210,서울,강동구,127790,133027,3598,4431
2022,10,202210,서울,강북구,60975,63165,2440,3223
2022,10,202210,서울,강서구,167251,178730,4653,6093
2022,10,202210,서울,관악구,99613,102859,3418,3771
2022,10,202210,서울,광진구,80392,83994,2391,2796
2022,10,202210,서울,구로구,113876,124837,4550,5170
2022,10,202210,서울,금천구,70872,74340,3022,3518
2022,10,202210,서울,노원구,129250,134851,3749,4642
2022,10,202210,서울,도봉구,76820,81651,2639,3265
2022,10,202210,서울,동대문구,81274,83552,2899,3109
2022,10,202210,서울,동작구,93806,95087,2514,2700
2022,10,202210,서울,마포구,100951,105620,2800,3519
2022,10,202210,서울,서대문구,75841,79213,2211,2751
2022,10,202210,서울,서초구,150886,156015,3163,4030
2022,10,202210,서울,성동구,82673,91300,2077,3052
2022,10,202210,서울,성북구,105178,107410,3163,4335
2022,10,202210,서울,송파구,206104,213370,4468,6238
2022,10,202210,서울,양천구,127511,132101,3398,4216
2022,10,202210,서울,영등포구,117664,120956,4071,4288
2022,10,202210,서울,용산구,65434,66949,2003,2188
2022,10,202210,서울,은평구,113007,117243,3459,4253
2022,10,202210,서울,종로구,38965,41333,1574,3526
2022,10,202210,서울,중구,45313,48604,1880,2865
2022,10,202210,서울,중랑구,90415,96362,3474,4058
2022,10,202210,세종,세종시,169044,170463,3580,4267
2022,10,202210,울산,남구,135411,138465,2853,3601
2022,10,202210,울산,동구,56011,56805,1290,1478
2022,10,202210,울산,북구,105945,107504,2229,2543
2022,10,202210,울산,울주군,104320,105836,2714,3485
2022,10,202210,울산,중구,87577,88837,1983,2391
2022,10,202210,인천,강화군,26366,33786,1179,2023
2022,10,202210,인천,계양구,95647,248970,3515,5972
2022,10,202210,인천,남동구,214434,252745,5763,7436
2022,10,202210,인천,동구,18989,19772,855,962
2022,10,202210,인천,미추홀구,140377,144077,4538,4764
2022,10,202210,인천,부평구,202275,237933,5156,6360
2022,10,202210,인천,서구,240244,245180,6676,8024
2022,10,202210,인천,연수구,188600,193610,3386,4170
2022,10,202210,인천,옹진군,8493,8658,521,632
2022,10,202210,인천,중구,61986,62890,1936,2744
2022,10,202210,전남,강진군,11923,12177,551,703
2022,10,202210,전남,고흥군,19724,20009,1090,1272
2022,10,202210,전남,곡성군,9936,10134,435,537
2022,10,202210,전남,광양시,71476,72354,2276,2627
2022,10,202210,전남,구례군,8884,9411,438,531
2022,10,202210,전남,나주시,49657,50645,1932,2441
2022,10,202210,전남,담양군,19320,19735,815,1124
2022,10,202210,전남,목포시,80007,82506,2887,3431
2022,10,202210,전남,무안군,37724,38076,1549,1802
2022,10,202210,전남,보성군,13450,14929,754,953
2022,10,202210,전남,순천시,118220,120180,3149,3935
2022,10,202210,전남,신안군,12652,108716,635,2825
2022,10,202210,전남,여수시,109569,112162,3504,4337
2022,10,202210,전남,영광군,20096,20311,825,958
2022,10,202210,전남,영암군,22681,23134,1243,1448
2022,10,202210,전남,완도군,15669,15998,735,900
2022,10,202210,전남,장성군,18550,18885,784,896
2022,10,202210,전남,장흥군,12809,12978,591,713
2022,10,202210,전남,진도군,10616,10782,560,662
2022,10,202210,전남,함평군,11589,37809,559,1081
2022,10,202210,전남,해남군,23536,92003,1637,2738
2022,10,202210,전남,화순군,24740,25295,994,1992
2022,10,202210,전북,고창군,19284,19578,1339,1500
2022,10,202210,전북,군산시,111884,114236,3392,4064
2022,10,202210,전북,김제시,31937,32758,1549,1788
2022,10,202210,전북,남원시,28082,30083,1240,1534
2022,10,202210,전북,무주군,8457,8583,468,563
2022,10,202210,전북,부안군,18353,18629,908,1095
2022,10,202210,전북,순창군,9558,9685,421,505
2022,10,202210,전북,완주군,39955,40323,1639,2177
2022,10,202210,전북,익산시,109972,112019,4253,4877
2022,10,202210,전북,임실군,9318,9445,441,555
2022,10,202210,전북,장수군,7683,7790,379,451
2022,10,202210,전북,전주시,286934,292520,7187,9028
2022,10,202210,전북,정읍시,39328,41969,1684,1986
2022,10,202210,전북,진안군,9083,9224,445,586
2022,10,202210,제주,서귀포시,76257,77485,3119,3409
2022,10,202210,제주,제주시,240197,502493,7509,14405
2022,10,202210,충남,계룡시,21059,21184,614,754
2022,10,202210,충남,공주시,40944,42749,1669,2140
2022,10,202210,충남,금산군,19474,20743,1075,1388
2022,10,202210,충남,논산시,44602,45634,2158,2622
2022,10,202210,충남,당진시,79055,79841,2583,3007
2022,10,202210,충남,보령시,39166,39819,1460,1714
2022,10,202210,충남,부여군,22474,22925,1195,1608
2022,10,202210,충남,서산시,77719,78777,2632,3196
2022,10,202210,충남,서천군,19032,19258,774,928
2022,10,202210,충남,아산시,154060,156861,5063,5737
2022,10,202210,충남,예산군,31823,32234,1442,1863
2022,10,202210,충남,천안시,288936,293035,8837,10554
2022,10,202210,충남,청양군,10909,11046,514,637
2022,10,202210,충남,태안군,23789,24061,1063,1185
2022,10,202210,충남,홍성군,40228,40710,1456,1761
2022,10,202210,충북,괴산군,14864,15013,809,912
2022,10,202210,충북,단양군,10560,10763,488,612
2022,10,202210,충북,보은군,11671,11871,633,780
2022,10,202210,충북,영동군,16762,16966,742,887
2022,10,202210,충북,옥천군,19377,19772,845,999
2022,10,202210,충북,음성군,45092,45464,2253,2527
2022,10,202210,충북,제천시,53049,53866,1852,2101
2022,10,202210,충북,증평군,16399,16568,626,684
2022,10,202210,충북,진천군,42224,42538,1587,1740
2022,10,202210,충북,청주시,376581,386618,10307,13135
2022,10,202210,충북,충주시,90611,96176,3067,3632
2022,11,202211,강원,강릉시,91123,93711,2796,3445
2022,11,202211,강원,고성군,11317,11448,487,570
2022,11,202211,강원,동해시,38603,39375,1330,1563
2022,11,202211,강원,삼척시,25485,26053,911,1147
2022,11,202211,강원,속초시,33284,34265,1165,1394
2022,11,202211,강원,양구군,8578,8690,323,405
2022,11,202211,강원,양양군,12031,12269,435,504
2022,11,202211,강원,영월군,14696,14981,708,842
2022,11,202211,강원,원주시,153661,156661,4667,5329
2022,11,202211,강원,인제군,14022,14186,528,635
2022,11,202211,강원,정선군,14075,14394,619,782
2022,11,202211,강원,철원군,16780,16974,762,858
2022,11,202211,강원,춘천시,117662,120571,3351,4227
2022,11,202211,강원,태백시,15836,16325,669,873
2022,11,202211,강원,평창군,17093,17521,815,963
2022,11,202211,강원,홍천군,27142,27506,1325,1721
2022,11,202211,강원,화천군,9569,9691,323,431
2022,11,202211,강원,횡성군,18519,19112,898,1032
2022,11,202211,경기,가평군,24358,24654,1211,1446
2022,11,202211,경기,고양시,382353,390243,9539,11458
2022,11,202211,경기,과천시,26868,27631,551,697
2022,11,202211,경기,광명시,88071,89781,2641,3169
2022,11,202211,경기,광주시,165398,166399,5321,8035
2022,11,202211,경기,구리시,60180,61383,1767,2142
2022,11,202211,경기,군포시,87716,88791,2405,2648
2022,11,202211,경기,김포시,196534,199014,5578,7263
2022,11,202211,경기,남양주시,263496,265854,8160,9438
2022,11,202211,경기,동두천시,32169,33011,1361,1472
2022,11,202211,경기,부천시,252261,258022,8546,9928
2022,11,202211,경기,성남시,306468,314567,7428,9367
2022,11,202211,경기,수원시,476350,486045,12916,15709
2022,11,202211,경기,시흥시,215137,217111,6912,7466
2022,11,202211,경기,안산시,254757,259988,9801,11766
2022,11,202211,경기,안성시,87569,88463,3277,3839
2022,11,202211,경기,안양시,183086,186957,4835,6516
2022,11,202211,경기,양주시,94631,95457,3829,4353
2022,11,202211,경기,양평군,49810,50435,1850,2621
2022,11,202211,경기,여주시,50072,50634,2139,2928
2022,11,202211,경기,연천군,17231,17414,803,996
2022,11,202211,경기,오산시,97351,98582,3028,3604
2022,11,202211,경기,용인시,431933,437476,9978,12345
2022,11,202211,경기,의왕시,58545,58970,1462,1721
2022,11,202211,경기,의정부시,147398,149987,4908,5597
2022,11,202211,경기,이천시,97828,98977,3603,4355
2022,11,202211,경기,파주시,199027,202005,5942,8650
2022,11,202211,경기,평택시,269363,273279,8301,10473
2022,11,202211,경기,포천시,65366,71215,3058,3936
2022,11,202211,경기,하남시,117950,119079,2813,3230
2022,11,202211,경기,화성시,412213,415666,10917,13779
2022,11,202211,경남,거제시,92513,93615,3062,3641
2022,11,202211,경남,거창군,23296,23577,891,1120
2022,11,202211,경남,고성군,19106,19377,757,902
2022,11,202211,경남,김해시,234713,237284,6629,7353
2022,11,202211,경남,남해군,13786,14039,561,730
2022,11,202211,경남,밀양시,42148,42748,1478,1757
2022,11,202211,경남,사천시,45841,46681,1551,1837
2022,11,202211,경남,산청군,13134,13289,529,646
2022,11,202211,경남,양산시,145023,146442,4401,5297
2022,11,202211,경남,의령군,10071,10197,437,532
2022,11,202211,경남,진주시,139776,142665,3582,4772
2022,11,202211,경남,창녕군,24607,24861,1089,1261
2022,11,202211,경남,창원시,502947,565328,10792,13941
2022,11,202211,경남,통영시,42272,43101,1806,2141
2022,11,202211,경남,하동군,15921,16076,565,667
2022,11,202211,경남,함안군,32554,63034,1127,1491
2022,11,202211,경남,함양군,13061,13281,518,658
2022,11,202211,경남,합천군,15264,15444,622,748
2022,11,202211,경북,경산시,116187,117312,3188,3658
2022,11,202211,경북,경주시,115153,117029,3951,4668
2022,11,202211,경북,고령군,13725,13824,671,759
2022,11,202211,경북,구미시,185339,188030,5348,6263
2022,11,202211,경북,군위군,9820,9900,413,469
2022,11,202211,경북,김천시,57048,57812,2137,2476
2022,11,202211,경북,문경시,26734,27254,1257,1435
2022,11,202211,경북,봉화군,10948,11107,438,524
2022,11,202211,경북,상주시,35676,36211,1664,1999
2022,11,202211,경북,성주군,19592,19824,830,920
2022,11,202211,경북,안동시,62383,63584,2212,2735
2022,11,202211,경북,영덕군,12537,12727,636,734
2022,11,202211,경북,영양군,5895,5985,291,350
2022,11,202211,경북,영주시,40276,40899,1657,1874
2022,11,202211,경북,영천시,43778,44306,1791,2125
2022,11,202211,경북,예천군,22228,22515,749,890
2022,11,202211,경북,울릉군,3933,4357,255,472
2022,11,202211,경북,울진군,19485,19731,678,816
2022,11,202211,경북,의성군,18812,18987,883,1050
2022,11,202211,경북,청도군,17275,17497,658,749
2022,11,202211,경북,청송군,9686,9792,448,563
2022,11,202211,경북,칠곡군,55531,55960,1928,2401
2022,11,202211,경북,포항시,222920,226631,6213,7476
2022,11,202211,광주,광산구,169289,173630,4601,5167
2022,11,202211,광주,남구,81756,82784,2072,2598
2022,11,202211,광주,동구,40126,40628,1045,1255
2022,11,202211,광주,북구,166548,171298,4210,5360
2022,11,202211,광주,서구,124842,129578,3193,3684
2022,11,202211,대구,남구,47935,48958,1389,1688
2022,11,202211,대구,달서구,240157,248884,5113,5960
2022,11,202211,대구,달성군,116291,118115,3078,3696
2022,11,202211,대구,동구,135482,141365,3439,4288
2022,11,202211,대구,북구,171025,173676,4036,4726
2022,11,202211,대구,서구,55426,58430,1751,2018
2022,11,202211,대구,수성구,192033,194852,3208,4050
2022,11,202211,대구,중구,53567,55710,1000,1417
2022,11,202211,대전,대덕구,71485,74341,2345,2953
2022,11,202211,대전,동구,75877,78655,2608,3049
2022,11,202211,대전,서구,186300,192927,4549,5172
2022,11,202211,대전,유성구,165121,167899,3331,3778
2022,11,202211,대전,중구,81555,84186,2652,3288
2022,11,202211,부산,강서구,65782,67644,1785,2035
2022,11,202211,부산,금정구,66892,69561,2230,3093
2022,11,202211,부산,기장군,70155,71044,2192,2790
2022,11,202211,부산,남구,79238,82423,2223,2692
2022,11,202211,부산,동구,51542,53666,928,1165
2022,11,202211,부산,동래구,84596,86177,2088,2478
2022,11,202211,부산,부산진구,109194,128272,2966,3558
2022,11,202211,부산,북구,87668,89295,2370,2738
2022,11,202211,부산,사상구,65889,68604,2267,2650
2022,11,202211,부산,사하구,91967,95532,2879,3269
2022,11,202211,부산,서구,25596,26062,974,1030
2022,11,202211,부산,수영구,58198,107048,1499,2520
2022,11,202211,부산,연제구,85050,95696,1692,2696
2022,11,202211,부산,영도구,26389,27819,1031,1379
2022,11,202211,부산,중구,29020,29276,513,586
2022,11,202211,부산,해운대구,148846,162551,3390,3734
2022,11,202211,서울,강남구,206959,226719,4141,4787
2022,11,202211,서울,강동구,128030,133273,3599,4440
2022,11,202211,서울,강북구,60982,63173,2440,3222
2022,11,202211,서울,강서구,167831,179246,4627,6069
2022,11,202211,서울,관악구,99744,102984,3405,3755
2022,11,202211,서울,광진구,80400,83944,2373,2783
2022,11,202211,서울,구로구,114286,125355,4532,5154
2022,11,202211,서울,금천구,70975,74442,3003,3496
2022,11,202211,서울,노원구,129348,134947,3732,4626
2022,11,202211,서울,도봉구,76856,81677,2620,3244
2022,11,202211,서울,동대문구,81405,83717,2901,3109
2022,11,202211,서울,동작구,93709,94992,2504,2692
2022,11,202211,서울,마포구,101016,105695,2782,3506
2022,11,202211,서울,서대문구,76125,79504,2211,2751
2022,11,202211,서울,서초구,151178,156331,3143,4010
2022,11,202211,서울,성동구,82832,91050,2063,3039
2022,11,202211,서울,성북구,105238,107470,3129,4300
2022,11,202211,서울,송파구,206249,213596,4463,6233
2022,11,202211,서울,양천구,127627,132243,3398,4218
2022,11,202211,서울,영등포구,117501,120774,4064,4282
2022,11,202211,서울,용산구,65422,67005,1990,2176
2022,11,202211,서울,은평구,112953,117157,3443,4236
2022,11,202211,서울,종로구,39024,41373,1559,3465
2022,11,202211,서울,중구,45278,48525,1874,2875
2022,11,202211,서울,중랑구,90559,96509,3462,4046
2022,11,202211,세종,세종시,169645,171131,3565,4254
2022,11,202211,울산,남구,135628,138673,2840,3595
2022,11,202211,울산,동구,56056,56845,1290,1477
2022,11,202211,울산,북구,106201,107767,2231,2546
2022,11,202211,울산,울주군,104644,106146,2708,3479
2022,11,202211,울산,중구,87657,88912,1984,2390
2022,11,202211,인천,강화군,26465,33477,1190,2001
2022,11,202211,인천,계양구,95608,243043,3487,5660
2022,11,202211,인천,남동구,215050,250190,5728,7235
2022,11,202211,인천,동구,19169,19955,862,972
2022,11,202211,인천,미추홀구,140557,144258,4523,4750
2022,11,202211,인천,부평구,202601,239135,5110,6324
2022,11,202211,인천,서구,241701,246676,6671,8011
2022,11,202211,인천,연수구,189573,194672,3382,4171
2022,11,202211,인천,옹진군,8541,8711,523,632
2022,11,202211,인천,중구,62530,63423,1935,2742
2022,11,202211,전남,강진군,11959,12217,548,698
2022,11,202211,전남,고흥군,19775,20061,1081,1262
2022,11,202211,전남,곡성군,9979,10177,435,538
2022,11,202211,전남,광양시,71814,72738,2266,2619
2022,11,202211,전남,구례군,8917,9458,439,533
2022,11,202211,전남,나주시,50010,50999,1944,2453
2022,11,202211,전남,담양군,19399,19828,810,1116
2022,11,202211,전남,목포시,80288,82818,2874,3419
2022,11,202211,전남,무안군,37775,38132,1553,1808
2022,11,202211,전남,보성군,13511,14786,749,939
2022,11,202211,전남,순천시,118467,120450,3116,3902
2022,11,202211,전남,신안군,12665,110295,641,2884
2022,11,202211,전남,여수시,109810,112370,3503,4343
2022,11,202211,전남,영광군,20168,20383,825,959
2022,11,202211,전남,영암군,22771,23219,1249,1450
2022,11,202211,전남,완도군,15666,15991,729,893
2022,11,202211,전남,장성군,18565,18898,792,903
2022,11,202211,전남,장흥군,12799,12971,591,711
2022,11,202211,전남,진도군,10679,10845,555,657
2022,11,202211,전남,함평군,11652,36741,557,1070
2022,11,202211,전남,해남군,23646,98452,1633,2997
2022,11,202211,전남,화순군,24828,25382,995,2000
2022,11,202211,전북,고창군,19305,19595,1345,1510
2022,11,202211,전북,군산시,112111,114441,3382,4046
2022,11,202211,전북,김제시,32094,32921,1550,1789
2022,11,202211,전북,남원시,28149,30058,1247,1533
2022,11,202211,전북,무주군,8485,8612,467,563
2022,11,202211,전북,부안군,18440,18715,901,1088
2022,11,202211,전북,순창군,9596,9723,415,498
2022,11,202211,전북,완주군,40114,40480,1624,2161
2022,11,202211,전북,익산시,110269,112303,4245,4863
2022,11,202211,전북,임실군,9343,9469,437,551
2022,11,202211,전북,장수군,7710,7818,379,447
2022,11,202211,전북,전주시,287604,293157,7175,9030
2022,11,202211,전북,정읍시,39448,42039,1681,1984
2022,11,202211,전북,진안군,9052,9193,447,588
2022,11,202211,제주,서귀포시,76516,77737,3109,3399
2022,11,202211,제주,제주시,241092,504255,7487,14408
2022,11,202211,충남,계룡시,21201,21329,616,761
2022,11,202211,충남,공주시,41052,42840,1690,2172
2022,11,202211,충남,금산군,19588,20879,1081,1394
2022,11,202211,충남,논산시,44733,45764,2154,2623
2022,11,202211,충남,당진시,79453,80238,2572,2992
2022,11,202211,충남,보령시,39280,39933,1461,1716
2022,11,202211,충남,부여군,22476,22921,1191,1607
2022,11,202211,충남,서산시,78031,79090,2620,3199
2022,11,202211,충남,서천군,19056,19280,773,926
2022,11,202211,충남,아산시,154932,157696,5070,5749
2022,11,202211,충남,예산군,32023,32432,1441,1860
2022,11,202211,충남,천안시,289792,293853,8796,10520
2022,11,202211,충남,청양군,10943,11080,513,634
2022,11,202211,충남,태안군,23854,24122,1066,1192
2022,11,202211,충남,홍성군,40333,40817,1456,1757
2022,11,202211,충북,괴산군,14941,15089,813,916
2022,11,202211,충북,단양군,10596,10799,491,621
2022,11,202211,충북,보은군,11724,11923,648,794
2022,11,202211,충북,영동군,16818,17021,736,880
2022,11,202211,충북,옥천군,19450,19838,849,1003
2022,11,202211,충북,음성군,45199,45571,2225,2501
2022,11,202211,충북,제천시,53208,54035,1852,2097
2022,11,202211,충북,증평군,16460,16627,626,684
2022,11,202211,충북,진천군,42375,42688,1600,1755
2022,11,202211,충북,청주시,377424,387449,10287,13119
2022,11,202211,충북,충주시,90790,96408,3064,3626
2022,12,202212,강원,강릉시,91267,93916,2777,3417
2022,12,202212,강원,고성군,11323,11450,487,572
2022,12,202212,강원,동해시,38714,39485,1325,1558
2022,12,202212,강원,삼척시,25559,26136,899,1139
2022,12,202212,강원,속초시,33395,34369,1165,1393
2022,12,202212,강원,양구군,8637,8749,323,405
2022,12,202212,강원,양양군,12058,12294,434,506
2022,12,202212,강원,영월군,14740,15025,708,842
2022,12,202212,강원,원주시,153974,156964,4653,5317
2022,12,202212,강원,인제군,14067,14243,524,634
2022,12,202212,강원,정선군,14117,14431,624,786
2022,12,202212,강원,철원군,16738,16931,760,856
2022,12,202212,강원,춘천시,118004,120938,3337,4212
2022,12,202212,강원,태백시,15861,16330,663,867
2022,12,202212,강원,평창군,17137,17584,815,965
2022,12,202212,강원,홍천군,27211,27578,1316,1712
2022,12,202212,강원,화천군,9506,9627,318,425
2022,12,202212,강원,횡성군,18587,19194,899,1034
2022,12,202212,경기,가평군,24451,24744,1210,1441
2022,12,202212,경기,고양시,383726,391568,9532,11460
2022,12,202212,경기,과천시,27099,27863,542,685
2022,12,202212,경기,광명시,88225,89934,2637,3167
2022,12,202212,경기,광주시,165791,166785,5305,8023
2022,12,202212,경기,구리시,60275,61505,1746,2121
2022,12,202212,경기,군포시,87838,88925,2383,2628
2022,12,202212,경기,김포시,196911,199342,5580,7265
2022,12,202212,경기,남양주시,264014,266503,8132,9419
2022,12,202212,경기,동두천시,32163,33000,1357,1469
2022,12,202212,경기,부천시,252383,258152,8520,9913
2022,12,202212,경기,성남시,307842,315995,7393,9356
2022,12,202212,경기,수원시,477273,486997,12949,15759
2022,12,202212,경기,시흥시,215889,217848,6932,7466
2022,12,202212,경기,안산시,255101,260339,9796,11774
2022,12,202212,경기,안성시,87831,88730,3271,3832
2022,12,202212,경기,안양시,183547,187415,4796,6479
2022,12,202212,경기,양주시,95690,96516,3848,4378
2022,12,202212,경기,양평군,49932,50555,1853,2624
2022,12,202212,경기,여주시,50266,50811,2144,2940
2022,12,202212,경기,연천군,17245,17426,798,998
2022,12,202212,경기,오산시,97514,98746,3022,3597
2022,12,202212,경기,용인시,432811,438375,10004,12388
2022,12,202212,경기,의왕시,58608,59030,1468,1729
2022,12,202212,경기,의정부시,147666,150248,4877,5570
2022,12,202212,경기,이천시,98052,99198,3617,4364
2022,12,202212,경기,파주시,199557,202472,5929,8643
2022,12,202212,경기,평택시,270524,274434,8317,10510
2022,12,202212,경기,포천시,65410,71057,3042,3911
2022,12,202212,경기,하남시,118453,119582,2802,3224
2022,12,202212,경기,화성시,414412,417851,10915,13793
2022,12,202212,경남,거제시,92740,93836,3049,3626
2022,12,202212,경남,거창군,23376,23655,884,1116
2022,12,202212,경남,고성군,19518,19791,758,904
2022,12,202212,경남,김해시,235184,237885,6616,7339
2022,12,202212,경남,남해군,13857,14111,563,734
2022,12,202212,경남,밀양시,42278,42879,1460,1739
2022,12,202212,경남,사천시,45922,46757,1526,1814
2022,12,202212,경남,산청군,13159,13314,534,650
2022,12,202212,경남,양산시,145133,146551,4378,5278
2022,12,202212,경남,의령군,10097,10224,438,533
2022,12,202212,경남,진주시,140085,143193,3568,4756
2022,12,202212,경남,창녕군,24670,24928,1093,1265
2022,12,202212,경남,창원시,505620,571326,10719,14046
2022,12,202212,경남,통영시,42260,43095,1793,2127
2022,12,202212,경남,하동군,15924,16080,569,671
2022,12,202212,경남,함안군,32582,63237,1132,1496
2022,12,202212,경남,함양군,13076,13295,517,658
2022,12,202212,경남,합천군,15330,15509,612,740
2022,12,202212,경북,경산시,116318,117385,3182,3650
2022,12,202212,경북,경주시,115405,117273,3956,4665
2022,12,202212,경북,고령군,13749,13850,675,762
2022,12,202212,경북,구미시,185598,188298,5324,6237
2022,12,202212,경북,군위군,9844,9924,413,469
2022,12,202212,경북,김천시,57209,57966,2128,2469
2022,12,202212,경북,문경시,26730,27253,1255,1433
2022,12,202212,경북,봉화군,10966,11125,436,522
2022,12,202212,경북,상주시,35790,36325,1670,2008
2022,12,202212,경북,성주군,19608,19841,835,925
2022,12,202212,경북,안동시,62440,63668,2215,2741
2022,12,202212,경북,영덕군,12574,12761,636,739
2022,12,202212,경북,영양군,5913,6003,287,346
2022,12,202212,경북,영주시,40336,40957,1648,1863
2022,12,202212,경북,영천시,43943,44467,1790,2124
2022,12,202212,경북,예천군,22262,22540,751,893
2022,12,202212,경북,울릉군,3963,4387,253,470
2022,12,202212,경북,울진군,19561,19809,675,813
2022,12,202212,경북,의성군,18920,19095,882,1049
2022,12,202212,경북,청도군,17320,17546,657,750
2022,12,202212,경북,청송군,9672,9780,438,553
2022,12,202212,경북,칠곡군,55585,56014,1934,2403
2022,12,202212,경북,포항시,223533,227229,6205,7472
2022,12,202212,광주,광산구,169643,173891,4588,5155
2022,12,202212,광주,남구,81740,82762,2073,2580
2022,12,202212,광주,동구,40276,40782,1037,1246
2022,12,202212,광주,북구,166772,171542,4207,5352
2022,12,202212,광주,서구,125183,129902,3171,3663
2022,12,202212,대구,남구,47953,48969,1390,1698
2022,12,202212,대구,달서구,240457,249564,5103,5952
2022,12,202212,대구,달성군,116422,118240,3070,3690
2022,12,202212,대구,동구,135628,141345,3438,4272
2022,12,202212,대구,북구,171103,173747,4020,4711
2022,12,202212,대구,서구,55355,58256,1744,2012
2022,12,202212,대구,수성구,192515,195337,3199,4039
2022,12,202212,대구,중구,53406,55510,996,1410
2022,12,202212,대전,대덕구,71585,74491,2338,2948
2022,12,202212,대전,동구,75913,78697,2591,3030
2022,12,202212,대전,서구,186264,192837,4512,5131
2022,12,202212,대전,유성구,166145,168887,3345,3783
2022,12,202212,대전,중구,81515,84129,2637,3271
2022,12,202212,부산,강서구,65853,67830,1787,2040
2022,12,202212,부산,금정구,66898,69549,2211,3072
2022,12,202212,부산,기장군,70315,71196,2184,2791
2022,12,202212,부산,남구,79294,82343,2214,2684
2022,12,202212,부산,동구,36891,38865,923,1158
2022,12,202212,부산,동래구,84606,86180,2078,2461
2022,12,202212,부산,부산진구,109584,128365,2946,3531
2022,12,202212,부산,북구,87610,89231,2352,2722
2022,12,202212,부산,사상구,66098,68789,2252,2635
2022,12,202212,부산,사하구,91997,95546,2857,3247
2022,12,202212,부산,서구,25628,26095,973,1029
2022,12,202212,부산,수영구,58087,108467,1499,2533
2022,12,202212,부산,연제구,99285,109973,1720,2724
2022,12,202212,부산,영도구,26388,27812,1014,1362
2022,12,202212,부산,중구,29100,29361,509,582
2022,12,202212,부산,해운대구,149104,163019,3350,3698
2022,12,202212,서울,강남구,207377,227341,4115,4761
2022,12,202212,서울,강동구,128197,133394,3573,4426
2022,12,202212,서울,강북구,60943,63114,2431,3219
2022,12,202212,서울,강서구,168042,179418,4595,6021
2022,12,202212,서울,관악구,99640,102868,3360,3707
2022,12,202212,서울,광진구,80403,83925,2359,2767
2022,12,202212,서울,구로구,114713,126143,4504,5130
2022,12,202212,서울,금천구,71122,74671,2986,3486
2022,12,202212,서울,노원구,129347,134956,3708,4596
2022,12,202212,서울,도봉구,76886,81679,2600,3220
2022,12,202212,서울,동대문구,81388,83882,2880,3087
2022,12,202212,서울,동작구,93620,94910,2498,2684
2022,12,202212,서울,마포구,101279,105944,2768,3489
2022,12,202212,서울,서대문구,76550,80001,2209,2751
2022,12,202212,서울,서초구,151437,156546,3155,4024
2022,12,202212,서울,성동구,82795,90234,2037,3009
2022,12,202212,서울,성북구,105252,107478,3118,4289
2022,12,202212,서울,송파구,206371,213717,4445,6224
2022,12,202212,서울,양천구,127739,132363,3374,4192
2022,12,202212,서울,영등포구,117615,120888,4047,4262
2022,12,202212,서울,용산구,65407,66976,1985,2176
2022,12,202212,서울,은평구,112672,116851,3409,4201
2022,12,202212,서울,종로구,39056,41557,1558,3472
2022,12,202212,서울,중구,44948,48126,1868,2871
2022,12,202212,서울,중랑구,90730,96748,3440,4021
2022,12,202212,세종,세종시,170149,171636,3550,4251
2022,12,202212,울산,남구,135828,138861,2833,3578
2022,12,202212,울산,동구,56088,56871,1290,1478
2022,12,202212,울산,북구,106167,107730,2232,2547
2022,12,202212,울산,울주군,104889,106359,2697,3467
2022,12,202212,울산,중구,87635,88892,1970,2375
2022,12,202212,인천,강화군,26498,33200,1194,1983
2022,12,202212,인천,계양구,95454,242648,3471,5656
2022,12,202212,인천,남동구,216056,247286,5676,6990
2022,12,202212,인천,동구,19258,20040,867,973
2022,12,202212,인천,미추홀구,140485,144195,4491,4717
2022,12,202212,인천,부평구,202353,239161,5068,6278
2022,12,202212,인천,서구,243361,248353,6663,7994
2022,12,202212,인천,연수구,190441,195624,3373,4162
2022,12,202212,인천,옹진군,8528,8704,521,629
2022,12,202212,인천,중구,62867,63765,1927,2738
2022,12,202212,전남,강진군,11986,12243,550,702
2022,12,202212,전남,고흥군,19791,20075,1068,1250
2022,12,202212,전남,곡성군,9979,10178,434,538
2022,12,202212,전남,광양시,72108,73039,2258,2616
2022,12,202212,전남,구례군,8941,9478,435,529
2022,12,202212,전남,나주시,50326,51296,1943,2452
2022,12,202212,전남,담양군,19522,19954,803,1108
2022,12,202212,전남,목포시,80522,83034,2867,3408
2022,12,202212,전남,무안군,37796,38155,1562,1818
2022,12,202212,전남,보성군,13511,14606,751,940
2022,12,202212,전남,순천시,118750,120701,3110,3896
2022,12,202212,전남,신안군,12759,111440,643,2912
2022,12,202212,전남,여수시,110061,112596,3494,4333
2022,12,202212,전남,영광군,20241,20456,826,960
2022,12,202212,전남,영암군,22827,23263,1245,1443
2022,12,202212,전남,완도군,15724,16046,734,899
2022,12,202212,전남,장성군,18633,18968,787,899
2022,12,202212,전남,장흥군,12813,12984,588,708
2022,12,202212,전남,진도군,10699,10862,553,656
2022,12,202212,전남,함평군,11656,35925,565,1071
2022,12,202212,전남,해남군,23731,97453,1641,2956
2022,12,202212,전남,화순군,24864,25423,983,1978
2022,12,202212,전북,고창군,19310,19590,1340,1496
2022,12,202212,전북,군산시,112394,114732,3365,4031
2022,12,202212,전북,김제시,32233,33101,1548,1789
2022,12,202212,전북,남원시,28205,30008,1246,1534
2022,12,202212,전북,무주군,8512,8641,466,561
2022,12,202212,전북,부안군,18465,18739,906,1091
2022,12,202212,전북,순창군,9610,9740,415,497
2022,12,202212,전북,완주군,40532,40902,1630,2163
2022,12,202212,전북,익산시,110429,112455,4243,4857
2022,12,202212,전북,임실군,9379,9505,437,553
2022,12,202212,전북,장수군,7691,7801,375,443
2022,12,202212,전북,전주시,287824,293406,7139,9017
2022,12,202212,전북,정읍시,39522,42181,1683,1992
2022,12,202212,전북,진안군,9047,9190,453,594
2022,12,202212,제주,서귀포시,76557,77772,3097,3389
2022,12,202212,제주,제주시,241736,504559,7496,14374
2022,12,202212,충남,계룡시,21342,21469,624,769
2022,12,202212,충남,공주시,41072,42882,1664,2161
2022,12,202212,충남,금산군,19649,20965,1077,1394
2022,12,202212,충남,논산시,44780,45805,2157,2624
2022,12,202212,충남,당진시,79789,80540,2557,2977
2022,12,202212,충남,보령시,39389,40041,1472,1728
2022,12,202212,충남,부여군,22545,22982,1185,1597
2022,12,202212,충남,서산시,78203,79279,2616,3210
2022,12,202212,충남,서천군,19074,19299,764,918
2022,12,202212,충남,아산시,155674,158362,5066,5743
2022,12,202212,충남,예산군,32157,32563,1427,1842
2022,12,202212,충남,천안시,290235,294246,8781,10499
2022,12,202212,충남,청양군,10986,11127,514,635
2022,12,202212,충남,태안군,23888,24153,1062,1184
2022,12,202212,충남,홍성군,40399,40883,1450,1753
2022,12,202212,충북,괴산군,15034,15189,812,918
2022,12,202212,충북,단양군,10595,10796,484,615
2022,12,202212,충북,보은군,11776,11971,644,789
2022,12,202212,충북,영동군,16852,17055,731,876
2022,12,202212,충북,옥천군,19496,19883,853,1007
2022,12,202212,충북,음성군,45314,45685,2222,2499
2022,12,202212,충북,제천시,53358,54185,1841,2085
2022,12,202212,충북,증평군,16479,16648,620,678
2022,12,202212,충북,진천군,42466,42777,1606,1759
2022,12,202212,충북,청주시,378070,388009,10285,13101
2022,12,202212,충북,충주시,91024,96552,3061,3620
2023,1,202301,강원,강릉시,91558,94186,2770,3412
2023,1,202301,강원,고성군,11328,11455,490,579
2023,1,202301,강원,동해시,38827,39599,1331,1566
2023,1,202301,강원,삼척시,25615,26188,895,1135
2023,1,202301,강원,속초시,33518,34503,1162,1392
2023,1,202301,강원,양구군,8687,8797,320,404
2023,1,202301,강원,양양군,12081,12317,434,506
2023,1,202301,강원,영월군,14777,15059,710,844
2023,1,202301,강원,원주시,154331,157302,4636,5300
2023,1,202301,강원,인제군,14151,14326,523,633
2023,1,202301,강원,정선군,14160,14470,623,789
2023,1,202301,강원,철원군,16762,16955,755,850
2023,1,202301,강원,춘천시,118338,121275,3325,4201
2023,1,202301,강원,태백시,15873,16340,658,863
2023,1,202301,강원,평창군,17149,17634,822,973
2023,1,202301,강원,홍천군,27306,27676,1307,1693
2023,1,202301,강원,화천군,9534,9655,319,426
2023,1,202301,강원,횡성군,18703,19331,900,1035
2023,1,202301,경기,가평군,24517,24813,1204,1435
2023,1,202301,경기,고양시,385106,392812,9516,11432
2023,1,202301,경기,과천시,27266,28032,539,685
2023,1,202301,경기,광명시,88261,89976,2621,3145
2023,1,202301,경기,광주시,166044,167040,5295,8010
2023,1,202301,경기,구리시,60432,61674,1735,2108
2023,1,202301,경기,군포시,88067,89158,2374,2617
2023,1,202301,경기,김포시,197122,199606,5564,7201
2023,1,202301,경기,남양주시,264673,267160,8102,9387
2023,1,202301,경기,동두천시,32179,33015,1354,1465
2023,1,202301,경기,부천시,252108,257895,8458,9854
2023,1,202301,경기,성남시,309012,317066,7339,9275
2023,1,202301,경기,수원시,476080,485606,12889,15686
2023,1,202301,경기,시흥시,216676,218631,6893,7433
2023,1,202301,경기,안산시,255309,260552,9776,11749
2023,1,202301,경기,안성시,88007,88907,3267,3826
2023,1,202301,경기,안양시,183869,187722,4781,6461
2023,1,202301,경기,양주시,96731,97561,3846,4378
2023,1,202301,경기,양평군,50087,50717,1844,2615
2023,1,202301,경기,여주시,50528,51071,2139,2926
2023,1,202301,경기,연천군,17302,17482,794,995
2023,1,202301,경기,오산시,97766,98996,3006,3581
2023,1,202301,경기,용인시,433335,438939,9951,12331
2023,1,202301,경기,의왕시,58749,59172,1475,1741
2023,1,202301,경기,의정부시,148063,150595,4877,5569
2023,1,202301,경기,이천시,98505,99680,3606,4346
2023,1,202301,경기,파주시,200308,203158,5929,8685
2023,1,202301,경기,평택시,272261,276166,8341,10561
2023,1,202301,경기,포천시,65439,70905,3038,3909
2023,1,202301,경기,하남시,118969,120095,2781,3202
2023,1,202301,경기,화성시,417188,420634,10921,13811
2023,1,202301,경남,거제시,92904,93999,3052,3628
2023,1,202301,경남,거창군,23498,23781,874,1110
2023,1,202301,경남,고성군,19581,19851,755,901
2023,1,202301,경남,김해시,235909,238596,6603,7294
2023,1,202301,경남,남해군,13899,14153,558,729
2023,1,202301,경남,밀양시,42400,43004,1453,1736
2023,1,202301,경남,사천시,46108,46901,1528,1811
2023,1,202301,경남,산청군,13276,13429,533,649
2023,1,202301,경남,양산시,145394,146819,4359,5267
2023,1,202301,경남,의령군,10136,10262,439,534
2023,1,202301,경남,진주시,140397,143553,3568,4756
2023,1,202301,경남,창녕군,24715,24975,1093,1266
2023,1,202301,경남,창원시,507197,572390,10710,14046
2023,1,202301,경남,통영시,42365,43198,1789,2123
2023,1,202301,경남,하동군,16003,16158,565,666
2023,1,202301,경남,함안군,32553,63486,1124,1481
2023,1,202301,경남,함양군,13115,13337,519,660
2023,1,202301,경남,합천군,15375,15554,621,752
2023,1,202301,경북,경산시,116519,117591,3191,3667
2023,1,202301,경북,경주시,115720,117576,3948,4654
2023,1,202301,경북,고령군,13784,13885,683,770
2023,1,202301,경북,구미시,186249,188936,5305,6213
2023,1,202301,경북,군위군,9883,9963,413,469
2023,1,202301,경북,김천시,57404,58163,2121,2464
2023,1,202301,경북,문경시,26744,27267,1254,1432
2023,1,202301,경북,봉화군,10974,11138,433,521
2023,1,202301,경북,상주시,35964,36504,1673,2010
2023,1,202301,경북,성주군,19718,19953,837,926
2023,1,202301,경북,안동시,62614,63855,2205,2730
2023,1,202301,경북,영덕군,12628,12816,634,739
2023,1,202301,경북,영양군,5919,6009,283,343
2023,1,202301,경북,영주시,40481,41096,1647,1863
2023,1,202301,경북,영천시,44115,44636,1789,2123
2023,1,202301,경북,예천군,22314,22591,741,882
2023,1,202301,경북,울릉군,3969,4389,254,472
2023,1,202301,경북,울진군,19650,19898,672,810
2023,1,202301,경북,의성군,18986,19162,880,1049
2023,1,202301,경북,청도군,17364,17589,654,747
2023,1,202301,경북,청송군,9710,9818,442,555
2023,1,202301,경북,칠곡군,55670,56099,1925,2382
2023,1,202301,경북,포항시,224390,228091,6211,7485
2023,1,202301,광주,광산구,169902,174141,4612,5180
2023,1,202301,광주,남구,81929,82943,2071,2578
2023,1,202301,광주,동구,40473,40979,1033,1243
2023,1,202301,광주,북구,167074,171838,4186,5327
2023,1,202301,광주,서구,125071,129770,3176,3667
2023,1,202301,대구,남구,48148,49166,1396,1704
2023,1,202301,대구,달서구,241077,250550,5108,5962
2023,1,202301,대구,달성군,116724,118534,3060,3674
2023,1,202301,대구,동구,135559,141246,3417,4211
2023,1,202301,대구,북구,171319,173960,4003,4734
2023,1,202301,대구,서구,55152,58065,1739,2002
2023,1,202301,대구,수성구,192852,196068,3189,4030
2023,1,202301,대구,중구,53458,55130,995,1399
2023,1,202301,대전,대덕구,71497,74377,2320,2931
2023,1,202301,대전,동구,76169,79010,2589,3029
2023,1,202301,대전,서구,186741,193356,4493,5107
2023,1,202301,대전,유성구,166731,169455,3350,3788
2023,1,202301,대전,중구,81592,84235,2632,3264
2023,1,202301,부산,강서구,66017,68035,1777,2031
2023,1,202301,부산,금정구,66857,69495,2201,3039
2023,1,202301,부산,기장군,70565,71430,2185,2791
2023,1,202301,부산,남구,79425,82417,2206,2698
2023,1,202301,부산,동구,36785,38770,914,1145
2023,1,202301,부산,동래구,84762,86348,2069,2452
2023,1,202301,부산,부산진구,109974,128614,2949,3561
2023,1,202301,부산,북구,87839,89455,2348,2717
2023,1,202301,부산,사상구,66137,68814,2245,2627
2023,1,202301,부산,사하구,92226,95793,2857,3248
2023,1,202301,부산,서구,25664,26126,949,1005
2023,1,202301,부산,수영구,57993,109653,1487,2531
2023,1,202301,부산,연제구,98965,109596,1707,2711
2023,1,202301,부산,영도구,26388,27807,1015,1363
2023,1,202301,부산,중구,29165,29427,527,599
2023,1,202301,부산,해운대구,149068,163078,3341,3668
2023,1,202301,서울,강남구,207692,227488,4112,4753
2023,1,202301,서울,강동구,128422,133635,3569,4431
2023,1,202301,서울,강북구,60998,63167,2411,3193
2023,1,202301,서울,강서구,167350,178674,4632,6041
2023,1,202301,서울,관악구,99804,103018,3334,3680
2023,1,202301,서울,광진구,80441,83936,2356,2759
2023,1,202301,서울,구로구,114998,126303,4491,5112
2023,1,202301,서울,금천구,71348,74928,2971,3470
2023,1,202301,서울,노원구,129513,135096,3695,4583
2023,1,202301,서울,도봉구,76966,81713,2579,3215
2023,1,202301,서울,동대문구,81610,84109,2856,3068
2023,1,202301,서울,동작구,93744,95033,2485,2672
2023,1,202301,서울,마포구,101497,106129,2730,3452
2023,1,202301,서울,서대문구,76981,80438,2214,2759
2023,1,202301,서울,서초구,151621,156748,3138,4002
2023,1,202301,서울,성동구,82773,90021,2029,3005
2023,1,202301,서울,성북구,105359,107580,3114,4287
2023,1,202301,서울,송파구,206606,213996,4426,6213
2023,1,202301,서울,양천구,127782,132404,3360,4177
2023,1,202301,서울,영등포구,117788,121044,4046,4259
2023,1,202301,서울,용산구,65440,67017,1989,2181
2023,1,202301,서울,은평구,112746,116916,3387,4178
2023,1,202301,서울,종로구,39066,41556,1555,3484
2023,1,202301,서울,중구,44703,47828,1856,2847
2023,1,202301,서울,중랑구,90969,97005,3431,4007
2023,1,202301,세종,세종시,170928,172426,3528,4229
2023,1,202301,울산,남구,136258,139278,2832,3575
2023,1,202301,울산,동구,56187,56964,1288,1475
2023,1,202301,울산,북구,106587,108163,2221,2537
2023,1,202301,울산,울주군,105328,106782,2698,3469
2023,1,202301,울산,중구,87807,89056,1964,2374
2023,1,202301,인천,강화군,26595,32736,1195,1902
2023,1,202301,인천,계양구,95507,242384,3460,5630
2023,1,202301,인천,남동구,216552,247583,5638,6953
2023,1,202301,인천,동구,19378,20164,877,983
2023,1,202301,인천,미추홀구,140425,144125,4467,4696
2023,1,202301,인천,부평구,203131,240186,5058,6270
2023,1,202301,인천,서구,244910,249941,6684,8031
2023,1,202301,인천,연수구,191123,196365,3369,4162
2023,1,202301,인천,옹진군,8569,8750,514,623
2023,1,202301,인천,중구,63125,63996,1927,2718
2023,1,202301,전남,강진군,12074,12333,554,703
2023,1,202301,전남,고흥군,19890,20171,1061,1242
2023,1,202301,전남,곡성군,10044,10240,437,542
2023,1,202301,전남,광양시,72408,73337,2248,2607
2023,1,202301,전남,구례군,8983,9526,433,527
2023,1,202301,전남,나주시,50569,51541,1936,2442
2023,1,202301,전남,담양군,19625,20061,803,1112
2023,1,202301,전남,목포시,80816,83327,2865,3409
2023,1,202301,전남,무안군,38011,38370,1547,1805
2023,1,202301,전남,보성군,13636,13846,750,871
2023,1,202301,전남,순천시,119004,120954,3110,3890
2023,1,202301,전남,신안군,12809,112327,647,2897
2023,1,202301,전남,여수시,110486,113017,3478,4313
2023,1,202301,전남,영광군,20301,20514,830,964
2023,1,202301,전남,영암군,22954,23382,1248,1442
2023,1,202301,전남,완도군,15789,16110,735,902
2023,1,202301,전남,장성군,18703,19036,779,892
2023,1,202301,전남,장흥군,12881,13051,594,715
2023,1,202301,전남,진도군,10771,10935,549,652
2023,1,202301,전남,함평군,11750,35790,565,1116
2023,1,202301,전남,해남군,23861,95921,1638,2886
2023,1,202301,전남,화순군,24973,25532,981,1976
2023,1,202301,전북,고창군,19404,19681,1336,1494
2023,1,202301,전북,군산시,112656,114994,3347,4010
2023,1,202301,전북,김제시,32435,33295,1551,1784
2023,1,202301,전북,남원시,28304,29990,1242,1523
2023,1,202301,전북,무주군,8539,8668,468,565
2023,1,202301,전북,부안군,18565,18843,901,1086
2023,1,202301,전북,순창군,9629,9759,411,493
2023,1,202301,전북,완주군,41003,41370,1635,2174
2023,1,202301,전북,익산시,110698,112740,4234,4845
2023,1,202301,전북,임실군,9394,9520,439,555
2023,1,202301,전북,장수군,7726,7836,373,441
2023,1,202301,전북,전주시,288142,293736,7142,9023
2023,1,202301,전북,정읍시,39656,42266,1668,1981
2023,1,202301,전북,진안군,9085,9228,451,593
2023,1,202301,제주,서귀포시,76683,77891,3097,3393
2023,1,202301,제주,제주시,242301,505979,7476,14345
2023,1,202301,충남,계룡시,21320,21448,621,766
2023,1,202301,충남,공주시,41151,42926,1665,2162
2023,1,202301,충남,금산군,19777,21116,1076,1393
2023,1,202301,충남,논산시,44919,45931,2154,2631
2023,1,202301,충남,당진시,80225,80977,2542,2963
2023,1,202301,충남,보령시,39470,40125,1477,1733
2023,1,202301,충남,부여군,22637,23075,1184,1598
2023,1,202301,충남,서산시,78525,79598,2618,3209
2023,1,202301,충남,서천군,19173,19397,767,912
2023,1,202301,충남,아산시,156963,159611,5052,5729
2023,1,202301,충남,예산군,32358,32764,1438,1863
2023,1,202301,충남,천안시,290707,294779,8808,10523
2023,1,202301,충남,청양군,11018,11159,505,625
2023,1,202301,충남,태안군,23913,24180,1056,1180
2023,1,202301,충남,홍성군,40584,41067,1445,1750
2023,1,202301,충북,괴산군,15049,15203,812,918
2023,1,202301,충북,단양군,10633,10837,485,618
2023,1,202301,충북,보은군,11843,12038,645,789
2023,1,202301,충북,영동군,16928,17131,727,876
2023,1,202301,충북,옥천군,19552,19936,852,1009
2023,1,202301,충북,음성군,45485,45860,2223,2499
2023,1,202301,충북,제천시,53464,54286,1842,2086
2023,1,202301,충북,증평군,16565,16734,620,678
2023,1,202301,충북,진천군,42629,42939,1601,1747
2023,1,202301,충북,청주시,379065,389080,10281,13101
2023,1,202301,충북,충주시,91374,97329,3060,3620
2023,2,202302,강원,강릉시,91729,94264,2770,3411
2023,2,202302,강원,고성군,11361,11489,492,582
2023,2,202302,강원,동해시,38900,39669,1321,1557
2023,2,202302,강원,삼척시,25684,26260,896,1132
2023,2,202302,강원,속초시,33551,34534,1155,1385
2023,2,202302,강원,양구군,8715,8825,324,407
2023,2,202302,강원,양양군,12145,12382,434,507
2023,2,202302,강원,영월군,14787,15069,709,843
2023,2,202302,강원,원주시,154860,157835,4638,5305
2023,2,202302,강원,인제군,14177,14348,525,635
2023,2,202302,강원,정선군,14202,14513,615,781
2023,2,202302,강원,철원군,16839,17032,756,851
2023,2,202302,강원,춘천시,118575,121497,3321,4205
2023,2,202302,강원,태백시,15919,16385,660,865
2023,2,202302,강원,평창군,17199,17625,822,974
2023,2,202302,강원,홍천군,27398,27776,1301,1678
2023,2,202302,강원,화천군,9556,9677,315,432
2023,2,202302,강원,횡성군,18762,19378,904,1041
2023,2,202302,경기,가평군,24585,24885,1195,1426
2023,2,202302,경기,고양시,386146,393751,9478,11399
2023,2,202302,경기,과천시,27357,28125,543,691
2023,2,202302,경기,광명시,87990,89694,2601,3121
2023,2,202302,경기,광주시,166080,167066,5256,7969
2023,2,202302,경기,구리시,60539,61768,1724,2090
2023,2,202302,경기,군포시,88150,89238,2369,2608
2023,2,202302,경기,김포시,196947,199461,5542,7153
2023,2,202302,경기,남양주시,264849,267327,8089,9371
2023,2,202302,경기,동두천시,32142,32976,1351,1462
2023,2,202302,경기,부천시,251492,257258,8417,9795
2023,2,202302,경기,성남시,309775,317683,7318,9250
2023,2,202302,경기,수원시,474653,484252,12853,15655
2023,2,202302,경기,시흥시,217694,219639,6914,7450
2023,2,202302,경기,안산시,254801,260011,9759,11733
2023,2,202302,경기,안성시,88144,88981,3248,3810
2023,2,202302,경기,안양시,184080,187923,4757,6432
2023,2,202302,경기,양주시,98051,98878,3845,4367
2023,2,202302,경기,양평군,50255,50885,1848,2617
2023,2,202302,경기,여주시,50732,51274,2146,2930
2023,2,202302,경기,연천군,17294,17473,786,984
2023,2,202302,경기,오산시,98000,99234,2994,3567
2023,2,202302,경기,용인시,433551,439165,9843,12224
2023,2,202302,경기,의왕시,58719,59142,1468,1739
2023,2,202302,경기,의정부시,148156,150737,4862,5557
2023,2,202302,경기,이천시,98845,100020,3608,4352
2023,2,202302,경기,파주시,201093,203865,5935,8689
2023,2,202302,경기,평택시,273572,277474,8355,10614
2023,2,202302,경기,포천시,65359,70672,3034,3905
2023,2,202302,경기,하남시,119254,120459,2788,3209
2023,2,202302,경기,화성시,419825,423257,10955,13852
2023,2,202302,경남,거제시,93000,94096,3047,3631
2023,2,202302,경남,거창군,23591,23874,875,1115
2023,2,202302,경남,고성군,19582,19852,750,898
2023,2,202302,경남,김해시,236301,238983,6593,7269
2023,2,202302,경남,남해군,13972,14226,558,729
2023,2,202302,경남,밀양시,42486,43086,1459,1743
2023,2,202302,경남,사천시,46239,47030,1531,1812
2023,2,202302,경남,산청군,13332,13486,528,644
2023,2,202302,경남,양산시,145850,147269,4370,5271
2023,2,202302,경남,의령군,10184,10310,437,537
2023,2,202302,경남,진주시,140735,143874,3560,4746
2023,2,202302,경남,창녕군,24801,25062,1102,1277
2023,2,202302,경남,창원시,509219,574090,10714,14045
2023,2,202302,경남,통영시,42419,43248,1789,2124
2023,2,202302,경남,하동군,16031,16189,565,666
2023,2,202302,경남,함안군,32500,63232,1126,1480
2023,2,202302,경남,함양군,13134,13356,520,663
2023,2,202302,경남,합천군,15369,15548,623,754
2023,2,202302,경북,경산시,116857,117932,3164,3643
2023,2,202302,경북,경주시,115961,117813,3938,4644
2023,2,202302,경북,고령군,13857,13959,681,767
2023,2,202302,경북,구미시,186688,189372,5273,6175
2023,2,202302,경북,군위군,9911,9991,419,477
2023,2,202302,경북,김천시,57551,58313,2125,2482
2023,2,202302,경북,문경시,26793,27321,1263,1442
2023,2,202302,경북,봉화군,11016,11181,433,521
2023,2,202302,경북,상주시,36001,36540,1672,2011
2023,2,202302,경북,성주군,19770,20001,839,928
2023,2,202302,경북,안동시,62836,64068,2204,2734
2023,2,202302,경북,영덕군,12671,12857,636,743
2023,2,202302,경북,영양군,5901,5990,285,345
2023,2,202302,경북,영주시,40554,41170,1646,1862
2023,2,202302,경북,영천시,44168,44687,1793,2128
2023,2,202302,경북,예천군,22368,22645,750,892
2023,2,202302,경북,울릉군,4048,4470,254,473
2023,2,202302,경북,울진군,19677,19924,669,806
2023,2,202302,경북,의성군,19094,19271,881,1049
2023,2,202302,경북,청도군,17466,17693,656,747
2023,2,202302,경북,청송군,9732,9840,444,557
2023,2,202302,경북,칠곡군,55797,56224,1925,2376
2023,2,202302,경북,포항시,225094,228787,6202,7475
2023,2,202302,광주,광산구,170292,174510,4616,5178
2023,2,202302,광주,남구,82053,83067,2062,2565
2023,2,202302,광주,동구,40705,41205,1031,1242
2023,2,202302,광주,북구,167423,172179,4191,5336
2023,2,202302,광주,서구,124610,129282,3148,3636
2023,2,202302,대구,남구,48365,49384,1390,1698
2023,2,202302,대구,달서구,241550,251278,5092,5943
2023,2,202302,대구,달성군,116812,118621,3055,3667
2023,2,202302,대구,동구,135212,140860,3415,4207
2023,2,202302,대구,북구,171240,173854,3996,4728
2023,2,202302,대구,서구,54814,57728,1728,1991
2023,2,202302,대구,수성구,193365,196564,3179,4010
2023,2,202302,대구,중구,53461,55135,1004,1409
2023,2,202302,대전,대덕구,71548,74437,2317,2929
2023,2,202302,대전,동구,76385,79200,2574,3015
2023,2,202302,대전,서구,186803,193471,4477,5096
2023,2,202302,대전,유성구,166985,169918,3348,3799
2023,2,202302,대전,중구,81611,84243,2628,3258
2023,2,202302,부산,강서구,66043,68054,1775,2034
2023,2,202302,부산,금정구,66781,69432,2193,3039
2023,2,202302,부산,기장군,70924,71799,2181,2781
2023,2,202302,부산,남구,79389,82341,2192,2680
2023,2,202302,부산,동구,37106,39089,911,1139
2023,2,202302,부산,동래구,84943,86518,2063,2459
2023,2,202302,부산,부산진구,110868,129645,2957,3577
2023,2,202302,부산,북구,87822,89440,2319,2691
2023,2,202302,부산,사상구,66028,68673,2230,2617
2023,2,202302,부산,사하구,92303,95864,2833,3222
2023,2,202302,부산,서구,25678,26140,941,997
2023,2,202302,부산,수영구,58043,110555,1492,2544
2023,2,202302,부산,연제구,98876,109814,1684,2689
2023,2,202302,부산,영도구,26372,27779,1014,1362
2023,2,202302,부산,중구,29277,29540,521,594
2023,2,202302,부산,해운대구,149127,162830,3323,3650
2023,2,202302,서울,강남구,207975,227877,4102,4726
2023,2,202302,서울,강동구,128583,133802,3548,4413
2023,2,202302,서울,강북구,60949,63109,2389,3171
2023,2,202302,서울,강서구,166782,177998,4608,6003
2023,2,202302,서울,관악구,99826,103051,3316,3660
2023,2,202302,서울,광진구,80402,83897,2352,2748
2023,2,202302,서울,구로구,115081,125886,4464,5080
2023,2,202302,서울,금천구,71468,75072,2957,3452
2023,2,202302,서울,노원구,129453,135031,3685,4572
2023,2,202302,서울,도봉구,76999,81735,2551,3198
2023,2,202302,서울,동대문구,81695,84199,2842,3059
2023,2,202302,서울,동작구,93586,94869,2471,2657
2023,2,202302,서울,마포구,101638,106221,2714,3435
2023,2,202302,서울,서대문구,77261,80715,2219,2766
2023,2,202302,서울,서초구,151070,156128,3124,3966
2023,2,202302,서울,성동구,82402,89563,2015,2989
2023,2,202302,서울,성북구,105416,107638,3082,4256
2023,2,202302,서울,송파구,206826,214228,4401,6197
2023,2,202302,서울,양천구,127815,132432,3339,4153
2023,2,202302,서울,영등포구,117819,121053,4012,4231
2023,2,202302,서울,용산구,65483,67042,1978,2171
2023,2,202302,서울,은평구,112607,116772,3375,4163
2023,2,202302,서울,종로구,39111,41574,1557,3490
2023,2,202302,서울,중구,44627,47730,1854,2860
2023,2,202302,서울,중랑구,91064,97119,3418,3994
2023,2,202302,세종,세종시,171646,173138,3510,4198
2023,2,202302,울산,남구,136623,139625,2830,3580
2023,2,202302,울산,동구,56235,57011,1290,1477
2023,2,202302,울산,북구,106894,108471,2213,2529
2023,2,202302,울산,울주군,105642,107094,2692,3462
2023,2,202302,울산,중구,87969,89214,1956,2359
2023,2,202302,인천,강화군,26690,32234,1197,1835
2023,2,202302,인천,계양구,95425,242586,3463,5676
2023,2,202302,인천,남동구,217282,248025,5598,6917
2023,2,202302,인천,동구,19465,20243,872,977
2023,2,202302,인천,미추홀구,140252,143946,4442,4667
2023,2,202302,인천,부평구,202736,239636,5058,6255
2023,2,202302,인천,서구,246215,251248,6661,8020
2023,2,202302,인천,연수구,192135,196989,3366,4144
2023,2,202302,인천,옹진군,8641,8823,519,629
2023,2,202302,인천,중구,63334,64254,1933,2725
2023,2,202302,전남,강진군,12109,12370,556,707
2023,2,202302,전남,고흥군,19961,20243,1066,1247
2023,2,202302,전남,곡성군,10058,10253,436,541
2023,2,202302,전남,광양시,72658,73586,2246,2589
2023,2,202302,전남,구례군,9000,9527,432,528
2023,2,202302,전남,나주시,50799,51779,1936,2446
2023,2,202302,전남,담양군,19672,20101,809,1119
2023,2,202302,전남,목포시,81048,83535,2856,3389
2023,2,202302,전남,무안군,38071,38429,1548,1809
2023,2,202302,전남,보성군,13628,13893,755,876
2023,2,202302,전남,순천시,119359,121310,3112,3883
2023,2,202302,전남,신안군,12963,113526,652,2903
2023,2,202302,전남,여수시,110840,113367,3466,4313
2023,2,202302,전남,영광군,20397,20608,827,962
2023,2,202302,전남,영암군,23101,23507,1248,1439
2023,2,202302,전남,완도군,15873,16191,734,903
2023,2,202302,전남,장성군,18801,19134,780,894
2023,2,202302,전남,장흥군,12883,13053,588,708
2023,2,202302,전남,진도군,10784,10948,549,654
2023,2,202302,전남,함평군,11829,34437,561,1095
2023,2,202302,전남,해남군,23915,95048,1634,2840
2023,2,202302,전남,화순군,25051,25613,981,1974
2023,2,202302,전북,고창군,19399,19676,1344,1499
2023,2,202302,전북,군산시,112850,115175,3345,4007
2023,2,202302,전북,김제시,32658,33392,1551,1784
2023,2,202302,전북,남원시,28409,29971,1247,1523
2023,2,202302,전북,무주군,8568,8699,471,567
2023,2,202302,전북,부안군,18673,18949,901,1088
2023,2,202302,전북,순창군,9709,9838,412,495
2023,2,202302,전북,완주군,41344,41710,1646,2182
2023,2,202302,전북,익산시,110911,112952,4239,4852
2023,2,202302,전북,임실군,9427,9553,435,550
2023,2,202302,전북,장수군,7736,7848,376,442
2023,2,202302,전북,전주시,288177,293810,7101,8979
2023,2,202302,전북,정읍시,39808,42354,1673,1989
2023,2,202302,전북,진안군,9190,9333,450,593
2023,2,202302,제주,서귀포시,76922,78128,3092,3390
2023,2,202302,제주,제주시,243002,507198,7456,14322
2023,2,202302,충남,계룡시,21414,21543,619,765
2023,2,202302,충남,공주시,41258,43028,1660,2137
2023,2,202302,충남,금산군,19893,21245,1074,1386
2023,2,202302,충남,논산시,44973,45980,2144,2627
2023,2,202302,충남,당진시,80621,81372,2537,2961
2023,2,202302,충남,보령시,39527,40195,1476,1735
2023,2,202302,충남,부여군,22722,23157,1182,1602
2023,2,202302,충남,서산시,78822,79890,2606,3194
2023,2,202302,충남,서천군,19241,19463,769,915
2023,2,202302,충남,아산시,157706,160774,5066,5746
2023,2,202302,충남,예산군,32803,33212,1431,1865
2023,2,202302,충남,천안시,291275,295324,8792,10514
2023,2,202302,충남,청양군,11054,11196,505,626
2023,2,202302,충남,태안군,23934,24201,1048,1173
2023,2,202302,충남,홍성군,40564,41048,1443,1748
2023,2,202302,충북,괴산군,15125,15294,815,921
2023,2,202302,충북,단양군,10627,10830,483,619
2023,2,202302,충북,보은군,11871,12066,649,793
2023,2,202302,충북,영동군,16975,17177,726,876
2023,2,202302,충북,옥천군,19585,19966,851,1008
2023,2,202302,충북,음성군,45691,46065,2234,2511
2023,2,202302,충북,제천시,53647,54462,1836,2080
2023,2,202302,충북,증평군,16658,16828,619,678
2023,2,202302,충북,진천군,42684,43005,1591,1744
2023,2,202302,충북,청주시,379936,389935,10250,13078
2023,2,202302,충북,충주시,91696,97951,3039,3603
2023,3,202303,강원,강릉시,92056,94680,2762,3398
2023,3,202303,강원,고성군,11368,11498,489,578
2023,3,202303,강원,동해시,39019,39789,1313,1553
2023,3,202303,강원,삼척시,25817,26396,897,1133
2023,3,202303,강원,속초시,33664,34649,1131,1358
2023,3,202303,강원,양구군,8736,8847,314,395
2023,3,202303,강원,양양군,12184,12419,433,506
2023,3,202303,강원,영월군,14831,15114,695,829
2023,3,202303,강원,원주시,155503,158488,4656,5328
2023,3,202303,강원,인제군,14234,14399,515,623
2023,3,202303,강원,정선군,14233,14544,618,784
2023,3,202303,강원,철원군,16905,17099,754,850
2023,3,202303,강원,춘천시,118834,121742,3299,4196
2023,3,202303,강원,태백시,15950,16402,656,847
2023,3,202303,강원,평창군,17189,17638,815,981
2023,3,202303,강원,홍천군,27502,27868,1293,1674
2023,3,202303,강원,화천군,9536,9655,313,429
2023,3,202303,강원,횡성군,18822,19448,910,1049
2023,3,202303,경기,가평군,24595,24895,1189,1419
2023,3,202303,경기,고양시,387208,394698,9411,11303
2023,3,202303,경기,과천시,27507,28282,536,685
2023,3,202303,경기,광명시,87882,89616,2566,3085
2023,3,202303,경기,광주시,166600,167609,5222,7949
2023,3,202303,경기,구리시,60738,61961,1714,2080
2023,3,202303,경기,군포시,88233,89321,2342,2579
2023,3,202303,경기,김포시,197312,199796,5489,7108
2023,3,202303,경기,남양주시,265149,267568,7997,9278
2023,3,202303,경기,동두천시,32069,32887,1332,1442
2023,3,202303,경기,부천시,252183,257950,8333,9709
2023,3,202303,경기,성남시,310372,318200,7275,9215
2023,3,202303,경기,수원시,475718,485242,12795,15603
2023,3,202303,경기,시흥시,219068,221010,6887,7418
2023,3,202303,경기,안산시,255184,260391,9675,11657
2023,3,202303,경기,안성시,88345,89187,3241,3807
2023,3,202303,경기,안양시,184464,188285,4718,6390
2023,3,202303,경기,양주시,99178,100005,3833,4356
2023,3,202303,경기,양평군,50557,51184,1833,2534
2023,3,202303,경기,여주시,50882,51422,2113,2894
2023,3,202303,경기,연천군,17334,17509,782,1041
2023,3,202303,경기,오산시,98123,99353,2950,3524
2023,3,202303,경기,용인시,434228,439866,9777,12171
2023,3,202303,경기,의왕시,58748,59170,1447,1717
2023,3,202303,경기,의정부시,148339,150907,4818,5514
2023,3,202303,경기,이천시,99060,100216,3564,4315
2023,3,202303,경기,파주시,201979,204680,5864,8619
2023,3,202303,경기,평택시,275264,279124,8317,10592
2023,3,202303,경기,포천시,65398,70465,2995,3875
2023,3,202303,경기,하남시,119431,120638,2770,3191
2023,3,202303,경기,화성시,422690,426131,10864,13751
2023,3,202303,경남,거제시,93182,94293,3029,3598
2023,3,202303,경남,거창군,23664,23949,870,1109
2023,3,202303,경남,고성군,19628,19893,749,899
2023,3,202303,경남,김해시,236755,239485,6514,7190
2023,3,202303,경남,남해군,13999,14258,555,726
2023,3,202303,경남,밀양시,42633,43231,1465,1746
2023,3,202303,경남,사천시,46306,47109,1513,1800
2023,3,202303,경남,산청군,13409,13564,527,644
2023,3,202303,경남,양산시,146297,147721,4334,5239
2023,3,202303,경남,의령군,10187,10315,433,531
2023,3,202303,경남,진주시,141072,144252,3543,4736
2023,3,202303,경남,창녕군,24861,25118,1105,1278
2023,3,202303,경남,창원시,511120,575877,10671,13994
2023,3,202303,경남,통영시,42466,43296,1781,2120
2023,3,202303,경남,하동군,16084,16241,559,659
2023,3,202303,경남,함안군,32537,61524,1123,1469
2023,3,202303,경남,함양군,13199,13424,519,662
2023,3,202303,경남,합천군,15412,15589,614,745
2023,3,202303,경북,경산시,117098,118163,3121,3608
2023,3,202303,경북,경주시,116283,118127,3957,4656
2023,3,202303,경북,고령군,13942,14045,688,774
2023,3,202303,경북,구미시,187162,189837,5274,6171
2023,3,202303,경북,군위군,9926,10007,416,474
2023,3,202303,경북,김천시,57729,58490,2134,2490
2023,3,202303,경북,문경시,26889,27417,1264,1442
2023,3,202303,경북,봉화군,11043,11206,432,518
2023,3,202303,경북,상주시,36194,36735,1672,2016
2023,3,202303,경북,성주군,19853,20079,836,925
2023,3,202303,경북,안동시,62880,64103,2180,2713
2023,3,202303,경북,영덕군,12723,12910,636,740
2023,3,202303,경북,영양군,5898,5986,288,347
2023,3,202303,경북,영주시,40640,41257,1634,1851
2023,3,202303,경북,영천시,44302,44821,1795,2134
2023,3,202303,경북,예천군,22439,22715,748,891
2023,3,202303,경북,울릉군,4111,4544,258,481
2023,3,202303,경북,울진군,19727,19975,663,801
2023,3,202303,경북,의성군,19193,19371,891,1058
2023,3,202303,경북,청도군,17562,17789,659,750
2023,3,202303,경북,청송군,9765,9873,448,561
2023,3,202303,경북,칠곡군,55924,56356,1915,2361
2023,3,202303,경북,포항시,225461,229157,6126,7405
2023,3,202303,광주,광산구,170647,174832,4618,5177
2023,3,202303,광주,남구,82251,83261,2023,2525
2023,3,202303,광주,동구,40792,41291,1035,1248
2023,3,202303,광주,북구,167759,172512,4184,5328
2023,3,202303,광주,서구,125246,130045,3141,3632
2023,3,202303,대구,남구,48359,49381,1391,1699
2023,3,202303,대구,달서구,241665,251691,5070,5925
2023,3,202303,대구,달성군,117041,118854,3038,3652
2023,3,202303,대구,동구,135469,141081,3436,4235
2023,3,202303,대구,북구,170955,173565,3984,4714
2023,3,202303,대구,서구,54704,57610,1727,1993
2023,3,202303,대구,수성구,193259,196301,3141,3969
2023,3,202303,대구,중구,53725,55399,997,1400
2023,3,202303,대전,대덕구,71554,74489,2287,2901
2023,3,202303,대전,동구,76415,79216,2551,3071
2023,3,202303,대전,서구,186774,193485,4440,5069
2023,3,202303,대전,유성구,167618,170525,3309,3759
2023,3,202303,대전,중구,81604,84238,2599,3148
2023,3,202303,부산,강서구,66207,68199,1751,2012
2023,3,202303,부산,금정구,66733,69382,2174,3026
2023,3,202303,부산,기장군,71236,72101,2167,2774
2023,3,202303,부산,남구,79467,82368,2183,2674
2023,3,202303,부산,동구,37093,39072,907,1136
2023,3,202303,부산,동래구,85110,86670,2049,2428
2023,3,202303,부산,부산진구,111300,129939,2940,3566
2023,3,202303,부산,북구,87959,89607,2300,2676
2023,3,202303,부산,사상구,65934,68596,2220,2604
2023,3,202303,부산,사하구,92504,96029,2819,3209
2023,3,202303,부산,서구,25697,26159,931,987
2023,3,202303,부산,수영구,58136,111963,1489,2545
2023,3,202303,부산,연제구,98985,109929,1677,2684
2023,3,202303,부산,영도구,26385,27785,1009,1357
2023,3,202303,부산,중구,29484,29745,516,589
2023,3,202303,부산,해운대구,149086,162587,3285,3610
2023,3,202303,서울,강남구,209267,228981,4084,4704
2023,3,202303,서울,강동구,128708,133930,3523,4387
2023,3,202303,서울,강북구,60992,63158,2364,3146
2023,3,202303,서울,강서구,166914,177938,4605,6009
2023,3,202303,서울,관악구,99914,103170,3288,3676
2023,3,202303,서울,광진구,80447,83908,2339,2739
2023,3,202303,서울,구로구,115314,126122,4443,5073
2023,3,202303,서울,금천구,71586,75189,2934,3428
2023,3,202303,서울,노원구,129504,135126,3646,4534
2023,3,202303,서울,도봉구,77030,81745,2529,3173
2023,3,202303,서울,동대문구,81859,84394,2830,3046
2023,3,202303,서울,동작구,93889,95167,2454,2639
2023,3,202303,서울,마포구,101858,106415,2706,3430
2023,3,202303,서울,서대문구,77411,80879,2214,2761
2023,3,202303,서울,서초구,151151,156175,3117,3944
2023,3,202303,서울,성동구,82308,90723,1990,2935
2023,3,202303,서울,성북구,105432,107655,3063,4239
2023,3,202303,서울,송파구,206859,214205,4367,6174
2023,3,202303,서울,양천구,127697,132323,3324,4139
2023,3,202303,서울,영등포구,117820,121019,3981,4200
2023,3,202303,서울,용산구,65412,66953,1962,2153
2023,3,202303,서울,은평구,112555,116710,3337,4126
2023,3,202303,서울,종로구,39117,41616,1553,3470
2023,3,202303,서울,중구,44504,47539,1842,2861
2023,3,202303,서울,중랑구,91210,97274,3371,3941
2023,3,202303,세종,세종시,172323,173749,3515,4220
2023,3,202303,울산,남구,136887,139881,2802,3561
2023,3,202303,울산,동구,56306,57083,1270,1462
2023,3,202303,울산,북구,107377,108962,2221,2538
2023,3,202303,울산,울주군,105869,107306,2657,3426
2023,3,202303,울산,중구,88146,89388,1938,2340
2023,3,202303,인천,강화군,26706,31911,1188,1765
2023,3,202303,인천,계양구,95262,240999,3421,5636
2023,3,202303,인천,남동구,217484,247917,5551,6864
2023,3,202303,인천,동구,19605,20761,866,985
2023,3,202303,인천,미추홀구,140447,144203,4399,4625
2023,3,202303,인천,부평구,202959,239898,5007,6209
2023,3,202303,인천,서구,247852,252501,6638,7980
2023,3,202303,인천,연수구,193250,198166,3354,4135
2023,3,202303,인천,옹진군,8665,8848,515,633
2023,3,202303,인천,중구,63486,64394,1921,2710
2023,3,202303,전남,강진군,12100,12363,548,699
2023,3,202303,전남,고흥군,20020,20304,1057,1236
2023,3,202303,전남,곡성군,10129,10322,441,546
2023,3,202303,전남,광양시,72972,73886,2254,2602
2023,3,202303,전남,구례군,9016,9540,432,526
2023,3,202303,전남,나주시,51091,52073,1918,2433
2023,3,202303,전남,담양군,19768,20194,807,1118
2023,3,202303,전남,목포시,81252,83703,2862,3396
2023,3,202303,전남,무안군,38239,38602,1546,1807
2023,3,202303,전남,보성군,13703,13949,755,875
2023,3,202303,전남,순천시,119922,121867,3105,3873
2023,3,202303,전남,신안군,13005,113934,656,2934
2023,3,202303,전남,여수시,111153,113650,3468,4314
2023,3,202303,전남,영광군,20525,20738,830,964
2023,3,202303,전남,영암군,23348,23732,1250,1437
2023,3,202303,전남,완도군,15908,16217,723,890
2023,3,202303,전남,장성군,18845,19169,773,888
2023,3,202303,전남,장흥군,12921,13090,591,711
2023,3,202303,전남,진도군,10798,10960,539,644
2023,3,202303,전남,함평군,11899,32337,565,1050
2023,3,202303,전남,해남군,23974,95113,1644,2923
2023,3,202303,전남,화순군,25140,25698,977,1976
2023,3,202303,전북,고창군,19502,19778,1331,1484
2023,3,202303,전북,군산시,113138,115451,3347,3998
2023,3,202303,전북,김제시,32834,33563,1551,1784
2023,3,202303,전북,남원시,28538,29909,1246,1520
2023,3,202303,전북,무주군,8612,8742,478,573
2023,3,202303,전북,부안군,18762,19037,893,1078
2023,3,202303,전북,순창군,9739,9868,413,495
2023,3,202303,전북,완주군,41979,42345,1658,2191
2023,3,202303,전북,익산시,111094,113124,4232,4844
2023,3,202303,전북,임실군,9499,9626,428,543
2023,3,202303,전북,장수군,7773,7886,376,444
2023,3,202303,전북,전주시,288332,293957,7049,8919
2023,3,202303,전북,정읍시,39935,42554,1670,1985
2023,3,202303,전북,진안군,9255,9398,453,596
2023,3,202303,제주,서귀포시,77062,78273,3081,3377
2023,3,202303,제주,제주시,243709,508109,7437,14293
2023,3,202303,충남,계룡시,21732,21860,624,768
2023,3,202303,충남,공주시,41391,43177,1658,2150
2023,3,202303,충남,금산군,20013,21369,1065,1376
2023,3,202303,충남,논산시,45018,46018,2148,2633
2023,3,202303,충남,당진시,80983,81731,2523,2940
2023,3,202303,충남,보령시,39724,40400,1468,1729
2023,3,202303,충남,부여군,22771,23204,1186,1605
2023,3,202303,충남,서산시,79144,80210,2610,3200
2023,3,202303,충남,서천군,19299,19520,766,913
2023,3,202303,충남,아산시,158399,161418,5051,5711
2023,3,202303,충남,예산군,33200,33610,1439,1874
2023,3,202303,충남,천안시,292228,296218,8737,10458
2023,3,202303,충남,청양군,11076,11219,501,624
2023,3,202303,충남,태안군,24017,24281,1043,1166
2023,3,202303,충남,홍성군,40507,40989,1433,1736
2023,3,202303,충북,괴산군,15157,15327,813,916
2023,3,202303,충북,단양군,10669,10876,483,620
2023,3,202303,충북,보은군,11897,12094,644,790
2023,3,202303,충북,영동군,17004,17207,724,874
2023,3,202303,충북,옥천군,19673,20037,850,1007
2023,3,202303,충북,음성군,45853,46219,2229,2511
2023,3,202303,충북,제천시,53774,54588,1818,2062
2023,3,202303,충북,증평군,16722,16891,608,668
2023,3,202303,충북,진천군,42880,43201,1589,1739
2023,3,202303,충북,청주시,381108,391145,10237,13060
2023,3,202303,충북,충주시,92030,98221,3034,3597
2023,4,202304,강원,강릉시,92123,94766,2729,3364
2023,4,202304,강원,고성군,11380,11508,486,575
2023,4,202304,강원,동해시,39096,39863,1297,1538
2023,4,202304,강원,삼척시,25810,26387,882,1119
2023,4,202304,강원,속초시,33750,34747,1126,1354
2023,4,202304,강원,양구군,8784,8896,318,399
2023,4,202304,강원,양양군,12223,12459,426,499
2023,4,202304,강원,영월군,14862,15147,683,817
2023,4,202304,강원,원주시,155553,158556,4593,5263
2023,4,202304,강원,인제군,14256,14415,504,612
2023,4,202304,강원,정선군,14254,14583,616,784
2023,4,202304,강원,철원군,16929,17122,749,847
2023,4,202304,강원,춘천시,119014,121946,3286,4192
2023,4,202304,강원,태백시,15950,16401,645,836
2023,4,202304,강원,평창군,17200,17660,813,976
2023,4,202304,강원,홍천군,27501,27869,1279,1663
2023,4,202304,강원,화천군,9555,9674,308,424
2023,4,202304,강원,횡성군,18913,19523,893,1033
2023,4,202304,경기,가평군,24628,24926,1189,1418
2023,4,202304,경기,고양시,388101,395691,9353,11250
2023,4,202304,경기,과천시,27767,28512,545,680
2023,4,202304,경기,광명시,87596,89365,2548,3071
2023,4,202304,경기,광주시,166718,167723,5195,7920
2023,4,202304,경기,구리시,60860,62109,1711,2082
2023,4,202304,경기,군포시,88304,89390,2320,2560
2023,4,202304,경기,김포시,197642,200537,5473,7087
2023,4,202304,경기,남양주시,265485,267888,7943,9217
2023,4,202304,경기,동두천시,32034,32875,1312,1426
2023,4,202304,경기,부천시,253122,258970,8301,9677
2023,4,202304,경기,성남시,310962,318811,7198,9144
2023,4,202304,경기,수원시,477051,486747,12736,15531
2023,4,202304,경기,시흥시,220119,222084,6829,7369
2023,4,202304,경기,안산시,255553,260788,9610,11600
2023,4,202304,경기,안성시,88919,89763,3208,3775
2023,4,202304,경기,안양시,184563,188495,4718,6378
2023,4,202304,경기,양주시,100039,100868,3806,4329
2023,4,202304,경기,양평군,50650,51275,1825,2519
2023,4,202304,경기,여주시,51083,51625,2103,2887
2023,4,202304,경기,연천군,17323,17499,771,1029
2023,4,202304,경기,오산시,98330,99575,2947,3539
2023,4,202304,경기,용인시,435232,440832,9756,12156
2023,4,202304,경기,의왕시,58749,59177,1436,1703
2023,4,202304,경기,의정부시,148458,151051,4782,5474
2023,4,202304,경기,이천시,99299,100496,3569,4326
2023,4,202304,경기,파주시,202555,205229,5833,8593
2023,4,202304,경기,평택시,276402,280348,8292,10593
2023,4,202304,경기,포천시,65495,70406,2982,3859
2023,4,202304,경기,하남시,119711,120915,2748,3168
2023,4,202304,경기,화성시,424967,428496,10766,13633
2023,4,202304,경남,거제시,93283,94391,2992,3563
2023,4,202304,경남,거창군,23764,24051,866,1105
2023,4,202304,경남,고성군,19614,19878,745,896
2023,4,202304,경남,김해시,237077,239801,6473,7148
2023,4,202304,경남,남해군,14039,14297,554,725
2023,4,202304,경남,밀양시,42668,43269,1445,1728
2023,4,202304,경남,사천시,46410,47212,1510,1792
2023,4,202304,경남,산청군,13492,13647,525,642
2023,4,202304,경남,양산시,146644,148099,4304,5209
2023,4,202304,경남,의령군,10241,10369,433,531
2023,4,202304,경남,진주시,141223,144405,3518,4711
2023,4,202304,경남,창녕군,24891,25147,1083,1255
2023,4,202304,경남,창원시,512446,577258,10591,13901
2023,4,202304,경남,통영시,42524,43351,1761,2098
2023,4,202304,경남,하동군,16101,16256,558,660
2023,4,202304,경남,함안군,32394,60910,1105,1450
2023,4,202304,경남,함양군,13224,13449,516,658
2023,4,202304,경남,합천군,15459,15637,607,738
2023,4,202304,경북,경산시,117118,118197,3126,3615
2023,4,202304,경북,경주시,116638,118539,3961,4657
2023,4,202304,경북,고령군,13990,14092,681,768
2023,4,202304,경북,구미시,187384,190085,5243,6136
2023,4,202304,경북,군위군,9946,10028,412,470
2023,4,202304,경북,김천시,57856,58630,2115,2470
2023,4,202304,경북,문경시,26924,27448,1244,1420
2023,4,202304,경북,봉화군,11067,11231,435,521
2023,4,202304,경북,상주시,36277,36830,1663,2008
2023,4,202304,경북,성주군,19858,20092,832,922
2023,4,202304,경북,안동시,63017,64241,2179,2712
2023,4,202304,경북,영덕군,12768,12957,634,738
2023,4,202304,경북,영양군,5933,6020,289,348
2023,4,202304,경북,영주시,40665,41281,1630,1847
2023,4,202304,경북,영천시,44394,44909,1793,2133
2023,4,202304,경북,예천군,22485,22759,742,885
2023,4,202304,경북,울릉군,4139,4578,257,482
2023,4,202304,경북,울진군,19791,20038,654,791
2023,4,202304,경북,의성군,19269,19446,879,1048
2023,4,202304,경북,청도군,17612,17833,656,748
2023,4,202304,경북,청송군,9774,9879,448,561
2023,4,202304,경북,칠곡군,55914,56344,1905,2336
2023,4,202304,경북,포항시,225990,229701,6072,7355
2023,4,202304,광주,광산구,170903,175104,4587,5147
2023,4,202304,광주,남구,82207,83210,1997,2502
2023,4,202304,광주,동구,41026,41525,1026,1239
2023,4,202304,광주,북구,167976,172675,4122,5265
2023,4,202304,광주,서구,125185,129945,3125,3619
2023,4,202304,대구,남구,48501,49526,1382,1690
2023,4,202304,대구,달서구,241664,251883,5047,5903
2023,4,202304,대구,달성군,117412,119229,3024,3641
2023,4,202304,대구,동구,135870,141475,3415,4209
2023,4,202304,대구,북구,170747,173348,3951,4690
2023,4,202304,대구,서구,54893,57837,1714,1981
2023,4,202304,대구,수성구,193134,196258,3103,3933
2023,4,202304,대구,중구,53641,55324,993,1397
2023,4,202304,대전,대덕구,71505,74438,2267,2890
2023,4,202304,대전,동구,76473,79238,2535,3055
2023,4,202304,대전,서구,186562,193413,4394,5024
2023,4,202304,대전,유성구,168570,171522,3294,3746
2023,4,202304,대전,중구,81607,84239,2581,3130
2023,4,202304,부산,강서구,66367,68572,1739,2009
2023,4,202304,부산,금정구,66691,69305,2153,3005
2023,4,202304,부산,기장군,71539,72405,2149,2758
2023,4,202304,부산,남구,79622,82482,2165,2659
2023,4,202304,부산,동구,37072,39035,907,1135
2023,4,202304,부산,동래구,85300,86849,2032,2405
2023,4,202304,부산,부산진구,111632,130021,2909,3533
2023,4,202304,부산,북구,87967,89642,2297,2671
2023,4,202304,부산,사상구,66150,68734,2210,2594
2023,4,202304,부산,사하구,92586,96148,2823,3214
2023,4,202304,부산,서구,25676,26132,929,983
2023,4,202304,부산,수영구,58073,112948,1477,2551
2023,4,202304,부산,연제구,99553,110764,1659,2664
2023,4,202304,부산,영도구,26411,27860,1015,1369
2023,4,202304,부산,중구,29744,30003,513,587
2023,4,202304,부산,해운대구,148937,162206,3264,3587
2023,4,202304,서울,강남구,210122,229619,4067,4687
2023,4,202304,서울,강동구,128775,133977,3519,4367
2023,4,202304,서울,강북구,61021,63193,2348,3131
2023,4,202304,서울,강서구,167015,177928,4589,5992
2023,4,202304,서울,관악구,99899,103083,3285,3673
2023,4,202304,서울,광진구,80492,83910,2325,2723
2023,4,202304,서울,구로구,115538,125920,4403,5024
2023,4,202304,서울,금천구,71663,75257,2913,3406
2023,4,202304,서울,노원구,129535,135141,3604,4491
2023,4,202304,서울,도봉구,76998,81693,2526,3172
2023,4,202304,서울,동대문구,82008,84559,2808,3019
2023,4,202304,서울,동작구,94169,95452,2438,2623
2023,4,202304,서울,마포구,101904,106438,2687,3411
2023,4,202304,서울,서대문구,77529,81000,2197,2745
2023,4,202304,서울,서초구,151051,156021,3099,3939
2023,4,202304,서울,성동구,82277,90709,1958,2887
2023,4,202304,서울,성북구,105530,107749,3048,4228
2023,4,202304,서울,송파구,206996,214286,4308,6112
2023,4,202304,서울,양천구,127794,132349,3322,4139
2023,4,202304,서울,영등포구,117759,120932,3976,4202
2023,4,202304,서울,용산구,65421,66963,1962,2153
2023,4,202304,서울,은평구,112577,116728,3320,4107
2023,4,202304,서울,종로구,39131,41598,1545,3374
2023,4,202304,서울,중구,44453,47427,1848,2889
2023,4,202304,서울,중랑구,91294,97378,3354,3926
2023,4,202304,세종,세종시,172708,174140,3489,4189
2023,4,202304,울산,남구,137170,140247,2774,3540
2023,4,202304,울산,동구,56402,57228,1256,1449
2023,4,202304,울산,북구,107679,109267,2220,2538
2023,4,202304,울산,울주군,106166,107588,2657,3425
2023,4,202304,울산,중구,88244,89477,1921,2325
2023,4,202304,인천,강화군,26794,33563,1177,1745
2023,4,202304,인천,계양구,95160,239806,3369,5538
2023,4,202304,인천,남동구,217423,247450,5523,6828
2023,4,202304,인천,동구,19716,20868,874,993
2023,4,202304,인천,미추홀구,140596,144336,4378,4604
2023,4,202304,인천,부평구,203155,240303,4975,6190
2023,4,202304,인천,서구,249500,254165,6574,7908
2023,4,202304,인천,연수구,194074,199093,3312,4093
2023,4,202304,인천,옹진군,8669,8855,511,629
2023,4,202304,인천,중구,64183,65070,1920,2709
2023,4,202304,전남,강진군,12111,12375,544,694
2023,4,202304,전남,고흥군,20110,20394,1061,1241
2023,4,202304,전남,곡성군,10160,10349,441,546
2023,4,202304,전남,광양시,73119,74037,2239,2589
2023,4,202304,전남,구례군,8998,9521,423,517
2023,4,202304,전남,나주시,51242,52225,1914,2428
2023,4,202304,전남,담양군,19790,20214,794,1106
2023,4,202304,전남,목포시,81397,83874,2838,3372
2023,4,202304,전남,무안군,38347,38709,1549,1814
2023,4,202304,전남,보성군,13704,13949,745,865
2023,4,202304,전남,순천시,120231,122201,3082,3850
2023,4,202304,전남,신안군,13124,113442,656,2903
2023,4,202304,전남,여수시,111314,113850,3446,4293
2023,4,202304,전남,영광군,20570,20797,815,957
2023,4,202304,전남,영암군,23434,23779,1239,1420
2023,4,202304,전남,완도군,15956,16252,726,891
2023,4,202304,전남,장성군,18925,19250,765,881
2023,4,202304,전남,장흥군,12926,13095,577,697
2023,4,202304,전남,진도군,10817,10980,532,637
2023,4,202304,전남,함평군,11918,30745,564,1014
2023,4,202304,전남,해남군,23988,95694,1635,2952
2023,4,202304,전남,화순군,25151,25712,977,1984
2023,4,202304,전북,고창군,19519,19791,1330,1482
2023,4,202304,전북,군산시,113278,115601,3292,3943
2023,4,202304,전북,김제시,32923,33643,1555,1787
2023,4,202304,전북,남원시,28642,29884,1217,1490
2023,4,202304,전북,무주군,8665,8792,479,573
2023,4,202304,전북,부안군,18797,19068,881,1064
2023,4,202304,전북,순창군,9762,9889,414,496
2023,4,202304,전북,완주군,42394,42755,1676,2206
2023,4,202304,전북,익산시,111403,113444,4212,4820
2023,4,202304,전북,임실군,9525,9650,429,545
2023,4,202304,전북,장수군,7758,7870,376,445
2023,4,202304,전북,전주시,288214,293916,6969,8833
2023,4,202304,전북,정읍시,40068,42631,1667,1985
2023,4,202304,전북,진안군,9280,9423,442,585
2023,4,202304,제주,서귀포시,77210,78419,3070,3366
2023,4,202304,제주,제주시,244236,509216,7442,14366
2023,4,202304,충남,계룡시,21979,22106,618,761
2023,4,202304,충남,공주시,41489,43323,1639,2139
2023,4,202304,충남,금산군,20075,21468,1043,1351
2023,4,202304,충남,논산시,45063,46065,2144,2628
2023,4,202304,충남,당진시,81390,82148,2501,2921
2023,4,202304,충남,보령시,39784,40461,1461,1718
2023,4,202304,충남,부여군,22762,23190,1176,1593
2023,4,202304,충남,서산시,79257,80341,2603,3192
2023,4,202304,충남,서천군,19355,19575,756,903
2023,4,202304,충남,아산시,158794,161827,4996,5655
2023,4,202304,충남,예산군,33365,33779,1443,1879
2023,4,202304,충남,천안시,292920,296958,8709,10433
2023,4,202304,충남,청양군,11081,11225,499,622
2023,4,202304,충남,태안군,24051,24320,1034,1157
2023,4,202304,충남,홍성군,40494,40977,1429,1732
2023,4,202304,충북,괴산군,15172,15353,805,910
2023,4,202304,충북,단양군,10712,10923,485,623
2023,4,202304,충북,보은군,11903,12101,643,789
2023,4,202304,충북,영동군,17022,17227,727,878
2023,4,202304,충북,옥천군,19706,20062,838,996
2023,4,202304,충북,음성군,45985,46357,2231,2511
2023,4,202304,충북,제천시,53750,54557,1806,2052
2023,4,202304,충북,증평군,16760,16929,598,657
2023,4,202304,충북,진천군,42997,43318,1570,1720
2023,4,202304,충북,청주시,381720,391787,10240,13069
2023,4,202304,충북,충주시,92136,98504,2993,3553
2023,5,202305,강원,강릉시,92188,94822,2711,3346
2023,5,202305,강원,고성군,11454,11582,485,573
2023,5,202305,강원,동해시,39168,39942,1298,1540
2023,5,202305,강원,삼척시,25799,26385,878,1115
2023,5,202305,강원,속초시,33799,34825,1124,1356
2023,5,202305,강원,양구군,8794,8905,320,402
2023,5,202305,강원,양양군,12234,12469,418,490
2023,5,202305,강원,영월군,14892,15172,687,820
2023,5,202305,강원,원주시,155894,158908,4561,5234
2023,5,202305,강원,인제군,14295,14457,495,602
2023,5,202305,강원,정선군,14237,14565,610,776
2023,5,202305,강원,철원군,16961,17156,730,830
2023,5,202305,강원,춘천시,119205,122148,3263,4172
2023,5,202305,강원,태백시,15968,16430,636,829
2023,5,202305,강원,평창군,17232,17746,804,969
2023,5,202305,강원,홍천군,27555,27938,1272,1656
2023,5,202305,강원,화천군,9609,9728,309,424
2023,5,202305,강원,횡성군,18926,19529,888,1033
2023,5,202305,경기,가평군,24634,24947,1182,1414
2023,5,202305,경기,고양시,388801,396945,9319,11199
2023,5,202305,경기,과천시,27954,28701,541,677
2023,5,202305,경기,광명시,87483,89240,2518,3041
2023,5,202305,경기,광주시,167040,168040,5151,7870
2023,5,202305,경기,구리시,60883,62138,1715,2093
2023,5,202305,경기,군포시,88362,89441,2303,2549
2023,5,202305,경기,김포시,198253,201054,5445,7055
2023,5,202305,경기,남양주시,265712,268113,7858,9126
2023,5,202305,경기,동두천시,32006,32842,1308,1422
2023,5,202305,경기,부천시,253264,259088,8243,9617
2023,5,202305,경기,성남시,311285,319101,7158,9103
2023,5,202305,경기,수원시,477577,487240,12672,15457
2023,5,202305,경기,시흥시,220578,222546,6818,7356
2023,5,202305,경기,안산시,255826,261055,9581,11565
2023,5,202305,경기,안성시,88969,89808,3226,3796
2023,5,202305,경기,안양시,184553,188489,4675,6337
2023,5,202305,경기,양주시,101286,102124,3819,4341
2023,5,202305,경기,양평군,50788,51417,1817,2508
2023,5,202305,경기,여주시,51230,51773,2087,2874
2023,5,202305,경기,연천군,17391,17571,761,1018
2023,5,202305,경기,오산시,98544,99782,2928,3541
2023,5,202305,경기,용인시,436037,441661,9735,12130
2023,5,202305,경기,의왕시,58715,59148,1416,1682
2023,5,202305,경기,의정부시,148665,151133,4755,5442
2023,5,202305,경기,이천시,99492,100704,3542,4302
2023,5,202305,경기,파주시,202864,205492,5797,8565
2023,5,202305,경기,평택시,277139,281105,8228,10547
2023,5,202305,경기,포천시,65540,70264,2956,3820
2023,5,202305,경기,하남시,119972,121176,2727,3146
2023,5,202305,경기,화성시,427331,430930,10725,13608
2023,5,202305,경남,거제시,93391,94500,2993,3565
2023,5,202305,경남,거창군,23834,24130,873,1114
2023,5,202305,경남,고성군,19627,19889,745,894
2023,5,202305,경남,김해시,237487,240212,6441,7116
2023,5,202305,경남,남해군,14053,14313,548,722
2023,5,202305,경남,밀양시,42826,43432,1449,1737
2023,5,202305,경남,사천시,46442,47246,1507,1785
2023,5,202305,경남,산청군,13480,13638,521,639
2023,5,202305,경남,양산시,146969,148425,4284,5185
2023,5,202305,경남,의령군,10267,10396,430,530
2023,5,202305,경남,진주시,141420,144586,3494,4696
2023,5,202305,경남,창녕군,24928,25183,1089,1262
2023,5,202305,경남,창원시,514190,579453,10548,13823
2023,5,202305,경남,통영시,42572,43405,1756,2093
2023,5,202305,경남,하동군,16112,16268,551,659
2023,5,202305,경남,함안군,32804,62891,1101,1447
2023,5,202305,경남,함양군,13260,13480,516,663
2023,5,202305,경남,합천군,15493,15673,612,744
2023,5,202305,경북,경산시,117130,118221,3119,3608
2023,5,202305,경북,경주시,116634,118581,3916,4617
2023,5,202305,경북,고령군,13982,14083,680,768
2023,5,202305,경북,구미시,187575,190280,5191,6089
2023,5,202305,경북,군위군,9964,10047,410,468
2023,5,202305,경북,김천시,57945,58719,2099,2455
2023,5,202305,경북,문경시,26915,27424,1234,1412
2023,5,202305,경북,봉화군,11094,11259,437,523
2023,5,202305,경북,상주시,36395,36944,1661,2007
2023,5,202305,경북,성주군,19876,20111,821,912
2023,5,202305,경북,안동시,63103,64324,2159,2692
2023,5,202305,경북,영덕군,12765,12951,625,730
2023,5,202305,경북,영양군,5948,6037,287,346
2023,5,202305,경북,영주시,40667,41284,1632,1848
2023,5,202305,경북,영천시,44450,44968,1783,2122
2023,5,202305,경북,예천군,22505,22784,735,876
2023,5,202305,경북,울릉군,4137,4579,260,485
2023,5,202305,경북,울진군,19843,20094,653,791
2023,5,202305,경북,의성군,19368,19546,884,1053
2023,5,202305,경북,청도군,17619,17840,652,744
2023,5,202305,경북,청송군,9798,9900,446,562
2023,5,202305,경북,칠곡군,55990,56422,1892,2322
2023,5,202305,경북,포항시,226436,230149,6059,7342
2023,5,202305,광주,광산구,171017,175133,4559,5114
2023,5,202305,광주,남구,82265,83263,1982,2488
2023,5,202305,광주,동구,41115,41619,1014,1227
2023,5,202305,광주,북구,168163,172794,4096,5236
2023,5,202305,광주,서구,125065,129790,3121,3617
2023,5,202305,대구,남구,48432,49449,1373,1682
2023,5,202305,대구,달서구,241442,251873,5029,5886
2023,5,202305,대구,달성군,117621,119412,3005,3623
2023,5,202305,대구,동구,136225,141856,3376,4176
2023,5,202305,대구,북구,170638,173243,3932,4673
2023,5,202305,대구,서구,55263,58215,1728,1995
2023,5,202305,대구,수성구,192955,196140,3095,3929
2023,5,202305,대구,중구,53442,55048,992,1392
2023,5,202305,대전,대덕구,71389,74303,2258,2880
2023,5,202305,대전,동구,76473,79239,2525,3047
2023,5,202305,대전,서구,186648,193665,4363,4990
2023,5,202305,대전,유성구,169329,172279,3288,3737
2023,5,202305,대전,중구,81632,84259,2579,3134
2023,5,202305,부산,강서구,66478,68670,1741,2011
2023,5,202305,부산,금정구,66742,69306,2133,2997
2023,5,202305,부산,기장군,71784,72655,2143,2754
2023,5,202305,부산,남구,79708,82564,2158,2652
2023,5,202305,부산,동구,37122,39091,908,1133
2023,5,202305,부산,동래구,85297,86845,2024,2391
2023,5,202305,부산,부산진구,111920,130011,2889,3514
2023,5,202305,부산,북구,87945,89611,2282,2657
2023,5,202305,부산,사상구,66083,68657,2201,2583
2023,5,202305,부산,사하구,92694,96209,2814,3203
2023,5,202305,부산,서구,25666,26121,920,974
2023,5,202305,부산,수영구,58099,114251,1471,2553
2023,5,202305,부산,연제구,99688,111146,1674,2709
2023,5,202305,부산,영도구,26390,27832,1013,1360
2023,5,202305,부산,중구,29925,30185,511,586
2023,5,202305,부산,해운대구,148882,161889,3244,3567
2023,5,202305,서울,강남구,210387,229694,4065,4685
2023,5,202305,서울,강동구,128840,134088,3498,4348
2023,5,202305,서울,강북구,61014,63213,2329,3114
2023,5,202305,서울,강서구,166934,177734,4536,5934
2023,5,202305,서울,관악구,99907,103098,3278,3666
2023,5,202305,서울,광진구,80536,83908,2315,2713
2023,5,202305,서울,구로구,115573,125873,4397,5012
2023,5,202305,서울,금천구,71702,75277,2898,3391
2023,5,202305,서울,노원구,129516,135106,3584,4468
2023,5,202305,서울,도봉구,76994,81753,2508,3160
2023,5,202305,서울,동대문구,82115,84652,2778,2990
2023,5,202305,서울,동작구,94394,95671,2429,2614
2023,5,202305,서울,마포구,102005,106510,2676,3409
2023,5,202305,서울,서대문구,77580,80975,2180,2713
2023,5,202305,서울,서초구,151360,156295,3078,3900
2023,5,202305,서울,성동구,82181,90578,1935,2876
2023,5,202305,서울,성북구,105533,107758,3040,4220
2023,5,202305,서울,송파구,206913,214215,4286,6088
2023,5,202305,서울,양천구,127797,132350,3281,4099
2023,5,202305,서울,영등포구,117895,121050,3946,4174
2023,5,202305,서울,용산구,65393,66945,1950,2141
2023,5,202305,서울,은평구,112473,116688,3293,4074
2023,5,202305,서울,종로구,39114,41620,1535,3364
2023,5,202305,서울,중구,44273,46552,1846,2926
2023,5,202305,서울,중랑구,91367,97437,3328,3900
2023,5,202305,세종,세종시,172890,174326,3470,4180
2023,5,202305,울산,남구,137434,140506,2785,3549
2023,5,202305,울산,동구,56520,57337,1249,1442
2023,5,202305,울산,북구,107778,109367,2201,2517
2023,5,202305,울산,울주군,106350,107763,2651,3422
2023,5,202305,울산,중구,88390,89615,1913,2318
2023,5,202305,인천,강화군,26822,33179,1171,1709
2023,5,202305,인천,계양구,95074,239441,3352,5444
2023,5,202305,인천,남동구,217386,246950,5487,6783
2023,5,202305,인천,동구,19812,20961,873,992
2023,5,202305,인천,미추홀구,140617,144259,4363,4589
2023,5,202305,인천,부평구,203382,240755,4929,6139
2023,5,202305,인천,서구,249938,254632,6537,7821
2023,5,202305,인천,연수구,194849,199955,3265,4049
2023,5,202305,인천,옹진군,8718,8906,512,631
2023,5,202305,인천,중구,64635,65565,1915,2757
2023,5,202305,전남,강진군,12171,12437,540,690
2023,5,202305,전남,고흥군,20148,20433,1055,1234
2023,5,202305,전남,곡성군,10195,10384,440,547
2023,5,202305,전남,광양시,73305,74223,2232,2578
2023,5,202305,전남,구례군,9028,9545,425,518
2023,5,202305,전남,나주시,51328,52306,1906,2410
2023,5,202305,전남,담양군,19809,20233,798,1111
2023,5,202305,전남,목포시,81433,83896,2813,3347
2023,5,202305,전남,무안군,38382,38755,1536,1797
2023,5,202305,전남,보성군,13730,13963,740,858
2023,5,202305,전남,순천시,120446,122394,3061,3824
2023,5,202305,전남,신안군,13203,114659,653,2960
2023,5,202305,전남,여수시,111432,113969,3417,4266
2023,5,202305,전남,영광군,20630,20853,809,949
2023,5,202305,전남,영암군,23510,23829,1245,1422
2023,5,202305,전남,완도군,15965,16273,728,895
2023,5,202305,전남,장성군,18911,19237,760,874
2023,5,202305,전남,장흥군,12952,13124,570,694
2023,5,202305,전남,진도군,10841,11007,531,636
2023,5,202305,전남,함평군,11900,29243,554,970
2023,5,202305,전남,해남군,24024,98308,1631,3046
2023,5,202305,전남,화순군,25101,25738,979,1985
2023,5,202305,전북,고창군,19552,19828,1310,1463
2023,5,202305,전북,군산시,113318,115657,3261,3914
2023,5,202305,전북,김제시,32975,33692,1538,1772
2023,5,202305,전북,남원시,28672,29837,1216,1485
2023,5,202305,전북,무주군,8661,8788,476,569
2023,5,202305,전북,부안군,18815,19085,881,1062
2023,5,202305,전북,순창군,9786,9913,412,495
2023,5,202305,전북,완주군,42687,43048,1659,2188
2023,5,202305,전북,익산시,111419,113452,4126,4734
2023,5,202305,전북,임실군,9532,9657,425,543
2023,5,202305,전북,장수군,7754,7865,372,440
2023,5,202305,전북,전주시,288251,293863,6902,8768
2023,5,202305,전북,정읍시,40091,42590,1660,1979
2023,5,202305,전북,진안군,9296,9439,441,586
2023,5,202305,제주,서귀포시,77190,78394,3053,3348
2023,5,202305,제주,제주시,244761,510211,7404,14332
2023,5,202305,충남,계룡시,22190,22321,606,749
2023,5,202305,충남,공주시,41527,43297,1638,2138
2023,5,202305,충남,금산군,20118,21522,1038,1346
2023,5,202305,충남,논산시,45133,46130,2141,2625
2023,5,202305,충남,당진시,81802,82558,2486,2909
2023,5,202305,충남,보령시,39797,40471,1452,1709
2023,5,202305,충남,부여군,22795,23219,1160,1577
2023,5,202305,충남,서산시,79507,80610,2586,3167
2023,5,202305,충남,서천군,19328,19546,752,900
2023,5,202305,충남,아산시,159256,162235,4963,5624
2023,5,202305,충남,예산군,33490,33911,1436,1873
2023,5,202305,충남,천안시,293190,297208,8572,10295
2023,5,202305,충남,청양군,11126,11269,498,621
2023,5,202305,충남,태안군,24112,24380,1032,1154
2023,5,202305,충남,홍성군,40523,41002,1420,1723
2023,5,202305,충북,괴산군,15214,15398,799,904
2023,5,202305,충북,단양군,10741,10944,483,619
2023,5,202305,충북,보은군,11951,12149,640,786
2023,5,202305,충북,영동군,17106,17311,722,874
2023,5,202305,충북,옥천군,19723,20072,836,990
2023,5,202305,충북,음성군,46066,46435,2209,2493
2023,5,202305,충북,제천시,53813,54612,1798,2045
2023,5,202305,충북,증평군,16783,16952,599,658
2023,5,202305,충북,진천군,43184,43505,1564,1713
2023,5,202305,충북,청주시,382897,392933,10117,12945
2023,5,202305,충북,충주시,92360,98617,2983,3543
2023,6,202306,강원,강릉시,92340,94984,2696,3343
2023,6,202306,강원,고성군,11528,11658,480,568
2023,6,202306,강원,동해시,39159,39935,1292,1531
2023,6,202306,강원,삼척시,25864,26455,871,1105
2023,6,202306,강원,속초시,33900,34944,1120,1356
2023,6,202306,강원,양구군,8804,8913,319,401
2023,6,202306,강원,양양군,12247,12479,415,488
2023,6,202306,강원,영월군,14898,15179,682,816
2023,6,202306,강원,원주시,156214,159237,4535,5215
2023,6,202306,강원,인제군,14338,14498,499,607
2023,6,202306,강원,정선군,14274,14601,604,772
2023,6,202306,강원,철원군,16951,17147,732,832
2023,6,202306,강원,춘천시,119453,122330,3240,4154
2023,6,202306,강원,태백시,16027,16487,630,821
2023,6,202306,강원,평창군,17312,17817,810,986
2023,6,202306,강원,홍천군,27619,27999,1268,1654
2023,6,202306,강원,화천군,9648,9770,309,423
2023,6,202306,강원,횡성군,19012,19618,891,1036
2023,6,202306,경기,가평군,24685,25054,1180,1411
2023,6,202306,경기,고양시,389590,397735,9280,11169
2023,6,202306,경기,과천시,28170,28916,540,681
2023,6,202306,경기,광명시,87581,89340,2516,3042
2023,6,202306,경기,광주시,167571,168577,5142,7848
2023,6,202306,경기,구리시,60942,62209,1697,2074
2023,6,202306,경기,군포시,88382,89462,2279,2522
2023,6,202306,경기,김포시,198925,201768,5414,7039
2023,6,202306,경기,남양주시,265730,268170,7786,9062
2023,6,202306,경기,동두천시,31845,32670,1291,1405
2023,6,202306,경기,부천시,253765,259636,8205,9589
2023,6,202306,경기,성남시,311566,319395,7097,9049
2023,6,202306,경기,수원시,480600,490250,12616,15423
2023,6,202306,경기,시흥시,221295,223256,6779,7316
2023,6,202306,경기,안산시,256439,261649,9553,11531
2023,6,202306,경기,안성시,89395,90247,3203,3788
2023,6,202306,경기,안양시,184805,188720,4659,6330
2023,6,202306,경기,양주시,102871,103742,3844,4370
2023,6,202306,경기,양평군,50884,51525,1800,2488
2023,6,202306,경기,여주시,51449,51991,2086,2861
2023,6,202306,경기,연천군,17441,17622,757,1013
2023,6,202306,경기,오산시,98703,99959,2918,3532
2023,6,202306,경기,용인시,437423,443034,9699,12093
2023,6,202306,경기,의왕시,58695,59127,1403,1670
2023,6,202306,경기,의정부시,149584,152044,4753,5457
2023,6,202306,경기,이천시,99783,100998,3529,4290
2023,6,202306,경기,파주시,203138,205781,5759,8533
2023,6,202306,경기,평택시,278245,282262,8167,10534
2023,6,202306,경기,포천시,65435,69940,2950,3814
2023,6,202306,경기,하남시,120297,121508,2689,3113
2023,6,202306,경기,화성시,429185,432738,10658,13585
2023,6,202306,경남,거제시,93519,94635,2993,3567
2023,6,202306,경남,거창군,23921,24217,873,1115
2023,6,202306,경남,고성군,19647,19909,748,897
2023,6,202306,경남,김해시,237981,240726,6438,7130
2023,6,202306,경남,남해군,14073,14331,547,718
2023,6,202306,경남,밀양시,42901,43511,1452,1741
2023,6,202306,경남,사천시,46564,47377,1503,1777
2023,6,202306,경남,산청군,13492,13652,521,639
2023,6,202306,경남,양산시,147729,149158,4278,5171
2023,6,202306,경남,의령군,10315,10444,424,527
2023,6,202306,경남,진주시,141637,144796,3474,4678
2023,6,202306,경남,창녕군,24943,25196,1070,1246
2023,6,202306,경남,창원시,516772,582402,10518,13770
2023,6,202306,경남,통영시,42687,43522,1735,2068
2023,6,202306,경남,하동군,16125,16284,552,658
2023,6,202306,경남,함안군,32694,64784,1097,1446
2023,6,202306,경남,함양군,13232,13452,507,656
2023,6,202306,경남,합천군,15529,15711,607,739
2023,6,202306,경북,경산시,117235,118326,3106,3593
2023,6,202306,경북,경주시,116738,118665,3878,4581
2023,6,202306,경북,고령군,13979,14081,671,760
2023,6,202306,경북,구미시,187806,190500,5157,6062
2023,6,202306,경북,군위군,9959,10043,412,471
2023,6,202306,경북,김천시,58012,58784,2086,2441
2023,6,202306,경북,문경시,26925,27439,1236,1415
2023,6,202306,경북,봉화군,11136,11301,440,531
2023,6,202306,경북,상주시,36426,36975,1667,2011
2023,6,202306,경북,성주군,19939,20173,819,909
2023,6,202306,경북,안동시,63180,64418,2159,2694
2023,6,202306,경북,영덕군,12756,12944,619,724
2023,6,202306,경북,영양군,5965,6056,282,340
2023,6,202306,경북,영주시,40711,41325,1634,1852
2023,6,202306,경북,영천시,44500,45023,1785,2121
2023,6,202306,경북,예천군,22555,22836,734,873
2023,6,202306,경북,울릉군,4180,4613,261,490
2023,6,202306,경북,울진군,19891,20142,651,795
2023,6,202306,경북,의성군,19383,19563,881,1050
2023,6,202306,경북,청도군,17638,17859,646,738
2023,6,202306,경북,청송군,9809,9912,446,561
2023,6,202306,경북,칠곡군,56043,56480,1884,2320
2023,6,202306,경북,포항시,226916,230633,6034,7324
2023,6,202306,광주,광산구,171330,175485,4560,5118
2023,6,202306,광주,남구,82284,83281,1949,2456
2023,6,202306,광주,동구,41245,41748,1010,1223
2023,6,202306,광주,북구,168293,172883,4069,5200
2023,6,202306,광주,서구,125415,130062,3092,3592
2023,6,202306,대구,남구,48300,49312,1367,1678
2023,6,202306,대구,달서구,241618,252350,5017,5875
2023,6,202306,대구,달성군,117816,119590,2990,3611
2023,6,202306,대구,동구,137010,142620,3363,4167
2023,6,202306,대구,북구,171044,173656,3916,4668
2023,6,202306,대구,서구,55872,58824,1727,1984
2023,6,202306,대구,수성구,193256,196405,3081,3912
2023,6,202306,대구,중구,52992,54596,994,1393
2023,6,202306,대전,대덕구,71483,74435,2261,2882
2023,6,202306,대전,동구,76508,79271,2515,3056
2023,6,202306,대전,서구,186824,194968,4365,4992
2023,6,202306,대전,유성구,170238,173108,3246,3692
2023,6,202306,대전,중구,81646,84200,2562,3085
2023,6,202306,부산,강서구,66605,68798,1735,2010
2023,6,202306,부산,금정구,66696,69265,2129,3005
2023,6,202306,부산,기장군,72124,72998,2133,2743
2023,6,202306,부산,남구,79776,82938,2157,2681
2023,6,202306,부산,동구,37904,39881,910,1138
2023,6,202306,부산,동래구,85431,86977,2006,2374
2023,6,202306,부산,부산진구,112246,130542,2864,3490
2023,6,202306,부산,북구,88025,89672,2265,2611
2023,6,202306,부산,사상구,66063,68631,2170,2553
2023,6,202306,부산,사하구,92580,96092,2795,3186
2023,6,202306,부산,서구,25729,26187,918,973
2023,6,202306,부산,수영구,57976,114266,1474,2562
2023,6,202306,부산,연제구,100008,111270,1668,2707
2023,6,202306,부산,영도구,26398,27838,1017,1360
2023,6,202306,부산,중구,30121,30388,503,581
2023,6,202306,부산,해운대구,149311,162017,3220,3543
2023,6,202306,서울,강남구,210777,230264,4064,4685
2023,6,202306,서울,강동구,128951,134206,3493,4344
2023,6,202306,서울,강북구,60933,63136,2322,3107
2023,6,202306,서울,강서구,167621,178279,4501,5898
2023,6,202306,서울,관악구,99946,103119,3249,3637
2023,6,202306,서울,광진구,80537,83919,2295,2693
2023,6,202306,서울,구로구,115830,126159,4390,5001
2023,6,202306,서울,금천구,71777,75333,2896,3390
2023,6,202306,서울,노원구,129347,134942,3578,4456
2023,6,202306,서울,도봉구,76956,81720,2484,3136
2023,6,202306,서울,동대문구,82447,85114,2770,2984
2023,6,202306,서울,동작구,94521,95795,2408,2591
2023,6,202306,서울,마포구,102092,106625,2670,3412
2023,6,202306,서울,서대문구,77624,81033,2167,2697
2023,6,202306,서울,서초구,151818,156744,3069,3891
2023,6,202306,서울,성동구,82241,90516,1916,2857
2023,6,202306,서울,성북구,105597,107822,3029,4208
2023,6,202306,서울,송파구,207312,214631,4276,6085
2023,6,202306,서울,양천구,127768,132288,3284,4102
2023,6,202306,서울,영등포구,118040,121204,3924,4152
2023,6,202306,서울,용산구,65446,67013,1936,2126
2023,6,202306,서울,은평구,112519,116717,3268,4050
2023,6,202306,서울,종로구,39155,41460,1534,3342
2023,6,202306,서울,중구,44038,46233,1853,2933
2023,6,202306,서울,중랑구,91374,97393,3305,3871
2023,6,202306,세종,세종시,173287,174739,3459,4173
2023,6,202306,울산,남구,137556,140630,2772,3530
2023,6,202306,울산,동구,57061,57881,1242,1435
2023,6,202306,울산,북구,108159,109753,2207,2524
2023,6,202306,울산,울주군,106448,107853,2640,3411
2023,6,202306,울산,중구,88326,89552,1896,2306
2023,6,202306,인천,강화군,26824,36558,1158,1664
2023,6,202306,인천,계양구,95157,240179,3328,5441
2023,6,202306,인천,남동구,218194,247283,5448,6742
2023,6,202306,인천,동구,19902,21046,871,988
2023,6,202306,인천,미추홀구,140744,144388,4338,4564
2023,6,202306,인천,부평구,203600,241080,4883,6087
2023,6,202306,인천,서구,251812,256499,6553,7840
2023,6,202306,인천,연수구,195926,201115,3263,4047
2023,6,202306,인천,옹진군,8719,8918,516,636
2023,6,202306,인천,중구,65006,65936,1894,2738
2023,6,202306,전남,강진군,12169,12435,546,693
2023,6,202306,전남,고흥군,20248,20534,1059,1239
2023,6,202306,전남,곡성군,10240,10427,436,541
2023,6,202306,전남,광양시,73517,74432,2224,2568
2023,6,202306,전남,구례군,9054,9573,424,517
2023,6,202306,전남,나주시,51432,52414,1904,2407
2023,6,202306,전남,담양군,19881,20310,792,1106
2023,6,202306,전남,목포시,81551,84006,2795,3324
2023,6,202306,전남,무안군,38495,38877,1526,1789
2023,6,202306,전남,보성군,13771,14005,742,861
2023,6,202306,전남,순천시,120707,122645,3054,3818
2023,6,202306,전남,신안군,13272,112102,646,2927
2023,6,202306,전남,여수시,111502,114025,3394,4246
2023,6,202306,전남,영광군,20701,20921,812,952
2023,6,202306,전남,영암군,23652,23958,1243,1415
2023,6,202306,전남,완도군,16012,16315,731,900
2023,6,202306,전남,장성군,18921,19245,763,874
2023,6,202306,전남,장흥군,12983,13155,560,685
2023,6,202306,전남,진도군,10879,11046,535,639
2023,6,202306,전남,함평군,11943,27806,553,948
2023,6,202306,전남,해남군,24016,98472,1627,2979
2023,6,202306,전남,화순군,25254,25869,982,1982
2023,6,202306,전북,고창군,19568,19843,1311,1466
2023,6,202306,전북,군산시,113496,115837,3243,3906
2023,6,202306,전북,김제시,33129,33842,1531,1767
2023,6,202306,전북,남원시,28731,29746,1208,1475
2023,6,202306,전북,무주군,8690,8816,473,566
2023,6,202306,전북,부안군,18833,19104,877,1058
2023,6,202306,전북,순창군,9863,9991,410,490
2023,6,202306,전북,완주군,42996,43354,1652,2183
2023,6,202306,전북,익산시,111551,113576,4101,4709
2023,6,202306,전북,임실군,9559,9689,420,540
2023,6,202306,전북,장수군,7762,7873,371,438
2023,6,202306,전북,전주시,288301,293850,6827,8709
2023,6,202306,전북,정읍시,40180,42819,1658,1976
2023,6,202306,전북,진안군,9338,9481,442,588
2023,6,202306,제주,서귀포시,77208,78413,3032,3325
2023,6,202306,제주,제주시,244618,510141,7380,14309
2023,6,202306,충남,계룡시,22330,22463,598,742
2023,6,202306,충남,공주시,41667,43417,1626,2136
2023,6,202306,충남,금산군,20128,21556,1038,1345
2023,6,202306,충남,논산시,45167,46155,2116,2600
2023,6,202306,충남,당진시,82076,82828,2475,2899
2023,6,202306,충남,보령시,39838,40513,1439,1696
2023,6,202306,충남,부여군,22807,23235,1158,1577
2023,6,202306,충남,서산시,79802,80905,2562,3146
2023,6,202306,충남,서천군,19320,19541,750,898
2023,6,202306,충남,아산시,159688,162632,4938,5596
2023,6,202306,충남,예산군,33608,34033,1429,1870
2023,6,202306,충남,천안시,294166,298129,8530,10258
2023,6,202306,충남,청양군,11188,11335,495,613
2023,6,202306,충남,태안군,24154,24419,1031,1153
2023,6,202306,충남,홍성군,40656,41131,1408,1710
2023,6,202306,충북,괴산군,15234,15420,799,904
2023,6,202306,충북,단양군,10769,10971,480,615
2023,6,202306,충북,보은군,11952,12146,637,784
2023,6,202306,충북,영동군,17145,17349,720,873
2023,6,202306,충북,옥천군,19742,20075,832,986
2023,6,202306,충북,음성군,46225,46592,2202,2490
2023,6,202306,충북,제천시,53838,54623,1802,2051
2023,6,202306,충북,증평군,16811,17004,595,655
2023,6,202306,충북,진천군,43257,43577,1563,1715
2023,6,202306,충북,청주시,383715,393731,10054,12887
2023,6,202306,충북,충주시,92465,98601,2982,3556
2023,7,202307,강원,강릉시,92451,95084,2685,3326
2023,7,202307,강원,고성군,11609,11738,482,571
2023,7,202307,강원,동해시,39246,40023,1297,1537
2023,7,202307,강원,삼척시,25904,26501,862,1093
2023,7,202307,강원,속초시,33957,35000,1120,1360
2023,7,202307,강원,양구군,8807,8916,320,401
2023,7,202307,강원,양양군,12274,12509,415,489
2023,7,202307,강원,영월군,14907,15198,675,809
2023,7,202307,강원,원주시,156571,159603,4519,5200
2023,7,202307,강원,인제군,14360,14518,495,605
2023,7,202307,강원,정선군,14263,14589,599,767
2023,7,202307,강원,철원군,16982,17178,727,827
2023,7,202307,강원,춘천시,119655,122525,3237,4149
2023,7,202307,강원,태백시,16046,16505,630,819
2023,7,202307,강원,평창군,17352,17755,816,991
2023,7,202307,강원,홍천군,27684,28061,1264,1652
2023,7,202307,강원,화천군,9660,9783,310,425
2023,7,202307,강원,횡성군,19037,19638,885,1026
2023,7,202307,경기,가평군,24688,25046,1181,1412
2023,7,202307,경기,고양시,390147,398252,9235,11109
2023,7,202307,경기,과천시,28515,29266,539,679
2023,7,202307,경기,광명시,87431,89193,2480,3004
2023,7,202307,경기,광주시,167771,168766,5105,7783
2023,7,202307,경기,구리시,61081,62332,1694,2073
2023,7,202307,경기,군포시,88416,89552,2278,2521
2023,7,202307,경기,김포시,199322,202179,5352,6994
2023,7,202307,경기,남양주시,265825,268245,7736,9019
2023,7,202307,경기,동두천시,31810,32620,1276,1392
2023,7,202307,경기,부천시,253768,259650,8136,9518
2023,7,202307,경기,성남시,311277,319168,7056,9016
2023,7,202307,경기,수원시,482007,491650,12493,15304
2023,7,202307,경기,시흥시,221616,223581,6775,7311
2023,7,202307,경기,안산시,256570,261815,9506,11493
2023,7,202307,경기,안성시,89594,90451,3200,3779
2023,7,202307,경기,안양시,184928,188819,4645,6320
2023,7,202307,경기,양주시,104046,104920,3849,4385
2023,7,202307,경기,양평군,50990,51627,1805,2493
2023,7,202307,경기,여주시,51637,52179,2090,2867
2023,7,202307,경기,연천군,17498,17680,758,1015
2023,7,202307,경기,오산시,98966,100216,2913,3526
2023,7,202307,경기,용인시,438139,443776,9678,12065
2023,7,202307,경기,의왕시,58612,59046,1383,1653
2023,7,202307,경기,의정부시,150025,152481,4739,5443
2023,7,202307,경기,이천시,100146,101358,3530,4292
2023,7,202307,경기,파주시,203405,205986,5737,8494
2023,7,202307,경기,평택시,279152,283205,8141,10520
2023,7,202307,경기,포천시,65443,69724,2925,3773
2023,7,202307,경기,하남시,120731,121930,2680,3104
2023,7,202307,경기,화성시,430735,434274,10631,13555
2023,7,202307,경남,거제시,93719,94821,2979,3549
2023,7,202307,경남,거창군,23990,24285,878,1122
2023,7,202307,경남,고성군,19673,19935,748,901
2023,7,202307,경남,김해시,238606,241346,6437,7131
2023,7,202307,경남,남해군,14046,14298,542,713
2023,7,202307,경남,밀양시,42937,43538,1445,1733
2023,7,202307,경남,사천시,46690,47499,1498,1773
2023,7,202307,경남,산청군,13468,13623,515,633
2023,7,202307,경남,양산시,148051,149462,4257,5155
2023,7,202307,경남,의령군,10307,10432,423,526
2023,7,202307,경남,진주시,141833,144984,3462,4666
2023,7,202307,경남,창녕군,24950,25203,1061,1239
2023,7,202307,경남,창원시,518307,584199,10465,13692
2023,7,202307,경남,통영시,42744,43582,1726,2058
2023,7,202307,경남,하동군,16134,16291,548,653
2023,7,202307,경남,함안군,32656,66322,1109,1471
2023,7,202307,경남,함양군,13241,13460,504,650
2023,7,202307,경남,합천군,15515,15695,604,734
2023,7,202307,경북,경산시,117427,118510,3094,3579
2023,7,202307,경북,경주시,117130,119053,3890,4598
2023,7,202307,경북,고령군,14001,14104,667,755
2023,7,202307,경북,구미시,188055,190747,5141,6046
2023,7,202307,경북,김천시,58026,58796,2080,2432
2023,7,202307,경북,문경시,26937,27450,1222,1401
2023,7,202307,경북,봉화군,11169,11331,440,532
2023,7,202307,경북,상주시,36497,37046,1666,2010
2023,7,202307,경북,성주군,19949,20179,815,904
2023,7,202307,경북,안동시,63268,64457,2156,2690
2023,7,202307,경북,영덕군,12787,12974,617,723
2023,7,202307,경북,영양군,5957,6046,283,341
2023,7,202307,경북,영주시,40700,41310,1629,1847
2023,7,202307,경북,영천시,44602,45119,1775,2108
2023,7,202307,경북,예천군,22580,22867,729,868
2023,7,202307,경북,울릉군,4232,4658,258,487
2023,7,202307,경북,울진군,19974,20228,650,794
2023,7,202307,경북,의성군,19417,19596,876,1045
2023,7,202307,경북,청도군,17684,17905,646,739
2023,7,202307,경북,청송군,9798,9900,449,564
2023,7,202307,경북,칠곡군,56140,56574,1883,2319
2023,7,202307,경북,포항시,227372,231090,6013,7306
2023,7,202307,광주,광산구,171579,175740,4537,5100
2023,7,202307,광주,남구,82363,83598,1934,2456
2023,7,202307,광주,동구,41370,41874,999,1211
2023,7,202307,광주,북구,168542,173158,4040,5170
2023,7,202307,광주,서구,125445,129843,3109,3604
2023,7,202307,대구,군위군,9958,10045,410,469
2023,7,202307,대구,남구,48205,49212,1361,1689
2023,7,202307,대구,달서구,241497,252425,4996,5855
2023,7,202307,대구,달성군,117928,119731,2972,3602
2023,7,202307,대구,동구,137341,142884,3343,4151
2023,7,202307,대구,북구,170906,173648,3900,4658
2023,7,202307,대구,서구,55747,58703,1709,1966
2023,7,202307,대구,수성구,193105,196354,3061,3888
2023,7,202307,대구,중구,53319,54805,1008,1408
2023,7,202307,대전,대덕구,71653,74633,2264,2882
2023,7,202307,대전,동구,76542,79308,2499,3042
2023,7,202307,대전,서구,186934,195831,4344,4987
2023,7,202307,대전,유성구,170770,173710,3278,3743
2023,7,202307,대전,중구,81828,84385,2544,3068
2023,7,202307,부산,강서구,66670,68844,1726,2002
2023,7,202307,부산,금정구,66608,69148,2105,2978
2023,7,202307,부산,기장군,72407,73283,2127,2740
2023,7,202307,부산,남구,79777,82924,2161,2706
2023,7,202307,부산,동구,38363,40332,916,1146
2023,7,202307,부산,동래구,85482,87033,1991,2357
2023,7,202307,부산,부산진구,112405,131024,2855,3456
2023,7,202307,부산,북구,88135,89807,2256,2603
2023,7,202307,부산,사상구,66155,68780,2168,2552
2023,7,202307,부산,사하구,92381,95894,2780,3171
2023,7,202307,부산,서구,25723,26181,913,969
2023,7,202307,부산,수영구,57931,114611,1475,2555
2023,7,202307,부산,연제구,100156,111789,1655,2696
2023,7,202307,부산,영도구,26597,28041,1007,1350
2023,7,202307,부산,중구,30232,30498,502,580
2023,7,202307,부산,해운대구,149398,161817,3214,3541
2023,7,202307,서울,강남구,211275,230604,4042,4659
2023,7,202307,서울,강동구,128920,134145,3469,4317
2023,7,202307,서울,강북구,60976,63182,2308,3093
2023,7,202307,서울,강서구,167528,178235,4503,5900
2023,7,202307,서울,관악구,100042,103218,3243,3631
2023,7,202307,서울,광진구,80669,83967,2283,2681
2023,7,202307,서울,구로구,115887,126183,4385,4997
2023,7,202307,서울,금천구,71824,75419,2885,3379
2023,7,202307,서울,노원구,129528,135113,3543,4422
2023,7,202307,서울,도봉구,76894,81672,2485,3139
2023,7,202307,서울,동대문구,82788,85575,2762,2976
2023,7,202307,서울,동작구,94659,95934,2382,2561
2023,7,202307,서울,마포구,102052,106556,2671,3408
2023,7,202307,서울,서대문구,77666,81089,2152,2680
2023,7,202307,서울,서초구,151910,156222,3059,3884
2023,7,202307,서울,성동구,82244,90470,1888,2824
2023,7,202307,서울,성북구,105576,107795,3016,4193
2023,7,202307,서울,송파구,207384,214707,4259,6067
2023,7,202307,서울,양천구,127754,132294,3274,4088
2023,7,202307,서울,영등포구,118240,121341,3903,4131
2023,7,202307,서울,용산구,65436,67005,1933,2121
2023,7,202307,서울,은평구,112825,117015,3241,4021
2023,7,202307,서울,종로구,39412,41583,1533,3346
2023,7,202307,서울,중구,43839,45987,1842,2932
2023,7,202307,서울,중랑구,91380,97401,3280,3847
2023,7,202307,세종,세종시,173491,174932,3456,4178
2023,7,202307,울산,남구,137802,140923,2765,3516
2023,7,202307,울산,동구,57407,58216,1239,1432
2023,7,202307,울산,북구,107999,109589,2200,2516
2023,7,202307,울산,울주군,106555,107958,2629,3400
2023,7,202307,울산,중구,88208,89434,1889,2304
2023,7,202307,인천,강화군,26882,42544,1160,1643
2023,7,202307,인천,계양구,94920,239698,3318,5390
2023,7,202307,인천,남동구,218447,247102,5447,6740
2023,7,202307,인천,동구,19899,21048,872,988
2023,7,202307,인천,미추홀구,141385,145052,4320,4546
2023,7,202307,인천,부평구,203682,241546,4845,6054
2023,7,202307,인천,서구,253943,258668,6553,7844
2023,7,202307,인천,연수구,196684,201870,3247,4035
2023,7,202307,인천,옹진군,8760,8961,515,635
2023,7,202307,인천,중구,65187,66092,1884,2729
2023,7,202307,전남,강진군,12185,12449,538,684
2023,7,202307,전남,고흥군,20267,20553,1056,1236
2023,7,202307,전남,곡성군,10265,10445,436,541
2023,7,202307,전남,광양시,73765,74672,2217,2561
2023,7,202307,전남,구례군,9076,9595,425,516
2023,7,202307,전남,나주시,51525,52507,1903,2412
2023,7,202307,전남,담양군,19894,20320,794,1110
2023,7,202307,전남,목포시,81760,84205,2789,3313
2023,7,202307,전남,무안군,38504,38885,1528,1793
2023,7,202307,전남,보성군,13767,14000,736,855
2023,7,202307,전남,순천시,121001,122938,3059,3822
2023,7,202307,전남,신안군,13343,106229,638,2969
2023,7,202307,전남,여수시,111581,114090,3358,4217
2023,7,202307,전남,영광군,20642,20859,820,958
2023,7,202307,전남,영암군,23718,24003,1242,1414
2023,7,202307,전남,완도군,15999,16297,732,901
2023,7,202307,전남,장성군,18853,19173,762,874
2023,7,202307,전남,장흥군,13011,13185,565,688
2023,7,202307,전남,진도군,10889,11055,536,641
2023,7,202307,전남,함평군,11977,26597,546,918
2023,7,202307,전남,해남군,24057,99503,1632,2973
2023,7,202307,전남,화순군,25242,25906,976,1984
2023,7,202307,전북,고창군,19603,19880,1307,1464
2023,7,202307,전북,군산시,113748,116082,3240,3904
2023,7,202307,전북,김제시,33166,33870,1534,1770
2023,7,202307,전북,남원시,28785,29702,1203,1468
2023,7,202307,전북,무주군,8709,8840,470,568
2023,7,202307,전북,부안군,18853,19123,875,1056
2023,7,202307,전북,순창군,9864,9992,404,485
2023,7,202307,전북,완주군,43603,43962,1656,2186
2023,7,202307,전북,익산시,111626,113678,4088,4700
2023,7,202307,전북,임실군,9582,9718,419,543
2023,7,202307,전북,장수군,7766,7873,368,430
2023,7,202307,전북,전주시,288360,293918,6782,8662
2023,7,202307,전북,정읍시,40290,42849,1648,1970
2023,7,202307,전북,진안군,9380,9524,444,591
2023,7,202307,제주,서귀포시,77197,78408,3015,3306
2023,7,202307,제주,제주시,245171,511666,7349,14267
2023,7,202307,충남,계룡시,22407,22540,588,731
2023,7,202307,충남,공주시,41668,43429,1611,2113
2023,7,202307,충남,금산군,20197,21637,1038,1345
2023,7,202307,충남,논산시,45222,46218,2114,2593
2023,7,202307,충남,당진시,82338,83117,2462,2887
2023,7,202307,충남,보령시,39926,40604,1429,1685
2023,7,202307,충남,부여군,22813,23107,1162,1563
2023,7,202307,충남,서산시,79938,81054,2547,3123
2023,7,202307,충남,서천군,19310,19531,743,893
2023,7,202307,충남,아산시,160463,163374,4923,5580
2023,7,202307,충남,예산군,33709,34132,1435,1875
2023,7,202307,충남,천안시,294650,298630,8503,10231
2023,7,202307,충남,청양군,11223,11367,493,609
2023,7,202307,충남,태안군,24177,24442,1028,1152
2023,7,202307,충남,홍성군,40697,41171,1401,1703
2023,7,202307,충북,괴산군,15209,15397,792,897
2023,7,202307,충북,단양군,10798,11012,477,618
2023,7,202307,충북,보은군,11950,12142,636,787
2023,7,202307,충북,영동군,17141,17346,720,875
2023,7,202307,충북,옥천군,19793,20101,828,983
2023,7,202307,충북,음성군,46310,46682,2196,2485
2023,7,202307,충북,제천시,53880,54678,1802,2053
2023,7,202307,충북,증평군,16871,17060,596,657
2023,7,202307,충북,진천군,43337,43669,1553,1706
2023,7,202307,충북,청주시,384346,394352,10037,12867
2023,7,202307,충북,충주시,92704,98716,2973,3542
2023,8,202308,강원,강릉시,92522,95145,2653,3296
2023,8,202308,강원,고성군,11602,11731,482,571
2023,8,202308,강원,동해시,39314,40092,1289,1531
2023,8,202308,강원,삼척시,25901,26495,861,1093
2023,8,202308,강원,속초시,33967,35007,1113,1351
2023,8,202308,강원,양구군,8824,8931,316,398
2023,8,202308,강원,양양군,12261,12490,412,486
2023,8,202308,강원,영월군,14931,15223,674,806
2023,8,202308,강원,원주시,156843,159900,4478,5160
2023,8,202308,강원,인제군,14407,14565,489,600
2023,8,202308,강원,정선군,14263,14589,582,751
2023,8,202308,강원,철원군,16984,17179,720,824
2023,8,202308,강원,춘천시,119707,122570,3220,4135
2023,8,202308,강원,태백시,16020,16482,628,817
2023,8,202308,강원,평창군,17382,17792,817,996
2023,8,202308,강원,홍천군,27703,28078,1256,1643
2023,8,202308,강원,화천군,9687,9812,305,420
2023,8,202308,강원,횡성군,19074,19681,884,1022
2023,8,202308,경기,가평군,24710,25066,1177,1409
2023,8,202308,경기,고양시,390559,398672,9200,11068
2023,8,202308,경기,과천시,28675,29426,546,685
2023,8,202308,경기,광명시,87328,89110,2463,2985
2023,8,202308,경기,광주시,167994,168995,5082,7758
2023,8,202308,경기,구리시,61070,62314,1694,2070
2023,8,202308,경기,군포시,88372,89507,2256,2496
2023,8,202308,경기,김포시,199236,202128,5318,6944
2023,8,202308,경기,남양주시,265958,268396,7688,8972
2023,8,202308,경기,동두천시,31850,32666,1258,1374
2023,8,202308,경기,부천시,253445,259316,8099,9482
2023,8,202308,경기,성남시,311098,319179,7030,9038
2023,8,202308,경기,수원시,482641,492196,12438,15199
2023,8,202308,경기,시흥시,221735,223729,6755,7307
2023,8,202308,경기,안산시,256696,261912,9449,11433
2023,8,202308,경기,안성시,89599,90464,3170,3752
2023,8,202308,경기,안양시,184967,188927,4612,6289
2023,8,202308,경기,양주시,104842,105714,3818,4355
2023,8,202308,경기,양평군,51160,51816,1786,2475
2023,8,202308,경기,여주시,51777,52318,2082,2855
2023,8,202308,경기,연천군,17500,17679,758,1016
2023,8,202308,경기,오산시,99124,100378,2876,3489
2023,8,202308,경기,용인시,438300,443938,9636,12023
2023,8,202308,경기,의왕시,58533,58965,1377,1645
2023,8,202308,경기,의정부시,150300,152755,4730,5435
2023,8,202308,경기,이천시,100168,101392,3513,4274
2023,8,202308,경기,파주시,203760,206364,5731,8484
2023,8,202308,경기,평택시,279834,283877,8107,10481
2023,8,202308,경기,포천시,65397,69499,2895,3749
2023,8,202308,경기,하남시,121058,122244,2666,3108
2023,8,202308,경기,화성시,432007,435597,10580,13495
2023,8,202308,경남,거제시,93759,94881,2970,3544
2023,8,202308,경남,거창군,23994,24288,869,1110
2023,8,202308,경남,고성군,19669,19931,745,898
2023,8,202308,경남,김해시,238787,241253,6391,7084
2023,8,202308,경남,남해군,14057,14308,540,711
2023,8,202308,경남,밀양시,42948,43549,1435,1723
2023,8,202308,경남,사천시,46701,47506,1499,1775
2023,8,202308,경남,산청군,13494,13649,515,634
2023,8,202308,경남,양산시,147981,149378,4236,5132
2023,8,202308,경남,의령군,10280,10403,418,520
2023,8,202308,경남,진주시,142006,145153,3439,4640
2023,8,202308,경남,창녕군,24982,25231,1055,1233
2023,8,202308,경남,창원시,519478,585873,10424,13639
2023,8,202308,경남,통영시,42755,43589,1717,2052
2023,8,202308,경남,하동군,16093,16246,546,651
2023,8,202308,경남,함안군,32652,66566,1110,1483
2023,8,202308,경남,함양군,13210,13427,500,646
2023,8,202308,경남,합천군,15518,15699,609,739
2023,8,202308,경북,경산시,117555,118654,3088,3571
2023,8,202308,경북,경주시,117281,119203,3859,4567
2023,8,202308,경북,고령군,13995,14098,667,755
2023,8,202308,경북,구미시,188253,190971,5139,6045
2023,8,202308,경북,김천시,58040,58809,2062,2415
2023,8,202308,경북,문경시,26940,27453,1217,1396
2023,8,202308,경북,봉화군,11151,11313,441,534
2023,8,202308,경북,상주시,36489,37030,1667,2010
2023,8,202308,경북,성주군,19967,20195,807,896
2023,8,202308,경북,안동시,63370,64549,2155,2692
2023,8,202308,경북,영덕군,12800,12987,616,722
2023,8,202308,경북,영양군,5962,6051,283,342
2023,8,202308,경북,영주시,40689,41301,1629,1849
2023,8,202308,경북,영천시,44635,45150,1778,2111
2023,8,202308,경북,예천군,22598,22884,720,860
2023,8,202308,경북,울릉군,4221,4681,255,483
2023,8,202308,경북,울진군,20008,20262,648,795
2023,8,202308,경북,의성군,19460,19637,867,1039
2023,8,202308,경북,청도군,17670,17891,643,737
2023,8,202308,경북,청송군,9791,9893,454,567
2023,8,202308,경북,칠곡군,56150,56582,1866,2302
2023,8,202308,경북,포항시,227531,231242,5992,7282
2023,8,202308,광주,광산구,171618,175762,4506,5070
2023,8,202308,광주,남구,82367,83601,1932,2454
2023,8,202308,광주,동구,41415,41923,985,1195
2023,8,202308,광주,북구,169050,173655,4042,5175
2023,8,202308,광주,서구,125226,129676,3065,3568
2023,8,202308,대구,군위군,9981,10069,411,470
2023,8,202308,대구,남구,48135,49131,1348,1675
2023,8,202308,대구,달서구,241439,252510,4967,5818
2023,8,202308,대구,달성군,118025,119822,2978,3609
2023,8,202308,대구,동구,137785,143279,3356,4166
2023,8,202308,대구,북구,170718,173443,3865,4627
2023,8,202308,대구,서구,55686,58649,1706,1961
2023,8,202308,대구,수성구,193223,196552,3050,3878
2023,8,202308,대구,중구,53406,54898,1014,1424
2023,8,202308,대전,대덕구,71537,74525,2229,2850
2023,8,202308,대전,동구,76546,79332,2485,3034
2023,8,202308,대전,서구,186748,196211,4314,4946
2023,8,202308,대전,유성구,170840,173860,3214,3677
2023,8,202308,대전,중구,81778,84352,2523,3040
2023,8,202308,부산,강서구,66656,68808,1723,2110
2023,8,202308,부산,금정구,66504,69024,2104,2975
2023,8,202308,부산,기장군,72522,73402,2125,2733
2023,8,202308,부산,남구,79744,83108,2154,2706
2023,8,202308,부산,동구,38858,40867,912,1146
2023,8,202308,부산,동래구,85500,87046,1984,2348
2023,8,202308,부산,부산진구,112563,131465,2847,3444
2023,8,202308,부산,북구,87986,89655,2235,2588
2023,8,202308,부산,사상구,66331,68939,2158,2464
2023,8,202308,부산,사하구,92271,95760,2772,3159
2023,8,202308,부산,서구,25790,26251,902,959
2023,8,202308,부산,수영구,57867,114801,1472,2460
2023,8,202308,부산,연제구,100196,112155,1640,2721
2023,8,202308,부산,영도구,26648,28110,1003,1346
2023,8,202308,부산,중구,30599,30862,497,574
2023,8,202308,부산,해운대구,149306,161458,3186,3504
2023,8,202308,서울,강남구,211741,230911,4043,4651
2023,8,202308,서울,강동구,128888,134097,3451,4303
2023,8,202308,서울,강북구,60875,63083,2301,3084
2023,8,202308,서울,강서구,167168,177805,4479,5884
2023,8,202308,서울,관악구,99874,103062,3214,3604
2023,8,202308,서울,광진구,80834,84151,2266,2647
2023,8,202308,서울,구로구,115790,125919,4356,4965
2023,8,202308,서울,금천구,71808,75408,2861,3352
2023,8,202308,서울,노원구,129600,135210,3513,4387
2023,8,202308,서울,도봉구,76785,81569,2469,3110
2023,8,202308,서울,동대문구,83388,86231,2723,2937
2023,8,202308,서울,동작구,94694,95960,2365,2541
2023,8,202308,서울,마포구,101964,106479,2664,3394
2023,8,202308,서울,서대문구,77588,81012,2141,2668
2023,8,202308,서울,서초구,151948,156230,3019,3839
2023,8,202308,서울,성동구,82113,90117,1896,2832
2023,8,202308,서울,성북구,105471,107696,3007,4185
2023,8,202308,서울,송파구,207113,214460,4231,6039
2023,8,202308,서울,양천구,127766,132347,3272,4086
2023,8,202308,서울,영등포구,118004,121093,3871,4101
2023,8,202308,서울,용산구,65356,66921,1921,2110
2023,8,202308,서울,은평구,113567,117765,3215,3993
2023,8,202308,서울,종로구,39437,41512,1523,3337
2023,8,202308,서울,중구,43676,45749,1838,2846
2023,8,202308,서울,중랑구,91302,97305,3260,3825
2023,8,202308,세종,세종시,173478,174919,3424,4159
2023,8,202308,울산,남구,138040,141221,2763,3519
2023,8,202308,울산,동구,57578,58382,1239,1431
2023,8,202308,울산,북구,107995,109585,2186,2502
2023,8,202308,울산,울주군,106585,107985,2624,3389
2023,8,202308,울산,중구,88143,89364,1897,2310
2023,8,202308,인천,강화군,26902,41728,1163,1625
2023,8,202308,인천,계양구,94706,237913,3297,5321
2023,8,202308,인천,남동구,219114,247345,5420,6729
2023,8,202308,인천,동구,19928,21082,863,983
2023,8,202308,인천,미추홀구,141759,145428,4315,4540
2023,8,202308,인천,부평구,203726,241570,4817,6024
2023,8,202308,인천,서구,255894,260658,6557,7857
2023,8,202308,인천,연수구,197212,202437,3247,4036
2023,8,202308,인천,옹진군,8769,8977,521,645
2023,8,202308,인천,중구,65397,66290,1878,2726
2023,8,202308,전남,강진군,12185,12447,535,681
2023,8,202308,전남,고흥군,20267,20552,1056,1236
2023,8,202308,전남,곡성군,10271,10449,433,541
2023,8,202308,전남,광양시,73921,74829,2213,2562
2023,8,202308,전남,구례군,9067,9574,420,510
2023,8,202308,전남,나주시,51590,52587,1898,2410
2023,8,202308,전남,담양군,19918,20344,791,1102
2023,8,202308,전남,목포시,81831,84267,2778,3316
2023,8,202308,전남,무안군,38489,38871,1532,1801
2023,8,202308,전남,보성군,13781,14018,736,856
2023,8,202308,전남,순천시,121165,123109,3071,3836
2023,8,202308,전남,신안군,13403,106718,633,2905
2023,8,202308,전남,여수시,111749,114290,3354,4217
2023,8,202308,전남,영광군,20640,20859,812,950
2023,8,202308,전남,영암군,23749,24020,1218,1388
2023,8,202308,전남,완도군,15972,16265,723,894
2023,8,202308,전남,장성군,18840,19161,751,862
2023,8,202308,전남,장흥군,13026,13200,566,692
2023,8,202308,전남,진도군,10898,11065,535,640
2023,8,202308,전남,함평군,11963,24998,544,883
2023,8,202308,전남,해남군,24061,100351,1623,2963
2023,8,202308,전남,화순군,25242,25891,975,1978
2023,8,202308,전북,고창군,19642,19918,1292,1451
2023,8,202308,전북,군산시,113869,116198,3218,3894
2023,8,202308,전북,김제시,33183,33880,1529,1765
2023,8,202308,전북,남원시,28820,29691,1206,1469
2023,8,202308,전북,무주군,8710,8841,472,571
2023,8,202308,전북,부안군,18871,19141,864,1047
2023,8,202308,전북,순창군,9878,10006,408,490
2023,8,202308,전북,완주군,43967,44322,1656,2184
2023,8,202308,전북,익산시,111612,113692,4064,4678
2023,8,202308,전북,임실군,9580,9716,413,536
2023,8,202308,전북,장수군,7763,7870,368,431
2023,8,202308,전북,전주시,287942,293547,6723,8610
2023,8,202308,전북,정읍시,40291,42900,1651,1973
2023,8,202308,전북,진안군,9364,9509,444,591
2023,8,202308,제주,서귀포시,77107,78310,3006,3297
2023,8,202308,제주,제주시,245524,512095,7311,14227
2023,8,202308,충남,계룡시,22676,22811,591,734
2023,8,202308,충남,공주시,41723,43553,1605,2097
2023,8,202308,충남,금산군,20225,21698,1033,1344
2023,8,202308,충남,논산시,45179,46161,2117,2598
2023,8,202308,충남,당진시,82562,83400,2457,2878
2023,8,202308,충남,보령시,39920,40600,1431,1686
2023,8,202308,충남,부여군,22793,23089,1154,1559
2023,8,202308,충남,서산시,80020,81139,2546,3122
2023,8,202308,충남,서천군,19331,19551,739,889
2023,8,202308,충남,아산시,161708,164529,4902,5558
2023,8,202308,충남,예산군,33743,34162,1427,1867
2023,8,202308,충남,천안시,294137,298086,8455,10181
2023,8,202308,충남,청양군,11227,11371,498,614
2023,8,202308,충남,태안군,24175,24440,1028,1152
2023,8,202308,충남,홍성군,40932,41407,1408,1707
2023,8,202308,충북,괴산군,15192,15383,788,897
2023,8,202308,충북,단양군,10831,11039,477,618
2023,8,202308,충북,보은군,11969,12161,635,786
2023,8,202308,충북,영동군,17107,17315,721,875
2023,8,202308,충북,옥천군,19818,20125,832,985
2023,8,202308,충북,음성군,46397,46795,2186,2473
2023,8,202308,충북,제천시,53824,54621,1795,2046
2023,8,202308,충북,증평군,16933,17186,594,654
2023,8,202308,충북,진천군,43408,43739,1527,1680
2023,8,202308,충북,청주시,385016,394998,10026,12880
2023,8,202308,충북,충주시,92734,98820,2968,3531
2023,9,202309,강원,강릉시,92755,95443,2647,3288
2023,9,202309,강원,고성군,11631,11760,478,566
2023,9,202309,강원,동해시,39363,40139,1284,1525
2023,9,202309,강원,삼척시,25954,26551,853,1089
2023,9,202309,강원,속초시,33960,34988,1105,1340
2023,9,202309,강원,양구군,8815,8922,318,400
2023,9,202309,강원,양양군,12280,12510,413,484
2023,9,202309,강원,영월군,14940,15231,671,807
2023,9,202309,강원,원주시,157209,160280,4438,5120
2023,9,202309,강원,인제군,14442,14600,486,599
2023,9,202309,강원,정선군,14238,14563,580,754
2023,9,202309,강원,철원군,16967,17161,707,812
2023,9,202309,강원,춘천시,119956,122817,3202,4112
2023,9,202309,강원,태백시,16044,16506,622,809
2023,9,202309,강원,평창군,17418,17834,812,994
2023,9,202309,강원,홍천군,27759,28133,1247,1642
2023,9,202309,강원,화천군,9718,9841,304,421
2023,9,202309,강원,횡성군,19081,19674,882,1023
2023,9,202309,경기,가평군,24869,25225,1170,1395
2023,9,202309,경기,고양시,391081,399226,9184,11063
2023,9,202309,경기,과천시,28749,29501,542,682
2023,9,202309,경기,광명시,87401,89193,2452,2975
2023,9,202309,경기,광주시,168229,169228,5101,7769
2023,9,202309,경기,구리시,61134,62381,1683,2059
2023,9,202309,경기,군포시,88360,89500,2247,2483
2023,9,202309,경기,김포시,199640,202531,5321,6962
2023,9,202309,경기,남양주시,266005,268443,7648,8940
2023,9,202309,경기,동두천시,31882,32685,1260,1377
2023,9,202309,경기,부천시,253627,259509,8029,9413
2023,9,202309,경기,성남시,311470,319652,6961,8985
2023,9,202309,경기,수원시,484054,493510,12313,15078
2023,9,202309,경기,시흥시,222223,224235,6742,7306
2023,9,202309,경기,안산시,256928,262120,9431,11427
2023,9,202309,경기,안성시,89856,90723,3157,3743
2023,9,202309,경기,안양시,185053,189020,4590,6275
2023,9,202309,경기,양주시,105572,106446,3817,4355
2023,9,202309,경기,양평군,51399,52060,1771,2458
2023,9,202309,경기,여주시,51995,52536,2074,2835
2023,9,202309,경기,연천군,17570,17749,761,1019
2023,9,202309,경기,오산시,99385,100628,2888,3498
2023,9,202309,경기,용인시,439203,445131,9603,11999
2023,9,202309,경기,의왕시,58821,59255,1373,1642
2023,9,202309,경기,의정부시,150674,153121,4730,5435
2023,9,202309,경기,이천시,100375,101606,3502,4261
2023,9,202309,경기,파주시,204250,206795,5698,8447
2023,9,202309,경기,평택시,280838,284931,8050,10401
2023,9,202309,경기,포천시,65479,69424,2878,3729
2023,9,202309,경기,하남시,121322,122494,2675,3120
2023,9,202309,경기,화성시,433987,437590,10573,13501
2023,9,202309,경남,거제시,93910,95033,2950,3519
2023,9,202309,경남,거창군,24034,24332,864,1102
2023,9,202309,경남,고성군,19717,19980,743,900
2023,9,202309,경남,김해시,239122,241582,6377,7067
2023,9,202309,경남,남해군,14089,14342,543,713
2023,9,202309,경남,밀양시,43001,43602,1427,1713
2023,9,202309,경남,사천시,46766,47575,1492,1785
2023,9,202309,경남,산청군,13514,13669,517,637
2023,9,202309,경남,양산시,148349,149706,4216,5108
2023,9,202309,경남,의령군,10306,10428,415,517
2023,9,202309,경남,진주시,142020,145156,3431,4631
2023,9,202309,경남,창녕군,24953,25202,1049,1227
2023,9,202309,경남,창원시,520593,587552,10369,13553
2023,9,202309,경남,통영시,42842,43671,1720,2052
2023,9,202309,경남,하동군,16098,16251,546,652
2023,9,202309,경남,함안군,32564,66054,1103,1466
2023,9,202309,경남,함양군,13253,13467,496,639
2023,9,202309,경남,합천군,15555,15733,607,735
2023,9,202309,경북,경산시,117759,118848,3082,3562
2023,9,202309,경북,경주시,117440,119367,3835,4540
2023,9,202309,경북,고령군,14005,14109,669,756
2023,9,202309,경북,구미시,188559,191267,5115,6018
2023,9,202309,경북,김천시,58033,58794,2071,2429
2023,9,202309,경북,문경시,26959,27471,1207,1387
2023,9,202309,경북,봉화군,11165,11326,443,536
2023,9,202309,경북,상주시,36550,37088,1662,2003
2023,9,202309,경북,성주군,19981,20210,797,886
2023,9,202309,경북,안동시,63433,64603,2163,2690
2023,9,202309,경북,영덕군,12819,13004,618,724
2023,9,202309,경북,영양군,5986,6074,282,341
2023,9,202309,경북,영주시,40655,41268,1618,1839
2023,9,202309,경북,영천시,44736,45252,1772,2102
2023,9,202309,경북,예천군,22626,22902,717,856
2023,9,202309,경북,울릉군,4219,4676,255,483
2023,9,202309,경북,울진군,20049,20303,648,796
2023,9,202309,경북,의성군,19482,19656,864,1034
2023,9,202309,경북,청도군,17653,17877,645,739
2023,9,202309,경북,청송군,9780,9880,456,569
2023,9,202309,경북,칠곡군,56161,56594,1851,2286
2023,9,202309,경북,포항시,227992,231705,5969,7251
2023,9,202309,광주,광산구,171847,175967,4477,5037
2023,9,202309,광주,남구,82540,83764,1917,2440
2023,9,202309,광주,동구,41504,42009,988,1197
2023,9,202309,광주,북구,169480,174079,4035,5170
2023,9,202309,광주,서구,125629,130046,3051,3551
2023,9,202309,대구,군위군,9989,10078,408,467
2023,9,202309,대구,남구,48135,49139,1339,1665
2023,9,202309,대구,달서구,241437,252694,4935,5786
2023,9,202309,대구,달성군,118057,119834,2969,3600
2023,9,202309,대구,동구,138438,143899,3339,4147
2023,9,202309,대구,북구,170617,173337,3857,4622
2023,9,202309,대구,서구,56156,59120,1698,1953
2023,9,202309,대구,수성구,193724,197032,3042,3862
2023,9,202309,대구,중구,53448,54952,1020,1434
2023,9,202309,대전,대덕구,71229,74232,2211,2833
2023,9,202309,대전,동구,76652,79438,2490,3040
2023,9,202309,대전,서구,186924,197168,4286,4921
2023,9,202309,대전,유성구,171385,174511,3165,3629
2023,9,202309,대전,중구,81875,84451,2526,3043
2023,9,202309,부산,강서구,66742,68896,1709,2094
2023,9,202309,부산,금정구,66423,68939,2100,2980
2023,9,202309,부산,기장군,72822,73704,2110,2718
2023,9,202309,부산,남구,79678,82987,2139,2692
2023,9,202309,부산,동구,39483,41494,902,1131
2023,9,202309,부산,동래구,85478,87028,1972,2339
2023,9,202309,부산,부산진구,113210,132575,2836,3436
2023,9,202309,부산,북구,87797,89463,2229,2586
2023,9,202309,부산,사상구,66532,69115,2146,2450
2023,9,202309,부산,사하구,92297,95793,2773,3161
2023,9,202309,부산,서구,25802,26262,900,958
2023,9,202309,부산,수영구,57789,115337,1459,2413
2023,9,202309,부산,연제구,100474,112662,1626,2734
2023,9,202309,부산,영도구,26694,28160,998,1341
2023,9,202309,부산,중구,30704,30964,497,572
2023,9,202309,부산,해운대구,149477,161312,3180,3500
2023,9,202309,서울,강남구,211949,230968,4020,4633
2023,9,202309,서울,강동구,128897,134114,3415,4255
2023,9,202309,서울,강북구,60847,63059,2287,3068
2023,9,202309,서울,강서구,167147,177654,4438,5841
2023,9,202309,서울,관악구,99872,103071,3200,3592
2023,9,202309,서울,광진구,81051,84366,2249,2627
2023,9,202309,서울,구로구,115835,125966,4348,4956
2023,9,202309,서울,금천구,71797,75415,2851,3344
2023,9,202309,서울,노원구,129781,135392,3493,4363
2023,9,202309,서울,도봉구,76731,81524,2445,3086
2023,9,202309,서울,동대문구,83824,86680,2728,2941
2023,9,202309,서울,동작구,94731,95997,2350,2526
2023,9,202309,서울,마포구,101963,106447,2646,3370
2023,9,202309,서울,서대문구,77620,81048,2133,2661
2023,9,202309,서울,서초구,152741,157024,3005,3821
2023,9,202309,서울,성동구,82092,90133,1890,2832
2023,9,202309,서울,성북구,105497,107715,2984,4163
2023,9,202309,서울,송파구,207324,214735,4208,5997
2023,9,202309,서울,양천구,127915,132494,3245,4062
2023,9,202309,서울,영등포구,118155,121236,3869,4100
2023,9,202309,서울,용산구,65343,66892,1914,2105
2023,9,202309,서울,은평구,114146,118361,3202,3980
2023,9,202309,서울,종로구,39475,41544,1517,3296
2023,9,202309,서울,중구,43451,45463,1841,2847
2023,9,202309,서울,중랑구,91372,97387,3234,3798
2023,9,202309,세종,세종시,173734,175185,3416,4162
2023,9,202309,울산,남구,138266,141380,2751,3501
2023,9,202309,울산,동구,57818,58616,1240,1432
2023,9,202309,울산,북구,108006,109589,2163,2480
2023,9,202309,울산,울주군,106677,108075,2622,3387
2023,9,202309,울산,중구,88179,89463,1895,2304
2023,9,202309,인천,강화군,26867,41232,1161,1606
2023,9,202309,인천,계양구,94649,237690,3266,5252
2023,9,202309,인천,남동구,219768,247440,5367,6666
2023,9,202309,인천,동구,19976,21135,862,982
2023,9,202309,인천,미추홀구,141708,145391,4271,4496
2023,9,202309,인천,부평구,203559,241227,4804,6010
2023,9,202309,인천,서구,258021,262829,6521,7822
2023,9,202309,인천,연수구,198127,203406,3217,3998
2023,9,202309,인천,옹진군,8761,8967,519,644
2023,9,202309,인천,중구,65895,66792,1870,2710
2023,9,202309,전남,강진군,12190,12451,529,677
2023,9,202309,전남,고흥군,20307,20596,1057,1237
2023,9,202309,전남,곡성군,10307,10486,437,546
2023,9,202309,전남,광양시,74222,75131,2218,2565
2023,9,202309,전남,구례군,9078,9591,414,511
2023,9,202309,전남,나주시,51749,52750,1890,2397
2023,9,202309,전남,담양군,19921,20349,802,1114
2023,9,202309,전남,목포시,82001,84427,2741,3277
2023,9,202309,전남,무안군,38526,38903,1525,1779
2023,9,202309,전남,보성군,13767,14004,730,851
2023,9,202309,전남,순천시,121181,123123,3047,3805
2023,9,202309,전남,신안군,13450,107719,635,2907
2023,9,202309,전남,여수시,111935,114486,3333,4191
2023,9,202309,전남,영광군,20667,20885,806,945
2023,9,202309,전남,영암군,23807,24071,1215,1381
2023,9,202309,전남,완도군,16011,16307,721,894
2023,9,202309,전남,장성군,18897,19216,749,860
2023,9,202309,전남,장흥군,13026,13201,566,694
2023,9,202309,전남,진도군,10880,11049,533,637
2023,9,202309,전남,함평군,11948,23775,543,870
2023,9,202309,전남,해남군,24081,101655,1621,2992
2023,9,202309,전남,화순군,25215,25872,971,1991
2023,9,202309,전북,고창군,19688,19965,1295,1459
2023,9,202309,전북,군산시,114073,116393,3209,3887
2023,9,202309,전북,김제시,33201,33895,1529,1764
2023,9,202309,전북,남원시,28828,29678,1203,1469
2023,9,202309,전북,무주군,8740,8871,471,570
2023,9,202309,전북,부안군,18896,19170,850,1032
2023,9,202309,전북,순창군,9901,10029,408,490
2023,9,202309,전북,완주군,44134,44466,1654,2174
2023,9,202309,전북,익산시,111797,113860,4064,4681
2023,9,202309,전북,임실군,9603,9739,418,543
2023,9,202309,전북,장수군,7779,7886,368,431
2023,9,202309,전북,전주시,288234,293872,6722,8597
2023,9,202309,전북,정읍시,40309,42987,1630,1950
2023,9,202309,전북,진안군,9373,9517,450,597
2023,9,202309,제주,서귀포시,77145,78347,3002,3297
2023,9,202309,제주,제주시,246055,513926,7283,14186
2023,9,202309,충남,계룡시,22809,22942,583,727
2023,9,202309,충남,공주시,41732,43583,1601,2086
2023,9,202309,충남,금산군,20297,21780,1033,1342
2023,9,202309,충남,논산시,45226,46223,2112,2589
2023,9,202309,충남,당진시,82884,83716,2462,2888
2023,9,202309,충남,보령시,39957,40637,1435,1693
2023,9,202309,충남,부여군,22813,23107,1149,1549
2023,9,202309,충남,서산시,80102,81201,2526,3102
2023,9,202309,충남,서천군,19340,19565,746,900
2023,9,202309,충남,아산시,162648,165417,4903,5558
2023,9,202309,충남,예산군,33707,34121,1406,1844
2023,9,202309,충남,천안시,294646,298573,8420,10154
2023,9,202309,충남,청양군,11244,11387,499,615
2023,9,202309,충남,태안군,24199,24470,1023,1147
2023,9,202309,충남,홍성군,41106,41586,1406,1706
2023,9,202309,충북,괴산군,15209,15398,785,896
2023,9,202309,충북,단양군,10885,11097,475,616
2023,9,202309,충북,보은군,11968,12160,631,781
2023,9,202309,충북,영동군,17166,17371,720,871
2023,9,202309,충북,옥천군,19833,20133,828,981
2023,9,202309,충북,음성군,46398,46795,2169,2456
2023,9,202309,충북,제천시,53884,54701,1782,2036
2023,9,202309,충북,증평군,16944,17135,586,648
2023,9,202309,충북,진천군,43500,43836,1523,1677
2023,9,202309,충북,청주시,385838,395991,9979,12827
2023,9,202309,충북,충주시,92896,99209,2977,3542
2023,10,202310,강원,강릉시,92812,95498,2626,3268
2023,10,202310,강원,고성군,11653,11781,479,566
2023,10,202310,강원,동해시,39370,40148,1287,1531
2023,10,202310,강원,삼척시,25931,26532,856,1092
2023,10,202310,강원,속초시,33997,35030,1107,1342
2023,10,202310,강원,양구군,8816,8922,322,403
2023,10,202310,강원,양양군,12297,12522,412,483
2023,10,202310,강원,영월군,14945,15232,670,806
2023,10,202310,강원,원주시,157538,160605,4415,5094
2023,10,202310,강원,인제군,14433,14589,478,593
2023,10,202310,강원,정선군,14207,14533,574,746
2023,10,202310,강원,철원군,16980,17174,699,804
2023,10,202310,강원,춘천시,120013,122865,3185,4086
2023,10,202310,강원,태백시,16088,16547,619,810
2023,10,202310,강원,평창군,17435,17846,815,998
2023,10,202310,강원,홍천군,27717,28093,1243,1642
2023,10,202310,강원,화천군,9733,9856,303,415
2023,10,202310,강원,횡성군,19118,19721,879,1021
2023,10,202310,경기,가평군,24977,25333,1167,1390
2023,10,202310,경기,고양시,391086,399229,9097,10987
2023,10,202310,경기,과천시,28751,29502,540,681
2023,10,202310,경기,광명시,87580,89461,2426,2949
2023,10,202310,경기,광주시,168203,169200,5043,7702
2023,10,202310,경기,구리시,61083,62328,1669,2044
2023,10,202310,경기,군포시,88267,89412,2230,2466
2023,10,202310,경기,김포시,199672,202552,5285,6930
2023,10,202310,경기,남양주시,265936,268370,7598,8887
2023,10,202310,경기,동두천시,31807,32606,1254,1374
2023,10,202310,경기,부천시,253867,259758,8012,9394
2023,10,202310,경기,성남시,311472,319802,6918,8957
2023,10,202310,경기,수원시,486145,495578,12255,14977
2023,10,202310,경기,시흥시,222734,224672,6719,7288
2023,10,202310,경기,안산시,256990,262167,9358,11362
2023,10,202310,경기,안성시,90306,91169,3136,3719
2023,10,202310,경기,안양시,185101,189065,4571,6252
2023,10,202310,경기,양주시,106346,107225,3816,4371
2023,10,202310,경기,양평군,51656,52323,1766,2449
2023,10,202310,경기,여주시,52094,52635,2078,2840
2023,10,202310,경기,연천군,17575,17755,762,1019
2023,10,202310,경기,오산시,99878,101134,2881,3492
2023,10,202310,경기,용인시,440711,446610,9586,11979
2023,10,202310,경기,의왕시,58965,59400,1359,1628
2023,10,202310,경기,의정부시,150998,153319,4696,5409
2023,10,202310,경기,이천시,100531,101762,3496,4257
2023,10,202310,경기,파주시,204568,207100,5679,8419
2023,10,202310,경기,평택시,281572,285674,7986,10336
2023,10,202310,경기,포천시,65602,69375,2871,3716
2023,10,202310,경기,하남시,121333,122498,2657,3099
2023,10,202310,경기,화성시,435197,438791,10534,13474
2023,10,202310,경남,거제시,94003,95131,2942,3497
2023,10,202310,경남,거창군,24077,24376,869,1106
2023,10,202310,경남,고성군,19697,19960,740,897
2023,10,202310,경남,김해시,239542,242007,6373,7098
2023,10,202310,경남,남해군,14072,14324,539,708
2023,10,202310,경남,밀양시,43092,43689,1419,1704
2023,10,202310,경남,사천시,47006,47814,1490,1792
2023,10,202310,경남,산청군,13558,13713,515,634
2023,10,202310,경남,양산시,149122,150458,4205,5094
2023,10,202310,경남,의령군,10331,10453,409,511
2023,10,202310,경남,진주시,142060,145199,3395,4592
2023,10,202310,경남,창녕군,24972,25220,1043,1220
2023,10,202310,경남,창원시,521675,589480,10313,13485
2023,10,202310,경남,통영시,42849,43678,1729,2059
2023,10,202310,경남,하동군,16099,16250,544,649
2023,10,202310,경남,함안군,32841,66379,1110,1478
2023,10,202310,경남,함양군,13247,13459,494,637
2023,10,202310,경남,합천군,15559,15736,614,745
2023,10,202310,경북,경산시,117762,118849,3086,3563
2023,10,202310,경북,경주시,117537,119454,3821,4528
2023,10,202310,경북,고령군,14039,14143,672,760
2023,10,202310,경북,구미시,188496,191209,5090,5992
2023,10,202310,경북,김천시,58082,58848,2075,2433
2023,10,202310,경북,문경시,26961,27475,1210,1387
2023,10,202310,경북,봉화군,11135,11293,437,528
2023,10,202310,경북,상주시,36558,37092,1650,1994
2023,10,202310,경북,성주군,19984,20220,795,884
2023,10,202310,경북,안동시,63505,64653,2162,2690
2023,10,202310,경북,영덕군,12822,13005,611,717
2023,10,202310,경북,영양군,5984,6072,282,341
2023,10,202310,경북,영주시,40701,41325,1602,1822
2023,10,202310,경북,영천시,44767,45282,1763,2094
2023,10,202310,경북,예천군,22650,22920,716,856
2023,10,202310,경북,울릉군,4192,4646,257,485
2023,10,202310,경북,울진군,20079,20333,645,790
2023,10,202310,경북,의성군,19502,19676,862,1028
2023,10,202310,경북,청도군,17662,17886,640,734
2023,10,202310,경북,청송군,9790,9890,460,573
2023,10,202310,경북,칠곡군,56195,56623,1851,2285
2023,10,202310,경북,포항시,228190,231895,5946,7230
2023,10,202310,광주,광산구,171933,176027,4440,4996
2023,10,202310,광주,남구,82623,83835,1923,2446
2023,10,202310,광주,동구,41716,42221,976,1184
2023,10,202310,광주,북구,169633,174239,4008,5141
2023,10,202310,광주,서구,125753,130172,3042,3545
2023,10,202310,대구,군위군,10003,10114,402,461
2023,10,202310,대구,남구,48028,49026,1325,1654
2023,10,202310,대구,달서구,241087,252281,4883,5740
2023,10,202310,대구,달성군,117977,119730,2973,3606
2023,10,202310,대구,동구,138762,144196,3330,4135
2023,10,202310,대구,북구,170353,173130,3846,4608
2023,10,202310,대구,서구,56805,59699,1698,1954
2023,10,202310,대구,수성구,193855,197167,3036,3855
2023,10,202310,대구,중구,53532,55034,1016,1431
2023,10,202310,대전,대덕구,71167,74180,2186,2810
2023,10,202310,대전,동구,76683,79491,2474,3025
2023,10,202310,대전,서구,186716,197712,4259,4900
2023,10,202310,대전,유성구,172081,175189,3157,3621
2023,10,202310,대전,중구,81787,84360,2515,3032
2023,10,202310,부산,강서구,66779,68988,1695,2086
2023,10,202310,부산,금정구,66287,68828,2102,2993
2023,10,202310,부산,기장군,72985,73867,2105,2715
2023,10,202310,부산,남구,79839,83146,2123,2679
2023,10,202310,부산,동구,40050,42057,897,1127
2023,10,202310,부산,동래구,85476,87025,1967,2331
2023,10,202310,부산,부산진구,113904,133451,2827,3423
2023,10,202310,부산,북구,87730,89387,2237,2598
2023,10,202310,부산,사상구,66662,69247,2144,2446
2023,10,202310,부산,사하구,92344,95851,2771,3160
2023,10,202310,부산,서구,25810,26272,898,956
2023,10,202310,부산,수영구,57625,115483,1460,2406
2023,10,202310,부산,연제구,100924,113277,1621,2725
2023,10,202310,부산,영도구,26678,28140,990,1335
2023,10,202310,부산,중구,30803,31064,493,570
2023,10,202310,부산,해운대구,149492,161050,3154,3469
2023,10,202310,서울,강남구,212274,231395,4030,4636
2023,10,202310,서울,강동구,128922,134094,3399,4234
2023,10,202310,서울,강북구,60695,62910,2254,3037
2023,10,202310,서울,강서구,167262,177710,4389,5794
2023,10,202310,서울,관악구,99836,103038,3155,3547
2023,10,202310,서울,광진구,81044,84258,2237,2611
2023,10,202310,서울,구로구,115828,125923,4310,4906
2023,10,202310,서울,금천구,71757,75363,2825,3320
2023,10,202310,서울,노원구,129771,135369,3469,4339
2023,10,202310,서울,도봉구,76699,81502,2432,3066
2023,10,202310,서울,동대문구,84087,86989,2712,2923
2023,10,202310,서울,동작구,94615,95878,2344,2522
2023,10,202310,서울,마포구,101885,106360,2651,3366
2023,10,202310,서울,서대문구,77559,80996,2127,2652
2023,10,202310,서울,서초구,152688,156908,2988,3775
2023,10,202310,서울,성동구,82018,90715,1868,2820
2023,10,202310,서울,성북구,105482,107707,2962,4144
2023,10,202310,서울,송파구,207375,214835,4166,5960
2023,10,202310,서울,양천구,127918,132483,3223,4041
2023,10,202310,서울,영등포구,118159,121237,3865,4097
2023,10,202310,서울,용산구,65235,66781,1901,2092
2023,10,202310,서울,은평구,114470,118680,3181,3962
2023,10,202310,서울,종로구,39489,41555,1508,3291
2023,10,202310,서울,중구,43215,45147,1837,2841
2023,10,202310,서울,중랑구,91317,97282,3203,3766
2023,10,202310,세종,세종시,173956,175406,3391,4131
2023,10,202310,울산,남구,137988,141087,2743,3489
2023,10,202310,울산,동구,57796,58593,1240,1432
2023,10,202310,울산,북구,107963,109544,2151,2464
2023,10,202310,울산,울주군,106580,107967,2619,3385
2023,10,202310,울산,중구,89211,90497,1904,2311
2023,10,202310,인천,강화군,26911,40919,1156,1596
2023,10,202310,인천,계양구,94487,235883,3237,5204
2023,10,202310,인천,남동구,220104,247243,5330,6629
2023,10,202310,인천,동구,19898,21071,854,975
2023,10,202310,인천,미추홀구,141758,145439,4244,4468
2023,10,202310,인천,부평구,203139,240750,4777,5973
2023,10,202310,인천,서구,259694,264529,6480,7776
2023,10,202310,인천,연수구,199136,204429,3198,3993
2023,10,202310,인천,옹진군,8762,8971,514,638
2023,10,202310,인천,중구,66179,67070,1871,2709
2023,10,202310,전남,강진군,12166,12426,528,676
2023,10,202310,전남,고흥군,20327,20616,1050,1230
2023,10,202310,전남,곡성군,10294,10472,433,540
2023,10,202310,전남,광양시,74480,75392,2213,2557
2023,10,202310,전남,구례군,9080,9595,418,518
2023,10,202310,전남,나주시,51812,52816,1896,2404
2023,10,202310,전남,담양군,19937,20371,801,1110
2023,10,202310,전남,목포시,82082,84505,2747,3284
2023,10,202310,전남,무안군,38590,38966,1516,1771
2023,10,202310,전남,보성군,13785,14026,717,838
2023,10,202310,전남,순천시,121248,123219,3036,3804
2023,10,202310,전남,신안군,13471,108122,636,2887
2023,10,202310,전남,여수시,111946,114532,3307,4169
2023,10,202310,전남,영광군,20719,20942,813,951
2023,10,202310,전남,영암군,23818,24062,1209,1371
2023,10,202310,전남,완도군,16028,16325,719,893
2023,10,202310,전남,장성군,18832,19149,756,868
2023,10,202310,전남,장흥군,13046,13221,562,687
2023,10,202310,전남,진도군,10904,11071,532,637
2023,10,202310,전남,함평군,11992,22532,544,852
2023,10,202310,전남,해남군,24074,103437,1611,3029
2023,10,202310,전남,화순군,25213,25875,964,1998
2023,10,202310,전북,고창군,19741,20017,1283,1445
2023,10,202310,전북,군산시,114099,116421,3186,3852
2023,10,202310,전북,김제시,33223,33910,1520,1755
2023,10,202310,전북,남원시,28843,29670,1198,1464
2023,10,202310,전북,무주군,8746,8877,471,569
2023,10,202310,전북,부안군,18887,19159,855,1035
2023,10,202310,전북,순창군,9924,10052,410,490
2023,10,202310,전북,완주군,44312,44646,1655,2183
2023,10,202310,전북,익산시,111919,114013,4064,4681
2023,10,202310,전북,임실군,9597,9732,425,551
2023,10,202310,전북,장수군,7773,7880,365,426
2023,10,202310,전북,전주시,288273,293911,6723,8598
2023,10,202310,전북,정읍시,40363,42973,1623,1946
2023,10,202310,전북,진안군,9413,9557,452,596
2023,10,202310,제주,서귀포시,77239,78442,2992,3284
2023,10,202310,제주,제주시,246600,514711,7270,14088
2023,10,202310,충남,계룡시,22967,23101,583,727
2023,10,202310,충남,공주시,41755,43559,1599,2084
2023,10,202310,충남,금산군,20297,21776,1035,1329
2023,10,202310,충남,논산시,45260,46256,2099,2571
2023,10,202310,충남,당진시,83200,84029,2470,2907
2023,10,202310,충남,보령시,40002,40677,1432,1687
2023,10,202310,충남,부여군,22835,23127,1147,1549
2023,10,202310,충남,서산시,80233,81317,2523,3095
2023,10,202310,충남,서천군,19365,19589,744,897
2023,10,202310,충남,아산시,163596,166346,4884,5541
2023,10,202310,충남,예산군,33700,34118,1400,1841
2023,10,202310,충남,천안시,294714,298644,8374,10107
2023,10,202310,충남,청양군,11279,11421,492,605
2023,10,202310,충남,태안군,24265,24535,1020,1144
2023,10,202310,충남,홍성군,41246,41730,1406,1702
2023,10,202310,충북,괴산군,15209,15397,784,895
2023,10,202310,충북,단양군,10899,11111,478,617
2023,10,202310,충북,보은군,11971,12164,636,788
2023,10,202310,충북,영동군,17203,17406,715,868
2023,10,202310,충북,옥천군,19823,20120,825,977
2023,10,202310,충북,음성군,46390,46771,2162,2446
2023,10,202310,충북,제천시,53975,54791,1769,2026
2023,10,202310,충북,증평군,16962,17153,575,637
2023,10,202310,충북,진천군,43614,43952,1525,1679
2023,10,202310,충북,청주시,386291,396483,9932,12798
2023,10,202310,충북,충주시,92854,98715,2960,3529
2023,11,202311,강원,강릉시,92883,95607,2605,3257
2023,11,202311,강원,고성군,11694,11821,473,558
2023,11,202311,강원,동해시,39432,40215,1273,1513
2023,11,202311,강원,삼척시,25968,26572,853,1090
2023,11,202311,강원,속초시,34055,35083,1108,1341
2023,11,202311,강원,양구군,8837,8943,322,401
2023,11,202311,강원,양양군,12331,12553,408,479
2023,11,202311,강원,영월군,14970,15259,659,793
2023,11,202311,강원,원주시,157868,160932,4411,5091
2023,11,202311,강원,인제군,14503,14656,474,588
2023,11,202311,강원,정선군,14239,14563,574,749
2023,11,202311,강원,철원군,16971,17165,699,803
2023,11,202311,강원,춘천시,120181,123016,3181,4084
2023,11,202311,강원,태백시,16098,16539,619,805
2023,11,202311,강원,평창군,17478,17913,804,985
2023,11,202311,강원,홍천군,27743,28122,1221,1602
2023,11,202311,강원,화천군,9677,9798,301,413
2023,11,202311,강원,횡성군,19156,19764,873,1014
2023,11,202311,경기,가평군,25054,25408,1167,1389
2023,11,202311,경기,고양시,391727,399837,9072,10931
2023,11,202311,경기,과천시,28726,29479,540,683
2023,11,202311,경기,광명시,87870,89755,2418,2941
2023,11,202311,경기,광주시,168375,169380,4991,7615
2023,11,202311,경기,구리시,61090,62335,1657,2038
2023,11,202311,경기,군포시,88145,89296,2230,2464
2023,11,202311,경기,김포시,200217,203101,5266,6909
2023,11,202311,경기,남양주시,266418,268849,7563,8839
2023,11,202311,경기,동두천시,31884,32677,1243,1363
2023,11,202311,경기,부천시,254356,260262,7974,9357
2023,11,202311,경기,성남시,312627,320937,6919,8956
2023,11,202311,경기,수원시,489588,499058,12281,15006
2023,11,202311,경기,시흥시,223529,225477,6698,7265
2023,11,202311,경기,안산시,257284,262447,9327,11326
2023,11,202311,경기,안성시,90318,91218,3144,3728
2023,11,202311,경기,안양시,185346,189333,4535,6211
2023,11,202311,경기,양주시,107036,107905,3832,4381
2023,11,202311,경기,양평군,51975,52644,1775,2439
2023,11,202311,경기,여주시,52276,52818,2062,2819
2023,11,202311,경기,연천군,17554,17733,759,1018
2023,11,202311,경기,오산시,99983,101235,2879,3487
2023,11,202311,경기,용인시,442119,448043,9580,11980
2023,11,202311,경기,의왕시,59412,59843,1352,1620
2023,11,202311,경기,의정부시,151053,153375,4659,5361
2023,11,202311,경기,이천시,100606,101833,3486,4276
2023,11,202311,경기,파주시,205002,208185,5666,8427
2023,11,202311,경기,평택시,282412,286491,7948,10298
2023,11,202311,경기,포천시,65717,71927,2839,3675
2023,11,202311,경기,하남시,121606,122755,2642,3076
2023,11,202311,경기,화성시,437005,440550,10509,13423
2023,11,202311,경남,거제시,94194,95328,2938,3494
2023,11,202311,경남,거창군,24135,24433,871,1111
2023,11,202311,경남,고성군,19741,20004,737,894
2023,11,202311,경남,김해시,240240,242709,6342,7045
2023,11,202311,경남,남해군,14058,14309,538,705
2023,11,202311,경남,밀양시,43163,43758,1406,1687
2023,11,202311,경남,사천시,47083,47883,1479,1791
2023,11,202311,경남,산청군,13551,13706,519,638
2023,11,202311,경남,양산시,149720,151068,4212,5111
2023,11,202311,경남,의령군,10343,10464,402,502
2023,11,202311,경남,진주시,142270,145406,3380,4566
2023,11,202311,경남,창녕군,24974,25223,1043,1219
2023,11,202311,경남,창원시,523186,591785,10287,13442
2023,11,202311,경남,통영시,42882,43708,1722,2051
2023,11,202311,경남,하동군,16101,16251,547,652
2023,11,202311,경남,함안군,33466,67839,1115,1488
2023,11,202311,경남,함양군,13271,13483,489,629
2023,11,202311,경남,합천군,15549,15726,612,744
2023,11,202311,경북,경산시,117804,118899,3086,3574
2023,11,202311,경북,경주시,117751,119642,3813,4520
2023,11,202311,경북,고령군,14036,14137,673,761
2023,11,202311,경북,구미시,188938,191667,5083,5994
2023,11,202311,경북,김천시,58139,58904,2062,2421
2023,11,202311,경북,문경시,26979,27480,1208,1384
2023,11,202311,경북,봉화군,11114,11269,437,526
2023,11,202311,경북,상주시,36634,37167,1641,1982
2023,11,202311,경북,성주군,19998,20236,793,883
2023,11,202311,경북,안동시,63599,64741,2163,2690
2023,11,202311,경북,영덕군,12828,13008,609,717
2023,11,202311,경북,영양군,5986,6074,284,342
2023,11,202311,경북,영주시,40784,41402,1601,1821
2023,11,202311,경북,영천시,44884,45400,1765,2092
2023,11,202311,경북,예천군,22679,22949,718,856
2023,11,202311,경북,울릉군,4215,4678,258,485
2023,11,202311,경북,울진군,20155,20410,643,786
2023,11,202311,경북,의성군,19536,19709,855,1020
2023,11,202311,경북,청도군,17675,17907,642,737
2023,11,202311,경북,청송군,9784,9885,463,577
2023,11,202311,경북,칠곡군,56249,56674,1847,2281
2023,11,202311,경북,포항시,228708,232368,5941,7218
2023,11,202311,광주,광산구,172322,176381,4421,4978
2023,11,202311,광주,남구,82714,83890,1918,2457
2023,11,202311,광주,동구,41974,42484,982,1191
2023,11,202311,광주,북구,169841,174461,3986,5123
2023,11,202311,광주,서구,126231,130636,3054,3537
2023,11,202311,대구,군위군,10023,10135,396,455
2023,11,202311,대구,남구,47926,48924,1316,1644
2023,11,202311,대구,달서구,240799,252089,4873,5719
2023,11,202311,대구,달성군,117988,119719,2966,3599
2023,11,202311,대구,동구,139678,145181,3307,4122
2023,11,202311,대구,북구,170030,172717,3801,4556
2023,11,202311,대구,서구,57924,60831,1708,1963
2023,11,202311,대구,수성구,194404,197718,3038,3855
2023,11,202311,대구,중구,53545,55047,1018,1431
2023,11,202311,대전,대덕구,71271,73870,2188,2797
2023,11,202311,대전,동구,76669,79487,2449,3000
2023,11,202311,대전,서구,186598,199250,4247,4898
2023,11,202311,대전,유성구,173591,176659,3148,3613
2023,11,202311,대전,중구,81690,84259,2510,3029
2023,11,202311,부산,강서구,66953,69143,1688,2074
2023,11,202311,부산,금정구,66217,68751,2084,2966
2023,11,202311,부산,기장군,73155,74034,2104,2709
2023,11,202311,부산,남구,80150,83453,2110,2664
2023,11,202311,부산,동구,40792,42797,898,1128
2023,11,202311,부산,동래구,85458,87016,1954,2332
2023,11,202311,부산,부산진구,114531,134445,2829,3421
2023,11,202311,부산,북구,87763,89422,2221,2579
2023,11,202311,부산,사상구,66878,69460,2134,2433
2023,11,202311,부산,사하구,92376,95928,2755,3142
2023,11,202311,부산,서구,25823,26288,895,952
2023,11,202311,부산,수영구,57545,115696,1454,2385
2023,11,202311,부산,연제구,100926,113402,1606,2706
2023,11,202311,부산,영도구,26684,28146,985,1329
2023,11,202311,부산,중구,30973,31233,489,564
2023,11,202311,부산,해운대구,149463,160793,3135,3448
2023,11,202311,서울,강남구,212390,231063,4026,4629
2023,11,202311,서울,강동구,129135,134314,3376,4216
2023,11,202311,서울,강북구,60651,62853,2246,3029
2023,11,202311,서울,강서구,167859,178174,4362,5755
2023,11,202311,서울,관악구,99764,102954,3137,3528
2023,11,202311,서울,광진구,80988,84184,2229,2609
2023,11,202311,서울,구로구,115780,125844,4274,4870
2023,11,202311,서울,금천구,71779,75366,2801,3296
2023,11,202311,서울,노원구,129843,135426,3466,4335
2023,11,202311,서울,도봉구,76756,81546,2421,3065
2023,11,202311,서울,동대문구,84245,87163,2678,2888
2023,11,202311,서울,동작구,94630,95892,2320,2499
2023,11,202311,서울,마포구,102005,106447,2637,3325
2023,11,202311,서울,서대문구,77594,81016,2105,2609
2023,11,202311,서울,서초구,152815,157031,2986,3766
2023,11,202311,서울,성동구,82110,90767,1860,2832
2023,11,202311,서울,성북구,105478,107708,2957,4140
2023,11,202311,서울,송파구,207431,214836,4159,5925
2023,11,202311,서울,양천구,128023,132570,3201,4016
2023,11,202311,서울,영등포구,118310,121411,3851,4082
2023,11,202311,서울,용산구,65075,66602,1882,2073
2023,11,202311,서울,은평구,114571,118792,3143,3925
2023,11,202311,서울,종로구,39512,41574,1501,3282
2023,11,202311,서울,중구,42994,44870,1826,2847
2023,11,202311,서울,중랑구,91314,97299,3172,3733
2023,11,202311,세종,세종시,174174,175616,3377,4128
2023,11,202311,울산,남구,137951,141046,2724,3479
2023,11,202311,울산,동구,57889,58686,1232,1428
2023,11,202311,울산,북구,107991,109574,2120,2434
2023,11,202311,울산,울주군,106737,108099,2600,3367
2023,11,202311,울산,중구,90007,91298,1892,2297
2023,11,202311,인천,강화군,26906,40449,1143,1566
2023,11,202311,인천,계양구,94260,231099,3211,5142
2023,11,202311,인천,남동구,220478,247058,5308,6604
2023,11,202311,인천,동구,19888,21058,861,982
2023,11,202311,인천,미추홀구,141848,145518,4237,4462
2023,11,202311,인천,부평구,204459,241726,4754,5910
2023,11,202311,인천,서구,261474,266309,6514,7852
2023,11,202311,인천,연수구,200558,205903,3200,3996
2023,11,202311,인천,옹진군,8784,8992,509,635
2023,11,202311,인천,중구,66431,67327,1871,2708
2023,11,202311,전남,강진군,12198,12457,521,670
2023,11,202311,전남,고흥군,20387,20677,1046,1225
2023,11,202311,전남,곡성군,10334,10508,431,537
2023,11,202311,전남,광양시,74764,75678,2217,2559
2023,11,202311,전남,구례군,9107,9617,420,520
2023,11,202311,전남,나주시,51980,52984,1899,2398
2023,11,202311,전남,담양군,19951,20408,794,1100
2023,11,202311,전남,목포시,82276,84710,2736,3274
2023,11,202311,전남,무안군,38690,39064,1515,1771
2023,11,202311,전남,보성군,13793,14036,719,842
2023,11,202311,전남,순천시,121624,123593,3035,3805
2023,11,202311,전남,신안군,13533,109236,635,2853
2023,11,202311,전남,여수시,112180,114801,3295,4153
2023,11,202311,전남,영광군,20714,20937,813,952
2023,11,202311,전남,영암군,23834,24059,1195,1362
2023,11,202311,전남,완도군,16044,16337,724,896
2023,11,202311,전남,장성군,18869,19178,753,865
2023,11,202311,전남,장흥군,13095,13270,561,686
2023,11,202311,전남,진도군,10947,11115,531,637
2023,11,202311,전남,함평군,12051,21324,539,825
2023,11,202311,전남,해남군,24092,104719,1611,3035
2023,11,202311,전남,화순군,25267,25919,959,1986
2023,11,202311,전북,고창군,19819,20095,1273,1439
2023,11,202311,전북,군산시,114445,116758,3169,3819
2023,11,202311,전북,김제시,33255,33943,1513,1747
2023,11,202311,전북,남원시,28908,29713,1183,1450
2023,11,202311,전북,무주군,8759,8891,468,565
2023,11,202311,전북,부안군,18824,19098,845,1025
2023,11,202311,전북,순창군,9979,10107,411,494
2023,11,202311,전북,완주군,44583,44925,1654,2183
2023,11,202311,전북,익산시,112198,114291,4023,4636
2023,11,202311,전북,임실군,9593,9728,422,548
2023,11,202311,전북,장수군,7775,7882,365,426
2023,11,202311,전북,전주시,288835,294528,6694,8560
2023,11,202311,전북,정읍시,40390,42926,1623,1947
2023,11,202311,전북,진안군,9389,9533,444,588
2023,11,202311,제주,서귀포시,77352,78551,2983,3274
2023,11,202311,제주,제주시,247428,515119,7266,14019
2023,11,202311,충남,계룡시,23027,23162,586,731
2023,11,202311,충남,공주시,41808,43655,1593,2092
2023,11,202311,충남,금산군,20305,21816,1026,1309
2023,11,202311,충남,논산시,45215,46216,2079,2550
2023,11,202311,충남,당진시,83473,84305,2471,2909
2023,11,202311,충남,보령시,39990,40659,1433,1690
2023,11,202311,충남,부여군,22880,23171,1140,1548
2023,11,202311,충남,서산시,80530,81611,2513,3088
2023,11,202311,충남,서천군,19363,19587,742,895
2023,11,202311,충남,아산시,164895,167627,4864,5522
2023,11,202311,충남,예산군,33819,34239,1399,1841
2023,11,202311,충남,천안시,295051,298970,8385,10113
2023,11,202311,충남,청양군,11381,11523,488,601
2023,11,202311,충남,태안군,24263,24534,1003,1128
2023,11,202311,충남,홍성군,41366,41851,1398,1694
2023,11,202311,충북,괴산군,15214,15417,780,889
2023,11,202311,충북,단양군,10895,11106,470,607
2023,11,202311,충북,보은군,12015,12209,629,781
2023,11,202311,충북,영동군,17219,17422,706,859
2023,11,202311,충북,옥천군,19842,20139,829,983
2023,11,202311,충북,음성군,46503,46885,2160,2445
2023,11,202311,충북,제천시,54071,54879,1752,2020
2023,11,202311,충북,증평군,16985,17175,574,635
2023,11,202311,충북,진천군,43790,44128,1522,1675
2023,11,202311,충북,청주시,386954,397099,9882,12757
2023,11,202311,충북,충주시,93039,99170,2930,3499
2023,12,202312,강원,강릉시,92968,95708,2598,3256
2023,12,202312,강원,고성군,11665,11793,460,545
2023,12,202312,강원,동해시,39446,40224,1263,1500
2023,12,202312,강원,삼척시,26040,26650,854,1091
2023,12,202312,강원,속초시,34109,35173,1111,1344
2023,12,202312,강원,양구군,8836,8942,317,396
2023,12,202312,강원,양양군,12346,12562,411,483
2023,12,202312,강원,영월군,15000,15291,652,790
2023,12,202312,강원,원주시,158062,161169,4399,5076
2023,12,202312,강원,인제군,14502,14653,473,590
2023,12,202312,강원,정선군,14219,14579,572,740
2023,12,202312,강원,철원군,16988,17163,691,796
2023,12,202312,강원,춘천시,120195,123044,3168,4060
2023,12,202312,강원,태백시,16152,16589,615,798
2023,12,202312,강원,평창군,17520,17972,799,982
2023,12,202312,강원,홍천군,27794,28176,1225,1606
2023,12,202312,강원,화천군,9654,9772,302,413
2023,12,202312,강원,횡성군,19157,19772,870,1011
2023,12,202312,경기,가평군,25163,25504,1163,1384
2023,12,202312,경기,고양시,392058,400162,9006,10870
2023,12,202312,경기,과천시,28762,29521,538,682
2023,12,202312,경기,광명시,88036,89882,2426,2946
2023,12,202312,경기,광주시,168508,169514,4979,7617
2023,12,202312,경기,구리시,60996,62240,1639,1994
2023,12,202312,경기,군포시,88008,89159,2197,2450
2023,12,202312,경기,김포시,200272,203166,5239,6890
2023,12,202312,경기,남양주시,266745,269173,7544,8820
2023,12,202312,경기,동두천시,31942,32729,1234,1353
2023,12,202312,경기,부천시,254447,260384,7941,9319
2023,12,202312,경기,성남시,313097,321336,6882,8930
2023,12,202312,경기,수원시,491721,501170,12298,15079
2023,12,202312,경기,시흥시,223938,225897,6684,7249
2023,12,202312,경기,안산시,257465,262619,9311,11325
2023,12,202312,경기,안성시,90306,91206,3130,3711
2023,12,202312,경기,안양시,185819,189764,4520,6195
2023,12,202312,경기,양주시,107854,108726,3819,4368
2023,12,202312,경기,양평군,52147,52816,1780,2444
2023,12,202312,경기,여주시,52414,52953,2049,2808
2023,12,202312,경기,연천군,17577,17752,750,1011
2023,12,202312,경기,오산시,100144,101387,2854,3468
2023,12,202312,경기,용인시,442873,448760,9540,11953
2023,12,202312,경기,의왕시,59417,59851,1350,1619
2023,12,202312,경기,의정부시,151202,153499,4620,5326
2023,12,202312,경기,이천시,100692,101899,3505,4312
2023,12,202312,경기,파주시,205230,208354,5652,8438
2023,12,202312,경기,평택시,283231,287291,7947,10315
2023,12,202312,경기,포천시,65683,71681,2841,3676
2023,12,202312,경기,하남시,121650,122802,2626,3070
2023,12,202312,경기,화성시,438753,442257,10495,13433
2023,12,202312,경남,거제시,94328,95450,2942,3491
2023,12,202312,경남,거창군,24155,24452,874,1119
2023,12,202312,경남,고성군,19794,20053,736,893
2023,12,202312,경남,김해시,240672,243138,6324,7018
2023,12,202312,경남,남해군,14034,14287,538,711
2023,12,202312,경남,밀양시,43232,43825,1412,1690
2023,12,202312,경남,사천시,47211,47983,1468,1774
2023,12,202312,경남,산청군,13561,13719,516,634
2023,12,202312,경남,양산시,149701,151058,4209,5111
2023,12,202312,경남,의령군,10324,10448,393,489
2023,12,202312,경남,진주시,142299,145400,3375,4561
2023,12,202312,경남,창녕군,24990,25240,1045,1220
2023,12,202312,경남,창원시,524388,593445,10265,13387
2023,12,202312,경남,통영시,42887,43701,1707,2038
2023,12,202312,경남,하동군,16065,16218,547,654
2023,12,202312,경남,함안군,33387,67859,1114,1515
2023,12,202312,경남,함양군,13293,13604,489,629
2023,12,202312,경남,합천군,15548,15722,617,750
2023,12,202312,경북,경산시,117912,119010,3074,3564
2023,12,202312,경북,경주시,117725,119617,3798,4499
2023,12,202312,경북,고령군,14004,14105,666,755
2023,12,202312,경북,구미시,189229,191959,5054,5966
2023,12,202312,경북,김천시,58054,58828,2054,2413
2023,12,202312,경북,문경시,26976,27463,1199,1378
2023,12,202312,경북,봉화군,11111,11264,432,523
2023,12,202312,경북,상주시,36697,37224,1634,1970
2023,12,202312,경북,성주군,20009,20247,797,887
2023,12,202312,경북,안동시,63635,64789,2161,2693
2023,12,202312,경북,영덕군,12858,13043,604,711
2023,12,202312,경북,영양군,5997,6086,284,342
2023,12,202312,경북,영주시,40842,41465,1600,1822
2023,12,202312,경북,영천시,45011,45529,1765,2090
2023,12,202312,경북,예천군,22687,22953,718,856
2023,12,202312,경북,울릉군,4217,4676,261,484
2023,12,202312,경북,울진군,20178,20432,647,791
2023,12,202312,경북,의성군,19581,19755,855,1019
2023,12,202312,경북,청도군,17676,17909,638,734
2023,12,202312,경북,청송군,9817,9919,465,579
2023,12,202312,경북,칠곡군,56141,56544,1865,2277
2023,12,202312,경북,포항시,229162,232841,5922,7199
2023,12,202312,광주,광산구,172434,176427,4413,4967
2023,12,202312,광주,남구,82683,83848,1911,2451
2023,12,202312,광주,동구,42021,42536,980,1147
2023,12,202312,광주,북구,169963,174675,3969,5150
2023,12,202312,광주,서구,126708,131020,3066,3546
2023,12,202312,대구,군위군,10005,10121,397,456
2023,12,202312,대구,남구,47743,48737,1303,1636
2023,12,202312,대구,달서구,240547,251942,4860,5702
2023,12,202312,대구,달성군,117990,119652,2975,3609
2023,12,202312,대구,동구,140026,145518,3310,4129
2023,12,202312,대구,북구,169594,172289,3791,4547
2023,12,202312,대구,서구,58704,61531,1711,1990
2023,12,202312,대구,수성구,194922,198234,3017,3832
2023,12,202312,대구,중구,54039,55556,1021,1438
2023,12,202312,대전,대덕구,71353,73937,2175,2779
2023,12,202312,대전,동구,76679,79498,2440,2993
2023,12,202312,대전,서구,186460,200260,4215,4869
2023,12,202312,대전,유성구,174344,177405,3188,3652
2023,12,202312,대전,중구,81616,84153,2495,3011
2023,12,202312,부산,강서구,66885,69071,1682,2068
2023,12,202312,부산,금정구,66009,68531,2078,2962
2023,12,202312,부산,기장군,73289,74171,2096,2696
2023,12,202312,부산,남구,80071,83479,2113,2670
2023,12,202312,부산,동구,41427,43354,891,1121
2023,12,202312,부산,동래구,85274,86826,1963,2342
2023,12,202312,부산,부산진구,114973,135145,2814,3399
2023,12,202312,부산,북구,87700,89354,2205,2565
2023,12,202312,부산,사상구,67033,69596,2131,2431
2023,12,202312,부산,사하구,92394,95944,2750,3139
2023,12,202312,부산,서구,25833,26300,893,950
2023,12,202312,부산,수영구,57487,115644,1445,2361
2023,12,202312,부산,연제구,102073,114760,1599,2700
2023,12,202312,부산,영도구,26686,28156,982,1325
2023,12,202312,부산,중구,31032,31292,490,565
2023,12,202312,부산,해운대구,149527,160706,3120,3433
2023,12,202312,서울,강남구,214156,232480,3998,4601
2023,12,202312,서울,강동구,129380,134548,3381,4211
2023,12,202312,서울,강북구,60580,62790,2228,3010
2023,12,202312,서울,강서구,168214,178414,4339,5720
2023,12,202312,서울,관악구,99596,102778,3129,3522
2023,12,202312,서울,광진구,80880,84058,2222,2601
2023,12,202312,서울,구로구,115645,125670,4256,4849
2023,12,202312,서울,금천구,71744,75317,2793,3279
2023,12,202312,서울,노원구,129767,135346,3438,4309
2023,12,202312,서울,도봉구,76763,81519,2403,3033
2023,12,202312,서울,동대문구,84257,87240,2674,2883
2023,12,202312,서울,동작구,94584,95838,2308,2488
2023,12,202312,서울,마포구,101937,106357,2636,3324
2023,12,202312,서울,서대문구,77539,80954,2105,2610
2023,12,202312,서울,서초구,152891,157061,3013,3792
2023,12,202312,서울,성동구,82202,90774,1866,2842
2023,12,202312,서울,성북구,105387,107609,2954,4134
2023,12,202312,서울,송파구,207167,214586,4142,5892
2023,12,202312,서울,양천구,127890,132431,3187,3998
2023,12,202312,서울,영등포구,118319,121389,3848,4080
2023,12,202312,서울,용산구,64908,66446,1880,2070
2023,12,202312,서울,은평구,114497,118722,3118,3899
2023,12,202312,서울,종로구,39459,41598,1502,3303
2023,12,202312,서울,중구,42868,44699,1817,2892
2023,12,202312,서울,중랑구,91504,97492,3151,3725
2023,12,202312,세종,세종시,174359,175842,3364,4115
2023,12,202312,울산,남구,137752,140919,2714,3479
2023,12,202312,울산,동구,57939,58753,1226,1421
2023,12,202312,울산,북구,108369,109960,2088,2402
2023,12,202312,울산,울주군,106705,108063,2590,3355
2023,12,202312,울산,중구,90114,91406,1897,2300
2023,12,202312,인천,강화군,26870,40212,1140,1552
2023,12,202312,인천,계양구,93999,231206,3189,5151
2023,12,202312,인천,남동구,222184,248214,5291,6596
2023,12,202312,인천,동구,19885,21060,866,986
2023,12,202312,인천,미추홀구,142165,145841,4224,4451
2023,12,202312,인천,부평구,205608,242571,4759,5908
2023,12,202312,인천,서구,261852,266731,6504,7836
2023,12,202312,인천,연수구,201728,207178,3207,4009
2023,12,202312,인천,옹진군,8722,8929,509,635
2023,12,202312,인천,중구,66618,67508,1875,2715
2023,12,202312,전남,강진군,12226,12480,520,662
2023,12,202312,전남,고흥군,20433,20716,1040,1218
2023,12,202312,전남,곡성군,10364,10546,434,540
2023,12,202312,전남,광양시,75057,76000,2213,2562
2023,12,202312,전남,구례군,9096,9623,414,510
2023,12,202312,전남,나주시,52040,52980,1900,2397
2023,12,202312,전남,담양군,19990,20446,795,1104
2023,12,202312,전남,목포시,82362,84790,2723,3259
2023,12,202312,전남,무안군,38740,39117,1517,1789
2023,12,202312,전남,보성군,13816,14061,716,840
2023,12,202312,전남,순천시,121900,123854,3030,3787
2023,12,202312,전남,신안군,13529,110868,631,2858
2023,12,202312,전남,여수시,112223,114831,3287,4150
2023,12,202312,전남,영광군,20688,20909,811,950
2023,12,202312,전남,영암군,23948,24161,1195,1332
2023,12,202312,전남,완도군,16045,16339,720,888
2023,12,202312,전남,장성군,18980,19275,745,857
2023,12,202312,전남,장흥군,13113,13287,566,689
2023,12,202312,전남,진도군,10961,11130,526,632
2023,12,202312,전남,함평군,12104,20800,538,810
2023,12,202312,전남,해남군,24123,105400,1619,3039
2023,12,202312,전남,화순군,25255,25853,956,1988
2023,12,202312,전북,고창군,19845,20118,1273,1445
2023,12,202312,전북,군산시,114598,116882,3159,3814
2023,12,202312,전북,김제시,33249,33966,1519,1752
2023,12,202312,전북,남원시,28935,29738,1185,1452
2023,12,202312,전북,무주군,8793,8925,469,569
2023,12,202312,전북,부안군,18796,19068,843,1023
2023,12,202312,전북,순창군,10016,10142,411,495
2023,12,202312,전북,완주군,44815,45163,1652,2199
2023,12,202312,전북,익산시,112426,114505,3993,4609
2023,12,202312,전북,임실군,9594,9730,421,545
2023,12,202312,전북,장수군,7786,7893,363,424
2023,12,202312,전북,전주시,288800,294508,6691,8546
2023,12,202312,전북,정읍시,40514,42965,1623,1941
2023,12,202312,전북,진안군,9400,9553,437,581
2023,12,202312,제주,서귀포시,77339,78534,2961,3250
2023,12,202312,제주,제주시,248249,515605,7276,13989
2023,12,202312,충남,계룡시,23090,23225,593,738
2023,12,202312,충남,공주시,41878,43597,1590,2084
2023,12,202312,충남,금산군,20323,21856,1026,1309
2023,12,202312,충남,논산시,45143,46125,2065,2533
2023,12,202312,충남,당진시,83484,84320,2465,2900
2023,12,202312,충남,보령시,39937,40603,1423,1677
2023,12,202312,충남,부여군,22903,23194,1135,1541
2023,12,202312,충남,서산시,80596,81714,2502,3079
2023,12,202312,충남,서천군,19399,19623,741,895
2023,12,202312,충남,아산시,166104,168822,4873,5531
2023,12,202312,충남,예산군,33865,34285,1402,1845
2023,12,202312,충남,천안시,295414,299370,8333,10061
2023,12,202312,충남,청양군,11406,11547,493,608
2023,12,202312,충남,태안군,24297,24569,1001,1127
2023,12,202312,충남,홍성군,41458,41943,1397,1693
2023,12,202312,충북,괴산군,15318,15523,778,888
2023,12,202312,충북,단양군,10919,11129,463,600
2023,12,202312,충북,보은군,11996,12186,622,772
2023,12,202312,충북,영동군,17207,17411,701,855
2023,12,202312,충북,옥천군,19846,20137,829,981
2023,12,202312,충북,음성군,46537,46915,2150,2434
2023,12,202312,충북,제천시,54076,54894,1756,2014
2023,12,202312,충북,증평군,17021,17213,568,630
2023,12,202312,충북,진천군,44016,44360,1533,1685
2023,12,202312,충북,청주시,387051,397203,9869,12746
2023,12,202312,충북,충주시,93144,99554,2916,3476
2024,1,202401,강원,강릉시,93138,95873,2596,3253
2024,1,202401,강원,고성군,11719,11846,456,541
2024,1,202401,강원,동해시,39499,40277,1254,1483
2024,1,202401,강원,삼척시,26017,26632,845,1080
2024,1,202401,강원,속초시,34183,35239,1093,1329
2024,1,202401,강원,양구군,8789,8895,316,395
2024,1,202401,강원,양양군,12359,12573,411,479
2024,1,202401,강원,영월군,15041,15332,647,785
2024,1,202401,강원,원주시,158586,161660,4395,5077
2024,1,202401,강원,인제군,14534,14681,475,591
2024,1,202401,강원,정선군,14206,14564,570,738
2024,1,202401,강원,철원군,16996,17215,689,801
2024,1,202401,강원,춘천시,120342,123190,3164,4061
2024,1,202401,강원,태백시,16180,16617,614,798
2024,1,202401,강원,평창군,17590,18025,802,981
2024,1,202401,강원,홍천군,27912,28294,1223,1604
2024,1,202401,강원,화천군,9678,9796,299,410
2024,1,202401,강원,횡성군,19183,19777,862,1004
2024,1,202401,경기,가평군,25202,25583,1161,1382
2024,1,202401,경기,고양시,392390,400633,8989,10863
2024,1,202401,경기,과천시,28832,29591,536,680
2024,1,202401,경기,광명시,88119,90044,2417,2936
2024,1,202401,경기,광주시,168983,169997,4951,7554
2024,1,202401,경기,구리시,61027,62270,1629,1982
2024,1,202401,경기,군포시,88006,89153,2175,2424
2024,1,202401,경기,김포시,200543,203343,5223,6881
2024,1,202401,경기,남양주시,267326,269856,7526,8801
2024,1,202401,경기,동두천시,31990,32798,1247,1366
2024,1,202401,경기,부천시,254373,260306,7912,9292
2024,1,202401,경기,성남시,313426,321664,6864,8901
2024,1,202401,경기,수원시,491924,501388,12291,15063
2024,1,202401,경기,시흥시,224546,226505,6647,7211
2024,1,202401,경기,안산시,257724,262886,9297,11311
2024,1,202401,경기,안성시,91020,91923,3129,3712
2024,1,202401,경기,안양시,186711,190625,4498,6151
2024,1,202401,경기,양주시,108688,109553,3800,4347
2024,1,202401,경기,양평군,52355,53031,1760,2419
2024,1,202401,경기,여주시,52559,53211,2037,2799
2024,1,202401,경기,연천군,17544,17723,740,1001
2024,1,202401,경기,오산시,100572,101815,2827,3433
2024,1,202401,경기,용인시,443901,449848,9531,11970
2024,1,202401,경기,의왕시,59340,59843,1343,1615
2024,1,202401,경기,의정부시,151314,153641,4607,5321
2024,1,202401,경기,이천시,100721,101961,3446,4259
2024,1,202401,경기,파주시,206506,209605,5647,8422
2024,1,202401,경기,평택시,284265,288373,7961,10335
2024,1,202401,경기,포천시,65823,71612,2829,3685
2024,1,202401,경기,하남시,121810,122984,2609,3054
2024,1,202401,경기,화성시,440627,444105,10447,13395
2024,1,202401,경남,거제시,94583,95716,2936,3487
2024,1,202401,경남,거창군,24212,24510,870,1113
2024,1,202401,경남,고성군,19835,20092,736,890
2024,1,202401,경남,김해시,241518,244075,6302,7000
2024,1,202401,경남,남해군,14073,14325,546,720
2024,1,202401,경남,밀양시,43289,43886,1417,1696
2024,1,202401,경남,사천시,47372,48143,1473,1786
2024,1,202401,경남,산청군,13596,13758,515,633
2024,1,202401,경남,양산시,150031,151390,4206,5099
2024,1,202401,경남,의령군,10357,10480,397,493
2024,1,202401,경남,진주시,142589,145685,3373,4558
2024,1,202401,경남,창녕군,24997,25247,1050,1222
2024,1,202401,경남,창원시,525442,595255,10259,13350
2024,1,202401,경남,통영시,42931,43740,1707,2041
2024,1,202401,경남,하동군,16082,16234,547,652
2024,1,202401,경남,함안군,33309,66880,1102,1521
2024,1,202401,경남,함양군,13341,13655,494,636
2024,1,202401,경남,합천군,15541,15715,613,749
2024,1,202401,경북,경산시,118274,119365,3058,3545
2024,1,202401,경북,경주시,117870,119759,3803,4508
2024,1,202401,경북,고령군,14025,14123,658,747
2024,1,202401,경북,구미시,189853,192588,5046,5960
2024,1,202401,경북,김천시,58190,58963,2048,2407
2024,1,202401,경북,문경시,27025,27510,1194,1373
2024,1,202401,경북,봉화군,11111,11264,432,525
2024,1,202401,경북,상주시,36778,37307,1635,1967
2024,1,202401,경북,성주군,20022,20257,791,881
2024,1,202401,경북,안동시,63722,64872,2160,2693
2024,1,202401,경북,영덕군,12901,13086,601,707
2024,1,202401,경북,영양군,6032,6122,281,339
2024,1,202401,경북,영주시,40904,41526,1599,1821
2024,1,202401,경북,영천시,45075,45592,1760,2085
2024,1,202401,경북,예천군,22787,23053,716,855
2024,1,202401,경북,울릉군,4196,4619,261,474
2024,1,202401,경북,울진군,20215,20466,646,790
2024,1,202401,경북,의성군,19558,19732,849,1011
2024,1,202401,경북,청도군,17704,17939,638,733
2024,1,202401,경북,청송군,9875,9977,462,576
2024,1,202401,경북,칠곡군,56166,56571,1878,2290
2024,1,202401,경북,포항시,229786,233465,5918,7167
2024,1,202401,광주,광산구,172970,176966,4394,4949
2024,1,202401,광주,남구,82821,84023,1904,2441
2024,1,202401,광주,동구,42138,42661,978,1145
2024,1,202401,광주,북구,170270,175035,3960,5135
2024,1,202401,광주,서구,126695,131038,3079,3556
2024,1,202401,대구,군위군,10007,10122,396,454
2024,1,202401,대구,남구,47722,48713,1287,1634
2024,1,202401,대구,달서구,240464,251943,4849,5689
2024,1,202401,대구,달성군,118138,119800,2958,3589
2024,1,202401,대구,동구,140184,145639,3313,4129
2024,1,202401,대구,북구,169713,172413,3767,4520
2024,1,202401,대구,서구,58786,61611,1718,1999
2024,1,202401,대구,수성구,195466,198883,3024,3841
2024,1,202401,대구,중구,54033,55553,1020,1426
2024,1,202401,대전,대덕구,71507,74105,2151,2754
2024,1,202401,대전,동구,76755,79638,2434,2984
2024,1,202401,대전,서구,186809,201600,4204,4874
2024,1,202401,대전,유성구,175018,178113,3208,3668
2024,1,202401,대전,중구,81619,84193,2486,2996
2024,1,202401,부산,강서구,66938,69006,1682,2068
2024,1,202401,부산,금정구,65684,68214,2079,2967
2024,1,202401,부산,기장군,73537,74428,2097,2697
2024,1,202401,부산,남구,80357,83768,2105,2663
2024,1,202401,부산,동구,41663,43576,876,1104
2024,1,202401,부산,동래구,85056,86733,1942,2326
2024,1,202401,부산,부산진구,115461,135703,2797,3377
2024,1,202401,부산,북구,87667,89314,2197,2557
2024,1,202401,부산,사상구,67127,69698,2120,2425
2024,1,202401,부산,사하구,92406,95957,2735,3126
2024,1,202401,부산,서구,25869,26334,894,951
2024,1,202401,부산,수영구,57319,115650,1449,2359
2024,1,202401,부산,연제구,103119,116231,1594,2711
2024,1,202401,부산,영도구,26696,28166,982,1326
2024,1,202401,부산,중구,30965,31226,493,569
2024,1,202401,부산,해운대구,149516,160595,3101,3412
2024,1,202401,서울,강남구,215268,233362,4024,4624
2024,1,202401,서울,강동구,129486,134641,3357,4198
2024,1,202401,서울,강북구,60527,62730,2221,3006
2024,1,202401,서울,강서구,168140,178148,4338,5714
2024,1,202401,서울,관악구,99635,102805,3122,3516
2024,1,202401,서울,광진구,80891,84048,2206,2582
2024,1,202401,서울,구로구,115687,125679,4234,4829
2024,1,202401,서울,금천구,71729,75264,2774,3255
2024,1,202401,서울,노원구,129730,135277,3430,4271
2024,1,202401,서울,도봉구,76748,81496,2382,3012
2024,1,202401,서울,동대문구,84309,87309,2666,2875
2024,1,202401,서울,동작구,94545,95830,2311,2493
2024,1,202401,서울,마포구,101936,106295,2623,3302
2024,1,202401,서울,서대문구,77579,80990,2074,2574
2024,1,202401,서울,서초구,152590,156819,3008,3804
2024,1,202401,서울,성동구,82331,91213,1861,2864
2024,1,202401,서울,성북구,105347,107489,2942,4104
2024,1,202401,서울,송파구,207007,214382,4120,5852
2024,1,202401,서울,양천구,128184,132713,3169,3984
2024,1,202401,서울,영등포구,118489,121569,3821,4052
2024,1,202401,서울,용산구,64717,66271,1859,2046
2024,1,202401,서울,은평구,114501,118657,3107,3881
2024,1,202401,서울,종로구,39483,41682,1506,3302
2024,1,202401,서울,중구,42612,44417,1810,2894
2024,1,202401,서울,중랑구,91639,97656,3120,3710
2024,1,202401,세종,세종시,174856,176339,3347,4096
2024,1,202401,울산,남구,137838,140996,2706,3470
2024,1,202401,울산,동구,58050,58851,1221,1417
2024,1,202401,울산,북구,108878,110472,2112,2426
2024,1,202401,울산,울주군,106959,108316,2571,3333
2024,1,202401,울산,중구,90388,91685,1897,2293
2024,1,202401,인천,강화군,26925,39800,1132,1538
2024,1,202401,인천,계양구,94007,231415,3169,5181
2024,1,202401,인천,남동구,222262,247786,5246,6558
2024,1,202401,인천,동구,19931,21079,875,992
2024,1,202401,인천,미추홀구,142770,146495,4240,4392
2024,1,202401,인천,부평구,206213,242841,4750,5875
2024,1,202401,인천,서구,262630,267519,6510,7907
2024,1,202401,인천,연수구,202441,207916,3203,4014
2024,1,202401,인천,옹진군,8737,8946,507,632
2024,1,202401,인천,중구,66848,67736,1866,2728
2024,1,202401,전남,강진군,12265,12523,524,669
2024,1,202401,전남,고흥군,20494,20755,1043,1214
2024,1,202401,전남,곡성군,10410,10591,430,535
2024,1,202401,전남,광양시,75394,76347,2201,2551
2024,1,202401,전남,구례군,9122,9613,406,501
2024,1,202401,전남,나주시,52137,53101,1889,2388
2024,1,202401,전남,담양군,20036,20496,797,1103
2024,1,202401,전남,목포시,82591,85016,2719,3259
2024,1,202401,전남,무안군,38853,39236,1508,1780
2024,1,202401,전남,보성군,13828,14059,718,841
2024,1,202401,전남,순천시,122370,124365,3028,3770
2024,1,202401,전남,신안군,13615,111675,642,2859
2024,1,202401,전남,여수시,112514,115088,3268,4133
2024,1,202401,전남,영광군,20741,20964,811,949
2024,1,202401,전남,영암군,24059,24280,1194,1333
2024,1,202401,전남,완도군,16064,16361,718,883
2024,1,202401,전남,장성군,18956,19247,750,866
2024,1,202401,전남,장흥군,13118,13294,566,689
2024,1,202401,전남,진도군,10998,11168,525,632
2024,1,202401,전남,함평군,12154,19935,533,772
2024,1,202401,전남,해남군,24167,105227,1624,2960
2024,1,202401,전남,화순군,25315,25867,957,1961
2024,1,202401,전북,고창군,19912,20186,1270,1441
2024,1,202401,전북,군산시,114785,117088,3154,3810
2024,1,202401,전북,김제시,33369,34082,1513,1746
2024,1,202401,전북,남원시,29066,29864,1182,1449
2024,1,202401,전북,무주군,8809,8941,461,564
2024,1,202401,전북,부안군,18806,19078,841,1022
2024,1,202401,전북,순창군,10036,10163,407,491
2024,1,202401,전북,완주군,45168,45515,1651,2191
2024,1,202401,전북,익산시,112713,114796,3974,4591
2024,1,202401,전북,임실군,9592,9729,422,547
2024,1,202401,전북,장수군,7815,7922,362,423
2024,1,202401,전북,전주시,289053,294758,6702,8560
2024,1,202401,전북,정읍시,40691,43106,1626,1944
2024,1,202401,전북,진안군,9414,9558,433,578
2024,1,202401,제주,서귀포시,77315,78512,2955,3244
2024,1,202401,제주,제주시,248704,515677,7258,13956
2024,1,202401,충남,계룡시,23128,23263,596,739
2024,1,202401,충남,공주시,41821,43512,1586,2088
2024,1,202401,충남,금산군,20402,21956,1031,1312
2024,1,202401,충남,논산시,45267,46251,2073,2534
2024,1,202401,충남,당진시,83833,84747,2469,2906
2024,1,202401,충남,보령시,40001,40669,1410,1663
2024,1,202401,충남,부여군,22947,23237,1131,1538
2024,1,202401,충남,서산시,80813,81947,2492,3070
2024,1,202401,충남,서천군,19489,19715,747,900
2024,1,202401,충남,아산시,167177,169860,4856,5519
2024,1,202401,충남,예산군,33904,34322,1396,1839
2024,1,202401,충남,천안시,296434,300425,8352,10083
2024,1,202401,충남,청양군,11393,11537,491,606
2024,1,202401,충남,태안군,24390,24668,1004,1131
2024,1,202401,충남,홍성군,41651,42136,1404,1700
2024,1,202401,충북,괴산군,15335,15543,774,882
2024,1,202401,충북,단양군,10970,11194,465,603
2024,1,202401,충북,보은군,12018,12208,618,765
2024,1,202401,충북,영동군,17261,17465,696,850
2024,1,202401,충북,옥천군,19909,20216,828,977
2024,1,202401,충북,음성군,46589,46970,2123,2406
2024,1,202401,충북,제천시,54257,55066,1756,2016
2024,1,202401,충북,증평군,17123,17315,562,625
2024,1,202401,충북,진천군,44085,44451,1538,1688
2024,1,202401,충북,청주시,387888,398043,9833,12710
2024,1,202401,충북,충주시,93430,99762,2908,3466
2024,2,202402,강원,강릉시,93413,96128,2594,3257
2024,2,202402,강원,고성군,11768,11893,457,542
2024,2,202402,강원,동해시,39561,40334,1253,1483
2024,2,202402,강원,삼척시,25983,26596,844,1075
2024,2,202402,강원,속초시,34180,35234,1086,1321
2024,2,202402,강원,양구군,8836,8940,315,394
2024,2,202402,강원,양양군,12404,12618,413,479
2024,2,202402,강원,영월군,15077,15365,644,783
2024,2,202402,강원,원주시,158890,161958,4363,5051
2024,2,202402,강원,인제군,14522,14667,472,588
2024,2,202402,강원,정선군,14223,14576,573,740
2024,2,202402,강원,철원군,17001,17226,688,800
2024,2,202402,강원,춘천시,120565,123395,3164,4067
2024,2,202402,강원,태백시,16195,16628,614,797
2024,2,202402,강원,평창군,17605,18067,798,977
2024,2,202402,강원,홍천군,27922,28301,1224,1607
2024,2,202402,강원,화천군,9651,9768,299,409
2024,2,202402,강원,횡성군,19232,19819,859,1005
2024,2,202402,경기,가평군,25260,25639,1154,1374
2024,2,202402,경기,고양시,392464,400699,8939,10829
2024,2,202402,경기,과천시,29026,29784,531,675
2024,2,202402,경기,광명시,88135,90057,2405,2922
2024,2,202402,경기,광주시,169389,170403,4905,7484
2024,2,202402,경기,구리시,61097,62330,1612,1955
2024,2,202402,경기,군포시,87965,89107,2176,2425
2024,2,202402,경기,김포시,200619,203437,5211,6855
2024,2,202402,경기,남양주시,267779,270316,7488,8744
2024,2,202402,경기,동두천시,32004,32801,1246,1365
2024,2,202402,경기,부천시,253929,259821,7858,9240
2024,2,202402,경기,성남시,313591,322139,6840,8889
2024,2,202402,경기,수원시,490581,500172,12251,14984
2024,2,202402,경기,시흥시,224639,226570,6609,7169
2024,2,202402,경기,안산시,257473,262597,9218,11226
2024,2,202402,경기,안성시,91286,92198,3118,3710
2024,2,202402,경기,안양시,187104,190971,4463,6118
2024,2,202402,경기,양주시,109897,110759,3800,4347
2024,2,202402,경기,양평군,52592,53266,1757,2416
2024,2,202402,경기,여주시,52675,53244,2036,2794
2024,2,202402,경기,연천군,17529,17709,741,1036
2024,2,202402,경기,오산시,101417,102665,2820,3434
2024,2,202402,경기,용인시,444682,450658,9488,11921
2024,2,202402,경기,의왕시,59282,59782,1336,1606
2024,2,202402,경기,의정부시,151287,153636,4618,5339
2024,2,202402,경기,이천시,100855,102091,3436,4238
2024,2,202402,경기,파주시,207832,210863,5618,8397
2024,2,202402,경기,평택시,284945,289063,7934,10320
2024,2,202402,경기,포천시,65848,71459,2829,3687
2024,2,202402,경기,하남시,121989,123148,2606,3049
2024,2,202402,경기,화성시,441958,445315,10417,13372
2024,2,202402,경남,거제시,94761,95889,2928,3482
2024,2,202402,경남,거창군,24275,24574,868,1113
2024,2,202402,경남,고성군,19840,20096,733,887
2024,2,202402,경남,김해시,242233,244777,6307,6976
2024,2,202402,경남,남해군,14057,14309,547,715
2024,2,202402,경남,밀양시,43402,43995,1418,1696
2024,2,202402,경남,사천시,47490,48256,1472,1782
2024,2,202402,경남,산청군,13581,13740,516,631
2024,2,202402,경남,양산시,150419,151768,4220,5106
2024,2,202402,경남,의령군,10404,10525,399,497
2024,2,202402,경남,진주시,142760,145830,3372,4552
2024,2,202402,경남,창녕군,24995,25242,1047,1222
2024,2,202402,경남,창원시,526256,596645,10254,13342
2024,2,202402,경남,통영시,42898,43698,1703,2028
2024,2,202402,경남,하동군,16072,16221,549,653
2024,2,202402,경남,함안군,33282,67318,1089,1501
2024,2,202402,경남,함양군,13369,13682,492,631
2024,2,202402,경남,합천군,15577,15762,613,748
2024,2,202402,경북,경산시,118326,119410,3053,3542
2024,2,202402,경북,경주시,118064,119964,3802,4498
2024,2,202402,경북,고령군,14056,14154,661,749
2024,2,202402,경북,구미시,190373,193099,5049,5942
2024,2,202402,경북,김천시,58196,58965,2042,2402
2024,2,202402,경북,문경시,27007,27491,1195,1374
2024,2,202402,경북,봉화군,11129,11282,429,522
2024,2,202402,경북,상주시,36813,37341,1636,1977
2024,2,202402,경북,성주군,20067,20300,793,880
2024,2,202402,경북,안동시,63875,65038,2157,2712
2024,2,202402,경북,영덕군,12889,13072,599,708
2024,2,202402,경북,영양군,6038,6127,280,338
2024,2,202402,경북,영주시,40966,41589,1606,1826
2024,2,202402,경북,영천시,45247,45761,1764,2093
2024,2,202402,경북,예천군,22865,23131,723,861
2024,2,202402,경북,울릉군,4237,4628,257,472
2024,2,202402,경북,울진군,20225,20479,646,788
2024,2,202402,경북,의성군,19590,19763,847,1012
2024,2,202402,경북,청도군,17744,17978,628,723
2024,2,202402,경북,청송군,9896,9997,464,577
2024,2,202402,경북,칠곡군,56238,56641,1872,2282
2024,2,202402,경북,포항시,230266,233964,5922,7178
2024,2,202402,광주,광산구,173305,177317,4371,4925
2024,2,202402,광주,남구,82934,84122,1907,2447
2024,2,202402,광주,동구,42166,42690,981,1148
2024,2,202402,광주,북구,170381,175185,3930,5096
2024,2,202402,광주,서구,126733,131011,3082,3554
2024,2,202402,대구,군위군,9988,10104,393,451
2024,2,202402,대구,남구,47703,48689,1281,1627
2024,2,202402,대구,달서구,240245,251858,4831,5667
2024,2,202402,대구,달성군,118172,119827,2956,3589
2024,2,202402,대구,동구,140064,145393,3308,4118
2024,2,202402,대구,북구,169721,172402,3758,4510
2024,2,202402,대구,서구,58788,61712,1712,1989
2024,2,202402,대구,수성구,196071,199374,3019,3839
2024,2,202402,대구,중구,54009,55535,1019,1429
2024,2,202402,대전,대덕구,71565,73659,2154,2741
2024,2,202402,대전,동구,76756,79640,2422,2972
2024,2,202402,대전,서구,187054,202989,4196,4886
2024,2,202402,대전,유성구,175083,178015,3235,3691
2024,2,202402,대전,중구,81678,84250,2481,2990
2024,2,202402,부산,강서구,66956,69007,1667,2051
2024,2,202402,부산,금정구,65497,68034,2076,2980
2024,2,202402,부산,기장군,73556,74483,2077,2673
2024,2,202402,부산,남구,80599,83798,2102,2658
2024,2,202402,부산,동구,41799,43714,880,1106
2024,2,202402,부산,동래구,84985,86681,1921,2310
2024,2,202402,부산,부산진구,115861,136249,2775,3349
2024,2,202402,부산,북구,87623,89285,2192,2550
2024,2,202402,부산,사상구,67044,69607,2113,2417
2024,2,202402,부산,사하구,92372,95898,2733,3122
2024,2,202402,부산,서구,25844,26303,899,955
2024,2,202402,부산,수영구,57184,115801,1440,2339
2024,2,202402,부산,연제구,103814,117422,1614,2754
2024,2,202402,부산,영도구,26761,28226,981,1321
2024,2,202402,부산,중구,31045,31302,498,573
2024,2,202402,부산,해운대구,149156,160170,3082,3394
2024,2,202402,서울,강남구,217167,234744,4019,4611
2024,2,202402,서울,강동구,129782,134905,3357,4201
2024,2,202402,서울,강북구,60478,62677,2212,2997
2024,2,202402,서울,강서구,167515,177416,4326,5703
2024,2,202402,서울,관악구,99507,102658,3109,3501
2024,2,202402,서울,광진구,80763,83887,2202,2578
2024,2,202402,서울,구로구,115571,125546,4213,4807
2024,2,202402,서울,금천구,71702,75236,2758,3239
2024,2,202402,서울,노원구,129689,135236,3413,4251
2024,2,202402,서울,도봉구,76705,81440,2370,3009
2024,2,202402,서울,동대문구,84302,87298,2664,2873
2024,2,202402,서울,동작구,94422,95672,2305,2484
2024,2,202402,서울,마포구,101740,106047,2612,3290
2024,2,202402,서울,서대문구,77623,81035,2079,2582
2024,2,202402,서울,서초구,152578,156700,2992,3785
2024,2,202402,서울,성동구,82260,91144,1867,2878
2024,2,202402,서울,성북구,105227,107363,2929,4089
2024,2,202402,서울,송파구,207281,214688,4101,5847
2024,2,202402,서울,양천구,128393,132897,3180,3996
2024,2,202402,서울,영등포구,118454,121510,3802,4037
2024,2,202402,서울,용산구,64540,66082,1846,2038
2024,2,202402,서울,은평구,114406,118566,3087,3861
2024,2,202402,서울,종로구,39459,41658,1500,3292
2024,2,202402,서울,중구,42428,44206,1803,2881
2024,2,202402,서울,중랑구,91711,97713,3108,3699
2024,2,202402,세종,세종시,175327,176807,3346,4106
2024,2,202402,울산,남구,137872,141027,2699,3460
2024,2,202402,울산,동구,58110,58910,1219,1412
2024,2,202402,울산,북구,109003,110600,2104,2421
2024,2,202402,울산,울주군,107357,108706,2563,3322
2024,2,202402,울산,중구,90468,91781,1895,2306
2024,2,202402,인천,강화군,26999,39285,1130,1524
2024,2,202402,인천,계양구,93999,231274,3171,5208
2024,2,202402,인천,남동구,222521,247848,5241,6540
2024,2,202402,인천,동구,19960,21062,885,1001
2024,2,202402,인천,미추홀구,142912,146787,4220,4372
2024,2,202402,인천,부평구,206267,242538,4750,5879
2024,2,202402,인천,서구,262947,267877,6484,7885
2024,2,202402,인천,연수구,203317,208709,3188,3993
2024,2,202402,인천,옹진군,8783,8990,512,635
2024,2,202402,인천,중구,67841,68821,1875,2734
2024,2,202402,전남,강진군,12271,12528,521,665
2024,2,202402,전남,고흥군,20522,20779,1048,1219
2024,2,202402,전남,곡성군,10430,10609,426,531
2024,2,202402,전남,광양시,75663,76609,2197,2542
2024,2,202402,전남,구례군,9130,9617,409,502
2024,2,202402,전남,나주시,52242,53198,1888,2387
2024,2,202402,전남,담양군,20044,20507,795,1100
2024,2,202402,전남,목포시,82766,85192,2714,3257
2024,2,202402,전남,무안군,38863,39252,1504,1777
2024,2,202402,전남,보성군,13842,14071,711,834
2024,2,202402,전남,순천시,122533,124525,3024,3762
2024,2,202402,전남,신안군,13727,112449,647,2859
2024,2,202402,전남,여수시,112737,115300,3261,4131
2024,2,202402,전남,영광군,20808,21030,808,946
2024,2,202402,전남,영암군,24124,24340,1194,1331
2024,2,202402,전남,완도군,16057,16349,713,878
2024,2,202402,전남,장성군,18996,19247,747,869
2024,2,202402,전남,장흥군,13156,13330,564,687
2024,2,202402,전남,진도군,11029,11198,531,638
2024,2,202402,전남,함평군,12173,19317,526,742
2024,2,202402,전남,해남군,24209,105358,1619,2903
2024,2,202402,전남,화순군,25349,25900,960,1968
2024,2,202402,전북,고창군,19977,20248,1270,1437
2024,2,202402,전북,군산시,114992,117290,3145,3800
2024,2,202402,전북,김제시,33497,34203,1507,1738
2024,2,202402,전북,남원시,29158,29925,1187,1453
2024,2,202402,전북,무주군,8816,8946,457,561
2024,2,202402,전북,부안군,18838,19107,833,1014
2024,2,202402,전북,순창군,10080,10206,410,493
2024,2,202402,전북,완주군,45433,45779,1666,2206
2024,2,202402,전북,익산시,112846,114919,3958,4574
2024,2,202402,전북,임실군,9596,9731,422,547
2024,2,202402,전북,장수군,7836,7943,363,424
2024,2,202402,전북,전주시,289198,294901,6703,8563
2024,2,202402,전북,정읍시,40770,43127,1630,1946
2024,2,202402,전북,진안군,9462,9606,435,583
2024,2,202402,제주,서귀포시,77401,78595,2945,3234
2024,2,202402,제주,제주시,249252,515345,7245,13930
2024,2,202402,충남,계룡시,23283,23417,600,742
2024,2,202402,충남,공주시,41904,43592,1582,2081
2024,2,202402,충남,금산군,20410,21969,1028,1306
2024,2,202402,충남,논산시,45366,46350,2056,2524
2024,2,202402,충남,당진시,83884,84797,2469,2892
2024,2,202402,충남,보령시,40048,40714,1419,1670
2024,2,202402,충남,부여군,22948,23238,1129,1535
2024,2,202402,충남,서산시,81016,82152,2493,3071
2024,2,202402,충남,서천군,19504,19731,743,899
2024,2,202402,충남,아산시,168224,170874,4854,5490
2024,2,202402,충남,예산군,33913,34340,1405,1845
2024,2,202402,충남,천안시,296994,301011,8368,10097
2024,2,202402,충남,청양군,11390,11534,491,606
2024,2,202402,충남,태안군,24427,24705,1001,1152
2024,2,202402,충남,홍성군,41885,42369,1408,1702
2024,2,202402,충북,괴산군,15377,15584,767,876
2024,2,202402,충북,단양군,10988,11211,466,604
2024,2,202402,충북,보은군,12058,12245,620,766
2024,2,202402,충북,영동군,17272,17475,693,846
2024,2,202402,충북,옥천군,19958,20253,825,969
2024,2,202402,충북,음성군,46643,47022,2116,2391
2024,2,202402,충북,제천시,54338,55151,1766,2027
2024,2,202402,충북,증평군,17162,17356,557,620
2024,2,202402,충북,진천군,44164,44530,1531,1683
2024,2,202402,충북,청주시,388373,398519,9799,12667
2024,2,202402,충북,충주시,93564,99812,2919,3478
2024,3,202403,강원,강릉시,93535,96243,2581,3249
2024,3,202403,강원,고성군,11795,11920,454,539
2024,3,202403,강원,동해시,39546,40321,1246,1477
2024,3,202403,강원,삼척시,26122,26731,835,1062
2024,3,202403,강원,속초시,34194,35243,1091,1328
2024,3,202403,강원,양구군,8836,8940,325,404
2024,3,202403,강원,양양군,12423,12637,414,480
2024,3,202403,강원,영월군,15101,15387,645,785
2024,3,202403,강원,원주시,159154,162223,4340,5021
2024,3,202403,강원,인제군,14500,14644,468,583
2024,3,202403,강원,정선군,14214,14565,571,738
2024,3,202403,강원,철원군,17029,17266,681,793
2024,3,202403,강원,춘천시,120653,123480,3135,4039
2024,3,202403,강원,태백시,16211,16639,615,798
2024,3,202403,강원,평창군,17652,18113,799,976
2024,3,202403,강원,홍천군,28019,28393,1234,1614
2024,3,202403,강원,화천군,9680,9795,294,403
2024,3,202403,강원,횡성군,19234,19827,836,982
2024,3,202403,경기,가평군,25331,25718,1150,1370
2024,3,202403,경기,고양시,392725,400917,8816,10707
2024,3,202403,경기,과천시,29530,30292,540,683
2024,3,202403,경기,광명시,88327,90236,2376,2894
2024,3,202403,경기,광주시,169897,170916,4881,7349
2024,3,202403,경기,구리시,61117,62351,1599,1952
2024,3,202403,경기,군포시,88031,89167,2177,2426
2024,3,202403,경기,김포시,201007,203779,5169,6825
2024,3,202403,경기,남양주시,268398,270899,7437,8677
2024,3,202403,경기,동두천시,31892,32686,1222,1340
2024,3,202403,경기,부천시,253768,259649,7791,9174
2024,3,202403,경기,성남시,314026,322478,6806,8845
2024,3,202403,경기,수원시,491164,500657,12209,14896
2024,3,202403,경기,시흥시,225435,227362,6568,7127
2024,3,202403,경기,안산시,257626,262691,9127,11126
2024,3,202403,경기,안성시,91668,92573,3114,3704
2024,3,202403,경기,안양시,187447,191269,4426,6088
2024,3,202403,경기,양주시,111427,112288,3799,4334
2024,3,202403,경기,양평군,52881,53551,1741,2398
2024,3,202403,경기,여주시,52884,53421,2036,2787
2024,3,202403,경기,연천군,17535,17716,733,1025
2024,3,202403,경기,오산시,102473,103720,2821,3438
2024,3,202403,경기,용인시,445191,451150,9349,11785
2024,3,202403,경기,의왕시,59210,59715,1311,1585
2024,3,202403,경기,의정부시,151380,153711,4619,5338
2024,3,202403,경기,이천시,100949,102173,3405,4213
2024,3,202403,경기,파주시,208865,211838,5586,8363
2024,3,202403,경기,평택시,286108,290276,7953,10324
2024,3,202403,경기,포천시,65851,71259,2800,3650
2024,3,202403,경기,하남시,122151,123378,2612,3061
2024,3,202403,경기,화성시,443954,447320,10366,13312
2024,3,202403,경남,거제시,95040,96163,2909,3462
2024,3,202403,경남,거창군,24427,24725,860,1103
2024,3,202403,경남,고성군,19838,20095,731,881
2024,3,202403,경남,김해시,242710,245248,6211,6881
2024,3,202403,경남,남해군,14082,14330,543,712
2024,3,202403,경남,밀양시,43479,44067,1417,1697
2024,3,202403,경남,사천시,47645,48407,1472,1789
2024,3,202403,경남,산청군,13610,13769,512,629
2024,3,202403,경남,양산시,150856,152146,4195,5080
2024,3,202403,경남,의령군,10400,10521,393,490
2024,3,202403,경남,진주시,143081,146147,3329,4516
2024,3,202403,경남,창녕군,25063,25311,1047,1222
2024,3,202403,경남,창원시,527492,598435,10245,13313
2024,3,202403,경남,통영시,42965,43759,1701,2027
2024,3,202403,경남,하동군,16128,16276,547,654
2024,3,202403,경남,함안군,33265,67627,1081,1509
2024,3,202403,경남,함양군,13381,13815,494,633
2024,3,202403,경남,합천군,15637,15822,615,750
2024,3,202403,경북,경산시,118535,119607,3042,3533
2024,3,202403,경북,경주시,118344,120242,3789,4487
2024,3,202403,경북,고령군,14133,14233,664,752
2024,3,202403,경북,구미시,191001,193719,5048,5933
2024,3,202403,경북,김천시,58261,59023,2035,2395
2024,3,202403,경북,문경시,27071,27553,1197,1375
2024,3,202403,경북,봉화군,11137,11288,430,525
2024,3,202403,경북,상주시,36862,37381,1634,1976
2024,3,202403,경북,성주군,20125,20356,796,883
2024,3,202403,경북,안동시,64007,65155,2145,2700
2024,3,202403,경북,영덕군,12882,13066,600,707
2024,3,202403,경북,영양군,6041,6130,280,338
2024,3,202403,경북,영주시,41078,41700,1594,1816
2024,3,202403,경북,영천시,45363,45872,1747,2072
2024,3,202403,경북,예천군,22963,23229,715,853
2024,3,202403,경북,울릉군,4274,4667,263,480
2024,3,202403,경북,울진군,20235,20488,642,784
2024,3,202403,경북,의성군,19640,19810,847,1012
2024,3,202403,경북,청도군,17795,18030,619,714
2024,3,202403,경북,청송군,9962,10064,463,576
2024,3,202403,경북,칠곡군,56239,56629,1879,2291
2024,3,202403,경북,포항시,230924,234629,5889,7149
2024,3,202403,광주,광산구,173311,177286,4341,4895
2024,3,202403,광주,남구,82959,84150,1901,2420
2024,3,202403,광주,동구,42108,42634,981,1146
2024,3,202403,광주,북구,171373,176189,3950,5120
2024,3,202403,광주,서구,126979,131302,3089,3566
2024,3,202403,대구,군위군,9978,10094,393,451
2024,3,202403,대구,남구,47608,48590,1276,1615
2024,3,202403,대구,달서구,240251,251925,4816,5654
2024,3,202403,대구,달성군,118154,119765,2935,3568
2024,3,202403,대구,동구,140113,145419,3308,4120
2024,3,202403,대구,북구,169693,172442,3751,4502
2024,3,202403,대구,서구,58947,61968,1702,1980
2024,3,202403,대구,수성구,196411,199661,3003,3821
2024,3,202403,대구,중구,53682,55189,1008,1421
2024,3,202403,대전,대덕구,71912,74011,2129,2717
2024,3,202403,대전,동구,76761,79634,2391,2938
2024,3,202403,대전,서구,187039,203593,4145,4836
2024,3,202403,대전,유성구,175120,178048,3185,3641
2024,3,202403,대전,중구,82020,84585,2449,2961
2024,3,202403,부산,강서구,67078,69104,1659,2045
2024,3,202403,부산,금정구,65479,68015,2059,2966
2024,3,202403,부산,기장군,73671,74597,2055,2649
2024,3,202403,부산,남구,80817,84019,2079,2634
2024,3,202403,부산,동구,42177,44071,872,1097
2024,3,202403,부산,동래구,84995,86734,1906,2295
2024,3,202403,부산,부산진구,116171,136835,2754,3326
2024,3,202403,부산,북구,87696,89375,2180,2537
2024,3,202403,부산,사상구,67133,69701,2101,2404
2024,3,202403,부산,사하구,92293,95782,2707,3095
2024,3,202403,부산,서구,25834,26296,894,952
2024,3,202403,부산,수영구,57144,116100,1432,2328
2024,3,202403,부산,연제구,104229,118304,1633,2776
2024,3,202403,부산,영도구,26831,28298,972,1312
2024,3,202403,부산,중구,31350,31612,497,573
2024,3,202403,부산,해운대구,149084,159997,3064,3376
2024,3,202403,서울,강남구,217524,234716,3986,4577
2024,3,202403,서울,강동구,130110,135193,3336,4175
2024,3,202403,서울,강북구,60324,62522,2188,2973
2024,3,202403,서울,강서구,167537,177328,4300,5675
2024,3,202403,서울,관악구,99440,102582,3083,3475
2024,3,202403,서울,광진구,80662,83767,2190,2569
2024,3,202403,서울,구로구,115590,125713,4154,4754
2024,3,202403,서울,금천구,71800,75298,2709,3192
2024,3,202403,서울,노원구,129620,135158,3391,4222
2024,3,202403,서울,도봉구,76681,81395,2352,2975
2024,3,202403,서울,동대문구,84444,87445,2642,2851
2024,3,202403,서울,동작구,94504,95737,2268,2446
2024,3,202403,서울,마포구,101803,106084,2595,3269
2024,3,202403,서울,서대문구,77606,81028,2065,2565
2024,3,202403,서울,서초구,152542,156686,2974,3768
2024,3,202403,서울,성동구,82262,91033,1863,2868
2024,3,202403,서울,성북구,105211,107348,2910,4057
2024,3,202403,서울,송파구,207115,214513,4099,5853
2024,3,202403,서울,양천구,127854,132344,3114,3930
2024,3,202403,서울,영등포구,118455,121531,3793,4030
2024,3,202403,서울,용산구,64323,65847,1819,2012
2024,3,202403,서울,은평구,114527,118673,3054,3829
2024,3,202403,서울,종로구,39450,41364,1486,3271
2024,3,202403,서울,중구,42304,44365,1793,2882
2024,3,202403,서울,중랑구,91698,97716,3067,3669
2024,3,202403,세종,세종시,175912,177344,3351,4106
2024,3,202403,울산,남구,137985,141135,2683,3446
2024,3,202403,울산,동구,58109,58912,1211,1404
2024,3,202403,울산,북구,109086,110681,2093,2413
2024,3,202403,울산,울주군,107647,108987,2568,3329
2024,3,202403,울산,중구,90572,91876,1888,2296
2024,3,202403,인천,강화군,27080,38514,1126,1506
2024,3,202403,인천,계양구,94319,233039,3139,5180
2024,3,202403,인천,남동구,222892,247930,5180,6486
2024,3,202403,인천,동구,19960,21080,870,985
2024,3,202403,인천,미추홀구,142842,146919,4140,4290
2024,3,202403,인천,부평구,205959,241876,4678,5801
2024,3,202403,인천,서구,263688,268594,6409,7812
2024,3,202403,인천,연수구,203970,209325,3168,3965
2024,3,202403,인천,옹진군,8775,8984,509,631
2024,3,202403,인천,중구,68474,69409,1858,2711
2024,3,202403,전남,강진군,12272,12528,516,665
2024,3,202403,전남,고흥군,20610,20867,1047,1218
2024,3,202403,전남,곡성군,10473,10652,431,535
2024,3,202403,전남,광양시,75967,76916,2194,2542
2024,3,202403,전남,구례군,9149,9615,402,495
2024,3,202403,전남,나주시,52327,53232,1901,2386
2024,3,202403,전남,담양군,20043,20524,788,1096
2024,3,202403,전남,목포시,82941,85352,2686,3218
2024,3,202403,전남,무안군,38959,39349,1507,1780
2024,3,202403,전남,보성군,13884,14118,714,836
2024,3,202403,전남,순천시,122883,124874,3021,3754
2024,3,202403,전남,신안군,13820,113215,651,2849
2024,3,202403,전남,여수시,112974,115520,3261,4129
2024,3,202403,전남,영광군,20864,21087,805,945
2024,3,202403,전남,영암군,24246,24463,1198,1336
2024,3,202403,전남,완도군,16043,16340,705,869
2024,3,202403,전남,장성군,19063,19315,749,870
2024,3,202403,전남,장흥군,13191,13362,554,677
2024,3,202403,전남,진도군,11090,11257,529,637
2024,3,202403,전남,함평군,12202,18981,530,726
2024,3,202403,전남,해남군,24278,105109,1626,2867
2024,3,202403,전남,화순군,25402,25923,945,1966
2024,3,202403,전북,고창군,20069,20340,1273,1441
2024,3,202403,전북,군산시,115220,117501,3123,3776
2024,3,202403,전북,김제시,33569,34271,1507,1745
2024,3,202403,전북,남원시,29262,29997,1178,1442
2024,3,202403,전북,무주군,8860,8990,455,556
2024,3,202403,전북,부안군,18868,19138,828,1009
2024,3,202403,전북,순창군,10116,10242,408,488
2024,3,202403,전북,완주군,45735,46083,1669,2215
2024,3,202403,전북,익산시,113077,115135,3962,4577
2024,3,202403,전북,임실군,9610,9744,415,543
2024,3,202403,전북,장수군,7857,7964,357,420
2024,3,202403,전북,전주시,289398,295088,6680,8532
2024,3,202403,전북,정읍시,40730,43034,1608,1922
2024,3,202403,전북,진안군,9502,9652,431,581
2024,3,202403,제주,서귀포시,77517,78716,2932,3223
2024,3,202403,제주,제주시,249884,516428,7207,13907
2024,3,202403,충남,계룡시,23299,23433,591,732
2024,3,202403,충남,공주시,42000,43642,1571,2065
2024,3,202403,충남,금산군,20445,22010,1028,1302
2024,3,202403,충남,논산시,45490,46487,2060,2525
2024,3,202403,충남,당진시,84215,85148,2463,2886
2024,3,202403,충남,보령시,40086,40751,1418,1670
2024,3,202403,충남,부여군,22985,23273,1127,1538
2024,3,202403,충남,서산시,81168,82307,2495,3068
2024,3,202403,충남,서천군,19564,19793,738,895
2024,3,202403,충남,아산시,169424,172035,4869,5502
2024,3,202403,충남,예산군,33978,34407,1411,1857
2024,3,202403,충남,천안시,297825,301820,8315,10045
2024,3,202403,충남,청양군,11407,11551,488,604
2024,3,202403,충남,태안군,24473,24750,999,1150
2024,3,202403,충남,홍성군,42268,42751,1404,1703
2024,3,202403,충북,괴산군,15385,15594,766,875
2024,3,202403,충북,단양군,11003,11226,461,600
2024,3,202403,충북,보은군,12075,12264,615,761
2024,3,202403,충북,영동군,17354,17557,698,847
2024,3,202403,충북,옥천군,20022,20303,815,959
2024,3,202403,충북,음성군,46636,47013,2118,2393
2024,3,202403,충북,제천시,54445,55252,1762,2026
2024,3,202403,충북,증평군,17201,17395,554,616
2024,3,202403,충북,진천군,44555,44919,1517,1668
2024,3,202403,충북,청주시,389352,399458,9777,12648
2024,3,202403,충북,충주시,93800,99953,2911,3471
2024,4,202404,강원,강릉시,93574,96278,2567,3239
2024,4,202404,강원,고성군,11821,11948,449,534
2024,4,202404,강원,동해시,39650,40428,1224,1456
2024,4,202404,강원,삼척시,26187,26797,828,1053
2024,4,202404,강원,속초시,34189,35237,1091,1329
2024,4,202404,강원,양구군,8816,8920,319,398
2024,4,202404,강원,양양군,12411,12625,412,479
2024,4,202404,강원,영월군,15104,15390,642,782
2024,4,202404,강원,원주시,159380,162431,4320,4999
2024,4,202404,강원,인제군,14547,14688,460,574
2024,4,202404,강원,정선군,14225,14568,573,740
2024,4,202404,강원,철원군,17045,17291,681,796
2024,4,202404,강원,춘천시,120836,123660,3123,4019
2024,4,202404,강원,태백시,16190,16621,613,796
2024,4,202404,강원,평창군,17644,18046,792,966
2024,4,202404,강원,홍천군,28049,28419,1227,1609
2024,4,202404,강원,화천군,9719,9834,292,399
2024,4,202404,강원,횡성군,19277,19869,828,979
2024,4,202404,경기,가평군,25374,25762,1149,1369
2024,4,202404,경기,고양시,393273,401371,8776,10663
2024,4,202404,경기,과천시,29699,30462,535,678
2024,4,202404,경기,광명시,88309,90227,2345,2845
2024,4,202404,경기,광주시,170332,171357,4850,7301
2024,4,202404,경기,구리시,61069,62290,1561,1915
2024,4,202404,경기,군포시,88085,89226,2159,2407
2024,4,202404,경기,김포시,200963,203706,5107,6792
2024,4,202404,경기,남양주시,268886,271452,7319,8552
2024,4,202404,경기,동두천시,31909,32699,1220,1337
2024,4,202404,경기,부천시,253641,259518,7728,9112
2024,4,202404,경기,성남시,314023,322452,6770,8803
2024,4,202404,경기,수원시,491780,501299,12002,14679
2024,4,202404,경기,시흥시,225505,227439,6518,7081
2024,4,202404,경기,안산시,257867,262905,9054,11060
2024,4,202404,경기,안성시,92224,93102,3114,3700
2024,4,202404,경기,안양시,187531,191383,4370,6018
2024,4,202404,경기,양주시,112216,113072,3763,4298
2024,4,202404,경기,양평군,53068,53730,1729,2378
2024,4,202404,경기,여주시,52949,53485,2012,2764
2024,4,202404,경기,연천군,17533,17700,729,1020
2024,4,202404,경기,오산시,103492,104742,2810,3425
2024,4,202404,경기,용인시,445913,451864,9264,11693
2024,4,202404,경기,의왕시,59094,59597,1299,1575
2024,4,202404,경기,의정부시,151253,153575,4535,5251
2024,4,202404,경기,이천시,101116,102336,3363,4180
2024,4,202404,경기,파주시,209876,212778,5542,8336
2024,4,202404,경기,평택시,286463,290629,7848,10218
2024,4,202404,경기,포천시,65919,71107,2784,3640
2024,4,202404,경기,하남시,122344,123442,2588,3035
2024,4,202404,경기,화성시,445486,448881,10312,13269
2024,4,202404,경남,거제시,95106,96226,2883,3439
2024,4,202404,경남,거창군,24469,24764,856,1094
2024,4,202404,경남,고성군,19853,20111,729,879
2024,4,202404,경남,김해시,243002,245546,6181,6861
2024,4,202404,경남,남해군,14066,14316,544,713
2024,4,202404,경남,밀양시,43515,44103,1401,1686
2024,4,202404,경남,사천시,47742,48503,1459,1770
2024,4,202404,경남,산청군,13646,13803,513,630
2024,4,202404,경남,양산시,151119,152418,4188,5082
2024,4,202404,경남,의령군,10430,10552,390,487
2024,4,202404,경남,진주시,143088,146155,3288,4475
2024,4,202404,경남,창녕군,25006,25254,1047,1222
2024,4,202404,경남,창원시,528338,599592,10154,13211
2024,4,202404,경남,통영시,43023,43816,1692,2016
2024,4,202404,경남,하동군,16135,16283,547,655
2024,4,202404,경남,함안군,33163,67348,1063,1515
2024,4,202404,경남,함양군,13438,13873,489,628
2024,4,202404,경남,합천군,15643,15832,605,738
2024,4,202404,경북,경산시,118678,119744,3005,3488
2024,4,202404,경북,경주시,118384,120280,3772,4467
2024,4,202404,경북,고령군,14292,14390,666,754
2024,4,202404,경북,구미시,191275,194020,5002,5887
2024,4,202404,경북,김천시,58284,59047,2035,2394
2024,4,202404,경북,문경시,27128,27608,1193,1367
2024,4,202404,경북,봉화군,11141,11290,425,517
2024,4,202404,경북,상주시,36872,37390,1623,1966
2024,4,202404,경북,성주군,20193,20382,796,884
2024,4,202404,경북,안동시,64103,65257,2137,2691
2024,4,202404,경북,영덕군,12859,13041,600,706
2024,4,202404,경북,영양군,6032,6121,282,340
2024,4,202404,경북,영주시,41111,41736,1583,1806
2024,4,202404,경북,영천시,45400,45939,1732,2064
2024,4,202404,경북,예천군,22977,23243,707,845
2024,4,202404,경북,울릉군,4297,4687,265,482
2024,4,202404,경북,울진군,20280,20533,640,781
2024,4,202404,경북,의성군,19601,19769,846,1010
2024,4,202404,경북,청도군,17823,18059,618,711
2024,4,202404,경북,청송군,9956,10057,457,570
2024,4,202404,경북,칠곡군,56166,56556,1868,2279
2024,4,202404,경북,포항시,231378,235097,5842,7110
2024,4,202404,광주,광산구,173414,177373,4301,4861
2024,4,202404,광주,남구,82846,84012,1903,2422
2024,4,202404,광주,동구,42126,42649,967,1132
2024,4,202404,광주,북구,172049,176811,3925,5093
2024,4,202404,광주,서구,126460,130780,3036,3518
2024,4,202404,대구,군위군,9956,10074,389,445
2024,4,202404,대구,남구,47380,48354,1265,1586
2024,4,202404,대구,달서구,240059,251881,4762,5600
2024,4,202404,대구,달성군,117998,119593,2914,3545
2024,4,202404,대구,동구,140353,145441,3286,4093
2024,4,202404,대구,북구,169544,172302,3708,4460
2024,4,202404,대구,서구,58778,61809,1687,1965
2024,4,202404,대구,수성구,196426,199790,2985,3799
2024,4,202404,대구,중구,53613,55112,1012,1427
2024,4,202404,대전,대덕구,72281,74364,2102,2692
2024,4,202404,대전,동구,76652,79525,2364,2907
2024,4,202404,대전,서구,186862,204016,4094,4794
2024,4,202404,대전,유성구,175159,178063,3148,3607
2024,4,202404,대전,중구,82372,84926,2434,2949
2024,4,202404,부산,강서구,67315,69378,1666,2059
2024,4,202404,부산,금정구,65402,67947,2053,2967
2024,4,202404,부산,기장군,73735,74660,2034,2627
2024,4,202404,부산,남구,80969,84170,2062,2618
2024,4,202404,부산,동구,42797,44678,867,1094
2024,4,202404,부산,동래구,85096,86839,1882,2272
2024,4,202404,부산,부산진구,116408,137439,2747,3324
2024,4,202404,부산,북구,87720,89400,2167,2524
2024,4,202404,부산,사상구,67061,69601,2076,2380
2024,4,202404,부산,사하구,92250,95723,2687,3074
2024,4,202404,부산,서구,25851,26312,890,948
2024,4,202404,부산,수영구,57021,116697,1423,2310
2024,4,202404,부산,연제구,104283,118795,1636,2786
2024,4,202404,부산,영도구,26798,28277,970,1309
2024,4,202404,부산,중구,31653,31916,497,573
2024,4,202404,부산,해운대구,149285,160016,3017,3328
2024,4,202404,서울,강남구,217733,234700,3984,4573
2024,4,202404,서울,강동구,130444,135522,3308,4081
2024,4,202404,서울,강북구,60285,62471,2174,2958
2024,4,202404,서울,강서구,167543,177161,4289,5655
2024,4,202404,서울,관악구,99437,102561,3060,3452
2024,4,202404,서울,광진구,80705,83831,2172,2551
2024,4,202404,서울,구로구,115570,125668,4110,4756
2024,4,202404,서울,금천구,71782,75254,2698,3181
2024,4,202404,서울,노원구,129687,135216,3388,4213
2024,4,202404,서울,도봉구,76655,81366,2330,3013
2024,4,202404,서울,동대문구,84548,87535,2629,2825
2024,4,202404,서울,동작구,94610,95835,2248,2427
2024,4,202404,서울,마포구,101846,106125,2578,3255
2024,4,202404,서울,서대문구,77645,81102,2052,2552
2024,4,202404,서울,서초구,152561,156651,2968,3763
2024,4,202404,서울,성동구,82289,91131,1851,2858
2024,4,202404,서울,성북구,105236,107372,2894,4042
2024,4,202404,서울,송파구,207155,214598,4067,5787
2024,4,202404,서울,양천구,127483,131965,3114,3934
2024,4,202404,서울,영등포구,118551,121607,3758,3995
2024,4,202404,서울,용산구,64049,65555,1808,1999
2024,4,202404,서울,은평구,114534,118687,3035,3823
2024,4,202404,서울,종로구,39381,41291,1482,3267
2024,4,202404,서울,중구,42092,44124,1791,2883
2024,4,202404,서울,중랑구,91736,97726,3052,3658
2024,4,202404,세종,세종시,175988,177431,3330,4100
2024,4,202404,울산,남구,137994,141130,2682,3457
2024,4,202404,울산,동구,58251,59039,1206,1399
2024,4,202404,울산,북구,109209,110811,2071,2400
2024,4,202404,울산,울주군,107906,109234,2546,3305
2024,4,202404,울산,중구,90757,92063,1860,2271
2024,4,202404,인천,강화군,27118,37641,1118,1493
2024,4,202404,인천,계양구,94766,234670,3128,5191
2024,4,202404,인천,남동구,223125,247842,5139,6440
2024,4,202404,인천,동구,19930,21037,865,973
2024,4,202404,인천,미추홀구,143235,147673,4085,4235
2024,4,202404,인천,부평구,205501,240985,4615,5732
2024,4,202404,인천,서구,264025,268990,6373,7801
2024,4,202404,인천,연수구,204633,210030,3143,3947
2024,4,202404,인천,옹진군,8753,8961,500,621
2024,4,202404,인천,중구,68733,69669,1835,2668
2024,4,202404,전남,강진군,12264,12517,507,649
2024,4,202404,전남,고흥군,20659,20918,1033,1199
2024,4,202404,전남,곡성군,10509,10681,426,530
2024,4,202404,전남,광양시,76043,76998,2163,2511
2024,4,202404,전남,구례군,9158,9625,403,494
2024,4,202404,전남,나주시,52362,53270,1896,2387
2024,4,202404,전남,담양군,20113,20593,778,1091
2024,4,202404,전남,목포시,83086,85474,2667,3198
2024,4,202404,전남,무안군,39058,39458,1509,1789
2024,4,202404,전남,보성군,13909,14138,718,840
2024,4,202404,전남,순천시,122960,124952,2984,3720
2024,4,202404,전남,신안군,13845,114228,656,3083
2024,4,202404,전남,여수시,113158,115701,3237,4102
2024,4,202404,전남,영광군,20895,21117,801,941
2024,4,202404,전남,영암군,24318,24533,1200,1339
2024,4,202404,전남,완도군,16085,16381,703,866
2024,4,202404,전남,장성군,19093,19408,731,853
2024,4,202404,전남,장흥군,13223,13406,556,679
2024,4,202404,전남,진도군,11100,11267,525,633
2024,4,202404,전남,함평군,12230,18733,526,712
2024,4,202404,전남,해남군,24333,105884,1630,2821
2024,4,202404,전남,화순군,25465,25977,926,1914
2024,4,202404,전북,고창군,20069,20338,1272,1440
2024,4,202404,전북,군산시,115326,117596,3086,3735
2024,4,202404,전북,김제시,33620,34311,1494,1722
2024,4,202404,전북,남원시,29306,30019,1170,1433
2024,4,202404,전북,무주군,8847,8977,454,555
2024,4,202404,전북,부안군,18890,19160,820,997
2024,4,202404,전북,순창군,10167,10304,403,490
2024,4,202404,전북,완주군,45874,46223,1661,2206
2024,4,202404,전북,익산시,113225,115281,3930,4568
2024,4,202404,전북,임실군,9625,9759,416,543
2024,4,202404,전북,장수군,7860,7968,357,420
2024,4,202404,전북,전주시,289122,294832,6570,8407
2024,4,202404,전북,정읍시,40747,42987,1608,1917
2024,4,202404,전북,진안군,9542,9701,426,577
2024,4,202404,제주,서귀포시,77497,78691,2898,3190
2024,4,202404,제주,제주시,250430,518462,7179,13903
2024,4,202404,충남,계룡시,23303,23437,586,726
2024,4,202404,충남,공주시,42046,43665,1560,2050
2024,4,202404,충남,금산군,20505,22088,1025,1299
2024,4,202404,충남,논산시,45524,46505,2057,2522
2024,4,202404,충남,당진시,84392,85327,2463,2880
2024,4,202404,충남,보령시,40179,40842,1408,1660
2024,4,202404,충남,부여군,22968,23257,1110,1518
2024,4,202404,충남,서산시,81436,82620,2470,3044
2024,4,202404,충남,서천군,19573,19801,737,893
2024,4,202404,충남,아산시,170185,172782,4811,5441
2024,4,202404,충남,예산군,34138,34565,1400,1843
2024,4,202404,충남,천안시,298573,302565,8268,9998
2024,4,202404,충남,청양군,11409,11555,484,600
2024,4,202404,충남,태안군,24540,24820,993,1147
2024,4,202404,충남,홍성군,42426,42912,1396,1686
2024,4,202404,충북,괴산군,15372,15580,758,867
2024,4,202404,충북,단양군,11049,11269,459,599
2024,4,202404,충북,보은군,12093,12280,610,756
2024,4,202404,충북,영동군,17367,17573,693,840
2024,4,202404,충북,옥천군,20034,20308,811,953
2024,4,202404,충북,음성군,46685,47063,2115,2393
2024,4,202404,충북,제천시,54468,55271,1726,1988
2024,4,202404,충북,증평군,17192,17385,549,609
2024,4,202404,충북,진천군,44794,45161,1508,1658
2024,4,202404,충북,청주시,390203,400261,9749,12630
2024,4,202404,충북,충주시,93941,99970,2897,3458
2024,5,202405,강원,강릉시,93747,96412,2559,3221
2024,5,202405,강원,고성군,11835,11962,451,536
2024,5,202405,강원,동해시,39758,40548,1216,1445
2024,5,202405,강원,삼척시,26227,26836,819,1045
2024,5,202405,강원,속초시,34180,35228,1088,1327
2024,5,202405,강원,양구군,8807,8910,316,397
2024,5,202405,강원,양양군,12415,12627,416,482
2024,5,202405,강원,영월군,15120,15408,641,781
2024,5,202405,강원,원주시,159558,162603,4280,4973
2024,5,202405,강원,인제군,14600,14740,460,576
2024,5,202405,강원,정선군,14204,14550,567,734
2024,5,202405,강원,철원군,17082,17332,673,787
2024,5,202405,강원,춘천시,120950,123782,3105,3990
2024,5,202405,강원,태백시,16190,16621,608,791
2024,5,202405,강원,평창군,17688,18125,789,963
2024,5,202405,강원,홍천군,28112,28476,1222,1610
2024,5,202405,강원,화천군,9756,9872,290,399
2024,5,202405,강원,횡성군,19289,19882,826,977
2024,5,202405,경기,가평군,25471,25859,1141,1361
2024,5,202405,경기,고양시,393798,401835,8706,10593
2024,5,202405,경기,과천시,30115,30889,534,677
2024,5,202405,경기,광명시,88351,90259,2327,2827
2024,5,202405,경기,광주시,170428,171466,4810,7256
2024,5,202405,경기,구리시,61090,62310,1543,1898
2024,5,202405,경기,군포시,88048,89193,2146,2391
2024,5,202405,경기,김포시,201410,204149,5045,6710
2024,5,202405,경기,남양주시,269035,271604,7235,8465
2024,5,202405,경기,동두천시,31856,32653,1222,1339
2024,5,202405,경기,부천시,253704,259596,7683,9069
2024,5,202405,경기,성남시,314058,322521,6705,8723
2024,5,202405,경기,수원시,493589,503134,11955,14652
2024,5,202405,경기,시흥시,225685,227612,6499,7070
2024,5,202405,경기,안산시,258425,263458,9009,10961
2024,5,202405,경기,안성시,92588,93464,3089,3688
2024,5,202405,경기,안양시,187710,191576,4336,5980
2024,5,202405,경기,양주시,113054,113938,3749,4286
2024,5,202405,경기,양평군,53192,53857,1720,2367
2024,5,202405,경기,여주시,53079,53613,1998,2754
2024,5,202405,경기,연천군,17515,17678,721,1021
2024,5,202405,경기,오산시,104013,105274,2799,3404
2024,5,202405,경기,용인시,447356,453301,9202,11660
2024,5,202405,경기,의왕시,58984,59491,1276,1552
2024,5,202405,경기,의정부시,151328,153657,4522,5244
2024,5,202405,경기,이천시,101460,102673,3356,4194
2024,5,202405,경기,파주시,210473,213309,5503,8298
2024,5,202405,경기,평택시,286697,290844,7790,10149
2024,5,202405,경기,포천시,65972,70927,2760,3615
2024,5,202405,경기,하남시,122554,123648,2568,3008
2024,5,202405,경기,화성시,446385,449849,10242,13211
2024,5,202405,경남,거제시,95228,96365,2862,3420
2024,5,202405,경남,거창군,24504,24798,861,1101
2024,5,202405,경남,고성군,19825,20081,733,884
2024,5,202405,경남,김해시,243445,246011,6155,6843
2024,5,202405,경남,남해군,14059,14311,536,704
2024,5,202405,경남,밀양시,43539,44131,1401,1685
2024,5,202405,경남,사천시,47862,48643,1445,1755
2024,5,202405,경남,산청군,13662,13818,508,625
2024,5,202405,경남,양산시,151547,152846,4189,5085
2024,5,202405,경남,의령군,10453,10578,386,483
2024,5,202405,경남,진주시,143168,146263,3285,4477
2024,5,202405,경남,창녕군,25032,25281,1046,1223
2024,5,202405,경남,창원시,529330,599273,10079,13093
2024,5,202405,경남,통영시,43043,43840,1688,2015
2024,5,202405,경남,하동군,16144,16292,545,653
2024,5,202405,경남,함안군,33396,68436,1063,1527
2024,5,202405,경남,함양군,13469,13904,486,625
2024,5,202405,경남,합천군,15657,15853,607,740
2024,5,202405,경북,경산시,118854,119920,2986,3467
2024,5,202405,경북,경주시,118563,120455,3757,4446
2024,5,202405,경북,고령군,14399,14497,663,748
2024,5,202405,경북,구미시,191442,194181,4953,5840
2024,5,202405,경북,김천시,58329,59089,2025,2385
2024,5,202405,경북,문경시,27126,27606,1190,1363
2024,5,202405,경북,봉화군,11131,11281,422,515
2024,5,202405,경북,상주시,36928,37447,1618,1959
2024,5,202405,경북,성주군,20161,20351,790,878
2024,5,202405,경북,안동시,64275,65436,2125,2680
2024,5,202405,경북,영덕군,12884,13066,597,703
2024,5,202405,경북,영양군,6051,6140,285,343
2024,5,202405,경북,영주시,41160,41785,1588,1810
2024,5,202405,경북,영천시,45440,45980,1725,2053
2024,5,202405,경북,예천군,22995,23264,706,845
2024,5,202405,경북,울릉군,4344,4742,263,480
2024,5,202405,경북,울진군,20305,20557,632,773
2024,5,202405,경북,의성군,19600,19769,841,1006
2024,5,202405,경북,청도군,17809,18045,620,714
2024,5,202405,경북,청송군,9927,10027,451,563
2024,5,202405,경북,칠곡군,56199,56591,1855,2267
2024,5,202405,경북,포항시,231706,235423,5815,7080
2024,5,202405,광주,광산구,173734,177726,4255,4813
2024,5,202405,광주,남구,82615,83775,1879,2399
2024,5,202405,광주,동구,42126,42643,959,1123
2024,5,202405,광주,북구,172754,177446,3893,5056
2024,5,202405,광주,서구,126414,130807,3021,3509
2024,5,202405,대구,군위군,9989,10107,385,441
2024,5,202405,대구,남구,47196,48167,1245,1566
2024,5,202405,대구,달서구,239711,251766,4726,5565
2024,5,202405,대구,달성군,117821,119420,2892,3527
2024,5,202405,대구,동구,141015,146064,3267,4076
2024,5,202405,대구,북구,169880,172644,3696,4453
2024,5,202405,대구,서구,58652,61681,1677,1952
2024,5,202405,대구,수성구,196224,199568,2966,3768
2024,5,202405,대구,중구,53581,55060,1002,1417
2024,5,202405,대전,대덕구,72379,74452,2081,2671
2024,5,202405,대전,동구,76651,79524,2351,2894
2024,5,202405,대전,서구,186643,204538,4062,4778
2024,5,202405,대전,유성구,176029,178862,3148,3606
2024,5,202405,대전,중구,82362,84917,2414,2919
2024,5,202405,부산,강서구,67571,69775,1656,2052
2024,5,202405,부산,금정구,65256,67810,2038,2957
2024,5,202405,부산,기장군,73868,74798,2033,2622
2024,5,202405,부산,남구,81111,84362,2074,2630
2024,5,202405,부산,동구,43615,45316,856,1071
2024,5,202405,부산,동래구,85087,86821,1877,2265
2024,5,202405,부산,부산진구,116651,138013,2733,3312
2024,5,202405,부산,북구,87717,89388,2145,2504
2024,5,202405,부산,사상구,67144,69683,2088,2389
2024,5,202405,부산,사하구,92301,95785,2673,3059
2024,5,202405,부산,서구,25864,26325,885,941
2024,5,202405,부산,수영구,56971,117673,1420,2298
2024,5,202405,부산,연제구,104478,119368,1622,2773
2024,5,202405,부산,영도구,26769,28154,968,1306
2024,5,202405,부산,중구,31983,32244,493,570
2024,5,202405,부산,해운대구,149268,159737,2999,3308
2024,5,202405,서울,강남구,218216,234964,3957,4549
2024,5,202405,서울,강동구,130717,135773,3284,4055
2024,5,202405,서울,강북구,60247,62435,2157,2941
2024,5,202405,서울,강서구,167760,177184,4274,5640
2024,5,202405,서울,관악구,99475,102605,3049,3440
2024,5,202405,서울,광진구,80732,83863,2153,2534
2024,5,202405,서울,구로구,115550,125487,4076,4723
2024,5,202405,서울,금천구,71786,75233,2672,3156
2024,5,202405,서울,노원구,129619,135154,3374,4198
2024,5,202405,서울,도봉구,76631,81326,2316,2995
2024,5,202405,서울,동대문구,84564,87581,2608,2807
2024,5,202405,서울,동작구,94712,95930,2237,2414
2024,5,202405,서울,마포구,101911,106202,2556,3248
2024,5,202405,서울,서대문구,77698,81196,2047,2555
2024,5,202405,서울,서초구,152523,156609,2948,3748
2024,5,202405,서울,성동구,82350,91259,1838,2837
2024,5,202405,서울,성북구,105272,107388,2860,4009
2024,5,202405,서울,송파구,207215,214717,4063,5793
2024,5,202405,서울,양천구,127459,131916,3092,3914
2024,5,202405,서울,영등포구,118614,121684,3714,3950
2024,5,202405,서울,용산구,63874,65405,1787,1978
2024,5,202405,서울,은평구,114579,118732,3014,3801
2024,5,202405,서울,종로구,39383,41295,1479,3262
2024,5,202405,서울,중구,41871,43879,1779,2868
2024,5,202405,서울,중랑구,91873,97854,3051,3655
2024,5,202405,세종,세종시,176253,177706,3285,4085
2024,5,202405,울산,남구,138089,141228,2667,3438
2024,5,202405,울산,동구,58309,59101,1198,1388
2024,5,202405,울산,북구,109421,111025,2091,2412
2024,5,202405,울산,울주군,108114,109441,2543,3301
2024,5,202405,울산,중구,90860,92162,1861,2272
2024,5,202405,인천,강화군,27117,36996,1120,1495
2024,5,202405,인천,계양구,95010,237964,3110,5194
2024,5,202405,인천,남동구,223107,246015,5101,6398
2024,5,202405,인천,동구,19962,21072,854,960
2024,5,202405,인천,미추홀구,143434,149377,4065,4234
2024,5,202405,인천,부평구,205264,240455,4588,5700
2024,5,202405,인천,서구,264588,269590,6344,7779
2024,5,202405,인천,연수구,205381,210840,3124,3927
2024,5,202405,인천,옹진군,8726,8937,500,621
2024,5,202405,인천,중구,68968,70085,1837,2680
2024,5,202405,전남,강진군,12280,12529,504,643
2024,5,202405,전남,고흥군,20707,20965,1026,1191
2024,5,202405,전남,곡성군,10534,10704,425,528
2024,5,202405,전남,광양시,76258,77196,2146,2494
2024,5,202405,전남,구례군,9191,9655,399,491
2024,5,202405,전남,나주시,52355,53276,1897,2389
2024,5,202405,전남,담양군,20154,20641,775,1088
2024,5,202405,전남,목포시,83241,85641,2657,3189
2024,5,202405,전남,무안군,39122,39522,1499,1776
2024,5,202405,전남,보성군,13945,14170,719,840
2024,5,202405,전남,순천시,123167,125168,2963,3695
2024,5,202405,전남,신안군,13880,114743,657,3180
2024,5,202405,전남,여수시,113274,115870,3210,4075
2024,5,202405,전남,영광군,20848,21069,793,937
2024,5,202405,전남,영암군,24343,24557,1198,1340
2024,5,202405,전남,완도군,16091,16380,699,861
2024,5,202405,전남,장성군,19065,19366,729,848
2024,5,202405,전남,장흥군,13247,13429,552,674
2024,5,202405,전남,진도군,11106,11272,521,630
2024,5,202405,전남,함평군,12253,18656,524,709
2024,5,202405,전남,해남군,24333,106625,1631,2802
2024,5,202405,전남,화순군,25508,26049,928,1900
2024,5,202405,전북,고창군,20130,20401,1273,1439
2024,5,202405,전북,군산시,115428,117697,3069,3720
2024,5,202405,전북,김제시,33647,34342,1481,1691
2024,5,202405,전북,남원시,29351,30050,1161,1426
2024,5,202405,전북,무주군,8879,9009,456,556
2024,5,202405,전북,부안군,18905,19175,819,995
2024,5,202405,전북,순창군,10209,10355,402,490
2024,5,202405,전북,완주군,45936,46286,1646,2190
2024,5,202405,전북,익산시,113271,115323,3898,4537
2024,5,202405,전북,임실군,9676,9811,417,545
2024,5,202405,전북,장수군,7862,7970,355,418
2024,5,202405,전북,전주시,289317,294986,6526,8332
2024,5,202405,전북,정읍시,40817,43016,1607,1916
2024,5,202405,전북,진안군,9569,9729,426,577
2024,5,202405,제주,서귀포시,77526,78718,2866,3157
2024,5,202405,제주,제주시,250591,518435,7156,13899
2024,5,202405,충남,계룡시,23335,23469,577,718
2024,5,202405,충남,공주시,42151,43723,1563,2053
2024,5,202405,충남,금산군,20540,22151,1019,1294
2024,5,202405,충남,논산시,45586,46573,2045,2513
2024,5,202405,충남,당진시,84645,85580,2444,2876
2024,5,202405,충남,보령시,40195,40859,1396,1648
2024,5,202405,충남,부여군,22978,23268,1099,1504
2024,5,202405,충남,서산시,81559,82781,2466,3048
2024,5,202405,충남,서천군,19629,19857,733,888
2024,5,202405,충남,아산시,170692,173279,4769,5401
2024,5,202405,충남,예산군,34282,34705,1391,1832
2024,5,202405,충남,천안시,299338,303301,8198,9925
2024,5,202405,충남,청양군,11414,11559,478,594
2024,5,202405,충남,태안군,24628,24909,995,1149
2024,5,202405,충남,홍성군,42506,42985,1386,1672
2024,5,202405,충북,괴산군,15365,15573,754,863
2024,5,202405,충북,단양군,11091,11308,453,596
2024,5,202405,충북,보은군,12127,12314,613,760
2024,5,202405,충북,영동군,17415,17619,695,842
2024,5,202405,충북,옥천군,20034,20297,811,953
2024,5,202405,충북,음성군,46700,47077,2095,2372
2024,5,202405,충북,제천시,54543,55343,1707,1972
2024,5,202405,충북,증평군,17235,17427,538,598
2024,5,202405,충북,진천군,44998,45367,1495,1646
2024,5,202405,충북,청주시,390533,400564,9629,12514
2024,5,202405,충북,충주시,94067,99978,2869,3438
2024,6,202406,강원,강릉시,93912,96589,2554,3221
2024,6,202406,강원,고성군,11872,11999,451,536
2024,6,202406,강원,동해시,39760,40547,1218,1446
2024,6,202406,강원,삼척시,26273,26874,816,1041
2024,6,202406,강원,속초시,34184,35242,1079,1317
2024,6,202406,강원,양구군,8811,8926,314,397
2024,6,202406,강원,양양군,12450,12662,414,480
2024,6,202406,강원,영월군,15146,15429,635,774
2024,6,202406,강원,원주시,160007,163067,4284,4964
2024,6,202406,강원,인제군,14625,14773,456,573
2024,6,202406,강원,정선군,14197,14538,566,733
2024,6,202406,강원,철원군,17050,17306,670,790
2024,6,202406,강원,춘천시,121032,123890,3100,3986
2024,6,202406,강원,태백시,16166,16612,609,793
2024,6,202406,강원,평창군,17704,18087,784,965
2024,6,202406,강원,홍천군,28132,28512,1220,1601
2024,6,202406,강원,화천군,9855,9971,287,393
2024,6,202406,강원,횡성군,19339,19933,820,968
2024,6,202406,경기,가평군,25485,25873,1141,1363
2024,6,202406,경기,고양시,394202,402284,8667,10540
2024,6,202406,경기,과천시,30391,31169,534,677
2024,6,202406,경기,광명시,88381,90298,2300,2799
2024,6,202406,경기,광주시,170817,171872,4775,7214
2024,6,202406,경기,구리시,61261,62471,1530,1885
2024,6,202406,경기,군포시,87939,89082,2127,2372
2024,6,202406,경기,김포시,201865,204674,5058,6767
2024,6,202406,경기,남양주시,269286,271870,7180,8392
2024,6,202406,경기,동두천시,31873,32639,1203,1318
2024,6,202406,경기,부천시,254180,260048,7645,9029
2024,6,202406,경기,성남시,314208,322696,6652,8685
2024,6,202406,경기,수원시,495338,504982,11943,14641
2024,6,202406,경기,시흥시,226030,227964,6488,7056
2024,6,202406,경기,안산시,259008,264011,8949,10900
2024,6,202406,경기,안성시,93151,94028,3075,3687
2024,6,202406,경기,안양시,188067,191885,4314,5961
2024,6,202406,경기,양주시,113926,114810,3744,4274
2024,6,202406,경기,양평군,53360,54019,1714,2361
2024,6,202406,경기,여주시,53177,53711,2005,2739
2024,6,202406,경기,연천군,17508,17671,723,1024
2024,6,202406,경기,오산시,104894,106160,2775,3382
2024,6,202406,경기,용인시,448714,454663,9157,11620
2024,6,202406,경기,의왕시,58967,59478,1268,1538
2024,6,202406,경기,의정부시,151430,153748,4496,5214
2024,6,202406,경기,이천시,101758,102965,3376,4218
2024,6,202406,경기,파주시,211057,213881,5483,8266
2024,6,202406,경기,평택시,287169,291316,7756,10152
2024,6,202406,경기,포천시,66086,70842,2745,3600
2024,6,202406,경기,하남시,122766,123857,2561,2999
2024,6,202406,경기,화성시,447547,451018,10234,13185
2024,6,202406,경남,거제시,95358,96502,2866,3426
2024,6,202406,경남,거창군,24516,24808,850,1089
2024,6,202406,경남,고성군,19818,20076,729,880
2024,6,202406,경남,김해시,243710,246267,6118,6819
2024,6,202406,경남,남해군,14076,14328,535,700
2024,6,202406,경남,밀양시,43604,44196,1401,1686
2024,6,202406,경남,사천시,47955,48734,1438,1756
2024,6,202406,경남,산청군,13678,13834,510,627
2024,6,202406,경남,양산시,152216,153507,4188,5080
2024,6,202406,경남,의령군,10453,10574,385,482
2024,6,202406,경남,진주시,143539,146621,3282,4474
2024,6,202406,경남,창녕군,25028,25278,1039,1223
2024,6,202406,경남,창원시,530657,600996,10054,13049
2024,6,202406,경남,통영시,43091,43886,1676,1990
2024,6,202406,경남,하동군,16165,16313,543,651
2024,6,202406,경남,함안군,33375,68789,1059,1499
2024,6,202406,경남,함양군,13489,13922,486,624
2024,6,202406,경남,합천군,15696,15892,603,738
2024,6,202406,경북,경산시,119217,120285,2993,3467
2024,6,202406,경북,경주시,118705,120634,3746,4434
2024,6,202406,경북,고령군,14399,14498,661,748
2024,6,202406,경북,구미시,191797,194520,4949,5830
2024,6,202406,경북,김천시,58294,59058,2018,2371
2024,6,202406,경북,문경시,27172,27651,1190,1363
2024,6,202406,경북,봉화군,11149,11298,425,517
2024,6,202406,경북,상주시,36971,37489,1620,1961
2024,6,202406,경북,성주군,20214,20411,790,879
2024,6,202406,경북,안동시,64400,65563,2137,2693
2024,6,202406,경북,영덕군,12884,13066,599,705
2024,6,202406,경북,영양군,6065,6155,285,343
2024,6,202406,경북,영주시,41243,41858,1579,1801
2024,6,202406,경북,영천시,45499,46034,1718,2046
2024,6,202406,경북,예천군,23013,23282,704,843
2024,6,202406,경북,울릉군,4366,4764,264,481
2024,6,202406,경북,울진군,20333,20585,624,765
2024,6,202406,경북,의성군,19629,19795,841,1005
2024,6,202406,경북,청도군,17819,18055,620,714
2024,6,202406,경북,청송군,9927,10027,453,562
2024,6,202406,경북,칠곡군,56166,56561,1836,2243
2024,6,202406,경북,포항시,232120,235886,5820,7087
2024,6,202406,광주,광산구,173920,177893,4235,4791
2024,6,202406,광주,남구,82690,83857,1875,2393
2024,6,202406,광주,동구,42105,42623,955,1119
2024,6,202406,광주,북구,173116,177948,3884,5050
2024,6,202406,광주,서구,126769,131101,3023,3514
2024,6,202406,대구,군위군,9958,10076,380,436
2024,6,202406,대구,남구,47113,48084,1243,1564
2024,6,202406,대구,달서구,239692,252002,4712,5555
2024,6,202406,대구,달성군,117758,119360,2878,3514
2024,6,202406,대구,동구,141884,147078,3255,4069
2024,6,202406,대구,북구,170252,172998,3694,4455
2024,6,202406,대구,서구,58904,61934,1672,1944
2024,6,202406,대구,수성구,196225,199581,2941,3743
2024,6,202406,대구,중구,53566,55043,1000,1427
2024,6,202406,대전,대덕구,72596,74677,2079,2669
2024,6,202406,대전,동구,76562,79455,2332,2876
2024,6,202406,대전,서구,186495,205657,4052,4789
2024,6,202406,대전,유성구,176785,179643,3143,3605
2024,6,202406,대전,중구,82389,84950,2409,2909
2024,6,202406,부산,강서구,67645,69842,1651,2048
2024,6,202406,부산,금정구,65165,67719,2029,2949
2024,6,202406,부산,기장군,74198,75114,2034,2622
2024,6,202406,부산,남구,81365,84624,2061,2616
2024,6,202406,부산,동구,44118,45873,849,1065
2024,6,202406,부산,동래구,85236,86965,1878,2266
2024,6,202406,부산,부산진구,117138,139109,2723,3300
2024,6,202406,부산,북구,87667,89345,2132,2492
2024,6,202406,부산,사상구,67157,69681,2071,2369
2024,6,202406,부산,사하구,92304,95776,2653,3040
2024,6,202406,부산,서구,25861,26320,877,932
2024,6,202406,부산,수영구,56897,118261,1412,2283
2024,6,202406,부산,연제구,104670,119792,1624,2779
2024,6,202406,부산,영도구,26714,28097,974,1315
2024,6,202406,부산,중구,32245,32509,497,574
2024,6,202406,부산,해운대구,149513,159795,2980,3287
2024,6,202406,서울,강남구,218463,235934,3934,4554
2024,6,202406,서울,강동구,131107,136160,3260,4006
2024,6,202406,서울,강북구,60200,62369,2136,2918
2024,6,202406,서울,강서구,167917,177341,4261,5615
2024,6,202406,서울,관악구,99428,102540,3021,3412
2024,6,202406,서울,광진구,80620,83796,2139,2524
2024,6,202406,서울,구로구,115548,125356,4043,4690
2024,6,202406,서울,금천구,71715,75152,2671,3155
2024,6,202406,서울,노원구,129587,135178,3348,4168
2024,6,202406,서울,도봉구,76579,81271,2308,2955
2024,6,202406,서울,동대문구,84549,87588,2573,2773
2024,6,202406,서울,동작구,94797,96005,2236,2414
2024,6,202406,서울,마포구,101896,106230,2535,3223
2024,6,202406,서울,서대문구,77745,81329,2039,2544
2024,6,202406,서울,서초구,152864,156951,2947,3727
2024,6,202406,서울,성동구,82495,91600,1818,2856
2024,6,202406,서울,성북구,105340,107445,2835,3984
2024,6,202406,서울,송파구,207228,214810,4047,5780
2024,6,202406,서울,양천구,127359,131796,3080,3900
2024,6,202406,서울,영등포구,118767,121825,3696,3934
2024,6,202406,서울,용산구,63834,65368,1783,1974
2024,6,202406,서울,은평구,114409,118560,2977,3763
2024,6,202406,서울,종로구,39323,41191,1463,3245
2024,6,202406,서울,중구,41700,43691,1778,2870
2024,6,202406,서울,중랑구,91898,97935,3032,3636
2024,6,202406,세종,세종시,176499,178060,3258,4084
2024,6,202406,울산,남구,138297,141464,2653,3423
2024,6,202406,울산,동구,58360,59154,1187,1379
2024,6,202406,울산,북구,109619,111224,2085,2403
2024,6,202406,울산,울주군,108248,109563,2528,3286
2024,6,202406,울산,중구,90940,92241,1862,2274
2024,6,202406,인천,강화군,27143,36373,1117,1485
2024,6,202406,인천,계양구,95140,238090,3114,5203
2024,6,202406,인천,남동구,223559,246023,5057,6346
2024,6,202406,인천,동구,19972,21074,853,958
2024,6,202406,인천,미추홀구,143738,149981,4045,4220
2024,6,202406,인천,부평구,204134,239004,4550,5661
2024,6,202406,인천,서구,266014,271155,6349,7800
2024,6,202406,인천,연수구,206136,211665,3127,3931
2024,6,202406,인천,옹진군,8740,8955,505,625
2024,6,202406,인천,중구,69520,70620,1841,2684
2024,6,202406,전남,강진군,12298,12547,503,643
2024,6,202406,전남,고흥군,20762,21023,1024,1191
2024,6,202406,전남,곡성군,10548,10718,424,527
2024,6,202406,전남,광양시,76615,77544,2148,2494
2024,6,202406,전남,구례군,9220,9681,396,488
2024,6,202406,전남,나주시,52409,53335,1887,2384
2024,6,202406,전남,담양군,20201,20681,772,1085
2024,6,202406,전남,목포시,83194,85582,2659,3185
2024,6,202406,전남,무안군,39371,39767,1480,1760
2024,6,202406,전남,보성군,13961,14190,717,838
2024,6,202406,전남,순천시,123335,125351,2947,3680
2024,6,202406,전남,신안군,13949,114634,652,3200
2024,6,202406,전남,여수시,113467,116105,3195,4063
2024,6,202406,전남,영광군,20894,21115,791,932
2024,6,202406,전남,영암군,24357,24568,1201,1344
2024,6,202406,전남,완도군,16111,16400,704,866
2024,6,202406,전남,장성군,19088,19399,726,854
2024,6,202406,전남,장흥군,13251,13434,545,667
2024,6,202406,전남,진도군,11094,11261,521,631
2024,6,202406,전남,함평군,12307,18562,517,696
2024,6,202406,전남,해남군,24349,107023,1614,2765
2024,6,202406,전남,화순군,25561,26109,923,1900
2024,6,202406,전북,고창군,20163,20434,1263,1428
2024,6,202406,전북,군산시,115647,117912,3052,3706
2024,6,202406,전북,김제시,33776,34475,1472,1673
2024,6,202406,전북,남원시,29381,30058,1154,1429
2024,6,202406,전북,무주군,8895,9025,458,557
2024,6,202406,전북,부안군,18906,19176,818,994
2024,6,202406,전북,순창군,10245,10392,393,482
2024,6,202406,전북,완주군,46045,46392,1637,2183
2024,6,202406,전북,익산시,113414,115464,3892,4530
2024,6,202406,전북,임실군,9724,9861,422,549
2024,6,202406,전북,장수군,7865,7974,352,415
2024,6,202406,전북,전주시,289575,295224,6498,8320
2024,6,202406,전북,정읍시,40871,43029,1601,1911
2024,6,202406,전북,진안군,9561,9722,421,572
2024,6,202406,제주,서귀포시,77476,78672,2851,3138
2024,6,202406,제주,제주시,251300,520116,7131,13886
2024,6,202406,충남,계룡시,23374,23513,579,715
2024,6,202406,충남,공주시,42199,43772,1557,2049
2024,6,202406,충남,금산군,20581,22224,1011,1289
2024,6,202406,충남,논산시,45585,46567,2039,2507
2024,6,202406,충남,당진시,84797,85744,2439,2875
2024,6,202406,충남,보령시,40295,40955,1401,1654
2024,6,202406,충남,부여군,23013,23302,1089,1494
2024,6,202406,충남,서산시,81761,82944,2457,3034
2024,6,202406,충남,서천군,19621,19847,726,881
2024,6,202406,충남,아산시,171220,173792,4750,5378
2024,6,202406,충남,예산군,34412,34833,1400,1839
2024,6,202406,충남,천안시,299956,303773,8236,9973
2024,6,202406,충남,청양군,11440,11583,478,594
2024,6,202406,충남,태안군,24621,24898,989,1148
2024,6,202406,충남,홍성군,42678,43172,1379,1666
2024,6,202406,충북,괴산군,15383,15586,762,872
2024,6,202406,충북,단양군,11130,11346,456,600
2024,6,202406,충북,보은군,12083,12271,613,759
2024,6,202406,충북,영동군,17458,17661,690,837
2024,6,202406,충북,옥천군,20084,20343,806,948
2024,6,202406,충북,음성군,46804,47181,2080,2359
2024,6,202406,충북,제천시,54574,55379,1697,1960
2024,6,202406,충북,증평군,17250,17448,536,596
2024,6,202406,충북,진천군,45112,45484,1494,1646
2024,6,202406,충북,청주시,391344,401367,9607,12492
2024,6,202406,충북,충주시,94244,100043,2844,3415
2024,7,202407,강원,강릉시,93981,96670,2543,3212
2024,7,202407,강원,고성군,11865,11994,448,534
2024,7,202407,강원,동해시,39712,40508,1209,1439
2024,7,202407,강원,삼척시,26362,26962,814,1037
2024,7,202407,강원,속초시,34280,35350,1068,1301
2024,7,202407,강원,양구군,8831,8945,313,396
2024,7,202407,강원,양양군,12487,12696,413,479
2024,7,202407,강원,영월군,15159,15441,630,769
2024,7,202407,강원,원주시,160402,163441,4262,4940
2024,7,202407,강원,인제군,14624,14773,452,569
2024,7,202407,강원,정선군,14200,14545,559,733
2024,7,202407,강원,철원군,17032,17289,670,793
2024,7,202407,강원,춘천시,121140,123970,3080,3967
2024,7,202407,강원,태백시,16191,16632,608,793
2024,7,202407,강원,평창군,17700,18083,773,957
2024,7,202407,강원,홍천군,28168,28552,1212,1602
2024,7,202407,강원,화천군,9902,10018,287,392
2024,7,202407,강원,횡성군,19393,19986,820,967
2024,7,202407,경기,가평군,25491,25881,1139,1360
2024,7,202407,경기,고양시,394479,402559,8590,10449
2024,7,202407,경기,과천시,30484,31264,531,669
2024,7,202407,경기,광명시,88267,90163,2285,2782
2024,7,202407,경기,광주시,171202,172264,4742,7194
2024,7,202407,경기,구리시,61374,62584,1524,1878
2024,7,202407,경기,군포시,87915,88874,2118,2365
2024,7,202407,경기,김포시,202176,204976,5045,6784
2024,7,202407,경기,남양주시,269625,272187,7140,8359
2024,7,202407,경기,동두천시,31845,32605,1195,1310
2024,7,202407,경기,부천시,254062,259918,7585,8954
2024,7,202407,경기,성남시,314368,322898,6608,8656
2024,7,202407,경기,수원시,496103,505986,11901,14604
2024,7,202407,경기,시흥시,226069,228067,6445,7017
2024,7,202407,경기,안산시,259483,264501,8940,10903
2024,7,202407,경기,안성시,93637,94508,3062,3677
2024,7,202407,경기,안양시,188863,192664,4291,5934
2024,7,202407,경기,양주시,114875,115758,3758,4288
2024,7,202407,경기,양평군,53555,54221,1707,2343
2024,7,202407,경기,여주시,53330,53864,2015,2750
2024,7,202407,경기,연천군,17502,17664,722,1028
2024,7,202407,경기,오산시,105533,106797,2776,3383
2024,7,202407,경기,용인시,449766,455843,9133,11623
2024,7,202407,경기,의왕시,58929,59445,1248,1521
2024,7,202407,경기,의정부시,151580,153901,4481,5201
2024,7,202407,경기,이천시,101940,103138,3365,4210
2024,7,202407,경기,파주시,212033,214815,5477,8262
2024,7,202407,경기,평택시,287714,291861,7723,10110
2024,7,202407,경기,포천시,66170,70694,2721,3568
2024,7,202407,경기,하남시,122932,124080,2521,2963
2024,7,202407,경기,화성시,449154,452434,10201,13146
2024,7,202407,경남,거제시,95587,96733,2843,3405
2024,7,202407,경남,거창군,24568,24859,850,1089
2024,7,202407,경남,고성군,19827,20086,726,876
2024,7,202407,경남,김해시,244260,246821,6117,6808
2024,7,202407,경남,남해군,14137,14390,535,700
2024,7,202407,경남,밀양시,43628,44219,1394,1681
2024,7,202407,경남,사천시,48076,48855,1440,1760
2024,7,202407,경남,산청군,13688,13845,503,621
2024,7,202407,경남,양산시,152883,154171,4158,5050
2024,7,202407,경남,의령군,10476,10595,378,475
2024,7,202407,경남,진주시,143742,146815,3271,4463
2024,7,202407,경남,창녕군,25094,25347,1034,1217
2024,7,202407,경남,창원시,531594,601552,10006,12971
2024,7,202407,경남,통영시,43089,43882,1673,1985
2024,7,202407,경남,하동군,16202,16350,543,652
2024,7,202407,경남,함안군,33328,69963,1049,1497
2024,7,202407,경남,함양군,13486,13920,486,627
2024,7,202407,경남,합천군,15741,15943,601,736
2024,7,202407,경북,경산시,119380,120434,2983,3478
2024,7,202407,경북,경주시,118950,120898,3727,4416
2024,7,202407,경북,고령군,14486,14586,658,745
2024,7,202407,경북,구미시,192117,194868,4928,5813
2024,7,202407,경북,김천시,58405,59180,2011,2364
2024,7,202407,경북,문경시,27175,27658,1190,1363
2024,7,202407,경북,봉화군,11151,11295,426,518
2024,7,202407,경북,상주시,37060,37586,1614,1957
2024,7,202407,경북,성주군,20206,20403,789,878
2024,7,202407,경북,안동시,64467,65651,2139,2697
2024,7,202407,경북,영덕군,12874,13057,598,704
2024,7,202407,경북,영양군,6055,6145,284,342
2024,7,202407,경북,영주시,41301,41920,1582,1804
2024,7,202407,경북,영천시,45433,45964,1720,2045
2024,7,202407,경북,예천군,23041,23310,700,843
2024,7,202407,경북,울릉군,4375,4776,263,481
2024,7,202407,경북,울진군,20402,20652,625,767
2024,7,202407,경북,의성군,19628,19795,831,993
2024,7,202407,경북,청도군,17827,18066,625,719
2024,7,202407,경북,청송군,9915,10010,456,566
2024,7,202407,경북,칠곡군,56215,56611,1832,2243
2024,7,202407,경북,포항시,232502,236321,5804,7076
2024,7,202407,광주,광산구,174191,178104,4234,4757
2024,7,202407,광주,남구,82734,83887,1864,2385
2024,7,202407,광주,동구,42132,42658,948,1112
2024,7,202407,광주,북구,173453,178293,3876,5070
2024,7,202407,광주,서구,126699,131059,3002,3499
2024,7,202407,대구,군위군,9975,10092,377,434
2024,7,202407,대구,남구,47025,48001,1241,1573
2024,7,202407,대구,달서구,239828,252431,4706,5547
2024,7,202407,대구,달성군,117792,119403,2872,3511
2024,7,202407,대구,동구,142046,147214,3238,4049
2024,7,202407,대구,북구,170234,172977,3680,4445
2024,7,202407,대구,서구,58513,61574,1665,1937
2024,7,202407,대구,수성구,196173,199524,2950,3751
2024,7,202407,대구,중구,53583,55043,989,1403
2024,7,202407,대전,대덕구,72584,74612,2069,2658
2024,7,202407,대전,동구,76557,79449,2299,2847
2024,7,202407,대전,서구,186402,206145,4036,4769
2024,7,202407,대전,유성구,177056,179901,3137,3598
2024,7,202407,대전,중구,82467,85004,2413,2912
2024,7,202407,부산,강서구,67856,70139,1647,2047
2024,7,202407,부산,금정구,65081,67633,2024,2942
2024,7,202407,부산,기장군,74239,75151,2029,2618
2024,7,202407,부산,남구,81435,84699,2063,2616
2024,7,202407,부산,동구,44314,46063,849,1068
2024,7,202407,부산,동래구,85318,87030,1876,2268
2024,7,202407,부산,부산진구,117332,139854,2701,3280
2024,7,202407,부산,북구,87610,89281,2118,2478
2024,7,202407,부산,사상구,67114,69632,2074,2373
2024,7,202407,부산,사하구,92325,95814,2632,3019
2024,7,202407,부산,서구,25893,26357,876,929
2024,7,202407,부산,수영구,56727,118912,1407,2270
2024,7,202407,부산,연제구,104788,120166,1639,2801
2024,7,202407,부산,영도구,26672,28064,974,1315
2024,7,202407,부산,중구,32548,32817,497,574
2024,7,202407,부산,해운대구,149839,159917,2972,3277
2024,7,202407,서울,강남구,218439,235720,3927,4559
2024,7,202407,서울,강동구,131523,136574,3272,3997
2024,7,202407,서울,강북구,60126,62318,2109,2891
2024,7,202407,서울,강서구,167613,177030,4190,5544
2024,7,202407,서울,관악구,99321,102439,2993,3383
2024,7,202407,서울,광진구,80537,83720,2105,2481
2024,7,202407,서울,구로구,115501,125236,3972,4620
2024,7,202407,서울,금천구,71801,75249,2646,3130
2024,7,202407,서울,노원구,129615,135311,3311,4133
2024,7,202407,서울,도봉구,76504,81239,2274,2910
2024,7,202407,서울,동대문구,84586,87597,2564,2750
2024,7,202407,서울,동작구,94843,96024,2208,2382
2024,7,202407,서울,마포구,101922,106271,2516,3206
2024,7,202407,서울,서대문구,77718,81342,2003,2509
2024,7,202407,서울,서초구,153036,157071,2938,3722
2024,7,202407,서울,성동구,82387,91404,1806,2840
2024,7,202407,서울,성북구,105373,107474,2795,3947
2024,7,202407,서울,송파구,207074,214744,3999,5740
2024,7,202407,서울,양천구,127355,131852,3066,3861
2024,7,202407,서울,영등포구,118726,121774,3652,3891
2024,7,202407,서울,용산구,63715,65246,1768,1958
2024,7,202407,서울,은평구,114333,118477,2949,3735
2024,7,202407,서울,종로구,39418,41309,1447,3229
2024,7,202407,서울,중구,41533,43489,1753,2838
2024,7,202407,서울,중랑구,91962,98016,2999,3602
2024,7,202407,세종,세종시,176829,178383,3243,4080
2024,7,202407,울산,남구,138466,141658,2647,3414
2024,7,202407,울산,동구,58413,59224,1183,1374
2024,7,202407,울산,북구,109766,111374,2084,2404
2024,7,202407,울산,울주군,108501,109821,2518,3279
2024,7,202407,울산,중구,91054,92334,1859,2248
2024,7,202407,인천,강화군,27201,35698,1122,1481
2024,7,202407,인천,계양구,95284,237527,3116,5177
2024,7,202407,인천,남동구,223879,245551,5031,6319
2024,7,202407,인천,동구,20021,21120,848,954
2024,7,202407,인천,미추홀구,144103,152036,4043,4222
2024,7,202407,인천,부평구,203964,238442,4514,5628
2024,7,202407,인천,서구,266212,271372,6336,7732
2024,7,202407,인천,연수구,207262,212766,3116,3916
2024,7,202407,인천,옹진군,8797,9012,506,626
2024,7,202407,인천,중구,69958,71047,1838,2740
2024,7,202407,전남,강진군,12327,12574,503,643
2024,7,202407,전남,고흥군,20783,21048,1024,1191
2024,7,202407,전남,곡성군,10580,10748,421,526
2024,7,202407,전남,광양시,76968,77880,2149,2497
2024,7,202407,전남,구례군,9223,9678,395,487
2024,7,202407,전남,나주시,52461,53384,1876,2373
2024,7,202407,전남,담양군,20215,20693,775,1093
2024,7,202407,전남,목포시,83248,85626,2640,3165
2024,7,202407,전남,무안군,39643,40045,1474,1753
2024,7,202407,전남,보성군,13964,14198,711,829
2024,7,202407,전남,순천시,123652,125676,2944,3676
2024,7,202407,전남,신안군,13999,114249,648,3127
2024,7,202407,전남,여수시,113486,116120,3184,4060
2024,7,202407,전남,영광군,20979,21202,782,918
2024,7,202407,전남,영암군,24427,24614,1196,1340
2024,7,202407,전남,완도군,16154,16444,698,861
2024,7,202407,전남,장성군,19178,19489,724,852
2024,7,202407,전남,장흥군,13266,13450,547,669
2024,7,202407,전남,진도군,11112,11278,514,624
2024,7,202407,전남,함평군,12307,18386,510,681
2024,7,202407,전남,해남군,24341,108406,1612,2809
2024,7,202407,전남,화순군,25590,26140,918,1893
2024,7,202407,전북,고창군,20188,20461,1267,1431
2024,7,202407,전북,군산시,115730,117992,3036,3693
2024,7,202407,전북,김제시,33834,34526,1468,1669
2024,7,202407,전북,남원시,29433,30104,1153,1423
2024,7,202407,전북,무주군,8910,9040,465,565
2024,7,202407,전북,부안군,18968,19240,810,987
2024,7,202407,전북,순창군,10307,10455,398,490
2024,7,202407,전북,완주군,46214,46562,1631,2173
2024,7,202407,전북,익산시,113541,115587,3888,4524
2024,7,202407,전북,임실군,9721,9858,423,552
2024,7,202407,전북,장수군,7884,7992,351,414
2024,7,202407,전북,전주시,289656,295400,6480,8310
2024,7,202407,전북,정읍시,40946,43036,1591,1898
2024,7,202407,전북,진안군,9615,9779,413,566
2024,7,202407,제주,서귀포시,77475,78669,2836,3123
2024,7,202407,제주,제주시,251749,521420,7103,13854
2024,7,202407,충남,계룡시,23397,23536,576,713
2024,7,202407,충남,공주시,42220,43727,1550,2041
2024,7,202407,충남,금산군,20584,22298,1010,1288
2024,7,202407,충남,논산시,45604,46582,2018,2475
2024,7,202407,충남,당진시,85154,86098,2429,2861
2024,7,202407,충남,보령시,40330,40980,1397,1647
2024,7,202407,충남,부여군,23058,23346,1086,1490
2024,7,202407,충남,서산시,81866,83071,2454,3039
2024,7,202407,충남,서천군,19549,19772,712,864
2024,7,202407,충남,아산시,172167,174712,4714,5340
2024,7,202407,충남,예산군,34486,34905,1383,1826
2024,7,202407,충남,천안시,300147,303983,8180,9955
2024,7,202407,충남,청양군,11429,11571,472,588
2024,7,202407,충남,태안군,24637,24912,988,1149
2024,7,202407,충남,홍성군,42798,43291,1387,1678
2024,7,202407,충북,괴산군,15389,15589,762,873
2024,7,202407,충북,단양군,11115,11330,455,600
2024,7,202407,충북,보은군,12091,12277,611,758
2024,7,202407,충북,영동군,17427,17633,687,838
2024,7,202407,충북,옥천군,20104,20362,809,952
2024,7,202407,충북,음성군,46959,47335,2083,2359
2024,7,202407,충북,제천시,54604,55408,1690,1953
2024,7,202407,충북,증평군,17220,17414,530,591
2024,7,202407,충북,진천군,45243,45618,1487,1637
2024,7,202407,충북,청주시,392195,402317,9596,12502
2024,7,202407,충북,충주시,94318,99911,2842,3412
2024,8,202408,강원,강릉시,94029,96701,2521,3189
2024,8,202408,강원,고성군,11852,11979,448,532
2024,8,202408,강원,동해시,39729,40528,1206,1440
2024,8,202408,강원,삼척시,26357,26960,810,1030
2024,8,202408,강원,속초시,34244,35314,1070,1303
2024,8,202408,강원,양구군,8832,8945,315,398
2024,8,202408,강원,양양군,12510,12718,412,478
2024,8,202408,강원,영월군,15159,15441,627,766
2024,8,202408,강원,원주시,160748,163669,4259,4936
2024,8,202408,강원,인제군,14652,14801,447,562
2024,8,202408,강원,정선군,14216,14562,557,730
2024,8,202408,강원,철원군,17014,17271,669,793
2024,8,202408,강원,춘천시,121177,123999,3062,3964
2024,8,202408,강원,태백시,16215,16658,600,785
2024,8,202408,강원,평창군,17685,18069,771,951
2024,8,202408,강원,홍천군,28177,28563,1211,1597
2024,8,202408,강원,화천군,9890,10006,286,388
2024,8,202408,강원,횡성군,19405,19995,813,960
2024,8,202408,경기,가평군,25555,25945,1136,1356
2024,8,202408,경기,고양시,394610,402831,8547,10404
2024,8,202408,경기,과천시,30613,31394,530,668
2024,8,202408,경기,광명시,88151,90039,2263,2759
2024,8,202408,경기,광주시,171659,172720,4741,7173
2024,8,202408,경기,구리시,61473,62683,1515,1872
2024,8,202408,경기,군포시,87795,88765,2107,2354
2024,8,202408,경기,김포시,202319,205213,4991,6729
2024,8,202408,경기,남양주시,269742,272306,7109,8333
2024,8,202408,경기,동두천시,31735,32493,1185,1300
2024,8,202408,경기,부천시,253633,259470,7568,8939
2024,8,202408,경기,성남시,314238,322751,6552,8600
2024,8,202408,경기,수원시,495467,505437,11898,14597
2024,8,202408,경기,시흥시,226371,228384,6415,6987
2024,8,202408,경기,안산시,259207,264203,8884,10835
2024,8,202408,경기,안성시,93618,94486,3044,3662
2024,8,202408,경기,안양시,189576,193380,4261,5914
2024,8,202408,경기,양주시,115883,116768,3761,4310
2024,8,202408,경기,양평군,53654,54322,1699,2332
2024,8,202408,경기,여주시,53475,54009,2005,2737
2024,8,202408,경기,연천군,17500,17663,721,1024
2024,8,202408,경기,오산시,105973,107238,2777,3383
2024,8,202408,경기,용인시,450208,456287,9106,11615
2024,8,202408,경기,의왕시,58912,59429,1243,1529
2024,8,202408,경기,의정부시,151498,153819,4478,5195
2024,8,202408,경기,이천시,101897,103081,3338,4214
2024,8,202408,경기,파주시,212510,215211,5447,8233
2024,8,202408,경기,평택시,288276,292421,7701,10088
2024,8,202408,경기,포천시,66128,70447,2709,3556
2024,8,202408,경기,하남시,122939,124087,2516,2966
2024,8,202408,경기,화성시,450591,453857,10149,13085
2024,8,202408,경남,거제시,95725,96872,2833,3397
2024,8,202408,경남,거창군,24581,24871,853,1095
2024,8,202408,경남,고성군,19798,20058,722,875
2024,8,202408,경남,김해시,244611,247215,6095,6790
2024,8,202408,경남,남해군,14121,14374,536,701
2024,8,202408,경남,밀양시,43671,44259,1390,1675
2024,8,202408,경남,사천시,48112,48895,1439,1752
2024,8,202408,경남,산청군,13703,13859,496,614
2024,8,202408,경남,양산시,153173,154477,4128,5017
2024,8,202408,경남,의령군,10466,10585,376,472
2024,8,202408,경남,진주시,143997,147079,3244,4447
2024,8,202408,경남,창녕군,25046,25298,1029,1213
2024,8,202408,경남,창원시,532125,602737,9962,12915
2024,8,202408,경남,통영시,43105,43898,1665,1979
2024,8,202408,경남,하동군,16246,16398,537,646
2024,8,202408,경남,함안군,33270,70012,1048,1501
2024,8,202408,경남,함양군,13490,13917,485,625
2024,8,202408,경남,합천군,15736,15954,596,729
2024,8,202408,경북,경산시,119615,120677,2978,3483
2024,8,202408,경북,경주시,118999,120940,3717,4406
2024,8,202408,경북,고령군,14455,14555,657,745
2024,8,202408,경북,구미시,192341,195091,4923,5801
2024,8,202408,경북,김천시,58465,59234,2006,2360
2024,8,202408,경북,문경시,27171,27656,1180,1353
2024,8,202408,경북,봉화군,11144,11289,426,518
2024,8,202408,경북,상주시,37102,37625,1612,1956
2024,8,202408,경북,성주군,20202,20401,787,877
2024,8,202408,경북,안동시,64467,65653,2125,2685
2024,8,202408,경북,영덕군,12869,13048,596,701
2024,8,202408,경북,영양군,6048,6138,285,343
2024,8,202408,경북,영주시,41332,41951,1587,1808
2024,8,202408,경북,영천시,45358,45890,1731,2058
2024,8,202408,경북,예천군,23119,23389,699,840
2024,8,202408,경북,울릉군,4401,4804,262,481
2024,8,202408,경북,울진군,20420,20668,624,766
2024,8,202408,경북,의성군,19598,19765,823,986
2024,8,202408,경북,청도군,17827,18067,622,716
2024,8,202408,경북,청송군,9925,10020,456,565
2024,8,202408,경북,칠곡군,56218,56613,1836,2249
2024,8,202408,경북,포항시,232624,236457,5782,7051
2024,8,202408,광주,광산구,174119,178064,4207,4732
2024,8,202408,광주,남구,82727,83877,1855,2378
2024,8,202408,광주,동구,42078,42597,944,1109
2024,8,202408,광주,북구,173960,178779,3884,5078
2024,8,202408,광주,서구,126360,130733,2979,3474
2024,8,202408,대구,군위군,9958,10075,377,434
2024,8,202408,대구,남구,47034,48003,1246,1578
2024,8,202408,대구,달서구,239655,252453,4686,5525
2024,8,202408,대구,달성군,117814,119437,2864,3503
2024,8,202408,대구,동구,141881,146938,3225,4036
2024,8,202408,대구,북구,170161,172890,3663,4430
2024,8,202408,대구,서구,58260,61319,1658,1931
2024,8,202408,대구,수성구,196309,199676,2949,3748
2024,8,202408,대구,중구,53661,55113,995,1405
2024,8,202408,대전,대덕구,72560,74584,2056,2646
2024,8,202408,대전,동구,77021,79920,2289,2866
2024,8,202408,대전,서구,185945,206131,4000,4741
2024,8,202408,대전,유성구,176745,179587,3117,3573
2024,8,202408,대전,중구,82914,85455,2408,2886
2024,8,202408,부산,강서구,68089,70320,1646,2042
2024,8,202408,부산,금정구,65067,67614,2008,2940
2024,8,202408,부산,기장군,74323,75235,2008,2606
2024,8,202408,부산,남구,81357,84531,2062,2617
2024,8,202408,부산,동구,44488,46278,844,1063
2024,8,202408,부산,동래구,85429,87142,1865,2263
2024,8,202408,부산,부산진구,117480,140408,2698,3277
2024,8,202408,부산,북구,87517,89195,2111,2474
2024,8,202408,부산,사상구,66987,69509,2078,2383
2024,8,202408,부산,사하구,92169,95674,2611,2998
2024,8,202408,부산,서구,25961,26423,885,937
2024,8,202408,부산,수영구,56656,119907,1407,2263
2024,8,202408,부산,연제구,104905,120577,1623,2791
2024,8,202408,부산,영도구,26625,28007,975,1317
2024,8,202408,부산,중구,33023,33292,489,556
2024,8,202408,부산,해운대구,149906,159822,2959,3259
2024,8,202408,서울,강남구,218724,235848,3923,4554
2024,8,202408,서울,강동구,132052,137101,3258,3978
2024,8,202408,서울,강북구,60092,62287,2092,2875
2024,8,202408,서울,강서구,167155,176505,4178,5531
2024,8,202408,서울,관악구,99193,102306,2978,3368
2024,8,202408,서울,광진구,80461,83657,2085,2456
2024,8,202408,서울,구로구,115461,125101,3941,4581
2024,8,202408,서울,금천구,71811,75256,2619,3102
2024,8,202408,서울,노원구,129663,135358,3289,4113
2024,8,202408,서울,도봉구,76344,81075,2252,2878
2024,8,202408,서울,동대문구,84542,87560,2541,2727
2024,8,202408,서울,동작구,94686,95920,2189,2364
2024,8,202408,서울,마포구,101855,106184,2493,3187
2024,8,202408,서울,서대문구,77691,81336,1983,2491
2024,8,202408,서울,서초구,153184,157165,2940,3720
2024,8,202408,서울,성동구,82131,91429,1792,2820
2024,8,202408,서울,성북구,105369,107470,2781,3934
2024,8,202408,서울,송파구,206948,214670,3962,5698
2024,8,202408,서울,양천구,127351,131875,3036,3827
2024,8,202408,서울,영등포구,118418,121464,3621,3862
2024,8,202408,서울,용산구,63683,65222,1767,1962
2024,8,202408,서울,은평구,114108,118247,2931,3721
2024,8,202408,서울,종로구,39397,41287,1432,3221
2024,8,202408,서울,중구,41335,43241,1747,2835
2024,8,202408,서울,중랑구,91894,97939,2968,3581
2024,8,202408,세종,세종시,177118,178662,3236,4125
2024,8,202408,울산,남구,138587,141769,2631,3405
2024,8,202408,울산,동구,58357,59222,1180,1374
2024,8,202408,울산,북구,109707,111318,2074,2394
2024,8,202408,울산,울주군,108711,110027,2539,3302
2024,8,202408,울산,중구,91223,92501,1852,2244
2024,8,202408,인천,강화군,27215,35140,1119,1484
2024,8,202408,인천,계양구,95319,238409,3095,5198
2024,8,202408,인천,남동구,223905,244981,4950,6245
2024,8,202408,인천,동구,19973,21068,834,940
2024,8,202408,인천,미추홀구,143900,152276,4018,4201
2024,8,202408,인천,부평구,203776,237862,4454,5561
2024,8,202408,인천,서구,265288,270468,6277,7678
2024,8,202408,인천,연수구,207807,213337,3100,3899
2024,8,202408,인천,옹진군,8803,9016,503,628
2024,8,202408,인천,중구,70094,71270,1820,2723
2024,8,202408,전남,강진군,12314,12559,496,636
2024,8,202408,전남,고흥군,20823,21089,1018,1185
2024,8,202408,전남,곡성군,10590,10758,418,521
2024,8,202408,전남,광양시,77381,78279,2160,2509
2024,8,202408,전남,구례군,9210,9668,391,483
2024,8,202408,전남,나주시,52579,53504,1870,2366
2024,8,202408,전남,담양군,20227,20704,768,1085
2024,8,202408,전남,목포시,82948,85338,2627,3150
2024,8,202408,전남,무안군,40135,40539,1469,1747
2024,8,202408,전남,보성군,13952,14183,710,830
2024,8,202408,전남,순천시,123675,125705,2930,3664
2024,8,202408,전남,신안군,14037,114303,653,3050
2024,8,202408,전남,여수시,113398,116055,3170,4043
2024,8,202408,전남,영광군,21060,21282,783,919
2024,8,202408,전남,영암군,24440,24626,1196,1340
2024,8,202408,전남,완도군,16160,16453,695,855
2024,8,202408,전남,장성군,19178,19440,728,857
2024,8,202408,전남,장흥군,13269,13452,550,672
2024,8,202408,전남,진도군,11153,11320,516,627
2024,8,202408,전남,함평군,12280,18249,514,680
2024,8,202408,전남,해남군,24341,109080,1608,2742
2024,8,202408,전남,화순군,25658,26221,916,1874
2024,8,202408,전북,고창군,20178,20451,1266,1429
2024,8,202408,전북,군산시,115907,118180,3009,3654
2024,8,202408,전북,김제시,33927,34619,1467,1662
2024,8,202408,전북,남원시,29436,30085,1154,1425
2024,8,202408,전북,무주군,8901,9031,467,570
2024,8,202408,전북,부안군,18960,19236,808,983
2024,8,202408,전북,순창군,10334,10484,392,482
2024,8,202408,전북,완주군,46414,46762,1613,2155
2024,8,202408,전북,익산시,113706,115757,3894,4529
2024,8,202408,전북,임실군,9706,9846,422,551
2024,8,202408,전북,장수군,7909,8017,351,414
2024,8,202408,전북,전주시,289476,295203,6468,8300
2024,8,202408,전북,정읍시,40979,43010,1577,1884
2024,8,202408,전북,진안군,9595,9759,410,563
2024,8,202408,제주,서귀포시,77545,78739,2835,3122
2024,8,202408,제주,제주시,252415,521185,7104,13822
2024,8,202408,충남,계룡시,23386,23527,581,718
2024,8,202408,충남,공주시,42277,43722,1548,2043
2024,8,202408,충남,금산군,20589,22376,1003,1269
2024,8,202408,충남,논산시,45651,46612,2015,2460
2024,8,202408,충남,당진시,85456,86397,2419,2850
2024,8,202408,충남,보령시,40312,40964,1396,1643
2024,8,202408,충남,부여군,23041,23332,1087,1489
2024,8,202408,충남,서산시,81969,83060,2438,3014
2024,8,202408,충남,서천군,19598,19824,715,870
2024,8,202408,충남,아산시,172855,175381,4686,5316
2024,8,202408,충남,예산군,34547,34973,1375,1817
2024,8,202408,충남,천안시,300331,304152,8123,9909
2024,8,202408,충남,청양군,11428,11569,463,579
2024,8,202408,충남,태안군,24631,24909,986,1146
2024,8,202408,충남,홍성군,42836,43307,1390,1682
2024,8,202408,충북,괴산군,15391,15596,760,870
2024,8,202408,충북,단양군,11140,11356,452,599
2024,8,202408,충북,보은군,12079,12265,609,756
2024,8,202408,충북,영동군,17449,17655,680,832
2024,8,202408,충북,옥천군,20044,20298,808,951
2024,8,202408,충북,음성군,47143,47516,2096,2371
2024,8,202408,충북,제천시,54647,55452,1682,1946
2024,8,202408,충북,증평군,17199,17392,531,592
2024,8,202408,충북,진천군,45266,45636,1474,1623
2024,8,202408,충북,청주시,392475,402594,9573,12482
2024,8,202408,충북,충주시,94438,99894,2838,3412
2024,9,202409,강원,강릉시,94189,96846,2513,3168
2024,9,202409,강원,고성군,11874,12005,451,534
2024,9,202409,강원,동해시,39795,40593,1203,1435
2024,9,202409,강원,삼척시,26366,26967,802,1022
2024,9,202409,강원,속초시,34244,35307,1065,1298
2024,9,202409,강원,양구군,8839,8953,313,396
2024,9,202409,강원,양양군,12532,12740,412,478
2024,9,202409,강원,영월군,15124,15407,624,764
2024,9,202409,강원,원주시,161028,163949,4238,4912
2024,9,202409,강원,인제군,14658,14808,446,560
2024,9,202409,강원,정선군,14222,14570,551,725
2024,9,202409,강원,철원군,17037,17291,670,794
2024,9,202409,강원,춘천시,121341,124169,3064,3968
2024,9,202409,강원,태백시,16236,16679,601,784
2024,9,202409,강원,평창군,17676,18107,773,952
2024,9,202409,강원,홍천군,28227,28617,1203,1588
2024,9,202409,강원,화천군,9888,10003,284,386
2024,9,202409,강원,횡성군,19434,20027,816,962
2024,9,202409,경기,가평군,25623,26013,1123,1344
2024,9,202409,경기,고양시,394977,403223,8507,10367
2024,9,202409,경기,과천시,30727,31512,524,659
2024,9,202409,경기,광명시,88125,90004,2258,2755
2024,9,202409,경기,광주시,172112,173163,4711,7141
2024,9,202409,경기,구리시,61581,62784,1505,1861
2024,9,202409,경기,군포시,87725,88693,2091,2333
2024,9,202409,경기,김포시,202585,205477,4948,6699
2024,9,202409,경기,남양주시,269831,272418,7092,8312
2024,9,202409,경기,동두천시,31720,32478,1187,1305
2024,9,202409,경기,부천시,253602,259438,7515,8883
2024,9,202409,경기,성남시,314164,322759,6493,8551
2024,9,202409,경기,수원시,494628,504604,11812,14507
2024,9,202409,경기,시흥시,226580,228602,6389,6964
2024,9,202409,경기,안산시,259505,264560,8892,10840
2024,9,202409,경기,안성시,94160,95028,3054,3676
2024,9,202409,경기,안양시,190531,194336,4257,5910
2024,9,202409,경기,양주시,116528,117417,3748,4300
2024,9,202409,경기,양평군,53757,54422,1712,2345
2024,9,202409,경기,여주시,53539,54074,1997,2729
2024,9,202409,경기,연천군,17499,17664,715,1019
2024,9,202409,경기,오산시,106622,107884,2765,3373
2024,9,202409,경기,용인시,451485,457563,9065,11611
2024,9,202409,경기,의왕시,58930,59453,1234,1520
2024,9,202409,경기,의정부시,151557,153896,4471,5181
2024,9,202409,경기,이천시,102072,103253,3285,4160
2024,9,202409,경기,파주시,213026,215702,5440,8228
2024,9,202409,경기,평택시,289206,293333,7686,10068
2024,9,202409,경기,포천시,66242,70438,2710,3560
2024,9,202409,경기,하남시,123019,124177,2500,2943
2024,9,202409,경기,화성시,452662,455874,10124,13099
2024,9,202409,경남,거제시,95906,97054,2833,3391
2024,9,202409,경남,거창군,24607,24902,854,1100
2024,9,202409,경남,고성군,19810,20072,721,874
2024,9,202409,경남,김해시,244880,247459,6087,6781
2024,9,202409,경남,남해군,14152,14403,529,694
2024,9,202409,경남,밀양시,43695,44279,1379,1665
2024,9,202409,경남,사천시,48206,48987,1434,1733
2024,9,202409,경남,산청군,13744,13900,493,611
2024,9,202409,경남,양산시,153624,154912,4109,4997
2024,9,202409,경남,의령군,10472,10592,377,473
2024,9,202409,경남,진주시,144104,147158,3242,4456
2024,9,202409,경남,창녕군,25066,25319,1029,1213
2024,9,202409,경남,창원시,533430,604871,9919,12823
2024,9,202409,경남,통영시,43156,43947,1667,1994
2024,9,202409,경남,하동군,16238,16390,537,646
2024,9,202409,경남,함안군,33203,70356,1052,1510
2024,9,202409,경남,함양군,13516,13947,487,626
2024,9,202409,경남,합천군,15710,15930,595,724
2024,9,202409,경북,경산시,119821,120887,2975,3476
2024,9,202409,경북,경주시,119154,121086,3713,4396
2024,9,202409,경북,고령군,14476,14575,654,743
2024,9,202409,경북,구미시,192704,195442,4912,5793
2024,9,202409,경북,김천시,58525,59293,2003,2359
2024,9,202409,경북,문경시,27204,27689,1176,1350
2024,9,202409,경북,봉화군,11153,11300,421,515
2024,9,202409,경북,상주시,37134,37660,1601,1949
2024,9,202409,경북,성주군,20219,20424,791,883
2024,9,202409,경북,안동시,64584,65767,2106,2673
2024,9,202409,경북,영덕군,12876,13056,593,698
2024,9,202409,경북,영양군,6052,6145,284,343
2024,9,202409,경북,영주시,41307,41926,1581,1802
2024,9,202409,경북,영천시,45303,45832,1704,2032
2024,9,202409,경북,예천군,23135,23404,705,846
2024,9,202409,경북,울릉군,4405,4808,263,481
2024,9,202409,경북,울진군,20430,20674,619,762
2024,9,202409,경북,의성군,19613,19780,820,982
2024,9,202409,경북,청도군,17866,18104,619,714
2024,9,202409,경북,청송군,9933,10027,456,567
2024,9,202409,경북,칠곡군,56151,56548,1812,2225
2024,9,202409,경북,포항시,233064,236947,5770,7042
2024,9,202409,광주,광산구,174270,178307,4193,4720
2024,9,202409,광주,남구,82808,83957,1839,2362
2024,9,202409,광주,동구,42174,42694,940,1106
2024,9,202409,광주,북구,174379,179180,3875,5070
2024,9,202409,광주,서구,126364,130615,2995,3491
2024,9,202409,대구,군위군,9971,10089,375,432
2024,9,202409,대구,남구,46931,47908,1245,1580
2024,9,202409,대구,달서구,239498,252564,4669,5514
2024,9,202409,대구,달성군,117831,119454,2860,3495
2024,9,202409,대구,동구,142011,146965,3200,4007
2024,9,202409,대구,북구,169995,172726,3639,4405
2024,9,202409,대구,서구,58684,61737,1653,1928
2024,9,202409,대구,수성구,196527,199888,2943,3741
2024,9,202409,대구,중구,53599,55042,998,1408
2024,9,202409,대전,대덕구,72434,74463,2039,2630
2024,9,202409,대전,동구,77649,80582,2292,2870
2024,9,202409,대전,서구,185646,206243,4007,4758
2024,9,202409,대전,유성구,176685,179567,3103,3558
2024,9,202409,대전,중구,83206,85762,2395,2873
2024,9,202409,부산,강서구,68183,70400,1637,2033
2024,9,202409,부산,금정구,65084,67629,1995,2931
2024,9,202409,부산,기장군,74619,75534,2014,2612
2024,9,202409,부산,남구,81425,84605,2061,2616
2024,9,202409,부산,동구,44907,46693,845,1065
2024,9,202409,부산,동래구,85538,87251,1860,2264
2024,9,202409,부산,부산진구,117652,141175,2682,3259
2024,9,202409,부산,북구,87488,89157,2112,2475
2024,9,202409,부산,사상구,66680,69207,2068,2372
2024,9,202409,부산,사하구,92221,95828,2622,3011
2024,9,202409,부산,서구,26125,26594,879,932
2024,9,202409,부산,수영구,56593,120757,1396,2240
2024,9,202409,부산,연제구,108018,131378,1645,2831
2024,9,202409,부산,영도구,26548,27946,968,1311
2024,9,202409,부산,중구,33810,34078,487,555
2024,9,202409,부산,해운대구,147420,149790,2921,3209
2024,9,202409,서울,강남구,218929,235528,3909,4533
2024,9,202409,서울,강동구,132178,137450,3232,3935
2024,9,202409,서울,강북구,60227,62423,2077,2860
2024,9,202409,서울,강서구,167135,176442,4139,5495
2024,9,202409,서울,관악구,99155,102260,2952,3342
2024,9,202409,서울,광진구,80388,83615,2064,2441
2024,9,202409,서울,구로구,115569,125151,3917,4554
2024,9,202409,서울,금천구,71817,75212,2580,3063
2024,9,202409,서울,노원구,129603,135306,3275,4095
2024,9,202409,서울,도봉구,76305,81017,2240,2866
2024,9,202409,서울,동대문구,84719,87770,2521,2711
2024,9,202409,서울,동작구,94781,96015,2176,2350
2024,9,202409,서울,마포구,101909,106247,2468,3171
2024,9,202409,서울,서대문구,77678,81329,1968,2476
2024,9,202409,서울,서초구,153500,157494,2930,3709
2024,9,202409,서울,성동구,82049,91360,1766,2789
2024,9,202409,서울,성북구,105355,107451,2753,3907
2024,9,202409,서울,송파구,207076,214773,3950,5678
2024,9,202409,서울,양천구,127384,131931,3024,3818
2024,9,202409,서울,영등포구,118575,121608,3598,3842
2024,9,202409,서울,용산구,63707,65244,1753,1947
2024,9,202409,서울,은평구,114103,118234,2916,3706
2024,9,202409,서울,종로구,39412,41292,1425,3190
2024,9,202409,서울,중구,41293,43153,1745,2835
2024,9,202409,서울,중랑구,91897,97932,2948,3561
2024,9,202409,세종,세종시,177396,178934,3232,4123
2024,9,202409,울산,남구,138821,142006,2619,3396
2024,9,202409,울산,동구,58372,59233,1169,1359
2024,9,202409,울산,북구,109911,111516,2082,2400
2024,9,202409,울산,울주군,108871,110161,2540,3301
2024,9,202409,울산,중구,91341,92620,1858,2247
2024,9,202409,인천,강화군,27324,34840,1129,1491
2024,9,202409,인천,계양구,95394,238920,3069,5221
2024,9,202409,인천,남동구,224350,245010,4925,6213
2024,9,202409,인천,동구,20027,21114,839,946
2024,9,202409,인천,미추홀구,143892,152589,4015,4199
2024,9,202409,인천,부평구,203927,237672,4423,5523
2024,9,202409,인천,서구,265604,270810,6227,7629
2024,9,202409,인천,연수구,208473,214076,3093,3906
2024,9,202409,인천,옹진군,8790,9005,506,631
2024,9,202409,인천,중구,70331,71498,1830,2740
2024,9,202409,전남,강진군,12316,12560,493,632
2024,9,202409,전남,고흥군,20849,21116,1019,1185
2024,9,202409,전남,곡성군,10628,10794,414,517
2024,9,202409,전남,광양시,77637,78530,2141,2487
2024,9,202409,전남,구례군,9217,9675,390,481
2024,9,202409,전남,나주시,52769,53695,1870,2363
2024,9,202409,전남,담양군,20237,20717,766,1082
2024,9,202409,전남,목포시,82899,85282,2607,3127
2024,9,202409,전남,무안군,40455,40859,1473,1752
2024,9,202409,전남,보성군,13941,14173,712,833
2024,9,202409,전남,순천시,123748,125781,2919,3654
2024,9,202409,전남,신안군,14054,115894,645,3085
2024,9,202409,전남,여수시,113477,116135,3145,4020
2024,9,202409,전남,영광군,21226,21516,788,926
2024,9,202409,전남,영암군,24446,24633,1184,1328
2024,9,202409,전남,완도군,16172,16466,693,854
2024,9,202409,전남,장성군,19223,19484,731,860
2024,9,202409,전남,장흥군,13289,13473,553,674
2024,9,202409,전남,진도군,11170,11339,519,630
2024,9,202409,전남,함평군,12243,18089,511,676
2024,9,202409,전남,해남군,24363,110202,1609,2706
2024,9,202409,전남,화순군,25724,26294,915,1875
2024,9,202409,전북,고창군,20178,20453,1263,1426
2024,9,202409,전북,군산시,116122,118381,3008,3647
2024,9,202409,전북,김제시,33983,34670,1462,1656
2024,9,202409,전북,남원시,29467,30106,1158,1429
2024,9,202409,전북,무주군,8949,9079,467,570
2024,9,202409,전북,부안군,18961,19235,809,985
2024,9,202409,전북,순창군,10360,10515,388,478
2024,9,202409,전북,완주군,46506,46853,1609,2154
2024,9,202409,전북,익산시,113819,115857,3827,4459
2024,9,202409,전북,임실군,9734,9874,425,557
2024,9,202409,전북,장수군,7932,8040,353,416
2024,9,202409,전북,전주시,289668,295368,6436,8257
2024,9,202409,전북,정읍시,41079,43069,1582,1887
2024,9,202409,전북,진안군,9588,9756,410,563
2024,9,202409,제주,서귀포시,77541,78739,2827,3116
2024,9,202409,제주,제주시,253092,522135,7075,13771
2024,9,202409,충남,계룡시,23463,23603,573,709
2024,9,202409,충남,공주시,42330,43734,1546,2036
2024,9,202409,충남,금산군,20606,22476,998,1264
2024,9,202409,충남,논산시,45693,46667,2021,2464
2024,9,202409,충남,당진시,85658,86602,2415,2848
2024,9,202409,충남,보령시,40358,41025,1392,1639
2024,9,202409,충남,부여군,23106,23399,1085,1478
2024,9,202409,충남,서산시,81943,83041,2431,3002
2024,9,202409,충남,서천군,19650,19876,714,866
2024,9,202409,충남,아산시,173534,176049,4688,5320
2024,9,202409,충남,예산군,34614,35039,1371,1813
2024,9,202409,충남,천안시,300976,304803,8102,9900
2024,9,202409,충남,청양군,11390,11533,458,574
2024,9,202409,충남,태안군,24644,24924,988,1148
2024,9,202409,충남,홍성군,43096,43572,1390,1684
2024,9,202409,충북,괴산군,15385,15582,746,856
2024,9,202409,충북,단양군,11130,11347,449,594
2024,9,202409,충북,보은군,12086,12271,607,751
2024,9,202409,충북,영동군,17466,17673,677,829
2024,9,202409,충북,옥천군,20081,20333,804,947
2024,9,202409,충북,음성군,47219,47591,2063,2344
2024,9,202409,충북,제천시,54752,55559,1675,1942
2024,9,202409,충북,증평군,17243,17437,530,591
2024,9,202409,충북,진천군,45397,45765,1471,1617
2024,9,202409,충북,청주시,392843,402967,9542,12462
2024,9,202409,충북,충주시,94654,99999,2836,3404
2024,10,202410,강원,강릉시,94221,96857,2498,3154
2024,10,202410,강원,고성군,11868,12000,442,525
2024,10,202410,강원,동해시,39823,40621,1198,1430
2024,10,202410,강원,삼척시,26376,26970,798,1018
2024,10,202410,강원,속초시,34242,35301,1055,1288
2024,10,202410,강원,양구군,8863,8977,308,392
2024,10,202410,강원,양양군,12544,12749,411,477
2024,10,202410,강원,영월군,15178,15462,625,765
2024,10,202410,강원,원주시,161451,164367,4239,4916
2024,10,202410,강원,인제군,14659,14807,450,564
2024,10,202410,강원,정선군,14214,14564,547,722
2024,10,202410,강원,철원군,17060,17312,671,793
2024,10,202410,강원,춘천시,121443,124278,3062,3967
2024,10,202410,강원,태백시,16214,16654,594,776
2024,10,202410,강원,평창군,17713,18094,765,942
2024,10,202410,강원,홍천군,28230,28622,1189,1572
2024,10,202410,강원,화천군,9979,10094,284,386
2024,10,202410,강원,횡성군,19479,20068,816,962
2024,10,202410,경기,가평군,25675,26065,1110,1335
2024,10,202410,경기,고양시,395078,403397,8444,10279
2024,10,202410,경기,과천시,30777,31565,516,654
2024,10,202410,경기,광명시,88227,90124,2245,2743
2024,10,202410,경기,광주시,172847,173897,4712,7129
2024,10,202410,경기,구리시,61706,62908,1492,1850
2024,10,202410,경기,군포시,87575,88557,2079,2316
2024,10,202410,경기,김포시,202892,205834,4949,6706
2024,10,202410,경기,남양주시,269892,272464,7050,8274
2024,10,202410,경기,동두천시,31747,32505,1189,1309
2024,10,202410,경기,부천시,253796,259576,7491,8838
2024,10,202410,경기,성남시,314134,322709,6465,8510
2024,10,202410,경기,수원시,496840,506812,11694,14385
2024,10,202410,경기,시흥시,227017,229042,6371,6935
2024,10,202410,경기,안산시,259633,264615,8750,10692
2024,10,202410,경기,안성시,94231,95117,3040,3664
2024,10,202410,경기,안양시,191361,195162,4239,5898
2024,10,202410,경기,양주시,117210,118103,3743,4297
2024,10,202410,경기,양평군,53864,54541,1697,2318
2024,10,202410,경기,여주시,53624,54161,1991,2730
2024,10,202410,경기,연천군,17551,17717,709,1014
2024,10,202410,경기,오산시,107023,108296,2742,3353
2024,10,202410,경기,용인시,452549,458744,9025,11582
2024,10,202410,경기,의왕시,58902,59434,1224,1510
2024,10,202410,경기,의정부시,151863,154198,4443,5150
2024,10,202410,경기,이천시,102229,103403,3300,4186
2024,10,202410,경기,파주시,213473,216113,5432,8214
2024,10,202410,경기,평택시,289936,294082,7659,10036
2024,10,202410,경기,포천시,66258,70301,2704,3543
2024,10,202410,경기,하남시,122895,124091,2483,2930
2024,10,202410,경기,화성시,454945,458090,10114,13118
2024,10,202410,경남,거제시,95970,97114,2827,3384
2024,10,202410,경남,거창군,24648,24944,848,1101
2024,10,202410,경남,고성군,19811,20072,715,866
2024,10,202410,경남,김해시,245297,247875,6075,6774
2024,10,202410,경남,남해군,14181,14429,523,690
2024,10,202410,경남,밀양시,43748,44334,1372,1658
2024,10,202410,경남,사천시,48268,49045,1435,1734
2024,10,202410,경남,산청군,13734,13887,490,608
2024,10,202410,경남,양산시,154518,155801,4091,4978
2024,10,202410,경남,의령군,10473,10593,372,468
2024,10,202410,경남,진주시,144280,147332,3233,4447
2024,10,202410,경남,창녕군,25053,25305,1024,1207
2024,10,202410,경남,창원시,534445,607104,9889,12780
2024,10,202410,경남,통영시,43206,43996,1662,1990
2024,10,202410,경남,하동군,16249,16401,534,646
2024,10,202410,경남,함안군,33121,70469,1046,1501
2024,10,202410,경남,함양군,13537,13965,488,628
2024,10,202410,경남,합천군,15770,15993,599,729
2024,10,202410,경북,경산시,119804,120868,2959,3460
2024,10,202410,경북,경주시,119423,121388,3707,4393
2024,10,202410,경북,고령군,14513,14611,653,741
2024,10,202410,경북,구미시,192958,195681,4892,5773
2024,10,202410,경북,김천시,58641,59405,1987,2342
2024,10,202410,경북,문경시,27235,27722,1175,1348
2024,10,202410,경북,봉화군,11155,11302,420,514
2024,10,202410,경북,상주시,37195,37717,1600,1953
2024,10,202410,경북,성주군,20212,20407,789,882
2024,10,202410,경북,안동시,64800,65985,2100,2665
2024,10,202410,경북,영덕군,12893,13071,588,692
2024,10,202410,경북,영양군,6039,6132,283,342
2024,10,202410,경북,영주시,41344,41963,1569,1788
2024,10,202410,경북,영천시,45270,45807,1702,2029
2024,10,202410,경북,예천군,23190,23457,706,847
2024,10,202410,경북,울릉군,4413,4837,262,481
2024,10,202410,경북,울진군,20519,20768,614,757
2024,10,202410,경북,의성군,19601,19769,823,985
2024,10,202410,경북,청도군,17844,18084,620,715
2024,10,202410,경북,청송군,9949,10044,463,574
2024,10,202410,경북,칠곡군,56103,56500,1796,2202
2024,10,202410,경북,포항시,233145,237027,5751,7026
2024,10,202410,광주,광산구,174414,178447,4171,4692
2024,10,202410,광주,남구,82847,83994,1838,2359
2024,10,202410,광주,동구,42248,42766,931,1097
2024,10,202410,광주,북구,174511,179385,3860,5055
2024,10,202410,광주,서구,126490,130707,2962,3456
2024,10,202410,대구,군위군,9963,10081,373,430
2024,10,202410,대구,남구,46825,47802,1241,1576
2024,10,202410,대구,달서구,239313,252529,4656,5507
2024,10,202410,대구,달성군,117754,119366,2855,3491
2024,10,202410,대구,동구,142297,147259,3181,3994
2024,10,202410,대구,북구,169998,172728,3630,4401
2024,10,202410,대구,서구,59107,62181,1641,1915
2024,10,202410,대구,수성구,196635,199980,2945,3743
2024,10,202410,대구,중구,53706,55142,1001,1415
2024,10,202410,대전,대덕구,72325,74357,2022,2613
2024,10,202410,대전,동구,78094,81089,2300,2880
2024,10,202410,대전,서구,185413,206668,3981,4738
2024,10,202410,대전,유성구,177021,179866,3078,3534
2024,10,202410,대전,중구,83440,85984,2408,2888
2024,10,202410,부산,강서구,68174,70370,1624,2018
2024,10,202410,부산,금정구,64873,67400,1996,2943
2024,10,202410,부산,기장군,74786,75699,1995,2594
2024,10,202410,부산,남구,81381,84567,2043,2567
2024,10,202410,부산,동구,44960,46734,846,1070
2024,10,202410,부산,동래구,86493,88208,1852,2262
2024,10,202410,부산,부산진구,117955,141615,2664,3241
2024,10,202410,부산,북구,87296,88962,2121,2490
2024,10,202410,부산,사상구,66552,69088,2060,2366
2024,10,202410,부산,사하구,92506,96092,2623,3011
2024,10,202410,부산,서구,26221,26690,872,925
2024,10,202410,부산,수영구,56430,121610,1397,2237
2024,10,202410,부산,연제구,112974,136518,1703,2893
2024,10,202410,부산,영도구,26403,27806,957,1331
2024,10,202410,부산,중구,34056,34326,487,556
2024,10,202410,부산,해운대구,142708,145037,2865,3148
2024,10,202410,서울,강남구,219056,233627,3881,4503
2024,10,202410,서울,강동구,132559,137816,3225,3902
2024,10,202410,서울,강북구,60350,62549,2071,2855
2024,10,202410,서울,강서구,167574,176921,4111,5475
2024,10,202410,서울,관악구,98886,101970,2926,3316
2024,10,202410,서울,광진구,80316,83479,2037,2414
2024,10,202410,서울,구로구,115537,125040,3904,4533
2024,10,202410,서울,금천구,71795,75166,2555,3037
2024,10,202410,서울,노원구,129402,135114,3250,4070
2024,10,202410,서울,도봉구,76182,80873,2220,2838
2024,10,202410,서울,동대문구,84749,87805,2505,2698
2024,10,202410,서울,동작구,94799,96035,2156,2330
2024,10,202410,서울,마포구,101820,106180,2452,3158
2024,10,202410,서울,서대문구,77555,81209,1960,2469
2024,10,202410,서울,서초구,153700,157611,2934,3719
2024,10,202410,서울,성동구,81960,91183,1762,2785
2024,10,202410,서울,성북구,105333,107424,2738,3890
2024,10,202410,서울,송파구,207235,214912,3919,5631
2024,10,202410,서울,양천구,127320,131883,2996,3791
2024,10,202410,서울,영등포구,118556,121589,3565,3807
2024,10,202410,서울,용산구,63615,65136,1730,1928
2024,10,202410,서울,은평구,113954,118080,2890,3680
2024,10,202410,서울,종로구,39345,41215,1411,3172
2024,10,202410,서울,중구,41192,42990,1736,2778
2024,10,202410,서울,중랑구,91798,97834,2925,3526
2024,10,202410,세종,세종시,177772,179317,3225,4125
2024,10,202410,울산,남구,138959,142136,2614,3386
2024,10,202410,울산,동구,58458,59317,1169,1359
2024,10,202410,울산,북구,110072,111691,2069,2388
2024,10,202410,울산,울주군,109052,110428,2525,3286
2024,10,202410,울산,중구,91391,92666,1845,2239
2024,10,202410,인천,강화군,27467,34495,1128,1477
2024,10,202410,인천,계양구,95369,239106,3070,5253
2024,10,202410,인천,남동구,224492,244571,4893,6228
2024,10,202410,인천,동구,20058,21136,846,960
2024,10,202410,인천,미추홀구,144224,155289,4003,4189
2024,10,202410,인천,부평구,203853,237339,4401,5505
2024,10,202410,인천,서구,266450,271658,6214,7648
2024,10,202410,인천,연수구,208862,214566,3134,3946
2024,10,202410,인천,옹진군,8792,9008,514,644
2024,10,202410,인천,중구,70598,71788,1832,2767
2024,10,202410,전남,강진군,12344,12587,490,630
2024,10,202410,전남,고흥군,20915,21181,1005,1170
2024,10,202410,전남,곡성군,10651,10817,412,514
2024,10,202410,전남,광양시,77809,78676,2132,2478
2024,10,202410,전남,구례군,9233,9686,386,477
2024,10,202410,전남,나주시,52738,53671,1863,2348
2024,10,202410,전남,담양군,20211,20684,765,1084
2024,10,202410,전남,목포시,82862,85227,2602,3119
2024,10,202410,전남,무안군,40649,41056,1478,1753
2024,10,202410,전남,보성군,13981,14212,715,837
2024,10,202410,전남,순천시,123838,125861,2908,3640
2024,10,202410,전남,신안군,14056,117409,636,3060
2024,10,202410,전남,여수시,113534,116169,3126,4003
2024,10,202410,전남,영광군,21397,21690,785,925
2024,10,202410,전남,영암군,24439,24626,1201,1343
2024,10,202410,전남,완도군,16174,16467,693,854
2024,10,202410,전남,장성군,19205,19466,719,848
2024,10,202410,전남,장흥군,13330,13525,548,669
2024,10,202410,전남,진도군,11191,11360,522,633
2024,10,202410,전남,함평군,12251,18004,508,673
2024,10,202410,전남,해남군,24420,111483,1601,2649
2024,10,202410,전남,화순군,25747,26308,915,1844
2024,10,202410,전북,고창군,20216,20489,1263,1424
2024,10,202410,전북,군산시,116396,118701,3012,3651
2024,10,202410,전북,김제시,34041,34730,1467,1660
2024,10,202410,전북,남원시,29512,30152,1154,1428
2024,10,202410,전북,무주군,8952,9083,475,577
2024,10,202410,전북,부안군,18968,19243,807,983
2024,10,202410,전북,순창군,10394,10555,384,475
2024,10,202410,전북,완주군,46650,46999,1601,2150
2024,10,202410,전북,익산시,114243,116285,3819,4455
2024,10,202410,전북,임실군,9732,9872,422,553
2024,10,202410,전북,장수군,7919,8027,353,416
2024,10,202410,전북,전주시,289508,295203,6401,8221
2024,10,202410,전북,정읍시,41127,43072,1577,1883
2024,10,202410,전북,진안군,9575,9746,408,561
2024,10,202410,제주,서귀포시,77563,78759,2804,3086
2024,10,202410,제주,제주시,253587,523247,7084,13741
2024,10,202410,충남,계룡시,23488,23628,581,717
2024,10,202410,충남,공주시,42320,43733,1544,2033
2024,10,202410,충남,금산군,20645,22608,994,1259
2024,10,202410,충남,논산시,45705,46678,2016,2458
2024,10,202410,충남,당진시,86053,87003,2413,2848
2024,10,202410,충남,보령시,40344,41031,1395,1639
2024,10,202410,충남,부여군,23085,23378,1075,1471
2024,10,202410,충남,서산시,81937,83063,2422,2994
2024,10,202410,충남,서천군,19675,19901,702,856
2024,10,202410,충남,아산시,173850,176373,4658,5286
2024,10,202410,충남,예산군,34790,35221,1380,1822
2024,10,202410,충남,천안시,301583,305379,8087,9881
2024,10,202410,충남,청양군,11393,11538,459,579
2024,10,202410,충남,태안군,24668,24967,979,1139
2024,10,202410,충남,홍성군,43217,43704,1382,1675
2024,10,202410,충북,괴산군,15390,15586,741,851
2024,10,202410,충북,단양군,11149,11363,444,588
2024,10,202410,충북,보은군,12113,12298,605,749
2024,10,202410,충북,영동군,17504,17712,677,828
2024,10,202410,충북,옥천군,20150,20400,805,948
2024,10,202410,충북,음성군,47423,47797,2060,2341
2024,10,202410,충북,제천시,54895,55700,1676,1943
2024,10,202410,충북,증평군,17278,17472,530,591
2024,10,202410,충북,진천군,45529,45901,1461,1609
2024,10,202410,충북,청주시,393211,403400,9501,12420
2024,10,202410,충북,충주시,94920,100142,2817,3386
2024,11,202411,강원,강릉시,94177,96769,2491,3148
2024,11,202411,강원,고성군,11907,12037,441,526
2024,11,202411,강원,동해시,39940,40790,1195,1437
2024,11,202411,강원,삼척시,26426,27012,798,1016
2024,11,202411,강원,속초시,34221,35262,1047,1279
2024,11,202411,강원,양구군,8847,8961,305,390
2024,11,202411,강원,양양군,12536,12738,403,470
2024,11,202411,강원,영월군,15163,15449,620,760
2024,11,202411,강원,원주시,161745,164656,4211,4894
2024,11,202411,강원,인제군,14628,14776,451,567
2024,11,202411,강원,정선군,14221,14564,540,715
2024,11,202411,강원,철원군,17044,17294,668,789
2024,11,202411,강원,춘천시,121601,124470,3032,3929
2024,11,202411,강원,태백시,16255,16695,594,776
2024,11,202411,강원,평창군,17713,18058,757,913
2024,11,202411,강원,홍천군,28221,28608,1183,1580
2024,11,202411,강원,화천군,9984,10100,287,391
2024,11,202411,강원,횡성군,19524,20118,816,963
2024,11,202411,경기,가평군,25711,26092,1099,1326
2024,11,202411,경기,고양시,395377,403755,8399,10272
2024,11,202411,경기,과천시,30904,31693,514,656
2024,11,202411,경기,광명시,88717,90606,2232,2730
2024,11,202411,경기,광주시,173241,174353,4697,7153
2024,11,202411,경기,구리시,61866,63021,1488,1846
2024,11,202411,경기,군포시,87501,88487,2074,2315
2024,11,202411,경기,김포시,203209,206164,4921,6680
2024,11,202411,경기,남양주시,270075,272650,7016,8245
2024,11,202411,경기,동두천시,31764,32517,1200,1321
2024,11,202411,경기,부천시,254498,260266,7442,8791
2024,11,202411,경기,성남시,314426,323034,6445,8508
2024,11,202411,경기,수원시,499522,509553,11693,14399
2024,11,202411,경기,시흥시,227400,229434,6334,6897
2024,11,202411,경기,안산시,260253,265199,8725,10673
2024,11,202411,경기,안성시,94858,95784,3039,3667
2024,11,202411,경기,안양시,192423,196247,4200,5857
2024,11,202411,경기,양주시,118009,118901,3708,4262
2024,11,202411,경기,양평군,53837,54492,1675,2294
2024,11,202411,경기,여주시,53751,54289,1979,2716
2024,11,202411,경기,연천군,17570,17739,712,1020
2024,11,202411,경기,오산시,107846,109140,2736,3351
2024,11,202411,경기,용인시,453667,459960,8996,11505
2024,11,202411,경기,의왕시,58997,59526,1230,1518
2024,11,202411,경기,의정부시,152305,154620,4431,5143
2024,11,202411,경기,이천시,102563,103725,3294,4178
2024,11,202411,경기,파주시,214159,216743,5426,8199
2024,11,202411,경기,평택시,290941,295082,7620,9991
2024,11,202411,경기,포천시,66498,70379,2704,3532
2024,11,202411,경기,하남시,123067,124262,2476,2921
2024,11,202411,경기,화성시,456393,459554,10077,13086
2024,11,202411,경남,거제시,96143,97291,2816,3374
2024,11,202411,경남,거창군,24683,24981,851,1101
2024,11,202411,경남,고성군,19830,20084,711,863
2024,11,202411,경남,김해시,245680,248237,6078,6780
2024,11,202411,경남,남해군,14200,14452,523,690
2024,11,202411,경남,밀양시,43800,44391,1370,1656
2024,11,202411,경남,사천시,48382,49162,1435,1734
2024,11,202411,경남,산청군,13746,13893,489,607
2024,11,202411,경남,양산시,154954,156231,4079,4972
2024,11,202411,경남,의령군,10489,10609,375,471
2024,11,202411,경남,진주시,144251,147318,3215,4426
2024,11,202411,경남,창녕군,25124,25375,1018,1200
2024,11,202411,경남,창원시,535617,609098,9854,12728
2024,11,202411,경남,통영시,43209,43991,1652,1980
2024,11,202411,경남,하동군,16233,16385,530,642
2024,11,202411,경남,함안군,33381,65035,1037,1466
2024,11,202411,경남,함양군,13569,20252,487,650
2024,11,202411,경남,합천군,15786,16020,593,726
2024,11,202411,경북,경산시,120051,121116,2963,3466
2024,11,202411,경북,경주시,119560,121503,3702,4387
2024,11,202411,경북,고령군,14541,14638,649,736
2024,11,202411,경북,구미시,193357,196024,4892,5769
2024,11,202411,경북,김천시,58779,59536,1975,2327
2024,11,202411,경북,문경시,27296,27778,1175,1348
2024,11,202411,경북,봉화군,11167,11313,417,512
2024,11,202411,경북,상주시,37183,37707,1592,1948
2024,11,202411,경북,성주군,20242,20445,790,884
2024,11,202411,경북,안동시,64938,66122,2107,2658
2024,11,202411,경북,영덕군,12938,13115,586,690
2024,11,202411,경북,영양군,6051,6144,282,342
2024,11,202411,경북,영주시,41450,42070,1569,1788
2024,11,202411,경북,영천시,45364,45900,1689,2017
2024,11,202411,경북,예천군,23236,23507,703,845
2024,11,202411,경북,울릉군,4394,4813,265,478
2024,11,202411,경북,울진군,20603,20851,610,752
2024,11,202411,경북,의성군,19631,19800,824,989
2024,11,202411,경북,청도군,17874,18115,621,716
2024,11,202411,경북,청송군,9973,10068,462,574
2024,11,202411,경북,칠곡군,56081,56479,1779,2179
2024,11,202411,경북,포항시,233428,237263,5728,7000
2024,11,202411,광주,광산구,174543,178593,4157,4679
2024,11,202411,광주,남구,82924,84070,1823,2344
2024,11,202411,광주,동구,42356,42872,925,1091
2024,11,202411,광주,북구,174703,179586,3850,5049
2024,11,202411,광주,서구,127025,131191,2947,3439
2024,11,202411,대구,군위군,9952,10071,374,431
2024,11,202411,대구,남구,46954,47932,1243,1580
2024,11,202411,대구,달서구,239278,252676,4642,5489
2024,11,202411,대구,달성군,117884,119494,2863,3497
2024,11,202411,대구,동구,142611,147532,3177,3987
2024,11,202411,대구,북구,170056,172797,3626,4398
2024,11,202411,대구,서구,59289,62366,1636,1911
2024,11,202411,대구,수성구,197825,201063,2942,3739
2024,11,202411,대구,중구,54071,55468,995,1408
2024,11,202411,대전,대덕구,72403,74447,1999,2595
2024,11,202411,대전,동구,78220,81257,2285,2871
2024,11,202411,대전,서구,185505,207144,3983,4733
2024,11,202411,대전,유성구,178069,180867,3068,3524
2024,11,202411,대전,중구,83636,86184,2402,2886
2024,11,202411,부산,강서구,68207,70415,1620,2025
2024,11,202411,부산,금정구,64826,67358,1987,2931
2024,11,202411,부산,기장군,74892,75814,1979,2577
2024,11,202411,부산,남구,81411,84340,2033,2557
2024,11,202411,부산,동구,45095,46861,843,1069
2024,11,202411,부산,동래구,87445,89171,1864,2271
2024,11,202411,부산,부산진구,118308,142132,2638,3214
2024,11,202411,부산,북구,87200,88872,2109,2475
2024,11,202411,부산,사상구,66748,69265,2065,2365
2024,11,202411,부산,사하구,92815,96375,2611,2999
2024,11,202411,부산,서구,26234,26704,870,922
2024,11,202411,부산,수영구,56465,122574,1390,2229
2024,11,202411,부산,연제구,113121,136945,1682,2868
2024,11,202411,부산,영도구,26368,27767,953,1326
2024,11,202411,부산,중구,34202,34471,489,556
2024,11,202411,부산,해운대구,142624,144946,2850,3136
2024,11,202411,서울,강남구,219173,233405,3858,4477
2024,11,202411,서울,강동구,133624,138852,3234,3910
2024,11,202411,서울,강북구,60333,62534,2059,2845
2024,11,202411,서울,강서구,168254,176941,4079,5442
2024,11,202411,서울,관악구,98752,101867,2906,3298
2024,11,202411,서울,광진구,80246,83326,2027,2402
2024,11,202411,서울,구로구,115474,124961,3860,4512
2024,11,202411,서울,금천구,71722,75103,2535,3018
2024,11,202411,서울,노원구,129379,135110,3221,4038
2024,11,202411,서울,도봉구,76173,80846,2211,2820
2024,11,202411,서울,동대문구,84639,87701,2474,2660
2024,11,202411,서울,동작구,94807,96035,2138,2310
2024,11,202411,서울,마포구,101885,106263,2435,3143
2024,11,202411,서울,서대문구,77539,81190,1942,2445
2024,11,202411,서울,서초구,153856,157775,2927,3719
2024,11,202411,서울,성동구,82031,91158,1739,2760
2024,11,202411,서울,성북구,105351,107427,2724,3877
2024,11,202411,서울,송파구,207361,215027,3900,5612
2024,11,202411,서울,양천구,127268,131847,2964,3760
2024,11,202411,서울,영등포구,118610,121662,3544,3788
2024,11,202411,서울,용산구,63620,65045,1737,1935
2024,11,202411,서울,은평구,113921,118053,2883,3672
2024,11,202411,서울,종로구,39302,41175,1410,3178
2024,11,202411,서울,중구,40977,43342,1740,2800
2024,11,202411,서울,중랑구,91753,97802,2900,3501
2024,11,202411,세종,세종시,178169,179717,3196,4106
2024,11,202411,울산,남구,139073,142217,2600,3373
2024,11,202411,울산,동구,58508,59351,1160,1348
2024,11,202411,울산,북구,110480,112103,2088,2421
2024,11,202411,울산,울주군,109289,110656,2519,3279
2024,11,202411,울산,중구,91407,92671,1847,2227
2024,11,202411,인천,강화군,27604,34098,1132,1481
2024,11,202411,인천,계양구,95458,239253,3065,5295
2024,11,202411,인천,남동구,224558,244178,4895,6196
2024,11,202411,인천,동구,20096,21162,844,955
2024,11,202411,인천,미추홀구,144621,156028,4012,4195
2024,11,202411,인천,부평구,203820,237097,4361,5491
2024,11,202411,인천,서구,267583,272843,6198,7643
2024,11,202411,인천,연수구,209585,215277,3138,3946
2024,11,202411,인천,옹진군,8780,8996,511,639
2024,11,202411,인천,중구,71024,72224,1830,2760
2024,11,202411,전남,강진군,12379,12621,487,625
2024,11,202411,전남,고흥군,20982,21248,999,1164
2024,11,202411,전남,곡성군,10650,10815,411,510
2024,11,202411,전남,광양시,78065,78918,2135,2488
2024,11,202411,전남,구례군,9259,9706,386,477
2024,11,202411,전남,나주시,52784,53717,1868,2351
2024,11,202411,전남,담양군,20272,20753,769,1090
2024,11,202411,전남,목포시,82911,85269,2593,3115
2024,11,202411,전남,무안군,40790,41196,1466,1737
2024,11,202411,전남,보성군,13977,14199,724,843
2024,11,202411,전남,순천시,124093,126105,2896,3629
2024,11,202411,전남,신안군,14121,118071,628,3016
2024,11,202411,전남,여수시,113622,116222,3109,3982
2024,11,202411,전남,영광군,21472,21768,792,944
2024,11,202411,전남,영암군,24475,24649,1204,1348
2024,11,202411,전남,완도군,16241,16535,693,853
2024,11,202411,전남,장성군,19249,19505,721,850
2024,11,202411,전남,장흥군,13365,13556,548,669
2024,11,202411,전남,진도군,11216,11382,526,637
2024,11,202411,전남,함평군,12251,17959,511,674
2024,11,202411,전남,해남군,24464,112177,1604,2609
2024,11,202411,전남,화순군,25802,26354,918,1843
2024,11,202411,전북,고창군,20254,20529,1269,1431
2024,11,202411,전북,군산시,116721,119034,3006,3651
2024,11,202411,전북,김제시,34084,34773,1465,1659
2024,11,202411,전북,남원시,29596,30233,1155,1426
2024,11,202411,전북,무주군,8972,9102,470,572
2024,11,202411,전북,부안군,18985,19262,801,976
2024,11,202411,전북,순창군,10394,10560,384,476
2024,11,202411,전북,완주군,46750,47096,1599,2149
2024,11,202411,전북,익산시,114603,116640,3800,4434
2024,11,202411,전북,임실군,9736,9878,416,547
2024,11,202411,전북,장수군,7907,8015,354,417
2024,11,202411,전북,전주시,289696,295366,6373,8192
2024,11,202411,전북,정읍시,41204,43096,1563,1871
2024,11,202411,전북,진안군,9570,9755,407,559
2024,11,202411,제주,서귀포시,77587,78776,2822,3105
2024,11,202411,제주,제주시,254409,525026,7076,13704
2024,11,202411,충남,계룡시,23462,23603,566,703
2024,11,202411,충남,공주시,42419,43822,1537,2026
2024,11,202411,충남,금산군,20624,22651,987,1248
2024,11,202411,충남,논산시,45712,46680,2028,2473
2024,11,202411,충남,당진시,86247,87199,2412,2847
2024,11,202411,충남,보령시,40354,41040,1392,1634
2024,11,202411,충남,부여군,23073,23354,1076,1477
2024,11,202411,충남,서산시,81951,83086,2413,2985
2024,11,202411,충남,서천군,19698,19924,692,843
2024,11,202411,충남,아산시,174319,176664,4644,5276
2024,11,202411,충남,예산군,35005,35434,1390,1826
2024,11,202411,충남,천안시,302800,306606,8077,9883
2024,11,202411,충남,청양군,11417,11562,455,573
2024,11,202411,충남,태안군,24676,24974,973,1134
2024,11,202411,충남,홍성군,43340,43879,1380,1675
2024,11,202411,충북,괴산군,15452,15648,744,854
2024,11,202411,충북,단양군,11140,11348,447,592
2024,11,202411,충북,보은군,12140,12323,599,746
2024,11,202411,충북,영동군,17529,17737,670,821
2024,11,202411,충북,옥천군,20150,20396,797,940
2024,11,202411,충북,음성군,47865,48239,2064,2345
2024,11,202411,충북,제천시,54884,55687,1678,1943
2024,11,202411,충북,증평군,17311,17505,531,591
2024,11,202411,충북,진천군,45494,45868,1465,1613
2024,11,202411,충북,청주시,394260,404434,9481,12401
2024,11,202411,충북,충주시,95125,100151,2820,3391
2024,12,202412,강원,강릉시,94356,96934,2472,3124
2024,12,202412,강원,고성군,11910,12040,439,525
2024,12,202412,강원,동해시,39946,40796,1188,1425
2024,12,202412,강원,삼척시,26430,27013,796,1011
2024,12,202412,강원,속초시,34201,35232,1041,1270
2024,12,202412,강원,양구군,8880,8994,302,387
2024,12,202412,강원,양양군,12575,12776,406,473
2024,12,202412,강원,영월군,15165,15449,618,757
2024,12,202412,강원,원주시,161901,164817,4204,4886
2024,12,202412,강원,인제군,14669,14817,445,561
2024,12,202412,강원,정선군,14199,14536,535,709
2024,12,202412,강원,철원군,17062,17316,665,786
2024,12,202412,강원,춘천시,121727,124569,3039,3931
2024,12,202412,강원,태백시,16274,16710,590,771
2024,12,202412,강원,평창군,17718,18053,750,904
2024,12,202412,강원,홍천군,28252,28639,1169,1566
2024,12,202412,강원,화천군,9976,10092,290,397
2024,12,202412,강원,횡성군,19533,20121,808,956
2024,12,202412,경기,가평군,25692,26070,1088,1316
2024,12,202412,경기,고양시,395438,403829,8409,10303
2024,12,202412,경기,과천시,30910,31699,506,651
2024,12,202412,경기,광명시,88982,90861,2226,2722
2024,12,202412,경기,광주시,173480,174627,4705,7183
2024,12,202412,경기,구리시,61971,63142,1488,1846
2024,12,202412,경기,군포시,87485,88462,2065,2311
2024,12,202412,경기,김포시,203587,206993,4911,6709
2024,12,202412,경기,남양주시,270194,272821,6988,8235
2024,12,202412,경기,동두천시,31806,32551,1199,1316
2024,12,202412,경기,부천시,254408,260180,7377,8718
2024,12,202412,경기,성남시,314459,323087,6420,8487
2024,12,202412,경기,수원시,502017,512115,11674,14413
2024,12,202412,경기,시흥시,227783,229839,6296,6876
2024,12,202412,경기,안산시,260358,265347,8668,10626
2024,12,202412,경기,안성시,94851,95787,3037,3676
2024,12,202412,경기,안양시,193246,197122,4174,5826
2024,12,202412,경기,양주시,118485,119394,3686,4250
2024,12,202412,경기,양평군,53864,54517,1657,2271
2024,12,202412,경기,여주시,53674,54214,1974,2708
2024,12,202412,경기,연천군,17593,17788,708,1017
2024,12,202412,경기,오산시,108520,109829,2740,3367
2024,12,202412,경기,용인시,454571,460832,8942,11485
2024,12,202412,경기,의왕시,58949,59475,1232,1520
2024,12,202412,경기,의정부시,152602,154895,4418,5133
2024,12,202412,경기,이천시,103010,104163,3286,4194
2024,12,202412,경기,파주시,214775,217955,5408,8137
2024,12,202412,경기,평택시,291462,295634,7611,9975
2024,12,202412,경기,포천시,66556,72620,2696,3530
2024,12,202412,경기,하남시,123103,124294,2454,2900
2024,12,202412,경기,화성시,457568,460738,10013,13025
2024,12,202412,경남,거제시,96385,97538,2803,3361
2024,12,202412,경남,거창군,24732,25028,857,1106
2024,12,202412,경남,고성군,19783,20036,707,861
2024,12,202412,경남,김해시,245925,248466,6045,6757
2024,12,202412,경남,남해군,14214,14462,522,687
2024,12,202412,경남,밀양시,43747,44338,1364,1651
2024,12,202412,경남,사천시,48395,49164,1439,1734
2024,12,202412,경남,산청군,13790,13939,491,608
2024,12,202412,경남,양산시,155174,156450,4087,4974
2024,12,202412,경남,의령군,10547,10665,375,471
2024,12,202412,경남,진주시,144308,147390,3194,4401
2024,12,202412,경남,창녕군,25225,25476,1020,1202
2024,12,202412,경남,창원시,536537,610421,9815,12677
2024,12,202412,경남,통영시,43146,43912,1615,1936
2024,12,202412,경남,하동군,16254,16406,531,645
2024,12,202412,경남,함안군,33335,55006,1038,1413
2024,12,202412,경남,함양군,13604,30612,490,707
2024,12,202412,경남,합천군,15799,16069,595,726
2024,12,202412,경북,경산시,119967,121031,2962,3472
2024,12,202412,경북,경주시,119510,121422,3694,4371
2024,12,202412,경북,고령군,14517,14611,649,739
2024,12,202412,경북,구미시,193542,196205,4866,5760
2024,12,202412,경북,김천시,58793,59545,1975,2328
2024,12,202412,경북,문경시,27277,27756,1174,1347
2024,12,202412,경북,봉화군,11141,11289,415,511
2024,12,202412,경북,상주시,37190,37710,1592,1944
2024,12,202412,경북,성주군,20290,20495,786,878
2024,12,202412,경북,안동시,65037,66223,2104,2658
2024,12,202412,경북,영덕군,12967,13143,587,690
2024,12,202412,경북,영양군,6070,6162,279,338
2024,12,202412,경북,영주시,41486,42104,1558,1774
2024,12,202412,경북,영천시,45215,45747,1701,2029
2024,12,202412,경북,예천군,23210,23487,697,838
2024,12,202412,경북,울릉군,4403,4818,260,473
2024,12,202412,경북,울진군,20678,20926,606,748
2024,12,202412,경북,의성군,19627,19803,833,996
2024,12,202412,경북,청도군,17916,18160,620,715
2024,12,202412,경북,청송군,9986,10082,458,570
2024,12,202412,경북,칠곡군,56059,56452,1776,2176
2024,12,202412,경북,포항시,233625,237454,5718,6986
2024,12,202412,광주,광산구,174818,178859,4149,4672
2024,12,202412,광주,남구,83192,84354,1819,2335
2024,12,202412,광주,동구,42289,42810,926,1091
2024,12,202412,광주,북구,174697,179528,3840,5033
2024,12,202412,광주,서구,127381,131515,2952,3445
2024,12,202412,대구,군위군,9968,10085,380,437
2024,12,202412,대구,남구,47319,48295,1241,1577
2024,12,202412,대구,달서구,239234,252695,4611,5449
2024,12,202412,대구,달성군,117968,119597,2840,3477
2024,12,202412,대구,동구,142626,147504,3175,3986
2024,12,202412,대구,북구,170036,172769,3621,4392
2024,12,202412,대구,서구,59373,62469,1629,1902
2024,12,202412,대구,수성구,197708,200980,2934,3730
2024,12,202412,대구,중구,54322,55713,998,1403
2024,12,202412,대전,대덕구,72365,74400,1995,2591
2024,12,202412,대전,동구,78293,81326,2278,2861
2024,12,202412,대전,서구,185461,207032,3971,4721
2024,12,202412,대전,유성구,178641,181388,3047,3506
2024,12,202412,대전,중구,83875,86419,2400,2882
2024,12,202412,부산,강서구,68345,70511,1614,2027
2024,12,202412,부산,금정구,64733,67265,1972,2944
2024,12,202412,부산,기장군,75036,75963,1979,2595
2024,12,202412,부산,남구,81394,84394,2013,2535
2024,12,202412,부산,동구,45026,46769,845,1070
2024,12,202412,부산,동래구,87775,89534,1862,2251
2024,12,202412,부산,부산진구,118831,142777,2625,3199
2024,12,202412,부산,북구,87151,88825,2098,2462
2024,12,202412,부산,사상구,66671,69178,2072,2345
2024,12,202412,부산,사하구,92907,96517,2612,2997
2024,12,202412,부산,서구,26292,26713,864,916
2024,12,202412,부산,수영구,56513,123839,1388,2225
2024,12,202412,부산,연제구,113692,137931,1705,2899
2024,12,202412,부산,영도구,26367,27754,947,1320
2024,12,202412,부산,중구,34171,34440,489,556
2024,12,202412,부산,해운대구,142546,144862,2841,3125
2024,12,202412,서울,강남구,219170,233679,3842,4462
2024,12,202412,서울,강동구,136733,141965,3229,3899
2024,12,202412,서울,강북구,60294,62491,2053,2838
2024,12,202412,서울,강서구,168464,177130,4070,5444
2024,12,202412,서울,관악구,98650,101763,2891,3283
2024,12,202412,서울,광진구,80086,83131,2018,2388
2024,12,202412,서울,구로구,115193,124452,3822,4449
2024,12,202412,서울,금천구,71715,75081,2512,2991
2024,12,202412,서울,노원구,129273,134954,3200,4004
2024,12,202412,서울,도봉구,76137,80810,2188,2801
2024,12,202412,서울,동대문구,84500,87568,2476,2660
2024,12,202412,서울,동작구,94670,95897,2125,2297
2024,12,202412,서울,마포구,101747,106117,2429,3139
2024,12,202412,서울,서대문구,77391,81040,1931,2435
2024,12,202412,서울,서초구,153948,157818,2914,3698
2024,12,202412,서울,성동구,82022,90910,1739,2749
2024,12,202412,서울,성북구,105298,107382,2702,3853
2024,12,202412,서울,송파구,206771,214376,3879,5600
2024,12,202412,서울,양천구,127244,131825,2962,3759
2024,12,202412,서울,영등포구,118437,121491,3512,3762
2024,12,202412,서울,용산구,63515,64936,1726,1926
2024,12,202412,서울,은평구,113914,118065,2853,3647
2024,12,202412,서울,종로구,39262,41163,1396,3158
2024,12,202412,서울,중구,40747,43000,1729,2791
2024,12,202412,서울,중랑구,91673,97761,2887,3496
2024,12,202412,세종,세종시,178405,179987,3175,4057
2024,12,202412,울산,남구,139204,142364,2588,3355
2024,12,202412,울산,동구,58537,59373,1153,1343
2024,12,202412,울산,북구,110652,112296,2074,2407
2024,12,202412,울산,울주군,109355,110712,2511,3273
2024,12,202412,울산,중구,91475,92733,1837,2222
2024,12,202412,인천,강화군,27676,33664,1126,1470
2024,12,202412,인천,계양구,95417,235994,3054,5275
2024,12,202412,인천,남동구,224796,243968,4856,6148
2024,12,202412,인천,동구,20108,21165,834,944
2024,12,202412,인천,미추홀구,144465,155861,4013,4194
2024,12,202412,인천,부평구,204355,237551,4353,5478
2024,12,202412,인천,서구,268372,273608,6172,7615
2024,12,202412,인천,연수구,209902,215606,3117,3928
2024,12,202412,인천,옹진군,8765,8978,511,636
2024,12,202412,인천,중구,71343,72528,1826,2757
2024,12,202412,전남,강진군,12418,12663,480,618
2024,12,202412,전남,고흥군,21006,21274,998,1163
2024,12,202412,전남,곡성군,10686,10848,406,505
2024,12,202412,전남,광양시,78283,79063,2125,2482
2024,12,202412,전남,구례군,9264,9706,384,476
2024,12,202412,전남,나주시,52856,53780,1858,2347
2024,12,202412,전남,담양군,20308,20784,767,1090
2024,12,202412,전남,목포시,82930,85306,2576,3109
2024,12,202412,전남,무안군,40977,41386,1462,1742
2024,12,202412,전남,보성군,13947,14171,723,842
2024,12,202412,전남,순천시,124440,126472,2883,3616
2024,12,202412,전남,신안군,14137,118508,631,3027
2024,12,202412,전남,여수시,113581,116165,3096,3971
2024,12,202412,전남,영광군,21524,21810,783,933
2024,12,202412,전남,영암군,24519,24696,1197,1341
2024,12,202412,전남,완도군,16243,16536,692,849
2024,12,202412,전남,장성군,19287,19545,720,848
2024,12,202412,전남,장흥군,13390,13574,548,669
2024,12,202412,전남,진도군,11238,11406,522,632
2024,12,202412,전남,함평군,12296,17998,508,667
2024,12,202412,전남,해남군,24490,113187,1605,2547
2024,12,202412,전남,화순군,25843,26402,915,1868
2024,12,202412,전북,고창군,20248,20521,1268,1427
2024,12,202412,전북,군산시,116745,119029,3006,3649
2024,12,202412,전북,김제시,34154,34848,1461,1655
2024,12,202412,전북,남원시,29706,30342,1157,1432
2024,12,202412,전북,무주군,8955,9081,471,572
2024,12,202412,전북,부안군,18991,19266,794,971
2024,12,202412,전북,순창군,10442,10622,381,474
2024,12,202412,전북,완주군,46833,47180,1609,2142
2024,12,202412,전북,익산시,114932,116998,3808,4438
2024,12,202412,전북,임실군,9746,9888,417,548
2024,12,202412,전북,장수군,7876,7984,350,413
2024,12,202412,전북,전주시,289636,295282,6350,8175
2024,12,202412,전북,정읍시,41242,43097,1548,1856
2024,12,202412,전북,진안군,9593,9781,411,562
2024,12,202412,제주,서귀포시,77625,78814,2826,3110
2024,12,202412,제주,제주시,254548,525493,7061,13701
2024,12,202412,충남,계룡시,23439,23580,559,696
2024,12,202412,충남,공주시,42483,43836,1528,2017
2024,12,202412,충남,금산군,20668,22727,986,1248
2024,12,202412,충남,논산시,45734,46695,2022,2466
2024,12,202412,충남,당진시,86465,87414,2415,2850
2024,12,202412,충남,보령시,40294,40980,1389,1633
2024,12,202412,충남,부여군,23094,23376,1070,1468
2024,12,202412,충남,서산시,81949,83094,2421,2986
2024,12,202412,충남,서천군,19669,19895,693,844
2024,12,202412,충남,아산시,174595,176923,4623,5246
2024,12,202412,충남,예산군,35102,35531,1386,1826
2024,12,202412,충남,천안시,303201,306980,8051,9866
2024,12,202412,충남,청양군,11441,11586,451,568
2024,12,202412,충남,태안군,24675,24969,973,1134
2024,12,202412,충남,홍성군,43416,43953,1376,1673
2024,12,202412,충북,괴산군,15498,15694,751,861
2024,12,202412,충북,단양군,11119,11323,447,591
2024,12,202412,충북,보은군,12196,12383,596,740
2024,12,202412,충북,영동군,17563,17774,682,833
2024,12,202412,충북,옥천군,20137,20381,795,938
2024,12,202412,충북,음성군,48071,48447,2054,2338
2024,12,202412,충북,제천시,54911,55715,1685,1948
2024,12,202412,충북,증평군,17302,17495,531,591
2024,12,202412,충북,진천군,45560,45929,1455,1593
2024,12,202412,충북,청주시,394728,404829,9440,12365
2024,12,202412,충북,충주시,95245,100115,2801,3370
2025,1,202501,강원,강릉시,94501,97108,2461,3111
2025,1,202501,강원,고성군,11889,12022,438,523
2025,1,202501,강원,동해시,39955,40814,1184,1426
2025,1,202501,강원,삼척시,26452,27046,790,1006
2025,1,202501,강원,속초시,34249,35283,1034,1261
2025,1,202501,강원,양구군,8918,9033,301,386
2025,1,202501,강원,양양군,12576,12777,405,472
2025,1,202501,강원,영월군,15173,15457,617,756
2025,1,202501,강원,원주시,162251,165191,4184,4865
2025,1,202501,강원,인제군,14669,14818,446,562
2025,1,202501,강원,정선군,14238,14573,532,706
2025,1,202501,강원,철원군,17096,17353,661,782
2025,1,202501,강원,춘천시,121995,124815,3038,3942
2025,1,202501,강원,태백시,16267,16706,591,772
2025,1,202501,강원,평창군,17739,18085,752,906
2025,1,202501,강원,홍천군,28287,28677,1172,1569
2025,1,202501,강원,화천군,9922,10037,289,397
2025,1,202501,강원,횡성군,19564,20155,804,950
2025,1,202501,경기,가평군,25753,26155,1086,1315
2025,1,202501,경기,고양시,395523,403888,8364,10262
2025,1,202501,경기,과천시,30894,31686,510,655
2025,1,202501,경기,광명시,89569,91459,2230,2726
2025,1,202501,경기,광주시,173539,174684,4716,7192
2025,1,202501,경기,구리시,62026,63206,1482,1839
2025,1,202501,경기,군포시,87443,88482,2053,2300
2025,1,202501,경기,김포시,203633,207045,4913,6722
2025,1,202501,경기,남양주시,270374,273003,6977,8227
2025,1,202501,경기,동두천시,31860,32604,1187,1304
2025,1,202501,경기,부천시,254375,260188,7357,8696
2025,1,202501,경기,성남시,314443,323058,6367,8435
2025,1,202501,경기,수원시,501198,511358,11645,14350
2025,1,202501,경기,시흥시,227663,229723,6260,6823
2025,1,202501,경기,안산시,260263,265311,8629,10568
2025,1,202501,경기,안성시,95328,96279,3048,3686
2025,1,202501,경기,안양시,193784,197649,4169,5820
2025,1,202501,경기,양주시,118903,119811,3684,4260
2025,1,202501,경기,양평군,53923,54583,1651,2263
2025,1,202501,경기,여주시,53794,54333,1971,2734
2025,1,202501,경기,연천군,17636,17892,708,1015
2025,1,202501,경기,오산시,108758,110098,2727,3356
2025,1,202501,경기,용인시,455677,462113,8909,11454
2025,1,202501,경기,의왕시,59014,59545,1225,1509
2025,1,202501,경기,의정부시,152729,155017,4394,5106
2025,1,202501,경기,이천시,103336,104501,3286,4204
2025,1,202501,경기,파주시,215854,219004,5412,8135
2025,1,202501,경기,평택시,292128,296453,7579,9937
2025,1,202501,경기,포천시,66668,72555,2689,3519
2025,1,202501,경기,하남시,123138,124369,2447,2894
2025,1,202501,경기,화성시,459494,462677,9989,12997
2025,1,202501,경남,거제시,96525,97679,2782,3343
2025,1,202501,경남,거창군,24799,25098,854,1102
2025,1,202501,경남,고성군,19806,20061,705,857
2025,1,202501,경남,김해시,246436,248966,6030,6740
2025,1,202501,경남,남해군,14234,14481,522,686
2025,1,202501,경남,밀양시,43870,44466,1365,1654
2025,1,202501,경남,사천시,48506,49279,1433,1727
2025,1,202501,경남,산청군,13805,13954,488,605
2025,1,202501,경남,양산시,155621,156900,4097,4990
2025,1,202501,경남,의령군,10532,10652,374,470
2025,1,202501,경남,진주시,144502,147570,3197,4415
2025,1,202501,경남,창녕군,25216,25473,1024,1206
2025,1,202501,경남,창원시,537535,612385,9802,12656
2025,1,202501,경남,통영시,43088,43853,1608,1928
2025,1,202501,경남,하동군,16271,16425,525,639
2025,1,202501,경남,함안군,33359,54252,1033,1406
2025,1,202501,경남,함양군,13737,30925,486,702
2025,1,202501,경남,합천군,15820,16096,594,727
2025,1,202501,경북,경산시,120066,121148,2958,3457
2025,1,202501,경북,경주시,119692,121624,3690,4366
2025,1,202501,경북,고령군,14489,14583,644,733
2025,1,202501,경북,구미시,193766,196448,4846,5740
2025,1,202501,경북,김천시,59092,59843,1983,2334
2025,1,202501,경북,문경시,27340,27822,1178,1346
2025,1,202501,경북,봉화군,11166,11314,408,504
2025,1,202501,경북,상주시,37288,37807,1584,1936
2025,1,202501,경북,성주군,20280,20488,786,878
2025,1,202501,경북,안동시,65183,66401,2113,2665
2025,1,202501,경북,영덕군,12975,13150,584,689
2025,1,202501,경북,영양군,6083,6175,277,336
2025,1,202501,경북,영주시,41480,42096,1557,1773
2025,1,202501,경북,영천시,45221,45758,1695,2020
2025,1,202501,경북,예천군,23214,23491,694,834
2025,1,202501,경북,울릉군,4399,4811,260,473
2025,1,202501,경북,울진군,20718,20965,601,742
2025,1,202501,경북,의성군,19660,19836,831,992
2025,1,202501,경북,청도군,17963,18209,617,711
2025,1,202501,경북,청송군,10012,10108,454,566
2025,1,202501,경북,칠곡군,56009,56403,1778,2178
2025,1,202501,경북,포항시,234048,237867,5714,6964
2025,1,202501,광주,광산구,174920,178985,4136,4658
2025,1,202501,광주,남구,83512,84674,1817,2328
2025,1,202501,광주,동구,42273,42794,915,1080
2025,1,202501,광주,북구,174754,179596,3834,5045
2025,1,202501,광주,서구,127233,131490,2962,3453
2025,1,202501,대구,군위군,9991,10108,379,436
2025,1,202501,대구,남구,47621,48608,1242,1579
2025,1,202501,대구,달서구,239132,252654,4600,5442
2025,1,202501,대구,달성군,118165,119808,2815,3451
2025,1,202501,대구,동구,142537,147411,3184,3994
2025,1,202501,대구,북구,170035,172755,3618,4391
2025,1,202501,대구,서구,59956,63010,1619,1887
2025,1,202501,대구,수성구,197157,200325,2922,3720
2025,1,202501,대구,중구,54200,55596,1005,1409
2025,1,202501,대전,대덕구,72314,74351,1983,2577
2025,1,202501,대전,동구,78984,82027,2278,2828
2025,1,202501,대전,서구,185554,207721,3948,4712
2025,1,202501,대전,유성구,178640,181464,3056,3516
2025,1,202501,대전,중구,83958,86489,2402,2886
2025,1,202501,부산,강서구,68437,70613,1596,2010
2025,1,202501,부산,금정구,64734,67270,1969,2949
2025,1,202501,부산,기장군,75076,76000,1967,2596
2025,1,202501,부산,남구,81732,84715,2017,2540
2025,1,202501,부산,동구,45149,46882,844,1069
2025,1,202501,부산,동래구,88062,89819,1860,2248
2025,1,202501,부산,부산진구,119236,148575,2619,3269
2025,1,202501,부산,북구,87224,88906,2093,2457
2025,1,202501,부산,사상구,66616,69078,2053,2325
2025,1,202501,부산,사하구,92970,96566,2584,2967
2025,1,202501,부산,서구,26339,26760,855,907
2025,1,202501,부산,수영구,56627,124425,1394,2225
2025,1,202501,부산,연제구,114057,138469,1687,2881
2025,1,202501,부산,영도구,26408,27783,937,1311
2025,1,202501,부산,중구,34322,34592,491,558
2025,1,202501,부산,해운대구,142077,144388,2827,3112
2025,1,202501,서울,강남구,219066,233402,3838,4454
2025,1,202501,서울,강동구,139186,144426,3234,3904
2025,1,202501,서울,강북구,60308,62510,2046,2829
2025,1,202501,서울,강서구,167862,176491,4093,5459
2025,1,202501,서울,관악구,98665,101776,2886,3277
2025,1,202501,서울,광진구,80072,83101,2006,2365
2025,1,202501,서울,구로구,115048,124263,3799,4427
2025,1,202501,서울,금천구,71759,74882,2514,2992
2025,1,202501,서울,노원구,129224,134908,3187,3992
2025,1,202501,서울,도봉구,76179,80883,2182,2785
2025,1,202501,서울,동대문구,84656,87693,2466,2649
2025,1,202501,서울,동작구,94580,95805,2110,2282
2025,1,202501,서울,마포구,101695,105991,2426,3131
2025,1,202501,서울,서대문구,77353,80998,1932,2433
2025,1,202501,서울,서초구,153574,157419,2919,3700
2025,1,202501,서울,성동구,82016,91188,1726,2733
2025,1,202501,서울,성북구,105216,107293,2679,3827
2025,1,202501,서울,송파구,206481,214091,3862,5572
2025,1,202501,서울,양천구,127266,132071,2950,3748
2025,1,202501,서울,영등포구,118294,121321,3486,3733
2025,1,202501,서울,용산구,63485,64909,1715,1914
2025,1,202501,서울,은평구,114083,118262,2837,3632
2025,1,202501,서울,종로구,39303,41239,1379,3128
2025,1,202501,서울,중구,40566,42732,1720,2779
2025,1,202501,서울,중랑구,91625,97711,2872,3484
2025,1,202501,세종,세종시,178721,180343,3149,4036
2025,1,202501,울산,남구,139482,142623,2586,3362
2025,1,202501,울산,동구,58577,59419,1145,1335
2025,1,202501,울산,북구,110916,112609,2067,2398
2025,1,202501,울산,울주군,109583,110944,2505,3271
2025,1,202501,울산,중구,91542,92795,1836,2221
2025,1,202501,인천,강화군,27740,33388,1125,1472
2025,1,202501,인천,계양구,95385,236118,3029,5232
2025,1,202501,인천,남동구,224687,243362,4831,6117
2025,1,202501,인천,동구,20106,21115,828,937
2025,1,202501,인천,미추홀구,144489,156096,3988,4169
2025,1,202501,인천,부평구,204585,237596,4330,5449
2025,1,202501,인천,서구,268477,273728,6144,7590
2025,1,202501,인천,연수구,210338,216099,3098,3909
2025,1,202501,인천,옹진군,8742,8953,513,636
2025,1,202501,인천,중구,71949,73125,1816,2747
2025,1,202501,전남,강진군,12461,12707,476,618
2025,1,202501,전남,고흥군,21048,21314,990,1158
2025,1,202501,전남,곡성군,10732,10894,410,509
2025,1,202501,전남,광양시,78548,79328,2128,2485
2025,1,202501,전남,구례군,9253,9670,383,474
2025,1,202501,전남,나주시,52940,53872,1859,2347
2025,1,202501,전남,담양군,20350,20827,768,1093
2025,1,202501,전남,목포시,82871,85277,2586,3119
2025,1,202501,전남,무안군,41132,41541,1455,1732
2025,1,202501,전남,보성군,14066,14294,725,844
2025,1,202501,전남,순천시,124612,126645,2896,3627
2025,1,202501,전남,신안군,14224,119323,635,3004
2025,1,202501,전남,여수시,113714,116295,3086,3958
2025,1,202501,전남,영광군,21649,21936,782,926
2025,1,202501,전남,영암군,24516,24889,1179,1329
2025,1,202501,전남,완도군,16314,16606,686,842
2025,1,202501,전남,장성군,19325,19580,716,845
2025,1,202501,전남,장흥군,13438,13624,549,670
2025,1,202501,전남,진도군,11235,11402,516,626
2025,1,202501,전남,함평군,12331,18057,502,660
2025,1,202501,전남,해남군,24545,113505,1605,2506
2025,1,202501,전남,화순군,25911,26474,908,1832
2025,1,202501,전북,고창군,20273,20547,1268,1427
2025,1,202501,전북,군산시,116934,119217,3012,3648
2025,1,202501,전북,김제시,34475,35186,1466,1664
2025,1,202501,전북,남원시,29840,30476,1156,1428
2025,1,202501,전북,무주군,8958,9086,469,572
2025,1,202501,전북,부안군,18985,19262,792,970
2025,1,202501,전북,순창군,10478,10657,383,474
2025,1,202501,전북,완주군,47128,47475,1609,2140
2025,1,202501,전북,익산시,115131,117200,3786,4412
2025,1,202501,전북,임실군,9782,9925,415,547
2025,1,202501,전북,장수군,7880,7987,348,410
2025,1,202501,전북,전주시,289381,295031,6348,8194
2025,1,202501,전북,정읍시,41305,43112,1539,1851
2025,1,202501,전북,진안군,9687,9882,411,561
2025,1,202501,제주,서귀포시,77655,78840,2822,3107
2025,1,202501,제주,제주시,254549,520740,7037,13575
2025,1,202501,충남,계룡시,23416,23557,558,696
2025,1,202501,충남,공주시,42526,43875,1534,2031
2025,1,202501,충남,금산군,20713,22849,986,1248
2025,1,202501,충남,논산시,45838,46814,2020,2463
2025,1,202501,충남,당진시,86785,87752,2406,2841
2025,1,202501,충남,보령시,40372,41060,1378,1623
2025,1,202501,충남,부여군,23108,23390,1075,1469
2025,1,202501,충남,서산시,81965,83174,2423,2988
2025,1,202501,충남,서천군,19684,19911,695,846
2025,1,202501,충남,아산시,175008,177336,4598,5221
2025,1,202501,충남,예산군,35264,35698,1390,1827
2025,1,202501,충남,천안시,303771,307563,8035,9836
2025,1,202501,충남,청양군,11463,11608,447,565
2025,1,202501,충남,태안군,24689,24979,977,1139
2025,1,202501,충남,홍성군,43590,44127,1370,1670
2025,1,202501,충북,괴산군,15474,15684,747,857
2025,1,202501,충북,단양군,11134,11324,447,581
2025,1,202501,충북,보은군,12246,12434,592,737
2025,1,202501,충북,영동군,17626,17838,678,830
2025,1,202501,충북,옥천군,20141,20386,798,941
2025,1,202501,충북,음성군,48167,48544,2051,2335
2025,1,202501,충북,제천시,54997,55798,1682,1945
2025,1,202501,충북,증평군,17348,17563,528,589
2025,1,202501,충북,진천군,45641,46005,1453,1601
2025,1,202501,충북,청주시,395245,405291,9440,12367
2025,1,202501,충북,충주시,95525,100279,2800,3368
2025,2,202502,강원,강릉시,94606,97174,2462,3105
2025,2,202502,강원,고성군,11832,11967,436,521
2025,2,202502,강원,동해시,39962,40828,1174,1423
2025,2,202502,강원,삼척시,26466,27049,782,997
2025,2,202502,강원,속초시,34238,35262,1033,1261
2025,2,202502,강원,양구군,8894,9009,298,382
2025,2,202502,강원,양양군,12615,12814,400,465
2025,2,202502,강원,영월군,15171,15448,621,758
2025,2,202502,강원,원주시,162570,165520,4159,4836
2025,2,202502,강원,인제군,14642,14789,448,560
2025,2,202502,강원,정선군,14243,14582,533,706
2025,2,202502,강원,철원군,17113,17368,653,775
2025,2,202502,강원,춘천시,122096,124929,3026,3928
2025,2,202502,강원,태백시,16267,16701,589,769
2025,2,202502,강원,평창군,17765,18116,743,894
2025,2,202502,강원,홍천군,28312,28705,1165,1558
2025,2,202502,강원,화천군,9876,9991,287,395
2025,2,202502,강원,횡성군,19569,20180,794,940
2025,2,202502,경기,가평군,25693,26089,1071,1301
2025,2,202502,경기,고양시,395275,403675,8330,10226
2025,2,202502,경기,과천시,30848,31639,509,655
2025,2,202502,경기,광명시,90243,92109,2228,2703
2025,2,202502,경기,광주시,173519,174670,4679,7147
2025,2,202502,경기,구리시,61919,63094,1463,1819
2025,2,202502,경기,군포시,87359,88381,2030,2277
2025,2,202502,경기,김포시,203404,206798,4874,6673
2025,2,202502,경기,남양주시,270426,273092,6927,8187
2025,2,202502,경기,동두천시,31911,32678,1188,1305
2025,2,202502,경기,부천시,253977,259765,7326,8666
2025,2,202502,경기,성남시,314342,322969,6350,8425
2025,2,202502,경기,수원시,498973,508988,11495,14200
2025,2,202502,경기,시흥시,227551,229608,6233,6800
2025,2,202502,경기,안산시,259581,264601,8571,10509
2025,2,202502,경기,안성시,95784,96752,3033,3677
2025,2,202502,경기,안양시,194862,198750,4172,5816
2025,2,202502,경기,양주시,119079,119988,3660,4244
2025,2,202502,경기,양평군,53976,54631,1650,2265
2025,2,202502,경기,여주시,53839,54377,1973,2753
2025,2,202502,경기,연천군,17700,17953,711,1023
2025,2,202502,경기,오산시,109122,110472,2717,3340
2025,2,202502,경기,용인시,457328,463791,8868,11451
2025,2,202502,경기,의왕시,59014,59541,1211,1496
2025,2,202502,경기,의정부시,152964,155265,4372,5076
2025,2,202502,경기,이천시,103505,104682,3277,4209
2025,2,202502,경기,파주시,216635,219722,5404,8133
2025,2,202502,경기,평택시,292686,296978,7546,9878
2025,2,202502,경기,포천시,66690,72431,2650,3481
2025,2,202502,경기,하남시,123069,124320,2430,2880
2025,2,202502,경기,화성시,461634,464866,9973,13016
2025,2,202502,경남,거제시,96642,97794,2768,3330
2025,2,202502,경남,거창군,24909,25205,848,1097
2025,2,202502,경남,고성군,19770,20025,697,849
2025,2,202502,경남,김해시,246989,249519,6006,6716
2025,2,202502,경남,남해군,14257,14503,527,690
2025,2,202502,경남,밀양시,43916,44515,1364,1653
2025,2,202502,경남,사천시,48567,49330,1419,1708
2025,2,202502,경남,산청군,13813,13961,489,604
2025,2,202502,경남,양산시,156242,157514,4118,5002
2025,2,202502,경남,의령군,10524,10643,372,463
2025,2,202502,경남,진주시,144651,147674,3186,4386
2025,2,202502,경남,창녕군,25233,25485,1026,1206
2025,2,202502,경남,창원시,538104,613745,9709,12573
2025,2,202502,경남,통영시,43058,43842,1596,1920
2025,2,202502,경남,하동군,16276,16427,522,638
2025,2,202502,경남,함안군,33346,54337,1021,1388
2025,2,202502,경남,함양군,13742,31061,489,704
2025,2,202502,경남,합천군,15858,16134,597,728
2025,2,202502,경북,경산시,120105,121173,2954,3448
2025,2,202502,경북,경주시,119980,121907,3679,4353
2025,2,202502,경북,고령군,14501,14594,646,735
2025,2,202502,경북,구미시,193992,196666,4836,5709
2025,2,202502,경북,김천시,59249,60001,1982,2334
2025,2,202502,경북,문경시,27361,27845,1178,1348
2025,2,202502,경북,봉화군,11130,11278,409,505
2025,2,202502,경북,상주시,37304,37822,1588,1939
2025,2,202502,경북,성주군,20327,20537,787,878
2025,2,202502,경북,안동시,65273,66490,2106,2654
2025,2,202502,경북,영덕군,12976,13151,586,691
2025,2,202502,경북,영양군,6097,6195,278,341
2025,2,202502,경북,영주시,41556,42171,1557,1772
2025,2,202502,경북,영천시,45070,45608,1692,2016
2025,2,202502,경북,예천군,23280,23558,702,844
2025,2,202502,경북,울릉군,4383,4789,263,474
2025,2,202502,경북,울진군,20755,21006,603,744
2025,2,202502,경북,의성군,19669,19845,836,995
2025,2,202502,경북,청도군,17959,18205,616,712
2025,2,202502,경북,청송군,10070,10164,461,574
2025,2,202502,경북,칠곡군,55942,56331,1770,2168
2025,2,202502,경북,포항시,234716,238535,5700,6955
2025,2,202502,광주,광산구,174805,178896,4138,4662
2025,2,202502,광주,남구,83978,85126,1813,2337
2025,2,202502,광주,동구,42194,42714,911,1077
2025,2,202502,광주,북구,174669,179486,3807,5011
2025,2,202502,광주,서구,126727,130959,2902,3390
2025,2,202502,대구,군위군,10020,10134,378,435
2025,2,202502,대구,남구,47844,48826,1232,1571
2025,2,202502,대구,달서구,238646,252309,4545,5385
2025,2,202502,대구,달성군,117994,119638,2822,3455
2025,2,202502,대구,동구,142291,147164,3174,3982
2025,2,202502,대구,북구,169940,172676,3600,4372
2025,2,202502,대구,서구,59596,62650,1608,1872
2025,2,202502,대구,수성구,197429,200584,2917,3721
2025,2,202502,대구,중구,54118,55522,1002,1417
2025,2,202502,대전,대덕구,72154,74174,1974,2568
2025,2,202502,대전,동구,79497,82567,2265,2784
2025,2,202502,대전,서구,185924,208353,3944,4702
2025,2,202502,대전,유성구,178151,180944,3051,3512
2025,2,202502,대전,중구,83845,86373,2378,2861
2025,2,202502,부산,강서구,68556,70728,1589,2002
2025,2,202502,부산,금정구,64641,67165,1971,2962
2025,2,202502,부산,기장군,74769,75689,1953,2548
2025,2,202502,부산,남구,81669,84579,2004,2528
2025,2,202502,부산,동구,45013,46737,835,1058
2025,2,202502,부산,동래구,88254,90018,1851,2236
2025,2,202502,부산,부산진구,120289,149616,2620,3263
2025,2,202502,부산,북구,87043,88751,2073,2435
2025,2,202502,부산,사상구,66499,68929,2007,2278
2025,2,202502,부산,사하구,92836,96435,2569,2955
2025,2,202502,부산,서구,26319,26740,851,902
2025,2,202502,부산,수영구,56541,125061,1390,2223
2025,2,202502,부산,연제구,113991,138373,1653,2850
2025,2,202502,부산,영도구,26392,27747,941,1314
2025,2,202502,부산,중구,34508,34779,489,555
2025,2,202502,부산,해운대구,142275,144582,2801,3089
2025,2,202502,서울,강남구,218816,233027,3810,4417
2025,2,202502,서울,강동구,141888,147105,3240,3910
2025,2,202502,서울,강북구,60246,62450,2028,2811
2025,2,202502,서울,강서구,167122,175704,4060,5423
2025,2,202502,서울,관악구,98611,101717,2863,3255
2025,2,202502,서울,광진구,79908,82950,2003,2359
2025,2,202502,서울,구로구,114867,124063,3759,4384
2025,2,202502,서울,금천구,71628,74435,2484,2958
2025,2,202502,서울,노원구,129124,134798,3166,3972
2025,2,202502,서울,도봉구,76120,80814,2171,2779
2025,2,202502,서울,동대문구,85105,88140,2461,2643
2025,2,202502,서울,동작구,94501,95774,2091,2262
2025,2,202502,서울,마포구,101631,105853,2405,3116
2025,2,202502,서울,서대문구,77229,80872,1930,2428
2025,2,202502,서울,서초구,153466,157240,2887,3664
2025,2,202502,서울,성동구,81943,90734,1702,2679
2025,2,202502,서울,성북구,104955,107029,2661,3805
2025,2,202502,서울,송파구,206315,213894,3845,5556
2025,2,202502,서울,양천구,127085,131941,2911,3709
2025,2,202502,서울,영등포구,118217,121222,3485,3732
2025,2,202502,서울,용산구,63519,64940,1725,1927
2025,2,202502,서울,은평구,113994,118179,2829,3623
2025,2,202502,서울,종로구,39351,41286,1367,3117
2025,2,202502,서울,중구,40307,42287,1719,2779
2025,2,202502,서울,중랑구,91434,97532,2856,3468
2025,2,202502,세종,세종시,179376,180984,3143,4028
2025,2,202502,울산,남구,139601,142747,2570,3358
2025,2,202502,울산,동구,58604,59445,1152,1342
2025,2,202502,울산,북구,110828,112482,2047,2378
2025,2,202502,울산,울주군,109629,110990,2496,3271
2025,2,202502,울산,중구,91542,92779,1824,2209
2025,2,202502,인천,강화군,27845,33176,1131,1479
2025,2,202502,인천,계양구,95127,236605,3011,5212
2025,2,202502,인천,남동구,223503,241721,4793,6071
2025,2,202502,인천,동구,20044,21043,825,934
2025,2,202502,인천,미추홀구,144785,156824,3958,4138
2025,2,202502,인천,부평구,204266,237016,4309,5428
2025,2,202502,인천,서구,268738,274027,6135,7583
2025,2,202502,인천,연수구,210535,216281,3072,3874
2025,2,202502,인천,옹진군,8711,8922,514,638
2025,2,202502,인천,중구,73052,74237,1824,2749
2025,2,202502,전남,강진군,12490,12736,476,615
2025,2,202502,전남,고흥군,21148,21416,999,1165
2025,2,202502,전남,곡성군,10783,10943,414,511
2025,2,202502,전남,광양시,78809,79592,2116,2475
2025,2,202502,전남,구례군,9319,9740,385,476
2025,2,202502,전남,나주시,53274,54205,1858,2343
2025,2,202502,전남,담양군,20375,20842,763,1089
2025,2,202502,전남,목포시,82785,85186,2555,3091
2025,2,202502,전남,무안군,41323,41728,1448,1726
2025,2,202502,전남,보성군,14090,14316,725,842
2025,2,202502,전남,순천시,124880,126926,2878,3610
2025,2,202502,전남,신안군,14353,120418,645,2965
2025,2,202502,전남,여수시,113875,116462,3064,3943
2025,2,202502,전남,영광군,21804,22089,785,931
2025,2,202502,전남,영암군,24597,24779,1177,1322
2025,2,202502,전남,완도군,16340,16632,686,845
2025,2,202502,전남,장성군,19373,19630,711,840
2025,2,202502,전남,장흥군,13455,13641,549,669
2025,2,202502,전남,진도군,11311,11478,517,627
2025,2,202502,전남,함평군,12347,18075,506,663
2025,2,202502,전남,해남군,24604,113786,1598,2490
2025,2,202502,전남,화순군,25950,26500,903,1821
2025,2,202502,전북,고창군,20350,20622,1265,1422
2025,2,202502,전북,군산시,117149,119439,2990,3626
2025,2,202502,전북,김제시,34704,35413,1466,1664
2025,2,202502,전북,남원시,29855,30493,1148,1417
2025,2,202502,전북,무주군,8971,9099,470,572
2025,2,202502,전북,부안군,19002,19278,792,970
2025,2,202502,전북,순창군,10554,10733,384,475
2025,2,202502,전북,완주군,47429,47772,1600,2138
2025,2,202502,전북,익산시,115274,117326,3773,4401
2025,2,202502,전북,임실군,9792,9935,415,545
2025,2,202502,전북,장수군,7879,7985,346,407
2025,2,202502,전북,전주시,289116,294755,6315,8161
2025,2,202502,전북,정읍시,41310,43065,1528,1836
2025,2,202502,전북,진안군,9755,9952,415,563
2025,2,202502,제주,서귀포시,77668,78858,2818,3101
2025,2,202502,제주,제주시,254209,520689,6994,13489
2025,2,202502,충남,계룡시,23320,23461,556,697
2025,2,202502,충남,공주시,42528,43891,1517,2021
2025,2,202502,충남,금산군,20712,22890,984,1240
2025,2,202502,충남,논산시,45901,46887,2013,2442
2025,2,202502,충남,당진시,86981,87962,2399,2830
2025,2,202502,충남,보령시,40302,40988,1376,1620
2025,2,202502,충남,부여군,23172,23454,1081,1458
2025,2,202502,충남,서산시,81993,83221,2416,2984
2025,2,202502,충남,서천군,19672,19897,693,840
2025,2,202502,충남,아산시,175711,178003,4595,5245
2025,2,202502,충남,예산군,35292,35726,1384,1819
2025,2,202502,충남,천안시,304182,307972,7997,9762
2025,2,202502,충남,청양군,11490,11636,442,562
2025,2,202502,충남,태안군,24693,24985,969,1127
2025,2,202502,충남,홍성군,43880,44420,1382,1677
2025,2,202502,충북,괴산군,15484,15693,744,857
2025,2,202502,충북,단양군,11111,11302,446,580
2025,2,202502,충북,보은군,12277,12465,594,739
2025,2,202502,충북,영동군,17624,17837,672,824
2025,2,202502,충북,옥천군,20238,20483,786,929
2025,2,202502,충북,음성군,48344,48738,2056,2334
2025,2,202502,충북,제천시,55050,55849,1665,1924
2025,2,202502,충북,증평군,17382,17608,522,583
2025,2,202502,충북,진천군,45641,46005,1443,1589
2025,2,202502,충북,청주시,395624,405660,9358,12288
2025,2,202502,충북,충주시,95736,100392,2788,3354
2025,3,202503,강원,강릉시,94625,97172,2438,3078
2025,3,202503,강원,고성군,11891,12025,428,511
2025,3,202503,강원,동해시,39929,40793,1157,1404
2025,3,202503,강원,삼척시,26503,27085,779,1000
2025,3,202503,강원,속초시,34227,35242,1028,1255
2025,3,202503,강원,양구군,8897,9014,298,383
2025,3,202503,강원,양양군,12621,12819,400,465
2025,3,202503,강원,영월군,15184,15466,621,756
2025,3,202503,강원,원주시,162837,165710,4133,4808
2025,3,202503,강원,인제군,14588,14735,441,553
2025,3,202503,강원,정선군,14285,14633,526,703
2025,3,202503,강원,철원군,17133,17391,648,769
2025,3,202503,강원,춘천시,122174,125002,3003,3903
2025,3,202503,강원,태백시,16263,16695,583,764
2025,3,202503,강원,평창군,17772,18112,726,877
2025,3,202503,강원,홍천군,28353,28744,1150,1544
2025,3,202503,강원,화천군,9877,9992,283,388
2025,3,202503,강원,횡성군,19583,20212,791,931
2025,3,202503,경기,가평군,25677,26072,1061,1293
2025,3,202503,경기,고양시,395421,404005,8274,10170
2025,3,202503,경기,과천시,30783,31578,508,654
2025,3,202503,경기,광명시,90813,92653,2208,2680
2025,3,202503,경기,광주시,173569,174718,4647,7052
2025,3,202503,경기,구리시,61955,63128,1457,1812
2025,3,202503,경기,군포시,87232,88253,2000,2248
2025,3,202503,경기,김포시,203573,206781,4852,6654
2025,3,202503,경기,남양주시,270618,273285,6889,8126
2025,3,202503,경기,동두천시,31909,32681,1187,1304
2025,3,202503,경기,부천시,254012,259764,7300,8643
2025,3,202503,경기,성남시,314326,322957,6337,8404
2025,3,202503,경기,수원시,498539,508574,11404,14098
2025,3,202503,경기,시흥시,227682,229734,6198,6762
2025,3,202503,경기,안산시,259246,264198,8521,10463
2025,3,202503,경기,안성시,96165,97132,3026,3675
2025,3,202503,경기,안양시,195545,199455,4131,5777
2025,3,202503,경기,양주시,119380,120284,3640,4226
2025,3,202503,경기,양평군,54158,54814,1639,2263
2025,3,202503,경기,여주시,53911,54454,1982,2746
2025,3,202503,경기,연천군,17770,18077,704,1017
2025,3,202503,경기,오산시,109895,111247,2705,3320
2025,3,202503,경기,용인시,458320,464762,8817,11398
2025,3,202503,경기,의왕시,58984,59516,1199,1486
2025,3,202503,경기,의정부시,153355,155661,4354,5044
2025,3,202503,경기,이천시,103628,104779,3230,4170
2025,3,202503,경기,파주시,217266,220221,5371,8136
2025,3,202503,경기,평택시,293372,297597,7493,9818
2025,3,202503,경기,포천시,66825,72374,2638,3469
2025,3,202503,경기,하남시,123078,124310,2414,2856
2025,3,202503,경기,화성시,462892,466113,9882,12943
2025,3,202503,경남,거제시,96870,98040,2768,3332
2025,3,202503,경남,거창군,24958,25249,847,1097
2025,3,202503,경남,고성군,19746,20001,689,841
2025,3,202503,경남,김해시,247621,250154,5935,6642
2025,3,202503,경남,남해군,14315,14565,521,684
2025,3,202503,경남,밀양시,43962,44551,1353,1644
2025,3,202503,경남,사천시,48606,49385,1401,1691
2025,3,202503,경남,산청군,13845,13993,482,597
2025,3,202503,경남,양산시,156445,157734,4072,4955
2025,3,202503,경남,의령군,10507,10625,363,453
2025,3,202503,경남,진주시,144769,147790,3155,4354
2025,3,202503,경남,창녕군,25275,25525,1002,1181
2025,3,202503,경남,창원시,538677,613604,9627,12489
2025,3,202503,경남,통영시,43086,43862,1578,1898
2025,3,202503,경남,하동군,16322,16473,516,634
2025,3,202503,경남,함안군,33341,53567,1015,1364
2025,3,202503,경남,함양군,13831,31273,486,699
2025,3,202503,경남,합천군,15872,16170,592,724
2025,3,202503,경북,경산시,120283,121341,2947,3440
2025,3,202503,경북,경주시,120265,122173,3669,4341
2025,3,202503,경북,고령군,14532,14625,647,736
2025,3,202503,경북,구미시,194228,196887,4804,5687
2025,3,202503,경북,김천시,59364,60108,1969,2320
2025,3,202503,경북,문경시,27419,27897,1172,1342
2025,3,202503,경북,봉화군,11129,11278,405,500
2025,3,202503,경북,상주시,37370,37881,1580,1925
2025,3,202503,경북,성주군,20301,20499,783,873
2025,3,202503,경북,안동시,65382,66609,2090,2634
2025,3,202503,경북,영덕군,13036,13209,590,696
2025,3,202503,경북,영양군,6114,6212,278,341
2025,3,202503,경북,영주시,41564,42173,1545,1756
2025,3,202503,경북,영천시,45154,45650,1692,2011
2025,3,202503,경북,예천군,23384,23654,705,847
2025,3,202503,경북,울릉군,4416,4824,265,482
2025,3,202503,경북,울진군,20823,21075,603,745
2025,3,202503,경북,의성군,19699,19868,839,995
2025,3,202503,경북,청도군,17937,18179,620,716
2025,3,202503,경북,청송군,10083,10180,462,575
2025,3,202503,경북,칠곡군,55923,56313,1757,2157
2025,3,202503,경북,포항시,234836,238647,5659,6918
2025,3,202503,광주,광산구,174725,178797,4111,4629
2025,3,202503,광주,남구,84096,85239,1812,2328
2025,3,202503,광주,동구,42124,42641,909,1075
2025,3,202503,광주,북구,174533,179383,3771,4980
2025,3,202503,광주,서구,126895,131029,2870,3360
2025,3,202503,대구,군위군,10062,10179,376,433
2025,3,202503,대구,남구,47934,48909,1205,1547
2025,3,202503,대구,달서구,238361,252484,4532,5383
2025,3,202503,대구,달성군,118044,119690,2815,3444
2025,3,202503,대구,동구,142346,147195,3138,3946
2025,3,202503,대구,북구,169947,172685,3582,4350
2025,3,202503,대구,서구,59449,62528,1594,1859
2025,3,202503,대구,수성구,197451,200581,2913,3714
2025,3,202503,대구,중구,53894,55306,1002,1415
2025,3,202503,대전,대덕구,71944,73925,1943,2535
2025,3,202503,대전,동구,79417,82474,2241,2755
2025,3,202503,대전,서구,186937,209702,3907,4661
2025,3,202503,대전,유성구,177709,180460,2991,3451
2025,3,202503,대전,중구,83651,86191,2359,2843
2025,3,202503,부산,강서구,68645,70826,1579,1989
2025,3,202503,부산,금정구,64579,67105,1968,2960
2025,3,202503,부산,기장군,74928,75855,1936,2530
2025,3,202503,부산,남구,81515,84534,1989,2525
2025,3,202503,부산,동구,44940,46641,825,1045
2025,3,202503,부산,동래구,88292,90054,1841,2227
2025,3,202503,부산,부산진구,121300,150615,2598,3240
2025,3,202503,부산,북구,86968,88641,2050,2409
2025,3,202503,부산,사상구,66358,68720,1973,2242
2025,3,202503,부산,사하구,92681,96293,2555,2941
2025,3,202503,부산,서구,26360,26780,845,895
2025,3,202503,부산,수영구,56591,125886,1381,2204
2025,3,202503,부산,연제구,114007,138613,1637,2850
2025,3,202503,부산,영도구,26334,27681,927,1298
2025,3,202503,부산,중구,34995,35270,486,552
2025,3,202503,부산,해운대구,142547,144847,2788,3075
2025,3,202503,서울,강남구,218815,232859,3825,4428
2025,3,202503,서울,강동구,143209,148419,3241,3908
2025,3,202503,서울,강북구,60135,62347,2013,2796
2025,3,202503,서울,강서구,167182,176167,3994,5348
2025,3,202503,서울,관악구,98521,101637,2848,3239
2025,3,202503,서울,광진구,79975,83024,1973,2330
2025,3,202503,서울,구로구,114810,123984,3724,4350
2025,3,202503,서울,금천구,71509,74291,2456,2926
2025,3,202503,서울,노원구,128944,134596,3127,3930
2025,3,202503,서울,도봉구,76129,80796,2139,2749
2025,3,202503,서울,동대문구,85627,88653,2439,2625
2025,3,202503,서울,동작구,94421,95771,2073,2244
2025,3,202503,서울,마포구,101533,105792,2386,3089
2025,3,202503,서울,서대문구,77177,80797,1923,2420
2025,3,202503,서울,서초구,153392,157073,2857,3635
2025,3,202503,서울,성동구,81954,91070,1690,2669
2025,3,202503,서울,성북구,104827,106908,2622,3765
2025,3,202503,서울,송파구,206204,213746,3822,5520
2025,3,202503,서울,양천구,126938,131866,2906,3705
2025,3,202503,서울,영등포구,118293,121293,3462,3709
2025,3,202503,서울,용산구,63380,64779,1701,1904
2025,3,202503,서울,은평구,113913,118089,2803,3597
2025,3,202503,서울,종로구,39278,41211,1360,3091
2025,3,202503,서울,중구,40199,42144,1703,2764
2025,3,202503,서울,중랑구,91335,97449,2837,3452
2025,3,202503,세종,세종시,179552,181140,3136,4017
2025,3,202503,울산,남구,139693,142827,2568,3369
2025,3,202503,울산,동구,58632,59483,1144,1337
2025,3,202503,울산,북구,110737,112390,2007,2337
2025,3,202503,울산,울주군,109779,111147,2499,3276
2025,3,202503,울산,중구,91475,92688,1810,2199
2025,3,202503,인천,강화군,27938,32930,1127,1471
2025,3,202503,인천,계양구,95064,237781,3009,5230
2025,3,202503,인천,남동구,223187,241026,4752,6018
2025,3,202503,인천,동구,19994,20995,827,937
2025,3,202503,인천,미추홀구,145044,157551,3954,4133
2025,3,202503,인천,부평구,203632,236208,4271,5390
2025,3,202503,인천,서구,269674,275016,6124,7572
2025,3,202503,인천,연수구,210743,216564,3064,3865
2025,3,202503,인천,옹진군,8740,8952,518,643
2025,3,202503,인천,중구,73682,74910,1810,2734
2025,3,202503,전남,강진군,12536,12778,466,606
2025,3,202503,전남,고흥군,21208,21481,980,1148
2025,3,202503,전남,곡성군,10826,10984,410,507
2025,3,202503,전남,광양시,78963,79696,2099,2455
2025,3,202503,전남,구례군,9327,9729,380,474
2025,3,202503,전남,나주시,53443,54384,1844,2331
2025,3,202503,전남,담양군,20406,20867,761,1089
2025,3,202503,전남,목포시,82781,85176,2524,3059
2025,3,202503,전남,무안군,41567,41998,1437,1714
2025,3,202503,전남,보성군,14108,14336,727,844
2025,3,202503,전남,순천시,125011,127029,2880,3600
2025,3,202503,전남,신안군,14523,121218,644,2963
2025,3,202503,전남,여수시,113962,116544,3057,3934
2025,3,202503,전남,영광군,21924,22213,780,925
2025,3,202503,전남,영암군,24611,24789,1180,1326
2025,3,202503,전남,완도군,16356,16646,680,840
2025,3,202503,전남,장성군,19630,19887,715,845
2025,3,202503,전남,장흥군,13508,13694,546,667
2025,3,202503,전남,진도군,11324,11490,512,620
2025,3,202503,전남,함평군,12415,18214,501,659
2025,3,202503,전남,해남군,24662,114567,1587,2466
2025,3,202503,전남,화순군,25976,26526,907,1803
2025,3,202503,전북,고창군,20371,20643,1261,1418
2025,3,202503,전북,군산시,117199,119449,2969,3604
2025,3,202503,전북,김제시,34884,35586,1460,1656
2025,3,202503,전북,남원시,29924,30466,1146,1423
2025,3,202503,전북,무주군,9005,9131,469,569
2025,3,202503,전북,부안군,19045,19321,790,969
2025,3,202503,전북,순창군,10567,10743,379,463
2025,3,202503,전북,완주군,47569,47916,1591,2134
2025,3,202503,전북,익산시,115609,117650,3771,4400
2025,3,202503,전북,임실군,9818,9960,418,548
2025,3,202503,전북,장수군,7909,8014,349,410
2025,3,202503,전북,전주시,288707,294340,6262,8103
2025,3,202503,전북,정읍시,41409,43121,1520,1832
2025,3,202503,전북,진안군,9786,9982,408,556
2025,3,202503,제주,서귀포시,77688,78873,2797,3080
2025,3,202503,제주,제주시,253425,521921,6937,13440
2025,3,202503,충남,계룡시,23387,23530,554,695
2025,3,202503,충남,공주시,42591,43986,1515,2018
2025,3,202503,충남,금산군,20759,23005,968,1221
2025,3,202503,충남,논산시,45833,46859,1986,2418
2025,3,202503,충남,당진시,87148,88130,2378,2803
2025,3,202503,충남,보령시,40322,41020,1375,1620
2025,3,202503,충남,부여군,23204,23486,1065,1444
2025,3,202503,충남,서산시,82101,83259,2410,2983
2025,3,202503,충남,서천군,19695,19920,693,840
2025,3,202503,충남,아산시,176221,178503,4548,5199
2025,3,202503,충남,예산군,35420,35869,1378,1812
2025,3,202503,충남,천안시,304766,308568,7968,9720
2025,3,202503,충남,청양군,11471,11617,431,549
2025,3,202503,충남,태안군,24751,25040,971,1129
2025,3,202503,충남,홍성군,44150,44697,1375,1666
2025,3,202503,충북,괴산군,15482,15692,742,855
2025,3,202503,충북,단양군,11131,11321,447,582
2025,3,202503,충북,보은군,12296,12484,581,725
2025,3,202503,충북,영동군,17617,17831,669,820
2025,3,202503,충북,옥천군,20344,20597,786,933
2025,3,202503,충북,음성군,48601,49005,2039,2316
2025,3,202503,충북,제천시,55133,55946,1644,1903
2025,3,202503,충북,증평군,17397,17638,521,582
2025,3,202503,충북,진천군,45664,46032,1433,1582
2025,3,202503,충북,청주시,396100,406110,9303,12236
2025,3,202503,충북,충주시,95984,100482,2787,3351
2025,4,202504,강원,강릉시,94710,97236,2414,3054
2025,4,202504,강원,고성군,11926,12060,428,511
2025,4,202504,강원,동해시,39959,40803,1153,1399
2025,4,202504,강원,삼척시,26520,27102,782,1006
2025,4,202504,강원,속초시,34215,35226,1024,1253
2025,4,202504,강원,양구군,8939,9055,295,382
2025,4,202504,강원,양양군,12624,12817,391,456
2025,4,202504,강원,영월군,15177,15460,612,748
2025,4,202504,강원,원주시,163107,165991,4093,4768
2025,4,202504,강원,인제군,14637,14785,441,554
2025,4,202504,강원,정선군,14277,14623,529,704
2025,4,202504,강원,철원군,17150,17410,647,770
2025,4,202504,강원,춘천시,122241,125028,2993,3888
2025,4,202504,강원,태백시,16270,16698,583,764
2025,4,202504,강원,평창군,17750,18096,721,872
2025,4,202504,강원,홍천군,28331,28716,1149,1544
2025,4,202504,강원,화천군,9905,10019,283,387
2025,4,202504,강원,횡성군,19609,20250,791,938
2025,4,202504,경기,가평군,25709,26090,1061,1297
2025,4,202504,경기,고양시,395018,403562,8165,10064
2025,4,202504,경기,과천시,30586,31386,504,647
2025,4,202504,경기,광명시,91000,92808,2185,2657
2025,4,202504,경기,광주시,173498,174644,4583,6966
2025,4,202504,경기,구리시,61858,63045,1436,1789
2025,4,202504,경기,군포시,86950,87962,1976,2223
2025,4,202504,경기,김포시,203621,206951,4758,6558
2025,4,202504,경기,남양주시,270473,273131,6755,7979
2025,4,202504,경기,동두천시,31940,32703,1172,1289
2025,4,202504,경기,부천시,254139,259857,7232,8574
2025,4,202504,경기,성남시,314066,322648,6265,8324
2025,4,202504,경기,수원시,499806,509867,11313,13989
2025,4,202504,경기,시흥시,227834,229891,6098,6660
2025,4,202504,경기,안산시,259225,264346,8397,10336
2025,4,202504,경기,안성시,96381,97345,3013,3660
2025,4,202504,경기,안양시,196182,200059,4080,5725
2025,4,202504,경기,양주시,119692,120601,3587,4196
2025,4,202504,경기,양평군,54224,54880,1627,2242
2025,4,202504,경기,여주시,54012,54552,1965,2725
2025,4,202504,경기,연천군,17815,18157,698,1015
2025,4,202504,경기,오산시,110251,111604,2674,3295
2025,4,202504,경기,용인시,458732,465123,8676,11281
2025,4,202504,경기,의왕시,59047,59579,1187,1475
2025,4,202504,경기,의정부시,153544,155830,4323,5005
2025,4,202504,경기,이천시,103732,104867,3208,4142
2025,4,202504,경기,파주시,217690,220540,5278,8033
2025,4,202504,경기,평택시,293657,297885,7400,9724
2025,4,202504,경기,포천시,66913,72195,2619,3457
2025,4,202504,경기,하남시,123063,124289,2407,2849
2025,4,202504,경기,화성시,463687,466890,9773,12803
2025,4,202504,경남,거제시,96986,98150,2719,3278
2025,4,202504,경남,거창군,25001,25292,840,1089
2025,4,202504,경남,고성군,19722,19976,683,835
2025,4,202504,경남,김해시,248210,250721,5922,6640
2025,4,202504,경남,남해군,14335,14585,514,675
2025,4,202504,경남,밀양시,43963,44552,1335,1625
2025,4,202504,경남,사천시,48722,49486,1390,1684
2025,4,202504,경남,산청군,13851,13998,480,596
2025,4,202504,경남,양산시,156670,157974,4046,4935
2025,4,202504,경남,의령군,10491,10609,357,446
2025,4,202504,경남,진주시,144812,147810,3123,4325
2025,4,202504,경남,창녕군,25286,25535,999,1177
2025,4,202504,경남,창원시,539213,614922,9588,12441
2025,4,202504,경남,통영시,43119,43889,1571,1900
2025,4,202504,경남,하동군,16317,16468,514,631
2025,4,202504,경남,함안군,33257,53889,992,1345
2025,4,202504,경남,함양군,13840,31324,474,688
2025,4,202504,경남,합천군,15913,16194,586,718
2025,4,202504,경북,경산시,120241,121285,2935,3428
2025,4,202504,경북,경주시,120420,122306,3642,4307
2025,4,202504,경북,고령군,14547,14641,642,732
2025,4,202504,경북,구미시,194369,197026,4795,5678
2025,4,202504,경북,김천시,59430,60171,1970,2320
2025,4,202504,경북,문경시,27379,27857,1160,1331
2025,4,202504,경북,봉화군,11147,11296,402,497
2025,4,202504,경북,상주시,37447,37955,1573,1918
2025,4,202504,경북,성주군,20317,20520,769,859
2025,4,202504,경북,안동시,65610,66838,2081,2623
2025,4,202504,경북,영덕군,13076,13248,586,692
2025,4,202504,경북,영양군,6115,6213,277,339
2025,4,202504,경북,영주시,41553,42159,1515,1726
2025,4,202504,경북,영천시,45122,45616,1678,1994
2025,4,202504,경북,예천군,23388,23660,702,846
2025,4,202504,경북,울릉군,4418,4823,267,487
2025,4,202504,경북,울진군,20897,21145,600,742
2025,4,202504,경북,의성군,19760,19927,835,991
2025,4,202504,경북,청도군,17939,18182,614,709
2025,4,202504,경북,청송군,10096,10193,455,567
2025,4,202504,경북,칠곡군,55799,56190,1738,2136
2025,4,202504,경북,포항시,234844,238632,5617,6873
2025,4,202504,광주,광산구,174864,179034,4065,4594
2025,4,202504,광주,남구,84218,85175,1803,2303
2025,4,202504,광주,동구,42016,42531,897,1064
2025,4,202504,광주,북구,174440,179269,3728,4934
2025,4,202504,광주,서구,126705,130800,2815,3306
2025,4,202504,대구,군위군,10043,10161,375,432
2025,4,202504,대구,남구,47913,48886,1200,1542
2025,4,202504,대구,달서구,238120,252653,4483,5334
2025,4,202504,대구,달성군,117942,119586,2781,3411
2025,4,202504,대구,동구,142152,146991,3119,3949
2025,4,202504,대구,북구,169878,172620,3539,4304
2025,4,202504,대구,서구,59281,62416,1585,1844
2025,4,202504,대구,수성구,197020,200106,2895,3697
2025,4,202504,대구,중구,53607,54901,1000,1391
2025,4,202504,대전,대덕구,71804,73768,1931,2522
2025,4,202504,대전,동구,79418,82469,2225,2739
2025,4,202504,대전,서구,187300,210928,3851,4614
2025,4,202504,대전,유성구,177808,180459,2935,3393
2025,4,202504,대전,중구,83627,86147,2352,2837
2025,4,202504,부산,강서구,68654,70817,1540,1955
2025,4,202504,부산,금정구,64515,67039,1940,2922
2025,4,202504,부산,기장군,75243,76172,1939,2533
2025,4,202504,부산,남구,81588,84532,1996,2532
2025,4,202504,부산,동구,44846,46514,817,1037
2025,4,202504,부산,동래구,88338,90100,1837,2224
2025,4,202504,부산,부산진구,122209,151852,2581,3222
2025,4,202504,부산,북구,86857,88521,2030,2392
2025,4,202504,부산,사상구,66283,68642,1975,2244
2025,4,202504,부산,사하구,92779,96377,2545,2941
2025,4,202504,부산,서구,26434,26859,841,891
2025,4,202504,부산,수영구,56462,125783,1375,2185
2025,4,202504,부산,연제구,114172,139053,1624,2842
2025,4,202504,부산,영도구,26327,27670,919,1290
2025,4,202504,부산,중구,35339,35614,476,543
2025,4,202504,부산,해운대구,142628,144926,2756,3044
2025,4,202504,서울,강남구,218351,232460,3833,4434
2025,4,202504,서울,강동구,143721,148913,3212,3876
2025,4,202504,서울,강북구,59999,62206,1998,2781
2025,4,202504,서울,강서구,167147,175944,3974,5327
2025,4,202504,서울,관악구,98608,101730,2826,3216
2025,4,202504,서울,광진구,80103,83134,1955,2313
2025,4,202504,서울,구로구,114830,123988,3662,4290
2025,4,202504,서울,금천구,71531,74298,2423,2891
2025,4,202504,서울,노원구,128811,134461,3084,3885
2025,4,202504,서울,도봉구,76094,80738,2131,2740
2025,4,202504,서울,동대문구,85773,88751,2417,2604
2025,4,202504,서울,동작구,94398,95752,2060,2231
2025,4,202504,서울,마포구,101419,105705,2372,3080
2025,4,202504,서울,서대문구,77177,80794,1912,2409
2025,4,202504,서울,서초구,153481,157056,2854,3633
2025,4,202504,서울,성동구,81955,90772,1685,2667
2025,4,202504,서울,성북구,105212,107304,2591,3731
2025,4,202504,서울,송파구,206148,213753,3807,5500
2025,4,202504,서울,양천구,126828,131764,2901,3700
2025,4,202504,서울,영등포구,118244,121227,3424,3672
2025,4,202504,서울,용산구,63412,64805,1689,1891
2025,4,202504,서울,은평구,113841,118051,2775,3570
2025,4,202504,서울,종로구,39228,41160,1349,3083
2025,4,202504,서울,중구,40022,41917,1698,2759
2025,4,202504,서울,중랑구,91352,97485,2819,3431
2025,4,202504,세종,세종시,179632,181204,3100,3980
2025,4,202504,울산,남구,139786,142925,2567,3369
2025,4,202504,울산,동구,58638,59488,1133,1326
2025,4,202504,울산,북구,110900,112555,1979,2310
2025,4,202504,울산,울주군,109983,111319,2497,3275
2025,4,202504,울산,중구,91534,92744,1793,2180
2025,4,202504,인천,강화군,27922,32680,1105,1446
2025,4,202504,인천,계양구,95016,218903,2966,4839
2025,4,202504,인천,남동구,222955,240424,4707,5969
2025,4,202504,인천,동구,19847,20827,806,916
2025,4,202504,인천,미추홀구,144929,157631,3899,4076
2025,4,202504,인천,부평구,202922,235595,4209,5328
2025,4,202504,인천,서구,270142,275511,6033,7487
2025,4,202504,인천,연수구,211075,216870,3004,3804
2025,4,202504,인천,옹진군,8746,29529,520,1018
2025,4,202504,인천,중구,73970,75228,1782,2709
2025,4,202504,전남,강진군,12567,12805,461,599
2025,4,202504,전남,고흥군,21321,21594,982,1151
2025,4,202504,전남,곡성군,10856,11013,410,507
2025,4,202504,전남,광양시,79156,79893,2097,2454
2025,4,202504,전남,구례군,9365,9749,377,471
2025,4,202504,전남,나주시,53620,54553,1843,2333
2025,4,202504,전남,담양군,20438,20894,756,1087
2025,4,202504,전남,목포시,82678,85064,2511,3045
2025,4,202504,전남,무안군,41839,42272,1422,1697
2025,4,202504,전남,보성군,14162,14389,726,844
2025,4,202504,전남,순천시,125101,127121,2860,3586
2025,4,202504,전남,신안군,14563,122808,646,2993
2025,4,202504,전남,여수시,113888,116459,3026,3907
2025,4,202504,전남,영광군,22011,22302,770,911
2025,4,202504,전남,영암군,24615,24793,1180,1323
2025,4,202504,전남,완도군,16363,16654,672,833
2025,4,202504,전남,장성군,19791,20043,712,841
2025,4,202504,전남,장흥군,13544,13731,543,662
2025,4,202504,전남,진도군,11346,11512,515,624
2025,4,202504,전남,함평군,12415,18194,498,657
2025,4,202504,전남,해남군,24723,115958,1579,2442
2025,4,202504,전남,화순군,26046,26609,900,1818
2025,4,202504,전북,고창군,20424,20698,1258,1415
2025,4,202504,전북,군산시,117165,119418,2905,3541
2025,4,202504,전북,김제시,34976,35677,1452,1651
2025,4,202504,전북,남원시,29913,30450,1128,1403
2025,4,202504,전북,무주군,9027,9152,461,562
2025,4,202504,전북,부안군,19053,19326,789,971
2025,4,202504,전북,순창군,10594,10770,377,461
2025,4,202504,전북,완주군,47702,48047,1583,2126
2025,4,202504,전북,익산시,115859,117889,3738,4364
2025,4,202504,전북,임실군,9812,9954,417,546
2025,4,202504,전북,장수군,7921,8028,342,403
2025,4,202504,전북,전주시,288345,293949,6202,8027
2025,4,202504,전북,정읍시,41468,43123,1498,1809
2025,4,202504,전북,진안군,9797,9996,403,551
2025,4,202504,제주,서귀포시,77657,78836,2766,3049
2025,4,202504,제주,제주시,253162,523202,6877,13434
2025,4,202504,충남,계룡시,23359,23502,546,686
2025,4,202504,충남,공주시,42620,44017,1496,2000
2025,4,202504,충남,금산군,20794,23106,961,1202
2025,4,202504,충남,논산시,45943,46967,1974,2400
2025,4,202504,충남,당진시,87308,88274,2354,2784
2025,4,202504,충남,보령시,40241,40929,1364,1607
2025,4,202504,충남,부여군,23235,23515,1050,1433
2025,4,202504,충남,서산시,82109,83261,2366,2940
2025,4,202504,충남,서천군,19744,19967,686,834
2025,4,202504,충남,아산시,176475,178721,4491,5132
2025,4,202504,충남,예산군,35434,35879,1365,1797
2025,4,202504,충남,천안시,305062,308855,7888,9642
2025,4,202504,충남,청양군,11485,11631,427,545
2025,4,202504,충남,태안군,24795,25079,963,1121
2025,4,202504,충남,홍성군,44263,44828,1370,1670
2025,4,202504,충북,괴산군,15490,15700,741,854
2025,4,202504,충북,단양군,11101,11290,446,580
2025,4,202504,충북,보은군,12300,12488,580,724
2025,4,202504,충북,영동군,17593,17807,659,811
2025,4,202504,충북,옥천군,20475,20730,787,933
2025,4,202504,충북,음성군,48771,49170,2032,2309
2025,4,202504,충북,제천시,55193,56000,1623,1881
2025,4,202504,충북,증평군,17439,17628,519,582
2025,4,202504,충북,진천군,45730,46096,1415,1564
2025,4,202504,충북,청주시,396249,406250,9187,12128
2025,4,202504,충북,충주시,96004,100337,2761,3324
2025,5,202505,강원,강릉시,94801,97314,2396,3037
2025,5,202505,강원,고성군,11946,12088,421,505
2025,5,202505,강원,동해시,39960,40807,1153,1398
2025,5,202505,강원,삼척시,26493,27074,772,991
2025,5,202505,강원,속초시,34227,35226,1025,1252
2025,5,202505,강원,양구군,8935,9052,292,380
2025,5,202505,강원,양양군,12624,12834,392,459
2025,5,202505,강원,영월군,15167,15452,609,745
2025,5,202505,강원,원주시,163260,166132,4089,4763
2025,5,202505,강원,인제군,14630,14775,442,556
2025,5,202505,강원,정선군,14267,14614,531,707
2025,5,202505,강원,철원군,17144,17405,636,760
2025,5,202505,강원,춘천시,122328,125182,2978,3873
2025,5,202505,강원,태백시,16284,16715,580,763
2025,5,202505,강원,평창군,17776,18115,724,877
2025,5,202505,강원,홍천군,28398,28788,1147,1541
2025,5,202505,강원,화천군,9917,10031,282,387
2025,5,202505,강원,횡성군,19648,20289,792,939
2025,5,202505,경기,가평군,25693,25999,1057,1293
2025,5,202505,경기,고양시,394931,403493,8114,10009
2025,5,202505,경기,과천시,30223,31021,502,645
2025,5,202505,경기,광명시,91307,93107,2178,2650
2025,5,202505,경기,광주시,173851,175003,4548,6925
2025,5,202505,경기,구리시,61818,63063,1425,1783
2025,5,202505,경기,군포시,86919,87928,1941,2187
2025,5,202505,경기,김포시,203810,207083,4726,6522
2025,5,202505,경기,남양주시,270426,273035,6700,7922
2025,5,202505,경기,동두천시,32065,32833,1171,1288
2025,5,202505,경기,부천시,253973,259666,7140,8481
2025,5,202505,경기,성남시,314386,322976,6219,8294
2025,5,202505,경기,수원시,501375,511474,11265,13950
2025,5,202505,경기,시흥시,227911,229944,6023,6600
2025,5,202505,경기,안산시,259345,267426,8377,10354
2025,5,202505,경기,안성시,96415,97357,2969,3623
2025,5,202505,경기,안양시,196749,200631,4044,5694
2025,5,202505,경기,양주시,120152,121042,3560,4160
2025,5,202505,경기,양평군,54306,54966,1613,2228
2025,5,202505,경기,여주시,54019,54572,1937,2682
2025,5,202505,경기,연천군,17868,18238,696,1010
2025,5,202505,경기,오산시,110951,112310,2664,3287
2025,5,202505,경기,용인시,459601,466148,8644,11263
2025,5,202505,경기,의왕시,59087,59616,1173,1461
2025,5,202505,경기,의정부시,153395,155700,4246,4928
2025,5,202505,경기,이천시,103900,105012,3176,4116
2025,5,202505,경기,파주시,218330,221141,5254,8014
2025,5,202505,경기,평택시,294030,298225,7355,9668
2025,5,202505,경기,포천시,66922,71989,2598,3445
2025,5,202505,경기,하남시,123059,124294,2361,2802
2025,5,202505,경기,화성시,464698,467864,9700,12728
2025,5,202505,경남,거제시,97100,98264,2708,3274
2025,5,202505,경남,거창군,25033,25324,836,1088
2025,5,202505,경남,고성군,19755,20006,683,835
2025,5,202505,경남,김해시,248503,251010,5901,6624
2025,5,202505,경남,남해군,14329,14578,509,669
2025,5,202505,경남,밀양시,43996,44591,1327,1618
2025,5,202505,경남,사천시,48818,49576,1401,1695
2025,5,202505,경남,산청군,13887,14034,482,597
2025,5,202505,경남,양산시,156872,158163,4034,4905
2025,5,202505,경남,의령군,10497,10614,356,445
2025,5,202505,경남,진주시,144877,147861,3110,4321
2025,5,202505,경남,창녕군,25265,25527,996,1177
2025,5,202505,경남,창원시,540287,616603,9515,12363
2025,5,202505,경남,통영시,43184,43961,1562,1891
2025,5,202505,경남,하동군,16322,16474,513,630
2025,5,202505,경남,함안군,33420,55229,996,1379
2025,5,202505,경남,함양군,13879,31545,473,686
2025,5,202505,경남,합천군,15875,16115,583,716
2025,5,202505,경북,경산시,120281,121323,2928,3424
2025,5,202505,경북,경주시,120585,122467,3627,4297
2025,5,202505,경북,고령군,14557,14651,642,732
2025,5,202505,경북,구미시,194596,197229,4785,5675
2025,5,202505,경북,김천시,59421,60162,1945,2297
2025,5,202505,경북,문경시,27382,27861,1163,1333
2025,5,202505,경북,봉화군,11154,11302,396,493
2025,5,202505,경북,상주시,37380,37884,1553,1899
2025,5,202505,경북,성주군,20333,20534,767,857
2025,5,202505,경북,안동시,65683,66909,2075,2610
2025,5,202505,경북,영덕군,13079,13250,587,693
2025,5,202505,경북,영양군,6142,6240,275,339
2025,5,202505,경북,영주시,41619,42226,1505,1721
2025,5,202505,경북,영천시,45160,45653,1680,2001
2025,5,202505,경북,예천군,23387,23659,699,843
2025,5,202505,경북,울릉군,4421,4821,262,487
2025,5,202505,경북,울진군,20922,21167,596,739
2025,5,202505,경북,의성군,19760,19928,834,989
2025,5,202505,경북,청도군,17979,18222,618,713
2025,5,202505,경북,청송군,10107,10204,458,570
2025,5,202505,경북,칠곡군,55779,56171,1748,2146
2025,5,202505,경북,포항시,235067,238849,5593,6840
2025,5,202505,광주,광산구,175282,179442,4029,4561
2025,5,202505,광주,남구,84176,85136,1788,2291
2025,5,202505,광주,동구,42006,42519,891,1060
2025,5,202505,광주,북구,174462,179261,3705,4913
2025,5,202505,광주,서구,126811,130866,2834,3322
2025,5,202505,대구,군위군,10058,10174,375,431
2025,5,202505,대구,남구,47871,48837,1189,1530
2025,5,202505,대구,달서구,238243,253092,4457,5308
2025,5,202505,대구,달성군,117856,119498,2765,3382
2025,5,202505,대구,동구,142300,147095,3128,3954
2025,5,202505,대구,북구,169995,172740,3533,4304
2025,5,202505,대구,서구,59348,62470,1579,1836
2025,5,202505,대구,수성구,196891,199946,2889,3691
2025,5,202505,대구,중구,53245,54543,985,1375
2025,5,202505,대전,대덕구,71867,73856,1929,2520
2025,5,202505,대전,동구,79334,82412,2218,2733
2025,5,202505,대전,서구,187445,212060,3837,4619
2025,5,202505,대전,유성구,177790,180448,2935,3390
2025,5,202505,대전,중구,84367,86795,2331,2818
2025,5,202505,부산,강서구,69214,71358,1536,1950
2025,5,202505,부산,금정구,64473,66984,1926,2910
2025,5,202505,부산,기장군,75453,76393,1926,2518
2025,5,202505,부산,남구,81558,84520,1979,2517
2025,5,202505,부산,동구,44861,46524,810,1026
2025,5,202505,부산,동래구,88435,90194,1831,2217
2025,5,202505,부산,부산진구,122934,152916,2577,3212
2025,5,202505,부산,북구,86819,88471,2012,2372
2025,5,202505,부산,사상구,66258,68597,1982,2251
2025,5,202505,부산,사하구,92647,96250,2528,2925
2025,5,202505,부산,서구,26439,26864,834,885
2025,5,202505,부산,수영구,56516,125724,1365,2167
2025,5,202505,부산,연제구,114202,139127,1624,2849
2025,5,202505,부산,영도구,26355,27693,913,1286
2025,5,202505,부산,중구,35569,35848,473,540
2025,5,202505,부산,해운대구,143010,145287,2740,3026
2025,5,202505,서울,강남구,218276,232661,3818,4418
2025,5,202505,서울,강동구,144212,149378,3196,3852
2025,5,202505,서울,강북구,59876,62096,1986,2769
2025,5,202505,서울,강서구,167035,175815,3930,5292
2025,5,202505,서울,관악구,98656,101778,2793,3185
2025,5,202505,서울,광진구,80285,83326,1951,2328
2025,5,202505,서울,구로구,114677,123842,3644,4268
2025,5,202505,서울,금천구,71549,74319,2402,2869
2025,5,202505,서울,노원구,128613,134253,3047,3850
2025,5,202505,서울,도봉구,76017,80646,2108,2720
2025,5,202505,서울,동대문구,85880,88761,2401,2590
2025,5,202505,서울,동작구,94389,95740,2045,2216
2025,5,202505,서울,마포구,101450,105758,2363,3092
2025,5,202505,서울,서대문구,77094,80712,1902,2401
2025,5,202505,서울,서초구,153429,156949,2817,3594
2025,5,202505,서울,성동구,82112,90171,1688,2641
2025,5,202505,서울,성북구,105816,107923,2590,3733
2025,5,202505,서울,송파구,206008,213627,3805,5488
2025,5,202505,서울,양천구,126748,131687,2870,3666
2025,5,202505,서울,영등포구,118172,121046,3414,3665
2025,5,202505,서울,용산구,63457,64839,1696,1898
2025,5,202505,서울,은평구,113746,117985,2753,3554
2025,5,202505,서울,종로구,39176,41143,1328,3060
2025,5,202505,서울,중구,39788,41622,1696,2747
2025,5,202505,서울,중랑구,91225,97234,2803,3420
2025,5,202505,세종,세종시,179998,181571,3069,3945
2025,5,202505,울산,남구,139880,143022,2559,3363
2025,5,202505,울산,동구,58688,59523,1133,1326
2025,5,202505,울산,북구,110925,112588,1942,2293
2025,5,202505,울산,울주군,110143,111469,2489,3267
2025,5,202505,울산,중구,91423,92642,1788,2181
2025,5,202505,인천,강화군,27919,32477,1097,1438
2025,5,202505,인천,계양구,94981,216766,2953,4787
2025,5,202505,인천,남동구,222971,240218,4684,5938
2025,5,202505,인천,동구,19791,20760,797,906
2025,5,202505,인천,미추홀구,145174,158260,3876,4050
2025,5,202505,인천,부평구,202448,235535,4188,5307
2025,5,202505,인천,서구,271400,276788,5996,7453
2025,5,202505,인천,연수구,211661,217447,2990,3790
2025,5,202505,인천,옹진군,8744,29467,516,1014
2025,5,202505,인천,중구,74246,75504,1773,2702
2025,5,202505,전남,강진군,12559,12798,460,600
2025,5,202505,전남,고흥군,21384,21658,980,1149
2025,5,202505,전남,곡성군,10900,11060,404,502
2025,5,202505,전남,광양시,79369,80105,2096,2455
2025,5,202505,전남,구례군,9384,9759,376,471
2025,5,202505,전남,나주시,53741,54681,1829,2318
2025,5,202505,전남,담양군,20452,20904,749,1077
2025,5,202505,전남,목포시,82635,85035,2501,3039
2025,5,202505,전남,무안군,42010,42471,1420,1698
2025,5,202505,전남,보성군,14175,14410,725,846
2025,5,202505,전남,순천시,125240,127259,2838,3560
2025,5,202505,전남,신안군,14652,124392,651,3047
2025,5,202505,전남,여수시,113946,116514,3004,3882
2025,5,202505,전남,영광군,22131,22424,774,914
2025,5,202505,전남,영암군,24607,24785,1169,1313
2025,5,202505,전남,완도군,16376,16666,665,824
2025,5,202505,전남,장성군,19965,20215,710,839
2025,5,202505,전남,장흥군,13576,13760,538,657
2025,5,202505,전남,진도군,11391,11558,515,624
2025,5,202505,전남,함평군,12390,18159,492,654
2025,5,202505,전남,해남군,24802,116951,1579,2447
2025,5,202505,전남,화순군,26052,26621,891,1802
2025,5,202505,전북,고창군,20430,20703,1253,1411
2025,5,202505,전북,군산시,117251,119488,2881,3521
2025,5,202505,전북,김제시,35057,35751,1451,1661
2025,5,202505,전북,남원시,29933,30470,1118,1394
2025,5,202505,전북,무주군,9032,9158,456,556
2025,5,202505,전북,부안군,19097,19372,781,964
2025,5,202505,전북,순창군,10609,10784,376,460
2025,5,202505,전북,완주군,47794,48139,1560,2101
2025,5,202505,전북,익산시,115962,117988,3707,4333
2025,5,202505,전북,임실군,9805,9948,414,544
2025,5,202505,전북,장수군,7943,8050,339,400
2025,5,202505,전북,전주시,287985,293564,6188,7990
2025,5,202505,전북,정읍시,41491,43108,1490,1799
2025,5,202505,전북,진안군,9817,10018,399,547
2025,5,202505,제주,서귀포시,77640,78819,2751,3036
2025,5,202505,제주,제주시,253465,524879,6831,13402
2025,5,202505,충남,계룡시,23434,23576,545,686
2025,5,202505,충남,공주시,42664,44062,1486,1990
2025,5,202505,충남,금산군,20828,23213,953,1193
2025,5,202505,충남,논산시,45963,46983,1956,2379
2025,5,202505,충남,당진시,87529,88486,2319,2746
2025,5,202505,충남,보령시,40236,40922,1353,1597
2025,5,202505,충남,부여군,23240,23520,1048,1434
2025,5,202505,충남,서산시,82156,83300,2361,2931
2025,5,202505,충남,서천군,19724,19947,682,830
2025,5,202505,충남,아산시,176743,178984,4459,5104
2025,5,202505,충남,예산군,35531,35974,1361,1792
2025,5,202505,충남,천안시,305552,309339,7835,9593
2025,5,202505,충남,청양군,11486,11632,431,550
2025,5,202505,충남,태안군,24855,25131,953,1117
2025,5,202505,충남,홍성군,44370,44927,1361,1659
2025,5,202505,충북,괴산군,15495,15708,737,852
2025,5,202505,충북,단양군,11122,11311,443,578
2025,5,202505,충북,보은군,12339,12528,580,724
2025,5,202505,충북,영동군,17581,17798,659,813
2025,5,202505,충북,옥천군,20533,20789,782,929
2025,5,202505,충북,음성군,49030,49428,2021,2299
2025,5,202505,충북,제천시,55291,56104,1620,1878
2025,5,202505,충북,증평군,17473,17663,517,580
2025,5,202505,충북,진천군,45824,46197,1408,1560
2025,5,202505,충북,청주시,396656,406648,9126,12063
2025,5,202505,충북,충주시,96105,99332,2755,3318
2025,6,202506,강원,강릉시,94825,97345,2382,3023
2025,6,202506,강원,고성군,11965,12128,420,503
2025,6,202506,강원,동해시,39980,40831,1140,1386
2025,6,202506,강원,삼척시,26531,27111,763,981
2025,6,202506,강원,속초시,34225,35196,1021,1243
2025,6,202506,강원,양구군,8936,9056,286,372
2025,6,202506,강원,양양군,12642,12857,384,452
2025,6,202506,강원,영월군,15161,15446,608,743
2025,6,202506,강원,원주시,163452,166203,4066,4737
2025,6,202506,강원,인제군,14671,14820,439,552
2025,6,202506,강원,정선군,14290,14637,527,704
2025,6,202506,강원,철원군,17123,17386,629,757
2025,6,202506,강원,춘천시,122450,125194,2968,3878
2025,6,202506,강원,태백시,16245,16682,582,763
2025,6,202506,강원,평창군,17789,18121,719,871
2025,6,202506,강원,홍천군,28432,28830,1146,1535
2025,6,202506,강원,화천군,9948,10063,279,386
2025,6,202506,강원,횡성군,19679,20323,789,933
2025,6,202506,경기,가평군,25737,26043,1053,1291
2025,6,202506,경기,고양시,394914,403031,8067,9954
2025,6,202506,경기,과천시,29915,30710,503,646
2025,6,202506,경기,광명시,92213,94008,2181,2653
2025,6,202506,경기,광주시,173874,175067,4493,6864
2025,6,202506,경기,구리시,61812,63053,1472,1827
2025,6,202506,경기,군포시,86865,87825,1926,2172
2025,6,202506,경기,김포시,203870,207096,4704,6507
2025,6,202506,경기,남양주시,270720,273315,6664,7882
2025,6,202506,경기,동두천시,32118,32890,1161,1279
2025,6,202506,경기,부천시,253920,259640,7106,8445
2025,6,202506,경기,성남시,314303,322533,6180,8254
2025,6,202506,경기,수원시,502890,513053,11273,13960
2025,6,202506,경기,시흥시,227965,230002,5999,6580
2025,6,202506,경기,안산시,259781,268029,8322,10303
2025,6,202506,경기,안성시,96778,97709,2936,3589
2025,6,202506,경기,안양시,196909,200762,4025,5665
2025,6,202506,경기,양주시,120553,121445,3566,4180
2025,6,202506,경기,양평군,54371,55039,1594,2211
2025,6,202506,경기,여주시,54051,54604,1941,2685
2025,6,202506,경기,연천군,17911,18327,691,1007
2025,6,202506,경기,오산시,111462,112832,2647,3273
2025,6,202506,경기,용인시,460831,467318,8627,11241
2025,6,202506,경기,의왕시,59667,60202,1174,1462
2025,6,202506,경기,의정부시,153419,155723,4216,4908
2025,6,202506,경기,이천시,104070,105186,3165,4104
2025,6,202506,경기,파주시,219139,222272,5226,7968
2025,6,202506,경기,평택시,294296,298463,7270,9580
2025,6,202506,경기,포천시,67096,73294,2592,3440
2025,6,202506,경기,하남시,123258,124450,2349,2790
2025,6,202506,경기,화성시,466132,469299,9662,12702
2025,6,202506,경남,거제시,97165,98329,2692,3249
2025,6,202506,경남,거창군,25082,25374,827,1079
2025,6,202506,경남,고성군,19752,20003,677,828
2025,6,202506,경남,김해시,249030,251527,5893,6616
2025,6,202506,경남,남해군,14338,14588,506,664
2025,6,202506,경남,밀양시,44097,44684,1324,1613
2025,6,202506,경남,사천시,48898,49658,1398,1690
2025,6,202506,경남,산청군,13923,14072,485,600
2025,6,202506,경남,양산시,157092,158381,4010,4878
2025,6,202506,경남,의령군,10501,10620,354,443
2025,6,202506,경남,진주시,145076,147723,3097,4318
2025,6,202506,경남,창녕군,25236,25498,976,1157
2025,6,202506,경남,창원시,540829,617621,9485,12329
2025,6,202506,경남,통영시,43234,44010,1556,1885
2025,6,202506,경남,하동군,16312,16465,507,624
2025,6,202506,경남,함안군,33228,55427,986,1343
2025,6,202506,경남,함양군,13892,31714,471,683
2025,6,202506,경남,합천군,15842,16085,581,715
2025,6,202506,경북,경산시,120205,121254,2921,3417
2025,6,202506,경북,경주시,120685,122536,3605,4270
2025,6,202506,경북,고령군,14536,14631,652,736
2025,6,202506,경북,구미시,195059,197677,4781,5671
2025,6,202506,경북,김천시,59428,60135,1929,2280
2025,6,202506,경북,문경시,27394,27872,1157,1328
2025,6,202506,경북,봉화군,11163,11306,398,497
2025,6,202506,경북,상주시,37387,37893,1556,1906
2025,6,202506,경북,성주군,20348,20551,763,853
2025,6,202506,경북,안동시,65831,67072,2079,2617
2025,6,202506,경북,영덕군,13078,13250,590,695
2025,6,202506,경북,영양군,6135,6234,276,340
2025,6,202506,경북,영주시,41712,42318,1503,1716
2025,6,202506,경북,영천시,45179,45675,1671,1983
2025,6,202506,경북,예천군,23437,23711,701,846
2025,6,202506,경북,울릉군,4426,4797,264,489
2025,6,202506,경북,울진군,20982,21226,596,740
2025,6,202506,경북,의성군,19784,19954,836,990
2025,6,202506,경북,청도군,18002,18243,620,715
2025,6,202506,경북,청송군,10149,10247,458,572
2025,6,202506,경북,칠곡군,55727,56118,1746,2141
2025,6,202506,경북,포항시,235174,238942,5576,6824
2025,6,202506,광주,광산구,175600,179740,4015,4549
2025,6,202506,광주,남구,84179,85140,1770,2274
2025,6,202506,광주,동구,41979,42489,887,1056
2025,6,202506,광주,북구,174491,179261,3696,4907
2025,6,202506,광주,서구,127173,131217,2816,3300
2025,6,202506,대구,군위군,10058,10174,374,431
2025,6,202506,대구,남구,47889,48857,1190,1531
2025,6,202506,대구,달서구,238367,253464,4415,5265
2025,6,202506,대구,달성군,117875,119514,2755,3376
2025,6,202506,대구,동구,142451,146847,3105,3925
2025,6,202506,대구,북구,170146,172889,3503,4277
2025,6,202506,대구,서구,59500,62638,1582,1839
2025,6,202506,대구,수성구,196482,199514,2863,3668
2025,6,202506,대구,중구,52990,54283,990,1383
2025,6,202506,대전,대덕구,72251,74231,1923,2515
2025,6,202506,대전,동구,79234,82301,2212,2722
2025,6,202506,대전,서구,187597,212349,3806,4568
2025,6,202506,대전,유성구,177871,180565,2940,3400
2025,6,202506,대전,중구,84849,87284,2322,2805
2025,6,202506,부산,강서구,70027,72124,1539,1953
2025,6,202506,부산,금정구,64489,66992,1909,2906
2025,6,202506,부산,기장군,75638,76584,1924,2518
2025,6,202506,부산,남구,81560,84512,1957,2503
2025,6,202506,부산,동구,44917,45913,809,1027
2025,6,202506,부산,동래구,88464,90226,1827,2211
2025,6,202506,부산,부산진구,123278,153803,2557,3191
2025,6,202506,부산,북구,86843,88504,2000,2360
2025,6,202506,부산,사상구,66271,68611,1973,2243
2025,6,202506,부산,사하구,92600,96204,2515,2910
2025,6,202506,부산,서구,26488,26911,830,880
2025,6,202506,부산,수영구,56627,125540,1356,2147
2025,6,202506,부산,연제구,114472,139341,1613,2845
2025,6,202506,부산,영도구,26318,27629,905,1279
2025,6,202506,부산,중구,35643,35919,469,535
2025,6,202506,부산,해운대구,142830,145107,2733,3023
2025,6,202506,서울,강남구,218784,232858,3768,4359
2025,6,202506,서울,강동구,144566,149711,3179,3837
2025,6,202506,서울,강북구,59869,62095,1972,2755
2025,6,202506,서울,강서구,166951,175687,3890,5251
2025,6,202506,서울,관악구,98725,101839,2766,3160
2025,6,202506,서울,광진구,80395,83439,1940,2318
2025,6,202506,서울,구로구,114680,123765,3607,4226
2025,6,202506,서울,금천구,71470,74217,2384,2851
2025,6,202506,서울,노원구,128457,134097,3023,3825
2025,6,202506,서울,도봉구,75990,80609,2097,2709
2025,6,202506,서울,동대문구,86006,88899,2382,2571
2025,6,202506,서울,동작구,94520,95870,2038,2210
2025,6,202506,서울,마포구,101503,105784,2347,3077
2025,6,202506,서울,서대문구,77090,80716,1895,2395
2025,6,202506,서울,서초구,153368,156778,2795,3581
2025,6,202506,서울,성동구,82117,90951,1675,2664
2025,6,202506,서울,성북구,106227,108324,2585,3726
2025,6,202506,서울,송파구,205979,213705,3781,5455
2025,6,202506,서울,양천구,126770,131703,2851,3648
2025,6,202506,서울,영등포구,118063,120954,3383,3641
2025,6,202506,서울,용산구,63507,64888,1688,1888
2025,6,202506,서울,은평구,113724,117971,2739,3539
2025,6,202506,서울,종로구,39096,41091,1320,3053
2025,6,202506,서울,중구,39646,41422,1685,2737
2025,6,202506,서울,중랑구,91269,97254,2771,3389
2025,6,202506,세종,세종시,179951,181689,3046,3939
2025,6,202506,울산,남구,140031,143172,2543,3345
2025,6,202506,울산,동구,58736,59570,1139,1330
2025,6,202506,울산,북구,111214,112828,1938,2284
2025,6,202506,울산,울주군,110311,111597,2489,3264
2025,6,202506,울산,중구,91473,92746,1770,2166
2025,6,202506,인천,강화군,27964,32290,1093,1431
2025,6,202506,인천,계양구,95028,219431,2938,4784
2025,6,202506,인천,남동구,223318,240647,4665,5931
2025,6,202506,인천,동구,19787,20749,804,912
2025,6,202506,인천,미추홀구,145238,158598,3875,4052
2025,6,202506,인천,부평구,201947,235057,4170,5289
2025,6,202506,인천,서구,272791,278210,5957,7417
2025,6,202506,인천,연수구,212221,217988,2981,3781
2025,6,202506,인천,옹진군,8766,30048,514,1008
2025,6,202506,인천,중구,74527,75762,1770,2701
2025,6,202506,전남,강진군,12551,12794,459,599
2025,6,202506,전남,고흥군,21433,21708,976,1146
2025,6,202506,전남,곡성군,10883,11063,406,504
2025,6,202506,전남,광양시,79502,80232,2079,2436
2025,6,202506,전남,구례군,9406,9626,377,473
2025,6,202506,전남,나주시,53846,54783,1837,2326
2025,6,202506,전남,담양군,20512,20948,740,1070
2025,6,202506,전남,목포시,82586,84956,2494,3026
2025,6,202506,전남,무안군,42199,42676,1410,1688
2025,6,202506,전남,보성군,14180,14414,719,840
2025,6,202506,전남,순천시,125544,127681,2824,3551
2025,6,202506,전남,신안군,14705,125848,659,3066
2025,6,202506,전남,여수시,113964,116493,2993,3875
2025,6,202506,전남,영광군,22238,22533,771,911
2025,6,202506,전남,영암군,24654,24832,1164,1308
2025,6,202506,전남,완도군,16391,16682,668,827
2025,6,202506,전남,장성군,20023,20275,711,841
2025,6,202506,전남,장흥군,13599,13780,536,656
2025,6,202506,전남,진도군,11409,11582,511,619
2025,6,202506,전남,함평군,12414,18132,487,649
2025,6,202506,전남,해남군,24846,117821,1574,2505
2025,6,202506,전남,화순군,26074,26641,891,1795
2025,6,202506,전북,고창군,20431,20704,1249,1406
2025,6,202506,전북,군산시,117362,119543,2858,3502
2025,6,202506,전북,김제시,35219,35844,1459,1668
2025,6,202506,전북,남원시,29957,30492,1109,1383
2025,6,202506,전북,무주군,9045,9173,454,552
2025,6,202506,전북,부안군,19132,19408,779,961
2025,6,202506,전북,순창군,10615,10811,372,456
2025,6,202506,전북,완주군,47892,48231,1565,2105
2025,6,202506,전북,익산시,116159,118143,3684,4315
2025,6,202506,전북,임실군,9823,9967,405,535
2025,6,202506,전북,장수군,7943,8050,334,396
2025,6,202506,전북,전주시,287991,293500,6167,7945
2025,6,202506,전북,정읍시,41544,43130,1489,1798
2025,6,202506,전북,진안군,9831,10033,394,542
2025,6,202506,제주,서귀포시,77585,78770,2750,3035
2025,6,202506,제주,제주시,253711,527591,6806,13396
2025,6,202506,충남,계룡시,23447,23589,543,685
2025,6,202506,충남,공주시,42719,44158,1475,1980
2025,6,202506,충남,금산군,20849,23304,948,1187
2025,6,202506,충남,논산시,45988,47009,1957,2381
2025,6,202506,충남,당진시,87767,88744,2312,2739
2025,6,202506,충남,보령시,40320,41014,1351,1599
2025,6,202506,충남,부여군,23241,23520,1055,1439
2025,6,202506,충남,서산시,82197,83327,2357,2926
2025,6,202506,충남,서천군,19709,19932,675,823
2025,6,202506,충남,아산시,177037,179245,4444,5088
2025,6,202506,충남,예산군,35524,35959,1354,1784
2025,6,202506,충남,천안시,306022,309813,7786,9549
2025,6,202506,충남,청양군,11517,11665,428,547
2025,6,202506,충남,태안군,24906,25182,952,1113
2025,6,202506,충남,홍성군,44399,44957,1356,1659
2025,6,202506,충북,괴산군,15532,15750,737,853
2025,6,202506,충북,단양군,11145,11318,446,581
2025,6,202506,충북,보은군,12388,12576,575,720
2025,6,202506,충북,영동군,17603,17820,651,804
2025,6,202506,충북,옥천군,20624,20877,785,932
2025,6,202506,충북,음성군,49365,49763,2031,2307
2025,6,202506,충북,제천시,55339,56161,1610,1872
2025,6,202506,충북,증평군,17523,17714,518,581
2025,6,202506,충북,진천군,45824,46197,1394,1548
2025,6,202506,충북,청주시,396900,406829,9090,12023
2025,6,202506,충북,충주시,96151,97991,2740,3299
2025,7,202507,강원,강릉시,94856,97396,2355,2997
2025,7,202507,강원,고성군,11980,12173,421,504
2025,7,202507,강원,동해시,40001,40843,1134,1379
2025,7,202507,강원,삼척시,26569,27148,759,972
2025,7,202507,강원,속초시,34283,35247,1018,1235
2025,7,202507,강원,양구군,8955,9074,283,367
2025,7,202507,강원,양양군,12660,12879,381,448
2025,7,202507,강원,영월군,15138,15425,604,742
2025,7,202507,강원,원주시,163868,166632,4055,4729
2025,7,202507,강원,인제군,14710,14858,434,547
2025,7,202507,강원,정선군,14297,14636,514,691
2025,7,202507,강원,철원군,17170,17435,624,750
2025,7,202507,강원,춘천시,122552,125297,2959,3849
2025,7,202507,강원,태백시,16246,16681,580,761
2025,7,202507,강원,평창군,17801,18135,716,866
2025,7,202507,강원,홍천군,28455,28844,1137,1524
2025,7,202507,강원,화천군,9974,10089,275,382
2025,7,202507,강원,횡성군,19701,20347,789,935
2025,7,202507,경기,가평군,25772,26079,1044,1281
2025,7,202507,경기,고양시,394543,402611,7983,9865
2025,7,202507,경기,과천시,29649,30444,499,645
2025,7,202507,경기,광명시,93114,94903,2170,2642
2025,7,202507,경기,광주시,174030,175243,4480,6849
2025,7,202507,경기,구리시,61740,62990,1418,1777
2025,7,202507,경기,군포시,86728,87686,1895,2141
2025,7,202507,경기,김포시,203881,207057,4682,6475
2025,7,202507,경기,남양주시,270803,273383,6622,7854
2025,7,202507,경기,동두천시,32095,32868,1160,1278
2025,7,202507,경기,부천시,253507,259194,7055,8386
2025,7,202507,경기,성남시,314624,322686,6169,8251
2025,7,202507,경기,수원시,502234,512490,11231,13935
2025,7,202507,경기,시흥시,227911,229893,5944,6509
2025,7,202507,경기,안산시,259910,268098,8256,10228
2025,7,202507,경기,안성시,97112,98043,2903,3564
2025,7,202507,경기,안양시,196960,200809,4005,5644
2025,7,202507,경기,양주시,120838,121724,3548,4159
2025,7,202507,경기,양평군,54362,55034,1585,2199
2025,7,202507,경기,여주시,54084,54638,1923,2654
2025,7,202507,경기,연천군,17913,18396,685,1014
2025,7,202507,경기,오산시,111427,112812,2638,3263
2025,7,202507,경기,용인시,461338,467812,8597,11222
2025,7,202507,경기,의왕시,60429,60965,1163,1451
2025,7,202507,경기,의정부시,153543,155825,4204,4893
2025,7,202507,경기,이천시,104276,105379,3141,4091
2025,7,202507,경기,파주시,219936,222971,5195,7933
2025,7,202507,경기,평택시,294904,299020,7208,9518
2025,7,202507,경기,포천시,67112,73075,2570,3420
2025,7,202507,경기,하남시,123224,124434,2325,2768
2025,7,202507,경기,화성시,467586,470671,9601,12652
2025,7,202507,경남,거제시,97132,98281,2667,3224
2025,7,202507,경남,거창군,25137,25428,830,1081
2025,7,202507,경남,고성군,19721,19971,675,826
2025,7,202507,경남,김해시,249542,252035,5850,6629
2025,7,202507,경남,남해군,14361,14611,503,663
2025,7,202507,경남,밀양시,44037,44624,1297,1588
2025,7,202507,경남,사천시,49041,49800,1398,1687
2025,7,202507,경남,산청군,13906,14055,484,599
2025,7,202507,경남,양산시,157499,158741,3982,4811
2025,7,202507,경남,의령군,10515,10634,355,445
2025,7,202507,경남,진주시,145066,147923,3093,4330
2025,7,202507,경남,창녕군,25233,25495,968,1149
2025,7,202507,경남,창원시,540728,618213,9452,12276
2025,7,202507,경남,통영시,43274,44047,1541,1870
2025,7,202507,경남,하동군,16325,16477,508,626
2025,7,202507,경남,함안군,33329,58426,983,1328
2025,7,202507,경남,함양군,13905,31840,468,682
2025,7,202507,경남,합천군,15852,16092,575,713
2025,7,202507,경북,경산시,120326,121366,2907,3399
2025,7,202507,경북,경주시,120972,122826,3589,4255
2025,7,202507,경북,고령군,14557,14653,646,729
2025,7,202507,경북,구미시,195218,197808,4744,5638
2025,7,202507,경북,김천시,59498,60216,1915,2267
2025,7,202507,경북,문경시,27358,27836,1159,1330
2025,7,202507,경북,봉화군,11184,11327,396,493
2025,7,202507,경북,상주시,37417,37921,1556,1909
2025,7,202507,경북,성주군,20368,20560,763,853
2025,7,202507,경북,안동시,65971,67209,2072,2623
2025,7,202507,경북,영덕군,13109,13279,594,699
2025,7,202507,경북,영양군,6141,6242,271,334
2025,7,202507,경북,영주시,41723,42326,1501,1712
2025,7,202507,경북,영천시,45177,45674,1671,1985
2025,7,202507,경북,예천군,23465,23741,695,839
2025,7,202507,경북,울릉군,4416,4773,264,491
2025,7,202507,경북,울진군,21038,21283,593,738
2025,7,202507,경북,의성군,19810,19983,836,989
2025,7,202507,경북,청도군,17974,18213,619,714
2025,7,202507,경북,청송군,10179,10277,459,569
2025,7,202507,경북,칠곡군,55734,56126,1735,2131
2025,7,202507,경북,포항시,235437,239201,5546,6792
2025,7,202507,광주,광산구,175765,179996,3991,4519
2025,7,202507,광주,남구,84094,85047,1760,2267
2025,7,202507,광주,동구,42064,42576,883,1052
2025,7,202507,광주,북구,174303,179059,3670,4867
2025,7,202507,광주,서구,126850,130855,2820,3310
2025,7,202507,대구,군위군,10077,10194,367,424
2025,7,202507,대구,남구,47887,48889,1190,1530
2025,7,202507,대구,달서구,238545,254266,4394,5260
2025,7,202507,대구,달성군,117908,119549,2738,3358
2025,7,202507,대구,동구,142331,146726,3097,3924
2025,7,202507,대구,북구,170150,172883,3497,4269
2025,7,202507,대구,서구,59176,62322,1567,1824
2025,7,202507,대구,수성구,196214,199177,2858,3662
2025,7,202507,대구,중구,52820,54102,996,1386
2025,7,202507,대전,대덕구,72381,74346,1911,2503
2025,7,202507,대전,동구,79190,82273,2211,2724
2025,7,202507,대전,서구,188080,213474,3796,4572
2025,7,202507,대전,유성구,177635,180289,2940,3404
2025,7,202507,대전,중구,85068,87499,2320,2780
2025,7,202507,부산,강서구,70856,72920,1540,1962
2025,7,202507,부산,금정구,64495,67019,1908,2913
2025,7,202507,부산,기장군,75707,76655,1905,2495
2025,7,202507,부산,남구,81469,84378,1957,2500
2025,7,202507,부산,동구,44896,45897,793,1012
2025,7,202507,부산,동래구,88500,90267,1812,2196
2025,7,202507,부산,부산진구,123753,155040,2537,3172
2025,7,202507,부산,북구,86737,88367,1996,2361
2025,7,202507,부산,사상구,66182,68525,1970,2237
2025,7,202507,부산,사하구,92413,96022,2508,2903
2025,7,202507,부산,서구,26442,26866,822,872
2025,7,202507,부산,수영구,56648,125355,1354,2139
2025,7,202507,부산,연제구,114822,139765,1619,2849
2025,7,202507,부산,영도구,26306,27618,902,1276
2025,7,202507,부산,중구,35780,36054,466,532
2025,7,202507,부산,해운대구,143060,145256,2723,3014
2025,7,202507,서울,강남구,218484,232283,3773,4373
2025,7,202507,서울,강동구,144894,150027,3159,3818
2025,7,202507,서울,강북구,59783,62009,1963,2746
2025,7,202507,서울,강서구,166600,175314,3920,5338
2025,7,202507,서울,관악구,98715,101843,2742,3141
2025,7,202507,서울,광진구,80391,83456,1926,2302
2025,7,202507,서울,구로구,114529,123448,3589,4211
2025,7,202507,서울,금천구,71433,74176,2367,2836
2025,7,202507,서울,노원구,128376,134024,3001,3801
2025,7,202507,서울,도봉구,75996,80608,2086,2699
2025,7,202507,서울,동대문구,86561,89411,2371,2558
2025,7,202507,서울,동작구,94303,95675,2012,2183
2025,7,202507,서울,마포구,101265,105581,2336,3013
2025,7,202507,서울,서대문구,77197,80822,1874,2373
2025,7,202507,서울,서초구,153911,157222,2775,3548
2025,7,202507,서울,성동구,82147,90868,1668,2649
2025,7,202507,서울,성북구,106307,108406,2566,3706
2025,7,202507,서울,송파구,205771,213534,3760,5433
2025,7,202507,서울,양천구,126512,131472,2837,3637
2025,7,202507,서울,영등포구,118049,120920,3361,3618
2025,7,202507,서울,용산구,63038,64420,1652,1849
2025,7,202507,서울,은평구,113803,118061,2733,3530
2025,7,202507,서울,종로구,39067,41020,1308,3039
2025,7,202507,서울,중구,39377,41089,1681,2756
2025,7,202507,서울,중랑구,91320,97335,2748,3368
2025,7,202507,세종,세종시,180165,182223,3015,3901
2025,7,202507,울산,남구,140150,143259,2535,3330
2025,7,202507,울산,동구,58800,59629,1132,1322
2025,7,202507,울산,북구,111285,112883,1933,2280
2025,7,202507,울산,울주군,110546,111829,2480,3258
2025,7,202507,울산,중구,91341,92628,1762,2165
2025,7,202507,인천,강화군,28040,31981,1077,1409
2025,7,202507,인천,계양구,94973,220426,2932,4749
2025,7,202507,인천,남동구,223066,240481,4632,5891
2025,7,202507,인천,동구,19757,20712,805,913
2025,7,202507,인천,미추홀구,145519,159088,3863,4038
2025,7,202507,인천,부평구,201154,233761,4141,5257
2025,7,202507,인천,서구,273128,278592,5952,7421
2025,7,202507,인천,연수구,212785,218532,2984,3786
2025,7,202507,인천,옹진군,8779,29881,509,1004
2025,7,202507,인천,중구,74705,75933,1756,2704
2025,7,202507,전남,강진군,12586,12833,455,595
2025,7,202507,전남,고흥군,21462,21736,979,1149
2025,7,202507,전남,곡성군,10911,11091,398,495
2025,7,202507,전남,광양시,79696,80441,2070,2427
2025,7,202507,전남,구례군,9396,9616,373,468
2025,7,202507,전남,나주시,54001,54888,1814,2305
2025,7,202507,전남,담양군,20518,20948,733,1062
2025,7,202507,전남,목포시,82416,84808,2473,3007
2025,7,202507,전남,무안군,42784,43211,1409,1685
2025,7,202507,전남,보성군,14163,14397,712,832
2025,7,202507,전남,순천시,125744,127939,2826,3556
2025,7,202507,전남,신안군,14708,126151,653,3041
2025,7,202507,전남,여수시,113939,116459,2972,3855
2025,7,202507,전남,영광군,22381,22676,763,905
2025,7,202507,전남,영암군,24573,24751,1153,1300
2025,7,202507,전남,완도군,16380,16674,661,821
2025,7,202507,전남,장성군,20046,20300,709,840
2025,7,202507,전남,장흥군,13653,13830,530,651
2025,7,202507,전남,진도군,11399,11572,501,609
2025,7,202507,전남,함평군,12436,18099,482,643
2025,7,202507,전남,해남군,24906,118571,1571,2531
2025,7,202507,전남,화순군,26103,26669,885,1774
2025,7,202507,전북,고창군,20454,20731,1248,1407
2025,7,202507,전북,군산시,117489,119667,2844,3485
2025,7,202507,전북,김제시,35351,35981,1457,1669
2025,7,202507,전북,남원시,29990,30524,1114,1389
2025,7,202507,전북,무주군,9058,9186,453,551
2025,7,202507,전북,부안군,19143,19420,770,957
2025,7,202507,전북,순창군,10627,10831,370,452
2025,7,202507,전북,완주군,48062,48404,1552,2104
2025,7,202507,전북,익산시,116269,118267,3678,4307
2025,7,202507,전북,임실군,9823,9964,403,535
2025,7,202507,전북,장수군,7968,8075,333,398
2025,7,202507,전북,전주시,287893,293413,6141,7917
2025,7,202507,전북,정읍시,41635,42395,1478,1783
2025,7,202507,전북,진안군,9827,10029,391,540
2025,7,202507,제주,서귀포시,77586,78764,2730,3010
2025,7,202507,제주,제주시,253780,528999,6759,13361
2025,7,202507,충남,계룡시,23487,23629,543,685
2025,7,202507,충남,공주시,42726,44200,1474,1980
2025,7,202507,충남,금산군,20901,23434,949,1188
2025,7,202507,충남,논산시,46078,47109,1954,2374
2025,7,202507,충남,당진시,87837,88813,2295,2725
2025,7,202507,충남,보령시,40437,41128,1353,1601
2025,7,202507,충남,부여군,23255,23535,1056,1444
2025,7,202507,충남,서산시,82263,83395,2342,2916
2025,7,202507,충남,서천군,19748,19971,672,820
2025,7,202507,충남,아산시,177536,179716,4411,5056
2025,7,202507,충남,예산군,35710,36146,1340,1768
2025,7,202507,충남,천안시,306448,310218,7746,9515
2025,7,202507,충남,청양군,11550,11698,423,542
2025,7,202507,충남,태안군,24923,25199,956,1116
2025,7,202507,충남,홍성군,44388,44941,1349,1649
2025,7,202507,충북,괴산군,15542,15758,727,840
2025,7,202507,충북,단양군,11166,11338,441,574
2025,7,202507,충북,보은군,12429,12616,572,718
2025,7,202507,충북,영동군,17585,17801,650,803
2025,7,202507,충북,옥천군,20643,20895,784,930
2025,7,202507,충북,음성군,49677,50075,2031,2306
2025,7,202507,충북,제천시,55392,56215,1587,1848
2025,7,202507,충북,증평군,17576,17766,519,582
2025,7,202507,충북,진천군,45829,46189,1395,1548
2025,7,202507,충북,청주시,397346,407190,9052,11996
2025,7,202507,충북,충주시,96402,98085,2732,3291
2025,8,202508,강원,강릉시,94901,97277,2350,2994
2025,8,202508,강원,고성군,11977,12140,423,505
2025,8,202508,강원,동해시,40036,40871,1135,1380
2025,8,202508,강원,삼척시,26565,27153,752,964
2025,8,202508,강원,속초시,34313,35276,1022,1240
2025,8,202508,강원,양구군,8963,9081,279,363
2025,8,202508,강원,양양군,12658,12888,380,447
2025,8,202508,강원,영월군,15153,15437,599,737
2025,8,202508,강원,원주시,164068,166827,4034,4706
2025,8,202508,강원,인제군,14670,14817,428,542
2025,8,202508,강원,정선군,14287,14624,507,684
2025,8,202508,강원,철원군,17191,17457,621,747
2025,8,202508,강원,춘천시,122622,125339,2948,3837
2025,8,202508,강원,태백시,16269,16702,572,753
2025,8,202508,강원,평창군,17799,18127,717,866
2025,8,202508,강원,홍천군,28422,28806,1120,1503
2025,8,202508,강원,화천군,9961,10074,271,377
2025,8,202508,강원,횡성군,19684,20335,796,942
2025,8,202508,경기,가평군,25800,26107,1038,1276
2025,8,202508,경기,고양시,394653,402700,7953,9830
2025,8,202508,경기,과천시,29486,30278,498,644
2025,8,202508,경기,광명시,93579,95372,2154,2625
2025,8,202508,경기,광주시,173991,175213,4459,6860
2025,8,202508,경기,구리시,61714,62952,1408,1766
2025,8,202508,경기,군포시,86580,87540,1885,2131
2025,8,202508,경기,김포시,203802,206936,4631,6435
2025,8,202508,경기,남양주시,271172,273741,6599,7840
2025,8,202508,경기,동두천시,32119,32897,1145,1262
2025,8,202508,경기,부천시,253242,258907,6971,8303
2025,8,202508,경기,성남시,314490,322571,6108,8198
2025,8,202508,경기,수원시,501103,511628,11158,13889
2025,8,202508,경기,시흥시,227799,229782,5918,6499
2025,8,202508,경기,안산시,259545,267871,8202,10177
2025,8,202508,경기,안성시,97129,98052,2894,3547
2025,8,202508,경기,안양시,197168,201042,3973,5625
2025,8,202508,경기,양주시,121243,122126,3537,4155
2025,8,202508,경기,양평군,54422,55099,1571,2182
2025,8,202508,경기,여주시,54136,54686,1912,2643
2025,8,202508,경기,연천군,17919,18380,683,1014
2025,8,202508,경기,오산시,111442,112828,2629,3252
2025,8,202508,경기,용인시,461158,467612,8486,11110
2025,8,202508,경기,의왕시,60784,61319,1155,1442
2025,8,202508,경기,의정부시,153436,155525,4178,4873
2025,8,202508,경기,이천시,104454,105576,3108,4066
2025,8,202508,경기,파주시,220316,223296,5189,7920
2025,8,202508,경기,평택시,295777,299897,7213,9537
2025,8,202508,경기,포천시,67121,72874,2567,3423
2025,8,202508,경기,하남시,123285,124486,2317,2759
2025,8,202508,경기,화성시,469161,472190,9572,12588
2025,8,202508,경남,거제시,97132,98277,2656,3210
2025,8,202508,경남,거창군,25113,25402,830,1079
2025,8,202508,경남,고성군,19726,19981,673,825
2025,8,202508,경남,김해시,250003,252502,5814,6579
2025,8,202508,경남,남해군,14344,14592,503,663
2025,8,202508,경남,밀양시,44051,44636,1296,1585
2025,8,202508,경남,사천시,49236,49988,1387,1676
2025,8,202508,경남,산청군,13909,14057,482,597
2025,8,202508,경남,양산시,157423,158672,3965,4786
2025,8,202508,경남,의령군,10520,10638,356,446
2025,8,202508,경남,진주시,145002,147952,3083,4334
2025,8,202508,경남,창녕군,25244,25506,969,1152
2025,8,202508,경남,창원시,540673,619147,9403,12224
2025,8,202508,경남,통영시,43286,44055,1529,1857
2025,8,202508,경남,하동군,16359,16511,508,626
2025,8,202508,경남,함안군,33502,59909,982,1330
2025,8,202508,경남,함양군,13902,31957,467,680
2025,8,202508,경남,합천군,15867,16108,571,710
2025,8,202508,경북,경산시,120364,121403,2895,3386
2025,8,202508,경북,경주시,121096,122950,3571,4232
2025,8,202508,경북,고령군,14581,14678,645,728
2025,8,202508,경북,구미시,195420,197999,4721,5605
2025,8,202508,경북,김천시,59453,60176,1897,2249
2025,8,202508,경북,문경시,27344,27823,1153,1325
2025,8,202508,경북,봉화군,11173,11316,395,491
2025,8,202508,경북,상주시,37427,37928,1551,1917
2025,8,202508,경북,성주군,20377,20571,760,850
2025,8,202508,경북,안동시,66019,67232,2077,2623
2025,8,202508,경북,영덕군,13129,13301,594,698
2025,8,202508,경북,영양군,6130,6231,273,336
2025,8,202508,경북,영주시,41753,42355,1498,1710
2025,8,202508,경북,영천시,45140,45640,1671,1981
2025,8,202508,경북,예천군,23482,23757,691,835
2025,8,202508,경북,울릉군,4394,4751,262,490
2025,8,202508,경북,울진군,21106,21350,593,739
2025,8,202508,경북,의성군,19837,20010,829,982
2025,8,202508,경북,청도군,18019,18261,616,711
2025,8,202508,경북,청송군,10191,10290,461,566
2025,8,202508,경북,칠곡군,55715,56107,1726,2125
2025,8,202508,경북,포항시,235568,239340,5530,6786
2025,8,202508,광주,광산구,175881,180120,3971,4502
2025,8,202508,광주,남구,84125,85070,1751,2262
2025,8,202508,광주,동구,42197,42711,880,1048
2025,8,202508,광주,북구,174253,178975,3642,4833
2025,8,202508,광주,서구,126603,130619,2825,3312
2025,8,202508,대구,군위군,10067,10182,365,422
2025,8,202508,대구,남구,47896,48895,1195,1536
2025,8,202508,대구,달서구,238378,254930,4368,5241
2025,8,202508,대구,달성군,117830,119470,2705,3322
2025,8,202508,대구,동구,142061,146437,3093,3919
2025,8,202508,대구,북구,170284,173020,3465,4235
2025,8,202508,대구,서구,59441,62577,1562,1803
2025,8,202508,대구,수성구,196146,199138,2831,3636
2025,8,202508,대구,중구,52461,53747,1000,1390
2025,8,202508,대전,대덕구,72363,74336,1907,2500
2025,8,202508,대전,동구,79114,82113,2201,2711
2025,8,202508,대전,서구,188667,214685,3794,4572
2025,8,202508,대전,유성구,177219,179975,2931,3399
2025,8,202508,대전,중구,85114,87524,2304,2764
2025,8,202508,부산,강서구,71470,73495,1546,1963
2025,8,202508,부산,금정구,64378,66897,1891,2894
2025,8,202508,부산,기장군,75836,76778,1884,2474
2025,8,202508,부산,남구,81499,84427,1956,2495
2025,8,202508,부산,동구,44989,46125,791,1012
2025,8,202508,부산,동래구,88515,90284,1807,2195
2025,8,202508,부산,부산진구,124037,155741,2527,3166
2025,8,202508,부산,북구,86721,88346,1990,2360
2025,8,202508,부산,사상구,66008,68366,1950,2217
2025,8,202508,부산,사하구,92141,95759,2501,2892
2025,8,202508,부산,서구,26472,26901,823,873
2025,8,202508,부산,수영구,56742,124935,1350,2131
2025,8,202508,부산,연제구,115403,140434,1623,2859
2025,8,202508,부산,영도구,26251,27559,888,1261
2025,8,202508,부산,중구,35966,36244,463,529
2025,8,202508,부산,해운대구,143105,145306,2717,3007
2025,8,202508,서울,강남구,218389,231965,3767,4365
2025,8,202508,서울,강동구,145083,150197,3152,3815
2025,8,202508,서울,강북구,59580,61812,1956,2738
2025,8,202508,서울,강서구,166178,174901,3921,5340
2025,8,202508,서울,관악구,98670,101798,2735,3135
2025,8,202508,서울,광진구,80243,83307,1916,2291
2025,8,202508,서울,구로구,114450,123088,3573,4191
2025,8,202508,서울,금천구,71381,74148,2349,2818
2025,8,202508,서울,노원구,128228,133895,2982,3783
2025,8,202508,서울,도봉구,76017,80624,2075,2690
2025,8,202508,서울,동대문구,86869,89717,2355,2543
2025,8,202508,서울,동작구,94216,95590,2004,2175
2025,8,202508,서울,마포구,101204,105486,2320,2992
2025,8,202508,서울,서대문구,77292,80909,1869,2368
2025,8,202508,서울,서초구,154761,158041,2775,3549
2025,8,202508,서울,성동구,82412,91180,1641,2621
2025,8,202508,서울,성북구,106364,108478,2553,3692
2025,8,202508,서울,송파구,205708,213489,3743,5421
2025,8,202508,서울,양천구,126359,131340,2828,3628
2025,8,202508,서울,영등포구,117750,120622,3343,3602
2025,8,202508,서울,용산구,62997,64369,1646,1840
2025,8,202508,서울,은평구,113762,118041,2717,3513
2025,8,202508,서울,종로구,38978,40935,1308,3037
2025,8,202508,서울,중구,39199,40882,1681,2754
2025,8,202508,서울,중랑구,91317,97319,2734,3355
2025,8,202508,세종,세종시,180297,182677,2997,3872
2025,8,202508,울산,남구,140120,143248,2517,3314
2025,8,202508,울산,동구,58869,59705,1123,1313
2025,8,202508,울산,북구,111250,112842,1940,2287
2025,8,202508,울산,울주군,110749,112036,2490,3268
2025,8,202508,울산,중구,91321,92616,1753,2156
2025,8,202508,인천,강화군,28074,31717,1068,1399
2025,8,202508,인천,계양구,94914,221670,2901,4716
2025,8,202508,인천,남동구,222912,240238,4575,5827
2025,8,202508,인천,동구,19702,20642,801,911
2025,8,202508,인천,미추홀구,145433,158865,3827,3999
2025,8,202508,인천,부평구,200484,232838,4093,5207
2025,8,202508,인천,서구,272880,278366,5873,7349
2025,8,202508,인천,연수구,213511,219303,2960,3760
2025,8,202508,인천,옹진군,8794,29761,511,1006
2025,8,202508,인천,중구,74960,76195,1756,2690
2025,8,202508,전남,강진군,12563,12808,448,587
2025,8,202508,전남,고흥군,21480,21755,978,1149
2025,8,202508,전남,곡성군,10963,11141,400,497
2025,8,202508,전남,광양시,79695,80435,2063,2424
2025,8,202508,전남,구례군,9428,9639,371,467
2025,8,202508,전남,나주시,54106,54988,1815,2298
2025,8,202508,전남,담양군,20512,20943,731,1057
2025,8,202508,전남,목포시,82179,84564,2457,2996
2025,8,202508,전남,무안군,43101,43527,1412,1686
2025,8,202508,전남,보성군,14193,14424,713,832
2025,8,202508,전남,순천시,125750,127934,2804,3531
2025,8,202508,전남,신안군,14745,126045,651,2988
2025,8,202508,전남,여수시,113922,116418,2966,3846
2025,8,202508,전남,영광군,22479,22774,751,891
2025,8,202508,전남,영암군,24548,24726,1145,1292
2025,8,202508,전남,완도군,16395,16689,664,829
2025,8,202508,전남,장성군,20016,20274,712,843
2025,8,202508,전남,장흥군,13672,13848,526,648
2025,8,202508,전남,진도군,11419,11592,502,611
2025,8,202508,전남,함평군,12392,18077,483,643
2025,8,202508,전남,해남군,24967,119285,1575,2497
2025,8,202508,전남,화순군,26105,26668,883,1771
2025,8,202508,전북,고창군,20514,20792,1244,1403
2025,8,202508,전북,군산시,117560,119726,2838,3476
2025,8,202508,전북,김제시,35441,36063,1459,1668
2025,8,202508,전북,남원시,30015,30549,1116,1396
2025,8,202508,전북,무주군,9084,9212,454,552
2025,8,202508,전북,부안군,19174,19453,764,954
2025,8,202508,전북,순창군,10648,10848,372,454
2025,8,202508,전북,완주군,48144,48490,1546,2096
2025,8,202508,전북,익산시,116302,118317,3682,4304
2025,8,202508,전북,임실군,9841,9982,399,531
2025,8,202508,전북,장수군,7943,8051,332,397
2025,8,202508,전북,전주시,287524,293046,6108,7881
2025,8,202508,전북,정읍시,41667,42411,1481,1782
2025,8,202508,전북,진안군,9829,10037,391,543
2025,8,202508,제주,서귀포시,77614,78792,2724,3001
2025,8,202508,제주,제주시,254146,529456,6711,13312
2025,8,202508,충남,계룡시,23505,23647,539,680
2025,8,202508,충남,공주시,42786,44279,1473,1978
2025,8,202508,충남,금산군,20868,23478,939,1182
2025,8,202508,충남,논산시,46175,47197,1950,2368
2025,8,202508,충남,당진시,87927,88904,2282,2710
2025,8,202508,충남,보령시,40373,41057,1332,1580
2025,8,202508,충남,부여군,23265,23549,1044,1438
2025,8,202508,충남,서산시,82373,83487,2348,2920
2025,8,202508,충남,서천군,19750,19971,661,810
2025,8,202508,충남,아산시,178100,180273,4399,5036
2025,8,202508,충남,예산군,35809,36245,1340,1766
2025,8,202508,충남,천안시,306863,310628,7720,9497
2025,8,202508,충남,청양군,11565,11714,425,544
2025,8,202508,충남,태안군,24914,25193,941,1098
2025,8,202508,충남,홍성군,44428,44990,1340,1639
2025,8,202508,충북,괴산군,15584,15802,721,834
2025,8,202508,충북,단양군,11180,11351,438,572
2025,8,202508,충북,보은군,12441,12629,573,719
2025,8,202508,충북,영동군,17588,17804,641,793
2025,8,202508,충북,옥천군,20685,20935,782,929
2025,8,202508,충북,음성군,49851,50220,2027,2301
2025,8,202508,충북,제천시,55451,56276,1583,1840
2025,8,202508,충북,증평군,17601,17791,511,574
2025,8,202508,충북,진천군,45840,46194,1388,1539
2025,8,202508,충북,청주시,397578,407366,9025,11959
2025,8,202508,충북,충주시,96566,98211,2709,3270
2025,9,202509,강원,강릉시,95062,97416,2351,2997
2025,9,202509,강원,고성군,11985,12147,425,507
2025,9,202509,강원,동해시,40017,40839,1129,1375
2025,9,202509,강원,삼척시,26599,27192,745,964
2025,9,202509,강원,속초시,34318,35264,1013,1233
2025,9,202509,강원,양구군,9022,9138,274,359
2025,9,202509,강원,양양군,12668,12909,379,446
2025,9,202509,강원,영월군,15193,15481,593,732
2025,9,202509,강원,원주시,164330,167098,4011,4680
2025,9,202509,강원,인제군,14712,14855,428,542
2025,9,202509,강원,정선군,14307,14620,504,684
2025,9,202509,강원,철원군,17228,17494,610,739
2025,9,202509,강원,춘천시,122760,125441,2936,3832
2025,9,202509,강원,태백시,16237,16668,567,748
2025,9,202509,강원,평창군,17808,18140,716,866
2025,9,202509,강원,홍천군,28481,28867,1111,1498
2025,9,202509,강원,화천군,9945,10058,266,372
2025,9,202509,강원,횡성군,19725,20377,794,942
2025,9,202509,경기,가평군,25837,26154,1036,1274
2025,9,202509,경기,고양시,395074,403201,7927,9819
2025,9,202509,경기,과천시,29360,30155,491,638
2025,9,202509,경기,광명시,93835,95561,2155,2617
2025,9,202509,경기,광주시,174383,175616,4437,6835
2025,9,202509,경기,구리시,61708,62943,1387,1742
2025,9,202509,경기,군포시,86658,87613,1883,2129
2025,9,202509,경기,김포시,203493,206661,4591,6362
2025,9,202509,경기,남양주시,271378,273929,6568,7762
2025,9,202509,경기,동두천시,32138,32902,1140,1256
2025,9,202509,경기,부천시,253090,258747,6935,8297
2025,9,202509,경기,성남시,315337,323439,6054,8142
2025,9,202509,경기,수원시,499698,510918,11073,13801
2025,9,202509,경기,시흥시,227935,229936,5862,6448
2025,9,202509,경기,안산시,259398,267878,8179,10158
2025,9,202509,경기,안성시,97226,98149,2865,3523
2025,9,202509,경기,안양시,197391,201222,3929,5593
2025,9,202509,경기,양주시,121700,122575,3521,4139
2025,9,202509,경기,양평군,54509,55190,1559,2171
2025,9,202509,경기,여주시,54143,54685,1893,2634
2025,9,202509,경기,연천군,17965,18484,681,1013
2025,9,202509,경기,오산시,111860,113265,2615,3234
2025,9,202509,경기,용인시,460969,467394,8429,11050
2025,9,202509,경기,의왕시,61057,61591,1148,1433
2025,9,202509,경기,의정부시,153539,155623,4134,4821
2025,9,202509,경기,이천시,104600,105699,3089,4057
2025,9,202509,경기,파주시,220889,223672,5156,7882
2025,9,202509,경기,평택시,296987,301103,7177,9497
2025,9,202509,경기,포천시,67137,72649,2559,3413
2025,9,202509,경기,하남시,123313,124511,2299,2742
2025,9,202509,경기,화성시,470463,473490,9565,12582
2025,9,202509,경남,거제시,97220,98369,2644,3198
2025,9,202509,경남,거창군,25133,25421,830,1076
2025,9,202509,경남,고성군,19740,19994,668,821
2025,9,202509,경남,김해시,250585,253087,5810,6575
2025,9,202509,경남,남해군,14374,14621,504,663
2025,9,202509,경남,밀양시,44144,44733,1289,1579
2025,9,202509,경남,사천시,49327,50070,1375,1652
2025,9,202509,경남,산청군,13922,14068,481,597
2025,9,202509,경남,양산시,157806,159031,3961,4775
2025,9,202509,경남,의령군,10514,10631,349,439
2025,9,202509,경남,진주시,145196,148132,3068,4331
2025,9,202509,경남,창녕군,25268,25527,969,1151
2025,9,202509,경남,창원시,541164,620871,9330,12135
2025,9,202509,경남,통영시,43295,44061,1528,1854
2025,9,202509,경남,하동군,16367,16517,501,618
2025,9,202509,경남,함안군,33730,61608,975,1340
2025,9,202509,경남,함양군,14037,32326,464,672
2025,9,202509,경남,합천군,15918,16162,566,705
2025,9,202509,경북,경산시,120474,121521,2898,3387
2025,9,202509,경북,경주시,121229,123094,3560,4223
2025,9,202509,경북,고령군,14574,14671,635,720
2025,9,202509,경북,구미시,195718,198330,4703,5601
2025,9,202509,경북,김천시,59544,60269,1890,2242
2025,9,202509,경북,문경시,27403,27883,1150,1322
2025,9,202509,경북,봉화군,11144,11287,398,495
2025,9,202509,경북,상주시,37466,37973,1544,1900
2025,9,202509,경북,성주군,20401,20595,759,849
2025,9,202509,경북,안동시,66162,67393,2071,2650
2025,9,202509,경북,영덕군,13167,13338,586,689
2025,9,202509,경북,영양군,6156,6257,272,335
2025,9,202509,경북,영주시,41758,42340,1501,1711
2025,9,202509,경북,영천시,45179,45672,1670,1980
2025,9,202509,경북,예천군,23481,23754,692,837
2025,9,202509,경북,울릉군,4372,4727,261,487
2025,9,202509,경북,울진군,21116,21360,592,740
2025,9,202509,경북,의성군,19852,20025,827,981
2025,9,202509,경북,청도군,18051,18293,614,710
2025,9,202509,경북,청송군,10188,10287,459,565
2025,9,202509,경북,칠곡군,55770,56161,1720,2121
2025,9,202509,경북,포항시,235722,239516,5520,6788
2025,9,202509,광주,광산구,176162,180365,3962,4495
2025,9,202509,광주,남구,84309,85251,1748,2259
2025,9,202509,광주,동구,42269,42783,868,1036
2025,9,202509,광주,북구,174296,178994,3609,4801
2025,9,202509,광주,서구,126785,130764,2839,3321
2025,9,202509,대구,군위군,10090,10206,365,422
2025,9,202509,대구,남구,47824,48813,1179,1520
2025,9,202509,대구,달서구,238398,255519,4337,5175
2025,9,202509,대구,달성군,117757,119373,2690,3308
2025,9,202509,대구,동구,141919,146322,3089,3915
2025,9,202509,대구,북구,170431,173163,3450,4218
2025,9,202509,대구,서구,59786,62963,1575,1813
2025,9,202509,대구,수성구,194152,197192,2821,3618
2025,9,202509,대구,중구,52137,53424,1001,1389
2025,9,202509,대전,대덕구,72316,74295,1890,2482
2025,9,202509,대전,동구,79202,82191,2184,2692
2025,9,202509,대전,서구,189028,215688,3788,4564
2025,9,202509,대전,유성구,177261,179958,2902,3366
2025,9,202509,대전,중구,85143,87550,2288,2751
2025,9,202509,부산,강서구,71838,73902,1548,1977
2025,9,202509,부산,금정구,64364,66884,1892,2897
2025,9,202509,부산,기장군,75729,76667,1875,2466
2025,9,202509,부산,남구,81470,84394,1935,2466
2025,9,202509,부산,동구,44941,46085,781,1005
2025,9,202509,부산,동래구,88591,90356,1785,2167
2025,9,202509,부산,부산진구,124405,156657,2509,3143
2025,9,202509,부산,북구,86736,88344,1977,2339
2025,9,202509,부산,사상구,65886,68257,1956,2221
2025,9,202509,부산,사하구,92131,95754,2497,2890
2025,9,202509,부산,서구,26440,26870,819,868
2025,9,202509,부산,수영구,56853,124212,1346,2124
2025,9,202509,부산,연제구,115844,140716,1625,2862
2025,9,202509,부산,영도구,26194,27507,879,1248
2025,9,202509,부산,중구,36333,36613,457,523
2025,9,202509,부산,해운대구,145310,147511,2705,2991
2025,9,202509,서울,강남구,217945,231300,3776,4372
2025,9,202509,서울,강동구,145166,150246,3123,3785
2025,9,202509,서울,강북구,59460,61695,1941,2724
2025,9,202509,서울,강서구,165541,174259,3901,5312
2025,9,202509,서울,관악구,98631,101763,2696,3093
2025,9,202509,서울,광진구,80183,83281,1898,2268
2025,9,202509,서울,구로구,114418,122887,3523,4140
2025,9,202509,서울,금천구,71474,74287,2321,2789
2025,9,202509,서울,노원구,128177,133845,2950,3717
2025,9,202509,서울,도봉구,76050,80648,2059,2671
2025,9,202509,서울,동대문구,86937,89780,2334,2522
2025,9,202509,서울,동작구,94054,95420,1993,2165
2025,9,202509,서울,마포구,101282,105550,2301,2972
2025,9,202509,서울,서대문구,77344,80963,1857,2359
2025,9,202509,서울,서초구,155300,158549,2751,3519
2025,9,202509,서울,성동구,82548,91582,1626,2605
2025,9,202509,서울,성북구,106450,108557,2538,3676
2025,9,202509,서울,송파구,205746,213496,3694,5371
2025,9,202509,서울,양천구,126203,131198,2800,3600
2025,9,202509,서울,영등포구,117815,120678,3314,3576
2025,9,202509,서울,용산구,63021,64394,1635,1827
2025,9,202509,서울,은평구,113578,117858,2694,3494
2025,9,202509,서울,종로구,39007,40942,1299,2983
2025,9,202509,서울,중구,39429,41019,1674,2783
2025,9,202509,서울,중랑구,91343,97380,2711,3329
2025,9,202509,세종,세종시,180290,183086,2995,3874
2025,9,202509,울산,남구,140395,143522,2510,3304
2025,9,202509,울산,동구,58843,59675,1107,1294
2025,9,202509,울산,북구,111162,112748,1943,2290
2025,9,202509,울산,울주군,110954,112237,2492,3269
2025,9,202509,울산,중구,91333,92629,1737,2133
2025,9,202509,인천,강화군,28162,31519,1056,1389
2025,9,202509,인천,계양구,95422,223668,2899,4733
2025,9,202509,인천,남동구,221851,239591,4561,5802
2025,9,202509,인천,동구,19669,20603,787,897
2025,9,202509,인천,미추홀구,145330,158710,3798,3968
2025,9,202509,인천,부평구,199783,231996,4044,5159
2025,9,202509,인천,서구,274382,279896,5891,7384
2025,9,202509,인천,연수구,214191,219965,2934,3738
2025,9,202509,인천,옹진군,8799,29791,510,1007
2025,9,202509,인천,중구,75307,76548,1748,2683
2025,9,202509,전남,강진군,12530,12775,450,587
2025,9,202509,전남,고흥군,21497,21773,970,1140
2025,9,202509,전남,곡성군,11014,11192,399,495
2025,9,202509,전남,광양시,79794,80530,2049,2411
2025,9,202509,전남,구례군,9430,9643,369,463
2025,9,202509,전남,나주시,54184,55064,1810,2294
2025,9,202509,전남,담양군,20488,20916,727,1058
2025,9,202509,전남,목포시,82078,84468,2448,2984
2025,9,202509,전남,무안군,43304,43725,1406,1671
2025,9,202509,전남,보성군,14220,14454,714,833
2025,9,202509,전남,순천시,125866,128044,2796,3521
2025,9,202509,전남,신안군,14794,126826,644,2955
2025,9,202509,전남,여수시,113909,116382,2957,3833
2025,9,202509,전남,영광군,22586,22883,748,898
2025,9,202509,전남,영암군,24554,24732,1145,1291
2025,9,202509,전남,완도군,16443,16741,667,831
2025,9,202509,전남,장성군,20123,20387,711,843
2025,9,202509,전남,장흥군,13723,13900,525,646
2025,9,202509,전남,진도군,11458,11630,500,608
2025,9,202509,전남,함평군,12448,18182,481,641
2025,9,202509,전남,해남군,24993,120050,1568,2458
2025,9,202509,전남,화순군,26146,26718,880,1754
2025,9,202509,전북,고창군,20560,20835,1245,1405
2025,9,202509,전북,군산시,117686,119845,2821,3456
2025,9,202509,전북,김제시,35619,36245,1460,1671
2025,9,202509,전북,남원시,30009,30564,1105,1385
2025,9,202509,전북,무주군,9078,9206,450,549
2025,9,202509,전북,부안군,19197,19477,769,943
2025,9,202509,전북,순창군,10671,10868,373,453
2025,9,202509,전북,완주군,48298,48651,1548,2096
2025,9,202509,전북,익산시,116302,118307,3649,4268
2025,9,202509,전북,임실군,9854,9995,396,528
2025,9,202509,전북,장수군,7975,8082,328,393
2025,9,202509,전북,전주시,286869,292331,6079,7849
2025,9,202509,전북,정읍시,41686,42419,1477,1777
2025,9,202509,전북,진안군,9848,10061,386,537
2025,9,202509,제주,서귀포시,77614,78788,2734,3011
2025,9,202509,제주,제주시,255194,530258,6706,13326
2025,9,202509,충남,계룡시,23559,23701,531,670
2025,9,202509,충남,공주시,42752,44287,1464,1968
2025,9,202509,충남,금산군,20898,23575,939,1183
2025,9,202509,충남,논산시,46198,47218,1950,2368
2025,9,202509,충남,당진시,88077,89047,2272,2702
2025,9,202509,충남,보령시,40368,41049,1329,1577
2025,9,202509,충남,부여군,23300,23586,1039,1436
2025,9,202509,충남,서산시,82334,83429,2335,2907
2025,9,202509,충남,서천군,19757,19977,654,804
2025,9,202509,충남,아산시,178458,180612,4364,5005
2025,9,202509,충남,예산군,35907,36346,1333,1760
2025,9,202509,충남,천안시,307247,311007,7694,9484
2025,9,202509,충남,청양군,11542,11691,421,541
2025,9,202509,충남,태안군,24933,25203,932,1113
2025,9,202509,충남,홍성군,44554,45119,1326,1631
2025,9,202509,충북,괴산군,15597,15815,723,835
2025,9,202509,충북,단양군,11214,11384,434,568
2025,9,202509,충북,보은군,12445,12631,572,717
2025,9,202509,충북,영동군,17623,17839,637,789
2025,9,202509,충북,옥천군,20713,20959,772,920
2025,9,202509,충북,음성군,50035,50400,2001,2275
2025,9,202509,충북,제천시,55521,56332,1577,1839
2025,9,202509,충북,증평군,17609,17798,505,567
2025,9,202509,충북,진천군,45980,46335,1385,1534
2025,9,202509,충북,청주시,397953,407669,8953,11884
2025,9,202509,충북,충주시,96630,98232,2713,3274
2025,10,202510,강원,강릉시,95084,97428,2359,3003
2025,10,202510,강원,고성군,12000,12162,427,510
2025,10,202510,강원,동해시,40042,40866,1127,1377
2025,10,202510,강원,삼척시,26607,27203,745,962
2025,10,202510,강원,속초시,34315,35270,1005,1223
2025,10,202510,강원,양구군,9041,9157,271,356
2025,10,202510,강원,양양군,12653,12894,378,444
2025,10,202510,강원,영월군,15195,15483,586,728
2025,10,202510,강원,원주시,164468,167229,3973,4644
2025,10,202510,강원,인제군,14721,14861,424,539
2025,10,202510,강원,정선군,14518,14846,504,685
2025,10,202510,강원,철원군,17239,17506,607,736
2025,10,202510,강원,춘천시,122750,125410,2923,3825
2025,10,202510,강원,태백시,16208,16638,560,740
2025,10,202510,강원,평창군,17823,18150,717,868
2025,10,202510,강원,홍천군,28441,28822,1096,1483
2025,10,202510,강원,화천군,9945,10059,266,368
2025,10,202510,강원,횡성군,19768,20409,793,940
2025,10,202510,경기,가평군,25876,26195,1024,1264
2025,10,202510,경기,고양시,394795,403010,7841,9733
2025,10,202510,경기,과천시,29265,30053,488,629
2025,10,202510,경기,광명시,93886,95637,2138,2601
2025,10,202510,경기,광주시,174538,175783,4418,6815
2025,10,202510,경기,구리시,61642,62874,1381,1735
2025,10,202510,경기,군포시,86464,87411,1875,2120
2025,10,202510,경기,김포시,203216,207053,4572,6377
2025,10,202510,경기,남양주시,271375,273919,6519,7711
2025,10,202510,경기,동두천시,32061,32824,1134,1250
2025,10,202510,경기,부천시,252824,258554,6904,8275
2025,10,202510,경기,성남시,314487,322603,6015,8106
2025,10,202510,경기,수원시,497779,509687,10972,13700
2025,10,202510,경기,시흥시,228190,230179,5832,6428
2025,10,202510,경기,안산시,259205,268370,8131,10110
2025,10,202510,경기,안성시,97436,98354,2873,3532
2025,10,202510,경기,안양시,197322,201155,3919,5570
2025,10,202510,경기,양주시,121924,122795,3523,4142
2025,10,202510,경기,양평군,54561,55243,1562,2174
2025,10,202510,경기,여주시,54164,54707,1900,2640
2025,10,202510,경기,연천군,18085,18584,677,1010
2025,10,202510,경기,오산시,111898,113288,2600,3221
2025,10,202510,경기,용인시,461070,467671,8406,11027
2025,10,202510,경기,의왕시,61446,61981,1149,1437
2025,10,202510,경기,의정부시,153560,155697,4123,4811
2025,10,202510,경기,이천시,104679,105792,3071,4043
2025,10,202510,경기,파주시,221407,224171,5126,7853
2025,10,202510,경기,평택시,298037,302157,7127,9443
2025,10,202510,경기,포천시,67143,72452,2550,3408
2025,10,202510,경기,하남시,123395,124599,2283,2726
2025,10,202510,경기,화성시,471608,474615,9501,12537
2025,10,202510,경남,거제시,97352,98498,2619,3170
2025,10,202510,경남,거창군,25164,25449,830,1074
2025,10,202510,경남,고성군,19742,19993,661,814
2025,10,202510,경남,김해시,250961,253454,5775,6539
2025,10,202510,경남,남해군,14547,14794,508,667
2025,10,202510,경남,밀양시,44186,44773,1303,1590
2025,10,202510,경남,사천시,49371,50115,1375,1653
2025,10,202510,경남,산청군,13935,14079,473,588
2025,10,202510,경남,양산시,158202,159425,3964,4788
2025,10,202510,경남,의령군,10522,10638,348,438
2025,10,202510,경남,진주시,145319,148247,3044,4304
2025,10,202510,경남,창녕군,25198,25455,948,1129
2025,10,202510,경남,창원시,540982,621465,9296,12091
2025,10,202510,경남,통영시,43304,44065,1519,1848
2025,10,202510,경남,하동군,16365,16514,507,625
2025,10,202510,경남,함안군,33775,60910,972,1322
2025,10,202510,경남,함양군,14039,32620,464,671
2025,10,202510,경남,합천군,15899,16142,566,705
2025,10,202510,경북,경산시,120461,121511,2900,3388
2025,10,202510,경북,경주시,121332,123196,3555,4218
2025,10,202510,경북,고령군,14602,14699,633,721
2025,10,202510,경북,구미시,195893,198504,4687,5594
2025,10,202510,경북,김천시,59578,60306,1894,2245
2025,10,202510,경북,문경시,27405,27884,1147,1319
2025,10,202510,경북,봉화군,11135,11277,398,494
2025,10,202510,경북,상주시,37479,37978,1533,1899
2025,10,202510,경북,성주군,20417,20609,760,851
2025,10,202510,경북,안동시,66190,67435,2067,2645
2025,10,202510,경북,영덕군,13173,13343,585,687
2025,10,202510,경북,영양군,6301,6402,270,333
2025,10,202510,경북,영주시,41737,42330,1502,1712
2025,10,202510,경북,영천시,45118,45612,1663,1976
2025,10,202510,경북,예천군,23483,23765,693,838
2025,10,202510,경북,울릉군,4351,4707,260,487
2025,10,202510,경북,울진군,21148,21391,591,739
2025,10,202510,경북,의성군,19868,20039,824,977
2025,10,202510,경북,청도군,18057,18299,615,711
2025,10,202510,경북,청송군,10198,10297,463,570
2025,10,202510,경북,칠곡군,55742,56123,1713,2112
2025,10,202510,경북,포항시,235732,239519,5505,6777
2025,10,202510,광주,광산구,176076,180293,3949,4481
2025,10,202510,광주,남구,84385,85321,1736,2241
2025,10,202510,광주,동구,42386,42901,865,1032
2025,10,202510,광주,북구,174197,178903,3599,4792
2025,10,202510,광주,서구,126316,130360,2828,3313
2025,10,202510,대구,군위군,10109,10226,359,416
2025,10,202510,대구,남구,47799,48785,1170,1514
2025,10,202510,대구,달서구,238394,256141,4328,5168
2025,10,202510,대구,달성군,117688,119297,2680,3295
2025,10,202510,대구,동구,141445,145840,3057,3884
2025,10,202510,대구,북구,170339,173055,3432,4203
2025,10,202510,대구,서구,60277,63457,1565,1804
2025,10,202510,대구,수성구,195580,198671,2822,3621
2025,10,202510,대구,중구,51769,53050,1001,1385
2025,10,202510,대전,대덕구,72204,74196,1868,2460
2025,10,202510,대전,동구,79232,82217,2159,2657
2025,10,202510,대전,서구,189089,216291,3792,4573
2025,10,202510,대전,유성구,177200,179877,2883,3345
2025,10,202510,대전,중구,85194,87634,2282,2745
2025,10,202510,부산,강서구,72194,74171,1551,1977
2025,10,202510,부산,금정구,64346,66878,1875,2885
2025,10,202510,부산,기장군,75595,76536,1877,2472
2025,10,202510,부산,남구,81340,84304,1929,2463
2025,10,202510,부산,동구,44672,45803,779,1003
2025,10,202510,부산,동래구,88467,90226,1769,2151
2025,10,202510,부산,부산진구,124568,157142,2493,3125
2025,10,202510,부산,북구,86664,88278,1963,2327
2025,10,202510,부산,사상구,65718,68094,1942,2211
2025,10,202510,부산,사하구,92003,95624,2489,2880
2025,10,202510,부산,서구,26454,26884,813,862
2025,10,202510,부산,수영구,56879,123811,1341,2105
2025,10,202510,부산,연제구,115776,140741,1631,2882
2025,10,202510,부산,영도구,26197,27517,870,1237
2025,10,202510,부산,중구,36553,36833,451,518
2025,10,202510,부산,해운대구,143249,145442,2676,2960
2025,10,202510,서울,강남구,217913,230968,3784,4377
2025,10,202510,서울,강동구,145169,150223,3097,3758
2025,10,202510,서울,강북구,59415,61653,1924,2709
2025,10,202510,서울,강서구,164985,173659,3859,5269
2025,10,202510,서울,관악구,98611,101735,2675,3074
2025,10,202510,서울,광진구,80112,83205,1884,2255
2025,10,202510,서울,구로구,114309,122956,3500,4125
2025,10,202510,서울,금천구,71505,74315,2306,2773
2025,10,202510,서울,노원구,128166,133813,2920,3686
2025,10,202510,서울,도봉구,75980,80573,2052,2662
2025,10,202510,서울,동대문구,86924,89780,2306,2493
2025,10,202510,서울,동작구,94031,95389,1968,2140
2025,10,202510,서울,마포구,101236,105474,2279,2948
2025,10,202510,서울,서대문구,77372,81010,1839,2343
2025,10,202510,서울,서초구,155573,158837,2739,3504
2025,10,202510,서울,성동구,82602,91396,1619,2596
2025,10,202510,서울,성북구,106361,108466,2517,3651
2025,10,202510,서울,송파구,205535,213301,3677,5350
2025,10,202510,서울,양천구,126213,131221,2777,3583
2025,10,202510,서울,영등포구,117588,120440,3298,3558
2025,10,202510,서울,용산구,62997,64383,1621,1813
2025,10,202510,서울,은평구,113410,117683,2678,3477
2025,10,202510,서울,종로구,39011,40943,1292,2986
2025,10,202510,서울,중구,39256,40809,1662,2804
2025,10,202510,서울,중랑구,91332,97361,2689,3305
2025,10,202510,세종,세종시,180490,183509,2983,3869
2025,10,202510,울산,남구,140560,143769,2513,3307
2025,10,202510,울산,동구,58854,59676,1098,1285
2025,10,202510,울산,북구,111094,112674,1940,2292
2025,10,202510,울산,울주군,111161,112488,2489,3268
2025,10,202510,울산,중구,91295,92595,1728,2128
2025,10,202510,인천,강화군,28130,31374,1059,1393
2025,10,202510,인천,계양구,95562,219653,2884,4704
2025,10,202510,인천,남동구,222486,240497,4520,5758
2025,10,202510,인천,동구,19579,20511,783,893
2025,10,202510,인천,미추홀구,145029,158322,3780,3950
2025,10,202510,인천,부평구,199244,231055,4032,5145
2025,10,202510,인천,서구,276205,281723,5898,7400
2025,10,202510,인천,연수구,214533,220326,2912,3716
2025,10,202510,인천,옹진군,8796,33804,511,1049
2025,10,202510,인천,중구,75626,76905,1750,2685
2025,10,202510,전남,강진군,12555,12801,451,586
2025,10,202510,전남,고흥군,21506,21781,969,1137
2025,10,202510,전남,곡성군,11085,11261,407,502
2025,10,202510,전남,광양시,79784,80521,2032,2395
2025,10,202510,전남,구례군,9427,9642,369,463
2025,10,202510,전남,나주시,54307,55190,1806,2288
2025,10,202510,전남,담양군,20494,20920,720,1049
2025,10,202510,전남,목포시,81737,84128,2434,2972
2025,10,202510,전남,무안군,43370,43791,1387,1651
2025,10,202510,전남,보성군,14250,14485,711,830
2025,10,202510,전남,순천시,126143,128307,2798,3524
2025,10,202510,전남,신안군,15239,127715,649,2944
2025,10,202510,전남,여수시,113833,116300,2951,3828
2025,10,202510,전남,영광군,22612,22910,745,896
2025,10,202510,전남,영암군,24577,24755,1143,1291
2025,10,202510,전남,완도군,16482,16779,665,835
2025,10,202510,전남,장성군,20112,20376,711,843
2025,10,202510,전남,장흥군,13745,13922,520,645
2025,10,202510,전남,진도군,11420,11595,498,605
2025,10,202510,전남,함평군,12434,18212,491,651
2025,10,202510,전남,해남군,25061,120612,1589,2466
2025,10,202510,전남,화순군,26137,26697,872,1759
2025,10,202510,전북,고창군,20595,20870,1249,1408
2025,10,202510,전북,군산시,117910,120059,2808,3445
2025,10,202510,전북,김제시,35767,36396,1435,1642
2025,10,202510,전북,남원시,29948,30498,1105,1385
2025,10,202510,전북,무주군,9081,9209,449,547
2025,10,202510,전북,부안군,19185,19463,767,941
2025,10,202510,전북,순창군,10883,11082,369,450
2025,10,202510,전북,완주군,48357,48711,1536,2088
2025,10,202510,전북,익산시,116307,118348,3621,4246
2025,10,202510,전북,임실군,9855,9996,392,524
2025,10,202510,전북,장수군,7986,8094,326,390
2025,10,202510,전북,전주시,286649,292157,6049,7823
2025,10,202510,전북,정읍시,41758,42483,1474,1778
2025,10,202510,전북,진안군,9870,10041,384,530
2025,10,202510,제주,서귀포시,77546,78713,2709,2985
2025,10,202510,제주,제주시,255963,530738,6710,13300
2025,10,202510,충남,계룡시,23544,23686,515,655
2025,10,202510,충남,공주시,42785,44324,1461,1967
2025,10,202510,충남,금산군,20884,23626,927,1172
2025,10,202510,충남,논산시,46199,47216,1942,2359
2025,10,202510,충남,당진시,88239,89218,2275,2705
2025,10,202510,충남,보령시,40387,41066,1325,1572
2025,10,202510,충남,부여군,23303,23591,1038,1433
2025,10,202510,충남,서산시,82347,83434,2328,2900
2025,10,202510,충남,서천군,19760,19980,652,804
2025,10,202510,충남,아산시,178586,180739,4364,5009
2025,10,202510,충남,예산군,35927,36365,1323,1749
2025,10,202510,충남,천안시,307177,310934,7650,9443
2025,10,202510,충남,청양군,11690,11838,423,543
2025,10,202510,충남,태안군,24972,25247,926,1104
2025,10,202510,충남,홍성군,44630,45193,1326,1632
2025,10,202510,충북,괴산군,15588,15806,722,834
2025,10,202510,충북,단양군,11226,11394,433,566
2025,10,202510,충북,보은군,12448,12634,572,717
2025,10,202510,충북,영동군,17651,17866,634,786
2025,10,202510,충북,옥천군,20762,21020,775,923
2025,10,202510,충북,음성군,50190,50554,2005,2277
2025,10,202510,충북,제천시,55628,56442,1582,1843
2025,10,202510,충북,증평군,17605,17793,505,567
2025,10,202510,충북,진천군,46088,46443,1379,1529
2025,10,202510,충북,청주시,398020,407676,8928,11864
2025,10,202510,충북,충주시,96634,98209,2702,3264
2025,11,202511,강원,강릉시,94945,97283,2349,2993
2025,11,202511,강원,고성군,12029,12191,425,508
2025,11,202511,강원,동해시,39974,40803,1127,1375
2025,11,202511,강원,삼척시,26586,27184,738,954
2025,11,202511,강원,속초시,34317,35229,1005,1226
2025,11,202511,강원,양구군,9026,9138,274,359
2025,11,202511,강원,양양군,12675,12938,376,442
2025,11,202511,강원,영월군,15163,15444,582,724
2025,11,202511,강원,원주시,164473,167231,3970,4640
2025,11,202511,강원,인제군,14702,14842,420,539
2025,11,202511,강원,정선군,15135,15463,509,689
2025,11,202511,강원,철원군,17316,17583,609,738
2025,11,202511,강원,춘천시,123008,125627,2910,3814
2025,11,202511,강원,태백시,16131,16555,555,735
2025,11,202511,강원,평창군,17827,18153,724,868
2025,11,202511,강원,홍천군,28424,28803,1093,1478
2025,11,202511,강원,화천군,9919,10033,265,368
2025,11,202511,강원,횡성군,19773,20412,790,939
2025,11,202511,경기,가평군,25849,26168,1018,1259
2025,11,202511,경기,고양시,394865,403017,7814,9704
2025,11,202511,경기,과천시,29269,30060,484,625
2025,11,202511,경기,광명시,94439,96159,2133,2597
2025,11,202511,경기,광주시,174438,175692,4405,6815
2025,11,202511,경기,구리시,61732,62985,1379,1736
2025,11,202511,경기,군포시,86489,87439,1866,2118
2025,11,202511,경기,김포시,203447,207319,4545,6344
2025,11,202511,경기,남양주시,271427,273984,6488,7683
2025,11,202511,경기,동두천시,32072,32840,1137,1253
2025,11,202511,경기,부천시,252840,258565,6867,8219
2025,11,202511,경기,성남시,314806,322874,5970,8076
2025,11,202511,경기,수원시,500452,513609,10903,13646
2025,11,202511,경기,시흥시,228618,230621,5783,6365
2025,11,202511,경기,안산시,259812,269369,8118,10098
2025,11,202511,경기,안성시,97743,98659,2852,3510
2025,11,202511,경기,안양시,197400,201167,3893,5510
2025,11,202511,경기,양주시,122215,123092,3501,4126
2025,11,202511,경기,양평군,54638,55321,1561,2171
2025,11,202511,경기,여주시,54238,54790,1895,2628
2025,11,202511,경기,연천군,18450,19063,679,1016
2025,11,202511,경기,오산시,112290,113674,2586,3216
2025,11,202511,경기,용인시,461394,468051,8368,11022
2025,11,202511,경기,의왕시,61795,62331,1148,1436
2025,11,202511,경기,의정부시,153684,155801,4086,4772
2025,11,202511,경기,이천시,104747,105875,3050,4037
2025,11,202511,경기,파주시,221780,224728,5111,7841
2025,11,202511,경기,평택시,299690,303849,7129,9447
2025,11,202511,경기,포천시,67176,73330,2526,3383
2025,11,202511,경기,하남시,123492,124675,2274,2714
2025,11,202511,경기,화성시,472283,475239,9483,12526
2025,11,202511,경남,거제시,97336,98469,2606,3157
2025,11,202511,경남,거창군,25167,25453,825,1071
2025,11,202511,경남,고성군,19747,19995,661,816
2025,11,202511,경남,김해시,251146,253624,5753,6522
2025,11,202511,경남,남해군,14916,15162,510,670
2025,11,202511,경남,밀양시,44195,44781,1303,1591
2025,11,202511,경남,사천시,49412,50136,1365,1644
2025,11,202511,경남,산청군,13917,14061,469,585
2025,11,202511,경남,양산시,158548,159768,3942,4767
2025,11,202511,경남,의령군,10537,10647,349,440
2025,11,202511,경남,진주시,145320,148250,3025,4286
2025,11,202511,경남,창녕군,25194,25463,943,1129
2025,11,202511,경남,창원시,540928,619201,9240,12016
2025,11,202511,경남,통영시,43355,44113,1504,1834
2025,11,202511,경남,하동군,16366,16514,505,623
2025,11,202511,경남,함안군,33818,62249,972,1315
2025,11,202511,경남,함양군,14053,32902,462,672
2025,11,202511,경남,합천군,15914,16148,565,702
2025,11,202511,경북,경산시,120388,121436,2886,3385
2025,11,202511,경북,경주시,121486,123333,3541,4203
2025,11,202511,경북,고령군,14601,14698,634,722
2025,11,202511,경북,구미시,196075,198680,4671,5579
2025,11,202511,경북,김천시,59653,60390,1882,2233
2025,11,202511,경북,문경시,27399,27878,1143,1315
2025,11,202511,경북,봉화군,11201,11342,398,494
2025,11,202511,경북,상주시,37525,38019,1534,1900
2025,11,202511,경북,성주군,20454,20646,759,847
2025,11,202511,경북,안동시,66300,67553,2055,2637
2025,11,202511,경북,영덕군,13153,13321,588,691
2025,11,202511,경북,영양군,6548,6649,273,336
2025,11,202511,경북,영주시,41718,42306,1495,1702
2025,11,202511,경북,영천시,45094,45583,1662,1970
2025,11,202511,경북,예천군,23523,23803,692,836
2025,11,202511,경북,울릉군,4316,4618,255,477
2025,11,202511,경북,울진군,21197,21440,587,735
2025,11,202511,경북,의성군,19893,20065,832,979
2025,11,202511,경북,청도군,18088,18330,619,716
2025,11,202511,경북,청송군,10189,10287,467,574
2025,11,202511,경북,칠곡군,55766,56147,1712,2115
2025,11,202511,경북,포항시,236008,239757,5495,6766
2025,11,202511,광주,광산구,176100,180328,3955,4490
2025,11,202511,광주,남구,84428,85363,1714,2217
2025,11,202511,광주,동구,42476,42988,862,1030
2025,11,202511,광주,북구,174021,178722,3580,4772
2025,11,202511,광주,서구,126660,130649,2837,3321
2025,11,202511,대구,군위군,10142,10260,359,415
2025,11,202511,대구,남구,47834,48820,1160,1506
2025,11,202511,대구,달서구,238729,257328,4332,5169
2025,11,202511,대구,달성군,117713,119316,2656,3269
2025,11,202511,대구,동구,141905,146319,3055,3882
2025,11,202511,대구,북구,170356,173061,3417,4189
2025,11,202511,대구,서구,60685,63860,1560,1804
2025,11,202511,대구,수성구,195236,198260,2818,3612
2025,11,202511,대구,중구,51435,52713,1001,1385
2025,11,202511,대전,대덕구,72197,74190,1855,2447
2025,11,202511,대전,동구,79157,82178,2146,2645
2025,11,202511,대전,서구,189131,216686,3767,4555
2025,11,202511,대전,유성구,177787,180411,2883,3341
2025,11,202511,대전,중구,85207,87640,2263,2728
2025,11,202511,부산,강서구,72613,74538,1551,1976
2025,11,202511,부산,금정구,64349,66876,1866,2874
2025,11,202511,부산,기장군,75643,76583,1880,2475
2025,11,202511,부산,남구,81489,84377,1914,2450
2025,11,202511,부산,동구,44586,45716,770,994
2025,11,202511,부산,동래구,88598,90367,1767,2151
2025,11,202511,부산,부산진구,124924,157626,2486,3113
2025,11,202511,부산,북구,86660,88253,1946,2307
2025,11,202511,부산,사상구,65790,68183,1938,2205
2025,11,202511,부산,사하구,92016,95638,2477,2867
2025,11,202511,부산,서구,26470,26898,807,856
2025,11,202511,부산,수영구,56944,123379,1336,2085
2025,11,202511,부산,연제구,116280,141471,1627,2880
2025,11,202511,부산,영도구,26199,27522,874,1241
2025,11,202511,부산,중구,36860,37139,448,514
2025,11,202511,부산,해운대구,142637,144814,2659,2947
2025,11,202511,서울,강남구,218764,231447,3755,4346
2025,11,202511,서울,강동구,145267,150377,3078,3737
2025,11,202511,서울,강북구,59388,61628,1906,2692
2025,11,202511,서울,강서구,165284,173887,3853,5255
2025,11,202511,서울,관악구,98593,101715,2651,3051
2025,11,202511,서울,광진구,80083,83163,1869,2237
2025,11,202511,서울,구로구,114160,122815,3466,4097
2025,11,202511,서울,금천구,71493,74361,2281,2748
2025,11,202511,서울,노원구,128187,133875,2915,3679
2025,11,202511,서울,도봉구,75974,80572,2038,2646
2025,11,202511,서울,동대문구,86909,89759,2289,2476
2025,11,202511,서울,동작구,93923,95287,1972,2144
2025,11,202511,서울,마포구,101304,105485,2269,2937
2025,11,202511,서울,서대문구,77418,81058,1826,2330
2025,11,202511,서울,서초구,155650,158951,2733,3495
2025,11,202511,서울,성동구,82748,91099,1629,2604
2025,11,202511,서울,성북구,106425,108540,2503,3638
2025,11,202511,서울,송파구,205367,213129,3644,5321
2025,11,202511,서울,양천구,126271,131293,2761,3568
2025,11,202511,서울,영등포구,117654,120542,3264,3523
2025,11,202511,서울,용산구,62928,64311,1619,1810
2025,11,202511,서울,은평구,113294,117579,2650,3446
2025,11,202511,서울,종로구,39024,40941,1285,2978
2025,11,202511,서울,중구,39183,40710,1655,2793
2025,11,202511,서울,중랑구,91403,97416,2679,3293
2025,11,202511,세종,세종시,180580,183776,2967,3861
2025,11,202511,울산,남구,140659,143823,2491,3287
2025,11,202511,울산,동구,58894,59710,1095,1284
2025,11,202511,울산,북구,111131,112710,1922,2276
2025,11,202511,울산,울주군,111352,112683,2489,3267
2025,11,202511,울산,중구,91459,92757,1730,2131
2025,11,202511,인천,강화군,28151,31144,1055,1387
2025,11,202511,인천,계양구,95651,216509,2874,4693
2025,11,202511,인천,남동구,222325,240674,4493,5721
2025,11,202511,인천,동구,19552,20481,784,893
2025,11,202511,인천,미추홀구,144731,157939,3761,3932
2025,11,202511,인천,부평구,198465,229248,4019,5125
2025,11,202511,인천,서구,277167,283284,5863,7360
2025,11,202511,인천,연수구,214961,220764,2913,3716
2025,11,202511,인천,옹진군,8857,36661,514,1088
2025,11,202511,인천,중구,75966,77244,1743,2676
2025,11,202511,전남,강진군,12578,12822,448,580
2025,11,202511,전남,고흥군,21518,21792,975,1142
2025,11,202511,전남,곡성군,11161,11336,408,502
2025,11,202511,전남,광양시,79810,80549,2027,2391
2025,11,202511,전남,구례군,9436,9655,367,460
2025,11,202511,전남,나주시,54365,55236,1804,2285
2025,11,202511,전남,담양군,20504,20925,711,1041
2025,11,202511,전남,목포시,81258,83633,2408,2946
2025,11,202511,전남,무안군,43402,43822,1396,1662
2025,11,202511,전남,보성군,14268,14505,717,833
2025,11,202511,전남,순천시,126489,128623,2780,3512
2025,11,202511,전남,신안군,16066,130355,650,2946
2025,11,202511,전남,여수시,113837,116264,2945,3819
2025,11,202511,전남,영광군,22660,22957,744,893
2025,11,202511,전남,영암군,24642,24821,1142,1289
2025,11,202511,전남,완도군,16490,16787,672,842
2025,11,202511,전남,장성군,20198,20463,711,843
2025,11,202511,전남,장흥군,13760,13937,517,638
2025,11,202511,전남,진도군,11415,11590,502,610
2025,11,202511,전남,함평군,12490,18301,490,650
2025,11,202511,전남,해남군,25144,120974,1600,2446
2025,11,202511,전남,화순군,26199,26763,872,1761
2025,11,202511,전북,고창군,20559,20835,1228,1388
2025,11,202511,전북,군산시,118003,120133,2795,3426
2025,11,202511,전북,김제시,35867,36498,1439,1639
2025,11,202511,전북,남원시,29951,30498,1101,1380
2025,11,202511,전북,무주군,9099,9228,442,540
2025,11,202511,전북,부안군,19175,19450,758,932
2025,11,202511,전북,순창군,11163,11362,373,454
2025,11,202511,전북,완주군,48510,48863,1535,2086
2025,11,202511,전북,익산시,116403,118412,3609,4234
2025,11,202511,전북,임실군,9860,10001,394,524
2025,11,202511,전북,장수군,7995,8103,323,387
2025,11,202511,전북,전주시,286260,291740,6012,7783
2025,11,202511,전북,정읍시,41802,42526,1481,1785
2025,11,202511,전북,진안군,9905,10077,392,538
2025,11,202511,제주,서귀포시,77586,78756,2708,2980
2025,11,202511,제주,제주시,256822,535327,6693,13312
2025,11,202511,충남,계룡시,23507,23648,516,656
2025,11,202511,충남,공주시,42750,44300,1456,1962
2025,11,202511,충남,금산군,20920,23706,927,1172
2025,11,202511,충남,논산시,46291,47309,1939,2355
2025,11,202511,충남,당진시,88538,89512,2266,2696
2025,11,202511,충남,보령시,40385,41064,1316,1563
2025,11,202511,충남,부여군,23318,23606,1030,1424
2025,11,202511,충남,서산시,82454,83527,2319,2890
2025,11,202511,충남,서천군,19754,19976,656,808
2025,11,202511,충남,아산시,178878,181019,4331,4973
2025,11,202511,충남,예산군,35976,36414,1328,1754
2025,11,202511,충남,천안시,307583,311359,7597,9401
2025,11,202511,충남,청양군,12024,12172,421,541
2025,11,202511,충남,태안군,24946,25220,927,1097
2025,11,202511,충남,홍성군,44738,45299,1322,1626
2025,11,202511,충북,괴산군,15638,15849,719,833
2025,11,202511,충북,단양군,11239,11410,431,563
2025,11,202511,충북,보은군,12472,12654,572,717
2025,11,202511,충북,영동군,17663,17876,637,789
2025,11,202511,충북,옥천군,20836,21100,760,913
2025,11,202511,충북,음성군,50624,50985,2000,2269
2025,11,202511,충북,제천시,55630,56441,1580,1841
2025,11,202511,충북,증평군,17647,17833,500,562
2025,11,202511,충북,진천군,46026,46380,1382,1531
2025,11,202511,충북,청주시,398388,408035,8879,11808
2025,11,202511,충북,충주시,96580,98128,2690,3246
2025,12,202512,강원,강릉시,94860,97242,2345,2985
2025,12,202512,강원,고성군,12041,12217,424,505
2025,12,202512,강원,동해시,39958,40789,1121,1365
2025,12,202512,강원,삼척시,26587,27186,735,946
2025,12,202512,강원,속초시,34270,35173,1006,1226
2025,12,202512,강원,양구군,9024,9134,272,361
2025,12,202512,강원,양양군,12699,12925,369,433
2025,12,202512,강원,영월군,15122,15407,580,716
2025,12,202512,강원,원주시,164693,167460,3955,4622
2025,12,202512,강원,인제군,14738,14876,419,535
2025,12,202512,강원,정선군,15406,15740,513,687
2025,12,202512,강원,철원군,17360,17627,609,737
2025,12,202512,강원,춘천시,123099,125724,2905,3798
2025,12,202512,강원,태백시,16118,16544,558,744
2025,12,202512,강원,평창군,17816,18145,712,857
2025,12,202512,강원,홍천군,28488,28875,1094,1475
2025,12,202512,강원,화천군,9920,10034,265,367
2025,12,202512,강원,횡성군,19764,20405,786,930
2025,12,202512,경기,가평군,25819,26135,1011,1244
2025,12,202512,경기,고양시,394898,402999,7771,9650
2025,12,202512,경기,과천시,29311,30103,486,627
2025,12,202512,경기,광명시,95560,97287,2151,2615
2025,12,202512,경기,광주시,174519,175785,4399,6824
2025,12,202512,경기,구리시,61754,63004,1373,1728
2025,12,202512,경기,군포시,86379,87323,1847,2099
2025,12,202512,경기,김포시,203469,207158,4514,6293
2025,12,202512,경기,남양주시,271422,273994,6451,7640
2025,12,202512,경기,동두천시,32039,32809,1131,1247
2025,12,202512,경기,부천시,253139,258883,6834,8200
2025,12,202512,경기,성남시,314654,322872,5964,8098
2025,12,202512,경기,수원시,506232,519766,10851,13571
2025,12,202512,경기,시흥시,228702,230703,5743,6325
2025,12,202512,경기,안산시,260408,270357,8101,10090
2025,12,202512,경기,안성시,98019,98931,2847,3498
2025,12,202512,경기,안양시,197352,201085,3867,5486
2025,12,202512,경기,양주시,122424,123302,3494,4143
2025,12,202512,경기,양평군,54648,55319,1556,2160
2025,12,202512,경기,여주시,54270,54822,1896,2617
2025,12,202512,경기,연천군,18754,19382,672,1004
2025,12,202512,경기,오산시,113378,114742,2589,3219
2025,12,202512,경기,용인시,462181,468948,8310,10966
2025,12,202512,경기,의왕시,62034,62569,1140,1426
2025,12,202512,경기,의정부시,153752,155878,4056,4747
2025,12,202512,경기,이천시,104849,105974,3030,4008
2025,12,202512,경기,파주시,222356,225187,5075,7795
2025,12,202512,경기,평택시,300933,305131,7115,9450
2025,12,202512,경기,포천시,67168,73080,2529,3388
2025,12,202512,경기,하남시,123436,124633,2258,2700
2025,12,202512,경기,화성시,472911,475902,9402,12499
2025,12,202512,경남,거제시,97366,98488,2601,3140
2025,12,202512,경남,거창군,25181,25465,824,1075
2025,12,202512,경남,고성군,19724,19968,659,814
2025,12,202512,경남,김해시,251389,253851,5728,6504
2025,12,202512,경남,남해군,15112,15355,513,672
2025,12,202512,경남,밀양시,44186,44780,1294,1582
2025,12,202512,경남,사천시,49485,50221,1362,1641
2025,12,202512,경남,산청군,13962,14105,467,581
2025,12,202512,경남,양산시,158906,160136,3919,4742
2025,12,202512,경남,의령군,10558,10668,344,434
2025,12,202512,경남,진주시,145273,148163,3013,4272
2025,12,202512,경남,창녕군,25274,25540,938,1126
2025,12,202512,경남,창원시,541088,619944,9212,11977
2025,12,202512,경남,통영시,43401,44152,1509,1843
2025,12,202512,경남,하동군,16372,16518,506,622
2025,12,202512,경남,함안군,33890,61985,961,1294
2025,12,202512,경남,함양군,14071,33595,459,669
2025,12,202512,경남,합천군,15963,16197,557,694
2025,12,202512,경북,경산시,120381,121426,2879,3377
2025,12,202512,경북,경주시,121592,123444,3516,4176
2025,12,202512,경북,고령군,14594,14691,635,723
2025,12,202512,경북,구미시,196165,198742,4687,5594
2025,12,202512,경북,김천시,59558,60297,1879,2230
2025,12,202512,경북,문경시,27346,27825,1135,1304
2025,12,202512,경북,봉화군,11218,11360,398,494
2025,12,202512,경북,상주시,37557,38054,1526,1890
2025,12,202512,경북,성주군,20458,20642,762,852
2025,12,202512,경북,안동시,66292,67536,2042,2625
2025,12,202512,경북,영덕군,13186,13352,584,684
2025,12,202512,경북,영양군,6599,6701,276,339
2025,12,202512,경북,영주시,41722,42310,1493,1701
2025,12,202512,경북,영천시,44986,45471,1652,1959
2025,12,202512,경북,예천군,23521,23800,689,832
2025,12,202512,경북,울릉군,4294,4591,253,472
2025,12,202512,경북,울진군,21254,21496,585,734
2025,12,202512,경북,의성군,19949,20118,827,969
2025,12,202512,경북,청도군,18105,18345,621,718
2025,12,202512,경북,청송군,10202,10298,465,572
2025,12,202512,경북,칠곡군,55709,56098,1703,2106
2025,12,202512,경북,포항시,236123,239884,5509,6772
2025,12,202512,광주,광산구,175974,180192,3929,4467
2025,12,202512,광주,남구,84416,85351,1716,2215
2025,12,202512,광주,동구,42457,42972,848,1018
2025,12,202512,광주,북구,173804,178432,3567,4754
2025,12,202512,광주,서구,127119,131110,2853,3332
2025,12,202512,대구,군위군,10223,10340,361,417
2025,12,202512,대구,남구,47764,48751,1174,1495
2025,12,202512,대구,달서구,239028,258753,4301,5142
2025,12,202512,대구,달성군,117644,119246,2645,3258
2025,12,202512,대구,동구,142616,146998,3028,3853
2025,12,202512,대구,북구,170474,173159,3418,4187
2025,12,202512,대구,서구,61196,64377,1557,1801
2025,12,202512,대구,수성구,194963,197973,2811,3603
2025,12,202512,대구,중구,51194,52444,1003,1386
2025,12,202512,대전,대덕구,72144,74126,1841,2433
2025,12,202512,대전,동구,79048,82072,2131,2629
2025,12,202512,대전,서구,189048,216666,3767,4560
2025,12,202512,대전,유성구,178583,181112,2854,3303
2025,12,202512,대전,중구,85075,87492,2244,2710
2025,12,202512,부산,강서구,72922,74835,1544,1964
2025,12,202512,부산,금정구,64628,67158,1869,2875
2025,12,202512,부산,기장군,76131,77076,1884,2475
2025,12,202512,부산,남구,81389,84322,1897,2433
2025,12,202512,부산,동구,44422,45540,770,992
2025,12,202512,부산,동래구,88503,90263,1751,2136
2025,12,202512,부산,부산진구,125218,157834,2495,3113
2025,12,202512,부산,북구,86552,88123,1933,2294
2025,12,202512,부산,사상구,65888,68284,1929,2196
2025,12,202512,부산,사하구,92065,95680,2458,2847
2025,12,202512,부산,서구,26445,26868,793,842
2025,12,202512,부산,수영구,57222,122381,1320,2048
2025,12,202512,부산,연제구,116666,142167,1635,2895
2025,12,202512,부산,영도구,26179,27496,870,1236
2025,12,202512,부산,중구,36769,37049,445,510
2025,12,202512,부산,해운대구,142901,145067,2641,2928
2025,12,202512,서울,강남구,218755,230932,3737,4332
2025,12,202512,서울,강동구,145166,150249,3050,3707
2025,12,202512,서울,강북구,59344,61594,1887,2671
2025,12,202512,서울,강서구,166195,174991,3836,5237
2025,12,202512,서울,관악구,98421,101561,2622,3021
2025,12,202512,서울,광진구,79919,82983,1850,2217
2025,12,202512,서울,구로구,113839,122342,3444,4068
2025,12,202512,서울,금천구,71480,74373,2270,2738
2025,12,202512,서울,노원구,127936,133576,2880,3646
2025,12,202512,서울,도봉구,75816,80390,2038,2648
2025,12,202512,서울,동대문구,87786,90634,2288,2474
2025,12,202512,서울,동작구,93690,95073,1960,2133
2025,12,202512,서울,마포구,101042,105172,2263,2925
2025,12,202512,서울,서대문구,77338,80997,1794,2296
2025,12,202512,서울,서초구,156029,159361,2721,3484
2025,12,202512,서울,성동구,83187,91564,1633,2609
2025,12,202512,서울,성북구,106203,108314,2485,3617
2025,12,202512,서울,송파구,205094,212820,3633,5302
2025,12,202512,서울,양천구,126182,131220,2756,3561
2025,12,202512,서울,영등포구,117516,120410,3254,3514
2025,12,202512,서울,용산구,62843,64228,1605,1799
2025,12,202512,서울,은평구,113161,117443,2633,3429
2025,12,202512,서울,종로구,38965,40890,1277,2972
2025,12,202512,서울,중구,38999,40587,1638,2769
2025,12,202512,서울,중랑구,91355,97382,2677,3285
2025,12,202512,세종,세종시,180173,183429,2938,3822
2025,12,202512,울산,남구,140730,143903,2458,3254
2025,12,202512,울산,동구,58804,59612,1089,1276
2025,12,202512,울산,북구,111422,113006,1919,2282
2025,12,202512,울산,울주군,111325,112657,2482,3259
2025,12,202512,울산,중구,91400,92701,1710,2109
2025,12,202512,인천,강화군,28196,30991,1046,1376
2025,12,202512,인천,계양구,95712,207581,2862,4528
2025,12,202512,인천,남동구,222675,241493,4477,5705
2025,12,202512,인천,동구,19539,20457,778,886
2025,12,202512,인천,미추홀구,144530,157599,3735,3905
2025,12,202512,인천,부평구,197910,228584,3976,5078
2025,12,202512,인천,서구,279043,285182,5839,7351
2025,12,202512,인천,연수구,215233,221025,2897,3697
2025,12,202512,인천,옹진군,8844,42003,511,1134
2025,12,202512,인천,중구,76254,77534,1744,2692
2025,12,202512,전남,강진군,12591,12833,442,575
2025,12,202512,전남,고흥군,21564,21840,977,1139
2025,12,202512,전남,곡성군,11505,11678,412,505
2025,12,202512,전남,광양시,79972,80706,2011,2374
2025,12,202512,전남,구례군,9437,9656,367,460
2025,12,202512,전남,나주시,54414,55301,1782,2260
2025,12,202512,전남,담양군,20546,20966,713,1041
2025,12,202512,전남,목포시,81095,83469,2408,2938
2025,12,202512,전남,무안군,43543,43961,1388,1655
2025,12,202512,전남,보성군,14407,14647,720,836
2025,12,202512,전남,순천시,126483,128613,2789,3514
2025,12,202512,전남,신안군,16260,131586,650,2919
2025,12,202512,전남,여수시,113785,116192,2940,3814
2025,12,202512,전남,영광군,22774,23079,736,886
2025,12,202512,전남,영암군,24701,24882,1144,1293
2025,12,202512,전남,완도군,16507,16803,672,839
2025,12,202512,전남,장성군,20283,20549,710,840
2025,12,202512,전남,장흥군,13762,13938,521,641
2025,12,202512,전남,진도군,11438,11612,500,609
2025,12,202512,전남,함평군,12497,18264,490,657
2025,12,202512,전남,해남군,25202,126460,1595,2525
2025,12,202512,전남,화순군,26225,26795,859,1751
2025,12,202512,전북,고창군,20574,20847,1227,1386
2025,12,202512,전북,군산시,118043,120182,2790,3428
2025,12,202512,전북,김제시,35995,36620,1436,1638
2025,12,202512,전북,남원시,29884,30434,1102,1373
2025,12,202512,전북,무주군,9089,9218,442,540
2025,12,202512,전북,부안군,19183,19456,755,927
2025,12,202512,전북,순창군,11279,11438,378,459
2025,12,202512,전북,완주군,48566,48921,1536,2084
2025,12,202512,전북,익산시,116594,118637,3588,4214
2025,12,202512,전북,임실군,9906,10048,395,524
2025,12,202512,전북,장수군,8278,8386,324,387
2025,12,202512,전북,전주시,285843,291336,5995,7769
2025,12,202512,전북,정읍시,42006,42739,1481,1785
2025,12,202512,전북,진안군,9910,10087,391,537
2025,12,202512,제주,서귀포시,77591,78758,2709,2980
2025,12,202512,제주,제주시,257107,535933,6673,13290
2025,12,202512,충남,계룡시,23463,23607,513,651
2025,12,202512,충남,공주시,42741,44290,1456,1958
2025,12,202512,충남,금산군,20926,23809,925,1173
2025,12,202512,충남,논산시,46273,47278,1945,2364
2025,12,202512,충남,당진시,88610,89577,2263,2688
2025,12,202512,충남,보령시,40404,41084,1307,1553
2025,12,202512,충남,부여군,23308,23594,1022,1415
2025,12,202512,충남,서산시,82413,83466,2298,2872
2025,12,202512,충남,서천군,19762,19983,653,804
2025,12,202512,충남,아산시,179280,181429,4296,4935
2025,12,202512,충남,예산군,35969,36404,1329,1750
2025,12,202512,충남,천안시,308167,312065,7553,9378
2025,12,202512,충남,청양군,12147,12303,424,542
2025,12,202512,충남,태안군,24936,25213,923,1081
2025,12,202512,충남,홍성군,44895,45461,1321,1623
2025,12,202512,충북,괴산군,16698,16908,724,838
2025,12,202512,충북,단양군,11236,11406,434,565
2025,12,202512,충북,보은군,12626,12809,575,719
2025,12,202512,충북,영동군,17752,17965,635,787
2025,12,202512,충북,옥천군,21392,21655,784,932
2025,12,202512,충북,음성군,51035,51401,2001,2269
2025,12,202512,충북,제천시,55707,56520,1574,1833
2025,12,202512,충북,증평군,17468,17655,496,558
2025,12,202512,충북,진천군,46169,46517,1377,1527
2025,12,202512,충북,청주시,397964,407542,8846,11777
2025,12,202512,충북,충주시,96524,98062,2681,3234
