year,month,yyyymm,sido,gender,age,count
2018,01,201801,서울,남성,10,1234
2018,01,201801,서울,남성,20,32753
2018,01,201801,서울,남성,30,337862
2018,01,201801,서울,남성,40,529003
2018,01,201801,서울,남성,50,534347
2018,01,201801,서울,남성,60,391334
2018,01,201801,서울,남성,70,143868
2018,01,201801,서울,남성,80,23411
2018,01,201801,서울,남성,90,2897
2018,01,201801,서울,여성,10,649
2018,01,201801,서울,여성,20,15532
2018,01,201801,서울,여성,30,119009
2018,01,201801,서울,여성,40,186195
2018,01,201801,서울,여성,50,187226
2018,01,201801,서울,여성,60,114409
2018,01,201801,서울,여성,70,32323
2018,01,201801,서울,여성,80,7113
2018,01,201801,서울,여성,90,1686
2018,01,201801,부산,남성,10,490
2018,01,201801,부산,남성,20,17225
2018,01,201801,부산,남성,30,132112
2018,01,201801,부산,남성,40,207564
2018,01,201801,부산,남성,50,233057
2018,01,201801,부산,남성,60,178134
2018,01,201801,부산,남성,70,57437
2018,01,201801,부산,남성,80,8097
2018,01,201801,부산,남성,90,778
2018,01,201801,부산,여성,10,277
2018,01,201801,부산,여성,20,7616
2018,01,201801,부산,여성,30,46875
2018,01,201801,부산,여성,40,74172
2018,01,201801,부산,여성,50,83589
2018,01,201801,부산,여성,60,48393
2018,01,201801,부산,여성,70,11123
2018,01,201801,부산,여성,80,2696
2018,01,201801,부산,여성,90,560
2018,01,201801,대구,남성,10,391
2018,01,201801,대구,남성,20,15703
2018,01,201801,대구,남성,30,110299
2018,01,201801,대구,남성,40,198654
2018,01,201801,대구,남성,50,229572
2018,01,201801,대구,남성,60,149906
2018,01,201801,대구,남성,70,48699
2018,01,201801,대구,남성,80,7820
2018,01,201801,대구,남성,90,576
2018,01,201801,대구,여성,10,209
2018,01,201801,대구,여성,20,6986
2018,01,201801,대구,여성,30,40693
2018,01,201801,대구,여성,40,70984
2018,01,201801,대구,여성,50,81373
2018,01,201801,대구,여성,60,42327
2018,01,201801,대구,여성,70,9947
2018,01,201801,대구,여성,80,2438
2018,01,201801,대구,여성,90,425
2018,01,201801,인천,남성,10,474
2018,01,201801,인천,남성,20,20383
2018,01,201801,인천,남성,30,136632
2018,01,201801,인천,남성,40,214595
2018,01,201801,인천,남성,50,229167
2018,01,201801,인천,남성,60,135639
2018,01,201801,인천,남성,70,37409
2018,01,201801,인천,남성,80,5143
2018,01,201801,인천,남성,90,490
2018,01,201801,인천,여성,10,267
2018,01,201801,인천,여성,20,9068
2018,01,201801,인천,여성,30,49738
2018,01,201801,인천,여성,40,76453
2018,01,201801,인천,여성,50,82857
2018,01,201801,인천,여성,60,38569
2018,01,201801,인천,여성,70,7856
2018,01,201801,인천,여성,80,1962
2018,01,201801,인천,여성,90,405
2018,01,201801,광주,남성,10,224
2018,01,201801,광주,남성,20,10060
2018,01,201801,광주,남성,30,68590
2018,01,201801,광주,남성,40,118438
2018,01,201801,광주,남성,50,122528
2018,01,201801,광주,남성,60,69169
2018,01,201801,광주,남성,70,23581
2018,01,201801,광주,남성,80,3594
2018,01,201801,광주,남성,90,355
2018,01,201801,광주,여성,10,119
2018,01,201801,광주,여성,20,5547
2018,01,201801,광주,여성,30,30551
2018,01,201801,광주,여성,40,46887
2018,01,201801,광주,여성,50,45767
2018,01,201801,광주,여성,60,21121
2018,01,201801,광주,여성,70,5299
2018,01,201801,광주,여성,80,1547
2018,01,201801,광주,여성,90,402
2018,01,201801,대전,남성,10,490
2018,01,201801,대전,남성,20,10430
2018,01,201801,대전,남성,30,71420
2018,01,201801,대전,남성,40,118796
2018,01,201801,대전,남성,50,129555
2018,01,201801,대전,남성,60,81369
2018,01,201801,대전,남성,70,24185
2018,01,201801,대전,남성,80,3962
2018,01,201801,대전,남성,90,373
2018,01,201801,대전,여성,10,263
2018,01,201801,대전,여성,20,5245
2018,01,201801,대전,여성,30,28942
2018,01,201801,대전,여성,40,45354
2018,01,201801,대전,여성,50,48216
2018,01,201801,대전,여성,60,22805
2018,01,201801,대전,여성,70,5276
2018,01,201801,대전,여성,80,1742
2018,01,201801,대전,여성,90,380
2018,01,201801,울산,남성,10,273
2018,01,201801,울산,남성,20,8123
2018,01,201801,울산,남성,30,60672
2018,01,201801,울산,남성,40,100224
2018,01,201801,울산,남성,50,130945
2018,01,201801,울산,남성,60,75746
2018,01,201801,울산,남성,70,18269
2018,01,201801,울산,남성,80,1997
2018,01,201801,울산,남성,90,162
2018,01,201801,울산,여성,10,134
2018,01,201801,울산,여성,20,3416
2018,01,201801,울산,여성,30,19592
2018,01,201801,울산,여성,40,31627
2018,01,201801,울산,여성,50,33794
2018,01,201801,울산,여성,60,16253
2018,01,201801,울산,여성,70,3109
2018,01,201801,울산,여성,80,801
2018,01,201801,울산,여성,90,183
2018,01,201801,세종,남성,10,67
2018,01,201801,세종,남성,20,1499
2018,01,201801,세종,남성,30,18826
2018,01,201801,세종,남성,40,31817
2018,01,201801,세종,남성,50,22139
2018,01,201801,세종,남성,60,12994
2018,01,201801,세종,남성,70,3639
2018,01,201801,세종,남성,80,577
2018,01,201801,세종,남성,90,57
2018,01,201801,세종,여성,10,32
2018,01,201801,세종,여성,20,1002
2018,01,201801,세종,여성,30,8272
2018,01,201801,세종,여성,40,10839
2018,01,201801,세종,여성,50,7811
2018,01,201801,세종,여성,60,3773
2018,01,201801,세종,여성,70,743
2018,01,201801,세종,여성,80,258
2018,01,201801,세종,여성,90,48
2018,01,201801,경기,남성,10,2274
2018,01,201801,경기,남성,20,79175
2018,01,201801,경기,남성,30,616204
2018,01,201801,경기,남성,40,1046365
2018,01,201801,경기,남성,50,1055466
2018,01,201801,경기,남성,60,595331
2018,01,201801,경기,남성,70,180681
2018,01,201801,경기,남성,80,31353
2018,01,201801,경기,남성,90,2604
2018,01,201801,경기,여성,10,1218
2018,01,201801,경기,여성,20,36786
2018,01,201801,경기,여성,30,221541
2018,01,201801,경기,여성,40,364722
2018,01,201801,경기,여성,50,378454
2018,01,201801,경기,여성,60,179225
2018,01,201801,경기,여성,70,43722
2018,01,201801,경기,여성,80,10596
2018,01,201801,경기,여성,90,1961
2018,01,201801,강원,남성,10,212
2018,01,201801,강원,남성,20,12111
2018,01,201801,강원,남성,30,65283
2018,01,201801,강원,남성,40,122878
2018,01,201801,강원,남성,50,152935
2018,01,201801,강원,남성,60,113490
2018,01,201801,강원,남성,70,40995
2018,01,201801,강원,남성,80,7527
2018,01,201801,강원,남성,90,542
2018,01,201801,강원,여성,10,116
2018,01,201801,강원,여성,20,5132
2018,01,201801,강원,여성,30,26525
2018,01,201801,강원,여성,40,46147
2018,01,201801,강원,여성,50,55983
2018,01,201801,강원,여성,60,32081
2018,01,201801,강원,여성,70,7513
2018,01,201801,강원,여성,80,1944
2018,01,201801,강원,여성,90,344
2018,01,201801,충북,남성,10,341
2018,01,201801,충북,남성,20,13160
2018,01,201801,충북,남성,30,77941
2018,01,201801,충북,남성,40,133705
2018,01,201801,충북,남성,50,163523
2018,01,201801,충북,남성,60,111135
2018,01,201801,충북,남성,70,35123
2018,01,201801,충북,남성,80,5749
2018,01,201801,충북,남성,90,437
2018,01,201801,충북,여성,10,182
2018,01,201801,충북,여성,20,6137
2018,01,201801,충북,여성,30,30603
2018,01,201801,충북,여성,40,46520
2018,01,201801,충북,여성,50,55735
2018,01,201801,충북,여성,60,28335
2018,01,201801,충북,여성,70,6202
2018,01,201801,충북,여성,80,1884
2018,01,201801,충북,여성,90,344
2018,01,201801,충남,남성,10,272
2018,01,201801,충남,남성,20,17735
2018,01,201801,충남,남성,30,120966
2018,01,201801,충남,남성,40,192350
2018,01,201801,충남,남성,50,211040
2018,01,201801,충남,남성,60,139919
2018,01,201801,충남,남성,70,49439
2018,01,201801,충남,남성,80,8494
2018,01,201801,충남,남성,90,632
2018,01,201801,충남,여성,10,180
2018,01,201801,충남,여성,20,8335
2018,01,201801,충남,여성,30,41167
2018,01,201801,충남,여성,40,60934
2018,01,201801,충남,여성,50,70365
2018,01,201801,충남,여성,60,36098
2018,01,201801,충남,여성,70,8354
2018,01,201801,충남,여성,80,2730
2018,01,201801,충남,여성,90,471
2018,01,201801,전북,남성,10,370
2018,01,201801,전북,남성,20,12318
2018,01,201801,전북,남성,30,76736
2018,01,201801,전북,남성,40,150399
2018,01,201801,전북,남성,50,177615
2018,01,201801,전북,남성,60,125752
2018,01,201801,전북,남성,70,47657
2018,01,201801,전북,남성,80,8232
2018,01,201801,전북,남성,90,830
2018,01,201801,전북,여성,10,207
2018,01,201801,전북,여성,20,6429
2018,01,201801,전북,여성,30,31844
2018,01,201801,전북,여성,40,53519
2018,01,201801,전북,여성,50,62850
2018,01,201801,전북,여성,60,34144
2018,01,201801,전북,여성,70,9303
2018,01,201801,전북,여성,80,3649
2018,01,201801,전북,여성,90,876
2018,01,201801,전남,남성,10,394
2018,01,201801,전남,남성,20,12360
2018,01,201801,전남,남성,30,78873
2018,01,201801,전남,남성,40,151176
2018,01,201801,전남,남성,50,193163
2018,01,201801,전남,남성,60,134464
2018,01,201801,전남,남성,70,50868
2018,01,201801,전남,남성,80,7664
2018,01,201801,전남,남성,90,821
2018,01,201801,전남,여성,10,215
2018,01,201801,전남,여성,20,6130
2018,01,201801,전남,여성,30,30562
2018,01,201801,전남,여성,40,49468
2018,01,201801,전남,여성,50,60668
2018,01,201801,전남,여성,60,32380
2018,01,201801,전남,여성,70,9046
2018,01,201801,전남,여성,80,3640
2018,01,201801,전남,여성,90,778
2018,01,201801,경북,남성,10,279
2018,01,201801,경북,남성,20,18320
2018,01,201801,경북,남성,30,127338
2018,01,201801,경북,남성,40,230172
2018,01,201801,경북,남성,50,299388
2018,01,201801,경북,남성,60,223425
2018,01,201801,경북,남성,70,77803
2018,01,201801,경북,남성,80,11964
2018,01,201801,경북,남성,90,959
2018,01,201801,경북,여성,10,165
2018,01,201801,경북,여성,20,8537
2018,01,201801,경북,여성,30,46443
2018,01,201801,경북,여성,40,73968
2018,01,201801,경북,여성,50,93215
2018,01,201801,경북,여성,60,52893
2018,01,201801,경북,여성,70,11673
2018,01,201801,경북,여성,80,3504
2018,01,201801,경북,여성,90,632
2018,01,201801,경남,남성,10,696
2018,01,201801,경남,남성,20,21685
2018,01,201801,경남,남성,30,163998
2018,01,201801,경남,남성,40,289686
2018,01,201801,경남,남성,50,334904
2018,01,201801,경남,남성,60,222004
2018,01,201801,경남,남성,70,66505
2018,01,201801,경남,남성,80,9403
2018,01,201801,경남,남성,90,816
2018,01,201801,경남,여성,10,380
2018,01,201801,경남,여성,20,9971
2018,01,201801,경남,여성,30,59886
2018,01,201801,경남,여성,40,97951
2018,01,201801,경남,여성,50,110925
2018,01,201801,경남,여성,60,54691
2018,01,201801,경남,여성,70,11438
2018,01,201801,경남,여성,80,3624
2018,01,201801,경남,여성,90,703
2018,01,201801,제주,남성,10,166
2018,01,201801,제주,남성,20,4728
2018,01,201801,제주,남성,30,30893
2018,01,201801,제주,남성,40,61457
2018,01,201801,제주,남성,50,65272
2018,01,201801,제주,남성,60,40335
2018,01,201801,제주,남성,70,16175
2018,01,201801,제주,남성,80,3075
2018,01,201801,제주,남성,90,173
2018,01,201801,제주,여성,10,88
2018,01,201801,제주,여성,20,2907
2018,01,201801,제주,여성,30,15308
2018,01,201801,제주,여성,40,26595
2018,01,201801,제주,여성,50,28118
2018,01,201801,제주,여성,60,14463
2018,01,201801,제주,여성,70,3500
2018,01,201801,제주,여성,80,835
2018,01,201801,제주,여성,90,204
2018,02,201802,서울,남성,10,1243
2018,02,201802,서울,남성,20,33694
2018,02,201802,서울,남성,30,339217
2018,02,201802,서울,남성,40,528355
2018,02,201802,서울,남성,50,533915
2018,02,201802,서울,남성,60,390238
2018,02,201802,서울,남성,70,143077
2018,02,201802,서울,남성,80,23215
2018,02,201802,서울,남성,90,2848
2018,02,201802,서울,여성,10,647
2018,02,201802,서울,여성,20,15988
2018,02,201802,서울,여성,30,119526
2018,02,201802,서울,여성,40,186368
2018,02,201802,서울,여성,50,187193
2018,02,201802,서울,여성,60,114082
2018,02,201802,서울,여성,70,32158
2018,02,201802,서울,여성,80,7044
2018,02,201802,서울,여성,90,1690
2018,02,201802,부산,남성,10,494
2018,02,201802,부산,남성,20,17692
2018,02,201802,부산,남성,30,132716
2018,02,201802,부산,남성,40,207746
2018,02,201802,부산,남성,50,232952
2018,02,201802,부산,남성,60,177730
2018,02,201802,부산,남성,70,57113
2018,02,201802,부산,남성,80,8015
2018,02,201802,부산,남성,90,766
2018,02,201802,부산,여성,10,276
2018,02,201802,부산,여성,20,7799
2018,02,201802,부산,여성,30,47119
2018,02,201802,부산,여성,40,74259
2018,02,201802,부산,여성,50,83647
2018,02,201802,부산,여성,60,48275
2018,02,201802,부산,여성,70,11111
2018,02,201802,부산,여성,80,2664
2018,02,201802,부산,여성,90,550
2018,02,201802,대구,남성,10,391
2018,02,201802,대구,남성,20,16185
2018,02,201802,대구,남성,30,110848
2018,02,201802,대구,남성,40,198619
2018,02,201802,대구,남성,50,229790
2018,02,201802,대구,남성,60,149645
2018,02,201802,대구,남성,70,48437
2018,02,201802,대구,남성,80,7736
2018,02,201802,대구,남성,90,569
2018,02,201802,대구,여성,10,208
2018,02,201802,대구,여성,20,7167
2018,02,201802,대구,여성,30,41066
2018,02,201802,대구,여성,40,71163
2018,02,201802,대구,여성,50,81443
2018,02,201802,대구,여성,60,42234
2018,02,201802,대구,여성,70,9899
2018,02,201802,대구,여성,80,2405
2018,02,201802,대구,여성,90,419
2018,02,201802,인천,남성,10,477
2018,02,201802,인천,남성,20,20921
2018,02,201802,인천,남성,30,137453
2018,02,201802,인천,남성,40,214521
2018,02,201802,인천,남성,50,229159
2018,02,201802,인천,남성,60,135453
2018,02,201802,인천,남성,70,37198
2018,02,201802,인천,남성,80,5084
2018,02,201802,인천,남성,90,483
2018,02,201802,인천,여성,10,268
2018,02,201802,인천,여성,20,9301
2018,02,201802,인천,여성,30,50014
2018,02,201802,인천,여성,40,76686
2018,02,201802,인천,여성,50,82977
2018,02,201802,인천,여성,60,38527
2018,02,201802,인천,여성,70,7825
2018,02,201802,인천,여성,80,1951
2018,02,201802,인천,여성,90,398
2018,02,201802,광주,남성,10,224
2018,02,201802,광주,남성,20,10329
2018,02,201802,광주,남성,30,68889
2018,02,201802,광주,남성,40,118649
2018,02,201802,광주,남성,50,122564
2018,02,201802,광주,남성,60,69078
2018,02,201802,광주,남성,70,23450
2018,02,201802,광주,남성,80,3561
2018,02,201802,광주,남성,90,348
2018,02,201802,광주,여성,10,117
2018,02,201802,광주,여성,20,5720
2018,02,201802,광주,여성,30,30752
2018,02,201802,광주,여성,40,47026
2018,02,201802,광주,여성,50,45832
2018,02,201802,광주,여성,60,21081
2018,02,201802,광주,여성,70,5253
2018,02,201802,광주,여성,80,1532
2018,02,201802,광주,여성,90,396
2018,02,201802,대전,남성,10,491
2018,02,201802,대전,남성,20,10728
2018,02,201802,대전,남성,30,71552
2018,02,201802,대전,남성,40,118706
2018,02,201802,대전,남성,50,129479
2018,02,201802,대전,남성,60,81175
2018,02,201802,대전,남성,70,24036
2018,02,201802,대전,남성,80,3919
2018,02,201802,대전,남성,90,368
2018,02,201802,대전,여성,10,265
2018,02,201802,대전,여성,20,5381
2018,02,201802,대전,여성,30,29055
2018,02,201802,대전,여성,40,45347
2018,02,201802,대전,여성,50,48298
2018,02,201802,대전,여성,60,22778
2018,02,201802,대전,여성,70,5235
2018,02,201802,대전,여성,80,1726
2018,02,201802,대전,여성,90,369
2018,02,201802,울산,남성,10,276
2018,02,201802,울산,남성,20,8332
2018,02,201802,울산,남성,30,60952
2018,02,201802,울산,남성,40,100295
2018,02,201802,울산,남성,50,130997
2018,02,201802,울산,남성,60,75608
2018,02,201802,울산,남성,70,18189
2018,02,201802,울산,남성,80,1979
2018,02,201802,울산,남성,90,161
2018,02,201802,울산,여성,10,134
2018,02,201802,울산,여성,20,3544
2018,02,201802,울산,여성,30,19710
2018,02,201802,울산,여성,40,31643
2018,02,201802,울산,여성,50,33814
2018,02,201802,울산,여성,60,16240
2018,02,201802,울산,여성,70,3094
2018,02,201802,울산,여성,80,789
2018,02,201802,울산,여성,90,183
2018,02,201802,세종,남성,10,72
2018,02,201802,세종,남성,20,1558
2018,02,201802,세종,남성,30,19260
2018,02,201802,세종,남성,40,32385
2018,02,201802,세종,남성,50,22386
2018,02,201802,세종,남성,60,13053
2018,02,201802,세종,남성,70,3652
2018,02,201802,세종,남성,80,570
2018,02,201802,세종,남성,90,57
2018,02,201802,세종,여성,10,33
2018,02,201802,세종,여성,20,1066
2018,02,201802,세종,여성,30,8526
2018,02,201802,세종,여성,40,11056
2018,02,201802,세종,여성,50,7878
2018,02,201802,세종,여성,60,3778
2018,02,201802,세종,여성,70,745
2018,02,201802,세종,여성,80,260
2018,02,201802,세종,여성,90,49
2018,02,201802,경기,남성,10,2293
2018,02,201802,경기,남성,20,81632
2018,02,201802,경기,남성,30,620788
2018,02,201802,경기,남성,40,1047375
2018,02,201802,경기,남성,50,1054500
2018,02,201802,경기,남성,60,594148
2018,02,201802,경기,남성,70,179730
2018,02,201802,경기,남성,80,31020
2018,02,201802,경기,남성,90,2571
2018,02,201802,경기,여성,10,1221
2018,02,201802,경기,여성,20,37835
2018,02,201802,경기,여성,30,223580
2018,02,201802,경기,여성,40,365550
2018,02,201802,경기,여성,50,379061
2018,02,201802,경기,여성,60,179083
2018,02,201802,경기,여성,70,43471
2018,02,201802,경기,여성,80,10510
2018,02,201802,경기,여성,90,1932
2018,02,201802,강원,남성,10,211
2018,02,201802,강원,남성,20,12370
2018,02,201802,강원,남성,30,65571
2018,02,201802,강원,남성,40,122909
2018,02,201802,강원,남성,50,153032
2018,02,201802,강원,남성,60,113422
2018,02,201802,강원,남성,70,40893
2018,02,201802,강원,남성,80,7460
2018,02,201802,강원,남성,90,540
2018,02,201802,강원,여성,10,116
2018,02,201802,강원,여성,20,5260
2018,02,201802,강원,여성,30,26640
2018,02,201802,강원,여성,40,46289
2018,02,201802,강원,여성,50,56104
2018,02,201802,강원,여성,60,32035
2018,02,201802,강원,여성,70,7479
2018,02,201802,강원,여성,80,1924
2018,02,201802,강원,여성,90,339
2018,02,201802,충북,남성,10,345
2018,02,201802,충북,남성,20,13571
2018,02,201802,충북,남성,30,78480
2018,02,201802,충북,남성,40,133874
2018,02,201802,충북,남성,50,163562
2018,02,201802,충북,남성,60,111003
2018,02,201802,충북,남성,70,35007
2018,02,201802,충북,남성,80,5681
2018,02,201802,충북,남성,90,431
2018,02,201802,충북,여성,10,182
2018,02,201802,충북,여성,20,6316
2018,02,201802,충북,여성,30,30773
2018,02,201802,충북,여성,40,46651
2018,02,201802,충북,여성,50,55761
2018,02,201802,충북,여성,60,28367
2018,02,201802,충북,여성,70,6165
2018,02,201802,충북,여성,80,1860
2018,02,201802,충북,여성,90,338
2018,02,201802,충남,남성,10,272
2018,02,201802,충남,남성,20,18242
2018,02,201802,충남,남성,30,121676
2018,02,201802,충남,남성,40,192844
2018,02,201802,충남,남성,50,211467
2018,02,201802,충남,남성,60,140001
2018,02,201802,충남,남성,70,49345
2018,02,201802,충남,남성,80,8424
2018,02,201802,충남,남성,90,623
2018,02,201802,충남,여성,10,182
2018,02,201802,충남,여성,20,8602
2018,02,201802,충남,여성,30,41487
2018,02,201802,충남,여성,40,61283
2018,02,201802,충남,여성,50,70533
2018,02,201802,충남,여성,60,36116
2018,02,201802,충남,여성,70,8296
2018,02,201802,충남,여성,80,2710
2018,02,201802,충남,여성,90,461
2018,02,201802,전북,남성,10,368
2018,02,201802,전북,남성,20,12644
2018,02,201802,전북,남성,30,76960
2018,02,201802,전북,남성,40,150672
2018,02,201802,전북,남성,50,177959
2018,02,201802,전북,남성,60,125749
2018,02,201802,전북,남성,70,47493
2018,02,201802,전북,남성,80,8140
2018,02,201802,전북,남성,90,817
2018,02,201802,전북,여성,10,208
2018,02,201802,전북,여성,20,6590
2018,02,201802,전북,여성,30,31962
2018,02,201802,전북,여성,40,53653
2018,02,201802,전북,여성,50,62930
2018,02,201802,전북,여성,60,34093
2018,02,201802,전북,여성,70,9266
2018,02,201802,전북,여성,80,3601
2018,02,201802,전북,여성,90,864
2018,02,201802,전남,남성,10,392
2018,02,201802,전남,남성,20,12647
2018,02,201802,전남,남성,30,79336
2018,02,201802,전남,남성,40,151099
2018,02,201802,전남,남성,50,193451
2018,02,201802,전남,남성,60,134360
2018,02,201802,전남,남성,70,50643
2018,02,201802,전남,남성,80,7592
2018,02,201802,전남,남성,90,800
2018,02,201802,전남,여성,10,215
2018,02,201802,전남,여성,20,6285
2018,02,201802,전남,여성,30,30778
2018,02,201802,전남,여성,40,49560
2018,02,201802,전남,여성,50,60771
2018,02,201802,전남,여성,60,32390
2018,02,201802,전남,여성,70,8983
2018,02,201802,전남,여성,80,3607
2018,02,201802,전남,여성,90,818
2018,02,201802,경북,남성,10,278
2018,02,201802,경북,남성,20,18747
2018,02,201802,경북,남성,30,127918
2018,02,201802,경북,남성,40,230334
2018,02,201802,경북,남성,50,299597
2018,02,201802,경북,남성,60,223228
2018,02,201802,경북,남성,70,77506
2018,02,201802,경북,남성,80,11831
2018,02,201802,경북,남성,90,944
2018,02,201802,경북,여성,10,165
2018,02,201802,경북,여성,20,8745
2018,02,201802,경북,여성,30,46593
2018,02,201802,경북,여성,40,74164
2018,02,201802,경북,여성,50,93415
2018,02,201802,경북,여성,60,52878
2018,02,201802,경북,여성,70,11605
2018,02,201802,경북,여성,80,3472
2018,02,201802,경북,여성,90,626
2018,02,201802,경남,남성,10,703
2018,02,201802,경남,남성,20,22232
2018,02,201802,경남,남성,30,164928
2018,02,201802,경남,남성,40,289977
2018,02,201802,경남,남성,50,335300
2018,02,201802,경남,남성,60,221781
2018,02,201802,경남,남성,70,66263
2018,02,201802,경남,남성,80,9332
2018,02,201802,경남,남성,90,801
2018,02,201802,경남,여성,10,379
2018,02,201802,경남,여성,20,10243
2018,02,201802,경남,여성,30,60149
2018,02,201802,경남,여성,40,98233
2018,02,201802,경남,여성,50,111104
2018,02,201802,경남,여성,60,54764
2018,02,201802,경남,여성,70,11358
2018,02,201802,경남,여성,80,3583
2018,02,201802,경남,여성,90,692
2018,02,201802,제주,남성,10,165
2018,02,201802,제주,남성,20,4857
2018,02,201802,제주,남성,30,31160
2018,02,201802,제주,남성,40,61568
2018,02,201802,제주,남성,50,65403
2018,02,201802,제주,남성,60,40388
2018,02,201802,제주,남성,70,16133
2018,02,201802,제주,남성,80,3051
2018,02,201802,제주,남성,90,172
2018,02,201802,제주,여성,10,88
2018,02,201802,제주,여성,20,2964
2018,02,201802,제주,여성,30,15471
2018,02,201802,제주,여성,40,26808
2018,02,201802,제주,여성,50,28192
2018,02,201802,제주,여성,60,14430
2018,02,201802,제주,여성,70,3498
2018,02,201802,제주,여성,80,833
2018,02,201802,제주,여성,90,203
2018,03,201803,서울,남성,10,1265
2018,03,201803,서울,남성,20,34893
2018,03,201803,서울,남성,30,340751
2018,03,201803,서울,남성,40,528062
2018,03,201803,서울,남성,50,533313
2018,03,201803,서울,남성,60,388910
2018,03,201803,서울,남성,70,142053
2018,03,201803,서울,남성,80,22935
2018,03,201803,서울,남성,90,2768
2018,03,201803,서울,여성,10,647
2018,03,201803,서울,여성,20,16420
2018,03,201803,서울,여성,30,120199
2018,03,201803,서울,여성,40,186439
2018,03,201803,서울,여성,50,187273
2018,03,201803,서울,여성,60,113637
2018,03,201803,서울,여성,70,31950
2018,03,201803,서울,여성,80,6973
2018,03,201803,서울,여성,90,1674
2018,03,201803,부산,남성,10,494
2018,03,201803,부산,남성,20,18258
2018,03,201803,부산,남성,30,133410
2018,03,201803,부산,남성,40,207974
2018,03,201803,부산,남성,50,232888
2018,03,201803,부산,남성,60,177191
2018,03,201803,부산,남성,70,56795
2018,03,201803,부산,남성,80,7892
2018,03,201803,부산,남성,90,754
2018,03,201803,부산,여성,10,283
2018,03,201803,부산,여성,20,8001
2018,03,201803,부산,여성,30,47393
2018,03,201803,부산,여성,40,74417
2018,03,201803,부산,여성,50,83631
2018,03,201803,부산,여성,60,48094
2018,03,201803,부산,여성,70,11036
2018,03,201803,부산,여성,80,2633
2018,03,201803,부산,여성,90,535
2018,03,201803,대구,남성,10,386
2018,03,201803,대구,남성,20,16694
2018,03,201803,대구,남성,30,111946
2018,03,201803,대구,남성,40,199049
2018,03,201803,대구,남성,50,229787
2018,03,201803,대구,남성,60,149139
2018,03,201803,대구,남성,70,48116
2018,03,201803,대구,남성,80,7629
2018,03,201803,대구,남성,90,557
2018,03,201803,대구,여성,10,207
2018,03,201803,대구,여성,20,7431
2018,03,201803,대구,여성,30,41357
2018,03,201803,대구,여성,40,71367
2018,03,201803,대구,여성,50,81613
2018,03,201803,대구,여성,60,42129
2018,03,201803,대구,여성,70,9823
2018,03,201803,대구,여성,80,2364
2018,03,201803,대구,여성,90,410
2018,03,201803,인천,남성,10,474
2018,03,201803,인천,남성,20,21647
2018,03,201803,인천,남성,30,138443
2018,03,201803,인천,남성,40,214839
2018,03,201803,인천,남성,50,229370
2018,03,201803,인천,남성,60,135018
2018,03,201803,인천,남성,70,36924
2018,03,201803,인천,남성,80,5027
2018,03,201803,인천,남성,90,475
2018,03,201803,인천,여성,10,272
2018,03,201803,인천,여성,20,9618
2018,03,201803,인천,여성,30,50398
2018,03,201803,인천,여성,40,76896
2018,03,201803,인천,여성,50,83077
2018,03,201803,인천,여성,60,38468
2018,03,201803,인천,여성,70,7768
2018,03,201803,인천,여성,80,1944
2018,03,201803,인천,여성,90,394
2018,03,201803,광주,남성,10,224
2018,03,201803,광주,남성,20,10669
2018,03,201803,광주,남성,30,69408
2018,03,201803,광주,남성,40,118786
2018,03,201803,광주,남성,50,122563
2018,03,201803,광주,남성,60,68788
2018,03,201803,광주,남성,70,23265
2018,03,201803,광주,남성,80,3499
2018,03,201803,광주,남성,90,342
2018,03,201803,광주,여성,10,119
2018,03,201803,광주,여성,20,5970
2018,03,201803,광주,여성,30,30928
2018,03,201803,광주,여성,40,47170
2018,03,201803,광주,여성,50,45899
2018,03,201803,광주,여성,60,20982
2018,03,201803,광주,여성,70,5219
2018,03,201803,광주,여성,80,1509
2018,03,201803,광주,여성,90,391
2018,03,201803,대전,남성,10,492
2018,03,201803,대전,남성,20,11102
2018,03,201803,대전,남성,30,71839
2018,03,201803,대전,남성,40,118685
2018,03,201803,대전,남성,50,129433
2018,03,201803,대전,남성,60,80950
2018,03,201803,대전,남성,70,23855
2018,03,201803,대전,남성,80,3868
2018,03,201803,대전,남성,90,360
2018,03,201803,대전,여성,10,263
2018,03,201803,대전,여성,20,5573
2018,03,201803,대전,여성,30,29196
2018,03,201803,대전,여성,40,45468
2018,03,201803,대전,여성,50,48318
2018,03,201803,대전,여성,60,22719
2018,03,201803,대전,여성,70,5192
2018,03,201803,대전,여성,80,1708
2018,03,201803,대전,여성,90,370
2018,03,201803,울산,남성,10,273
2018,03,201803,울산,남성,20,8590
2018,03,201803,울산,남성,30,61337
2018,03,201803,울산,남성,40,100494
2018,03,201803,울산,남성,50,131229
2018,03,201803,울산,남성,60,75460
2018,03,201803,울산,남성,70,18106
2018,03,201803,울산,남성,80,1948
2018,03,201803,울산,남성,90,160
2018,03,201803,울산,여성,10,134
2018,03,201803,울산,여성,20,3626
2018,03,201803,울산,여성,30,19881
2018,03,201803,울산,여성,40,31733
2018,03,201803,울산,여성,50,33872
2018,03,201803,울산,여성,60,16184
2018,03,201803,울산,여성,70,3085
2018,03,201803,울산,여성,80,780
2018,03,201803,울산,여성,90,177
2018,03,201803,세종,남성,10,74
2018,03,201803,세종,남성,20,1664
2018,03,201803,세종,남성,30,19762
2018,03,201803,세종,남성,40,32829
2018,03,201803,세종,남성,50,22647
2018,03,201803,세종,남성,60,13147
2018,03,201803,세종,남성,70,3655
2018,03,201803,세종,남성,80,563
2018,03,201803,세종,남성,90,56
2018,03,201803,세종,여성,10,34
2018,03,201803,세종,여성,20,1115
2018,03,201803,세종,여성,30,8665
2018,03,201803,세종,여성,40,11220
2018,03,201803,세종,여성,50,7991
2018,03,201803,세종,여성,60,3781
2018,03,201803,세종,여성,70,745
2018,03,201803,세종,여성,80,262
2018,03,201803,세종,여성,90,47
2018,03,201803,경기,남성,10,2304
2018,03,201803,경기,남성,20,84626
2018,03,201803,경기,남성,30,626780
2018,03,201803,경기,남성,40,1050389
2018,03,201803,경기,남성,50,1055571
2018,03,201803,경기,남성,60,593272
2018,03,201803,경기,남성,70,178863
2018,03,201803,경기,남성,80,30646
2018,03,201803,경기,남성,90,2539
2018,03,201803,경기,여성,10,1238
2018,03,201803,경기,여성,20,39195
2018,03,201803,경기,여성,30,225913
2018,03,201803,경기,여성,40,366846
2018,03,201803,경기,여성,50,379782
2018,03,201803,경기,여성,60,179059
2018,03,201803,경기,여성,70,43265
2018,03,201803,경기,여성,80,10383
2018,03,201803,경기,여성,90,1906
2018,03,201803,강원,남성,10,212
2018,03,201803,강원,남성,20,12702
2018,03,201803,강원,남성,30,66169
2018,03,201803,강원,남성,40,123228
2018,03,201803,강원,남성,50,153195
2018,03,201803,강원,남성,60,113446
2018,03,201803,강원,남성,70,40683
2018,03,201803,강원,남성,80,7358
2018,03,201803,강원,남성,90,532
2018,03,201803,강원,여성,10,116
2018,03,201803,강원,여성,20,5436
2018,03,201803,강원,여성,30,26825
2018,03,201803,강원,여성,40,46466
2018,03,201803,강원,여성,50,56260
2018,03,201803,강원,여성,60,32051
2018,03,201803,강원,여성,70,7456
2018,03,201803,강원,여성,80,1896
2018,03,201803,강원,여성,90,334
2018,03,201803,충북,남성,10,347
2018,03,201803,충북,남성,20,14121
2018,03,201803,충북,남성,30,79185
2018,03,201803,충북,남성,40,134162
2018,03,201803,충북,남성,50,163840
2018,03,201803,충북,남성,60,110931
2018,03,201803,충북,남성,70,34842
2018,03,201803,충북,남성,80,5612
2018,03,201803,충북,남성,90,419
2018,03,201803,충북,여성,10,186
2018,03,201803,충북,여성,20,6539
2018,03,201803,충북,여성,30,31047
2018,03,201803,충북,여성,40,46824
2018,03,201803,충북,여성,50,55939
2018,03,201803,충북,여성,60,28268
2018,03,201803,충북,여성,70,6136
2018,03,201803,충북,여성,80,1827
2018,03,201803,충북,여성,90,332
2018,03,201803,충남,남성,10,274
2018,03,201803,충남,남성,20,18866
2018,03,201803,충남,남성,30,122642
2018,03,201803,충남,남성,40,193571
2018,03,201803,충남,남성,50,212018
2018,03,201803,충남,남성,60,139952
2018,03,201803,충남,남성,70,49060
2018,03,201803,충남,남성,80,8342
2018,03,201803,충남,남성,90,609
2018,03,201803,충남,여성,10,185
2018,03,201803,충남,여성,20,8860
2018,03,201803,충남,여성,30,41932
2018,03,201803,충남,여성,40,61535
2018,03,201803,충남,여성,50,70800
2018,03,201803,충남,여성,60,36103
2018,03,201803,충남,여성,70,8259
2018,03,201803,충남,여성,80,2675
2018,03,201803,충남,여성,90,462
2018,03,201803,전북,남성,10,370
2018,03,201803,전북,남성,20,13050
2018,03,201803,전북,남성,30,77331
2018,03,201803,전북,남성,40,150810
2018,03,201803,전북,남성,50,178225
2018,03,201803,전북,남성,60,125651
2018,03,201803,전북,남성,70,47205
2018,03,201803,전북,남성,80,8046
2018,03,201803,전북,남성,90,805
2018,03,201803,전북,여성,10,208
2018,03,201803,전북,여성,20,6778
2018,03,201803,전북,여성,30,32231
2018,03,201803,전북,여성,40,53800
2018,03,201803,전북,여성,50,63170
2018,03,201803,전북,여성,60,33990
2018,03,201803,전북,여성,70,9217
2018,03,201803,전북,여성,80,3549
2018,03,201803,전북,여성,90,849
2018,03,201803,전남,남성,10,391
2018,03,201803,전남,남성,20,13054
2018,03,201803,전남,남성,30,79849
2018,03,201803,전남,남성,40,151596
2018,03,201803,전남,남성,50,193866
2018,03,201803,전남,남성,60,134483
2018,03,201803,전남,남성,70,50454
2018,03,201803,전남,남성,80,7498
2018,03,201803,전남,남성,90,784
2018,03,201803,전남,여성,10,215
2018,03,201803,전남,여성,20,6476
2018,03,201803,전남,여성,30,31019
2018,03,201803,전남,여성,40,49784
2018,03,201803,전남,여성,50,60944
2018,03,201803,전남,여성,60,32385
2018,03,201803,전남,여성,70,8911
2018,03,201803,전남,여성,80,3559
2018,03,201803,전남,여성,90,802
2018,03,201803,경북,남성,10,281
2018,03,201803,경북,남성,20,19334
2018,03,201803,경북,남성,30,128501
2018,03,201803,경북,남성,40,230859
2018,03,201803,경북,남성,50,300141
2018,03,201803,경북,남성,60,223018
2018,03,201803,경북,남성,70,77149
2018,03,201803,경북,남성,80,11668
2018,03,201803,경북,남성,90,933
2018,03,201803,경북,여성,10,167
2018,03,201803,경북,여성,20,9011
2018,03,201803,경북,여성,30,46818
2018,03,201803,경북,여성,40,74441
2018,03,201803,경북,여성,50,93593
2018,03,201803,경북,여성,60,52802
2018,03,201803,경북,여성,70,11548
2018,03,201803,경북,여성,80,3431
2018,03,201803,경북,여성,90,617
2018,03,201803,경남,남성,10,706
2018,03,201803,경남,남성,20,22963
2018,03,201803,경남,남성,30,165995
2018,03,201803,경남,남성,40,290615
2018,03,201803,경남,남성,50,336022
2018,03,201803,경남,남성,60,221582
2018,03,201803,경남,남성,70,65931
2018,03,201803,경남,남성,80,9221
2018,03,201803,경남,남성,90,789
2018,03,201803,경남,여성,10,377
2018,03,201803,경남,여성,20,10588
2018,03,201803,경남,여성,30,60652
2018,03,201803,경남,여성,40,98585
2018,03,201803,경남,여성,50,111400
2018,03,201803,경남,여성,60,54724
2018,03,201803,경남,여성,70,11274
2018,03,201803,경남,여성,80,3534
2018,03,201803,경남,여성,90,685
2018,03,201803,제주,남성,10,168
2018,03,201803,제주,남성,20,5005
2018,03,201803,제주,남성,30,31529
2018,03,201803,제주,남성,40,61844
2018,03,201803,제주,남성,50,65575
2018,03,201803,제주,남성,60,40432
2018,03,201803,제주,남성,70,16091
2018,03,201803,제주,남성,80,3010
2018,03,201803,제주,남성,90,172
2018,03,201803,제주,여성,10,89
2018,03,201803,제주,여성,20,3056
2018,03,201803,제주,여성,30,15658
2018,03,201803,제주,여성,40,26943
2018,03,201803,제주,여성,50,28268
2018,03,201803,제주,여성,60,14431
2018,03,201803,제주,여성,70,3488
2018,03,201803,제주,여성,80,825
2018,03,201803,제주,여성,90,202
2018,04,201804,서울,남성,10,1266
2018,04,201804,서울,남성,20,36071
2018,04,201804,서울,남성,30,342988
2018,04,201804,서울,남성,40,528314
2018,04,201804,서울,남성,50,532926
2018,04,201804,서울,남성,60,387993
2018,04,201804,서울,남성,70,141114
2018,04,201804,서울,남성,80,22692
2018,04,201804,서울,남성,90,2737
2018,04,201804,서울,여성,10,649
2018,04,201804,서울,여성,20,16898
2018,04,201804,서울,여성,30,120954
2018,04,201804,서울,여성,40,186699
2018,04,201804,서울,여성,50,187390
2018,04,201804,서울,여성,60,113398
2018,04,201804,서울,여성,70,31744
2018,04,201804,서울,여성,80,6894
2018,04,201804,서울,여성,90,1643
2018,04,201804,부산,남성,10,509
2018,04,201804,부산,남성,20,18848
2018,04,201804,부산,남성,30,134221
2018,04,201804,부산,남성,40,208289
2018,04,201804,부산,남성,50,233013
2018,04,201804,부산,남성,60,176765
2018,04,201804,부산,남성,70,56462
2018,04,201804,부산,남성,80,7780
2018,04,201804,부산,남성,90,752
2018,04,201804,부산,여성,10,283
2018,04,201804,부산,여성,20,8221
2018,04,201804,부산,여성,30,47602
2018,04,201804,부산,여성,40,74570
2018,04,201804,부산,여성,50,83688
2018,04,201804,부산,여성,60,47981
2018,04,201804,부산,여성,70,10984
2018,04,201804,부산,여성,80,2608
2018,04,201804,부산,여성,90,531
2018,04,201804,대구,남성,10,385
2018,04,201804,대구,남성,20,17174
2018,04,201804,대구,남성,30,112769
2018,04,201804,대구,남성,40,199425
2018,04,201804,대구,남성,50,229647
2018,04,201804,대구,남성,60,148694
2018,04,201804,대구,남성,70,47828
2018,04,201804,대구,남성,80,7534
2018,04,201804,대구,남성,90,551
2018,04,201804,대구,여성,10,206
2018,04,201804,대구,여성,20,7671
2018,04,201804,대구,여성,30,41676
2018,04,201804,대구,여성,40,71656
2018,04,201804,대구,여성,50,81685
2018,04,201804,대구,여성,60,41996
2018,04,201804,대구,여성,70,9760
2018,04,201804,대구,여성,80,2330
2018,04,201804,대구,여성,90,404
2018,04,201804,인천,남성,10,478
2018,04,201804,인천,남성,20,22395
2018,04,201804,인천,남성,30,139376
2018,04,201804,인천,남성,40,215315
2018,04,201804,인천,남성,50,229626
2018,04,201804,인천,남성,60,134765
2018,04,201804,인천,남성,70,36677
2018,04,201804,인천,남성,80,4968
2018,04,201804,인천,남성,90,471
2018,04,201804,인천,여성,10,277
2018,04,201804,인천,여성,20,9884
2018,04,201804,인천,여성,30,50830
2018,04,201804,인천,여성,40,77136
2018,04,201804,인천,여성,50,83317
2018,04,201804,인천,여성,60,38451
2018,04,201804,인천,여성,70,7721
2018,04,201804,인천,여성,80,1939
2018,04,201804,인천,여성,90,386
2018,04,201804,광주,남성,10,222
2018,04,201804,광주,남성,20,11067
2018,04,201804,광주,남성,30,69774
2018,04,201804,광주,남성,40,118969
2018,04,201804,광주,남성,50,122637
2018,04,201804,광주,남성,60,68665
2018,04,201804,광주,남성,70,23149
2018,04,201804,광주,남성,80,3441
2018,04,201804,광주,남성,90,338
2018,04,201804,광주,여성,10,119
2018,04,201804,광주,여성,20,6196
2018,04,201804,광주,여성,30,31147
2018,04,201804,광주,여성,40,47360
2018,04,201804,광주,여성,50,45977
2018,04,201804,광주,여성,60,20929
2018,04,201804,광주,여성,70,5197
2018,04,201804,광주,여성,80,1478
2018,04,201804,광주,여성,90,382
2018,04,201804,대전,남성,10,494
2018,04,201804,대전,남성,20,11429
2018,04,201804,대전,남성,30,72219
2018,04,201804,대전,남성,40,118811
2018,04,201804,대전,남성,50,129441
2018,04,201804,대전,남성,60,80719
2018,04,201804,대전,남성,70,23735
2018,04,201804,대전,남성,80,3819
2018,04,201804,대전,남성,90,348
2018,04,201804,대전,여성,10,262
2018,04,201804,대전,여성,20,5773
2018,04,201804,대전,여성,30,29375
2018,04,201804,대전,여성,40,45603
2018,04,201804,대전,여성,50,48326
2018,04,201804,대전,여성,60,22705
2018,04,201804,대전,여성,70,5164
2018,04,201804,대전,여성,80,1695
2018,04,201804,대전,여성,90,360
2018,04,201804,울산,남성,10,273
2018,04,201804,울산,남성,20,8837
2018,04,201804,울산,남성,30,61827
2018,04,201804,울산,남성,40,100776
2018,04,201804,울산,남성,50,131502
2018,04,201804,울산,남성,60,75340
2018,04,201804,울산,남성,70,18005
2018,04,201804,울산,남성,80,1922
2018,04,201804,울산,남성,90,162
2018,04,201804,울산,여성,10,134
2018,04,201804,울산,여성,20,3722
2018,04,201804,울산,여성,30,19989
2018,04,201804,울산,여성,40,31796
2018,04,201804,울산,여성,50,33961
2018,04,201804,울산,여성,60,16129
2018,04,201804,울산,여성,70,3071
2018,04,201804,울산,여성,80,776
2018,04,201804,울산,여성,90,174
2018,04,201804,세종,남성,10,73
2018,04,201804,세종,남성,20,1771
2018,04,201804,세종,남성,30,20381
2018,04,201804,세종,남성,40,33205
2018,04,201804,세종,남성,50,22851
2018,04,201804,세종,남성,60,13298
2018,04,201804,세종,남성,70,3654
2018,04,201804,세종,남성,80,566
2018,04,201804,세종,남성,90,54
2018,04,201804,세종,여성,10,35
2018,04,201804,세종,여성,20,1154
2018,04,201804,세종,여성,30,8878
2018,04,201804,세종,여성,40,11333
2018,04,201804,세종,여성,50,8105
2018,04,201804,세종,여성,60,3816
2018,04,201804,세종,여성,70,748
2018,04,201804,세종,여성,80,261
2018,04,201804,세종,여성,90,47
2018,04,201804,경기,남성,10,2335
2018,04,201804,경기,남성,20,87825
2018,04,201804,경기,남성,30,633144
2018,04,201804,경기,남성,40,1054081
2018,04,201804,경기,남성,50,1057130
2018,04,201804,경기,남성,60,593060
2018,04,201804,경기,남성,70,178192
2018,04,201804,경기,남성,80,30406
2018,04,201804,경기,남성,90,2508
2018,04,201804,경기,여성,10,1237
2018,04,201804,경기,여성,20,40518
2018,04,201804,경기,여성,30,228280
2018,04,201804,경기,여성,40,368464
2018,04,201804,경기,여성,50,380825
2018,04,201804,경기,여성,60,178935
2018,04,201804,경기,여성,70,43058
2018,04,201804,경기,여성,80,10315
2018,04,201804,경기,여성,90,1890
2018,04,201804,강원,남성,10,217
2018,04,201804,강원,남성,20,13061
2018,04,201804,강원,남성,30,66535
2018,04,201804,강원,남성,40,123700
2018,04,201804,강원,남성,50,153564
2018,04,201804,강원,남성,60,113449
2018,04,201804,강원,남성,70,40497
2018,04,201804,강원,남성,80,7289
2018,04,201804,강원,남성,90,524
2018,04,201804,강원,여성,10,117
2018,04,201804,강원,여성,20,5606
2018,04,201804,강원,여성,30,26998
2018,04,201804,강원,여성,40,46647
2018,04,201804,강원,여성,50,56440
2018,04,201804,강원,여성,60,32032
2018,04,201804,강원,여성,70,7411
2018,04,201804,강원,여성,80,1895
2018,04,201804,강원,여성,90,331
2018,04,201804,충북,남성,10,345
2018,04,201804,충북,남성,20,14620
2018,04,201804,충북,남성,30,79786
2018,04,201804,충북,남성,40,134597
2018,04,201804,충북,남성,50,164358
2018,04,201804,충북,남성,60,110909
2018,04,201804,충북,남성,70,34738
2018,04,201804,충북,남성,80,5564
2018,04,201804,충북,남성,90,410
2018,04,201804,충북,여성,10,184
2018,04,201804,충북,여성,20,6752
2018,04,201804,충북,여성,30,31293
2018,04,201804,충북,여성,40,47089
2018,04,201804,충북,여성,50,56154
2018,04,201804,충북,여성,60,28287
2018,04,201804,충북,여성,70,6085
2018,04,201804,충북,여성,80,1803
2018,04,201804,충북,여성,90,327
2018,04,201804,충남,남성,10,272
2018,04,201804,충남,남성,20,19491
2018,04,201804,충남,남성,30,123493
2018,04,201804,충남,남성,40,194001
2018,04,201804,충남,남성,50,212508
2018,04,201804,충남,남성,60,139883
2018,04,201804,충남,남성,70,48876
2018,04,201804,충남,남성,80,8262
2018,04,201804,충남,남성,90,601
2018,04,201804,충남,여성,10,185
2018,04,201804,충남,여성,20,9140
2018,04,201804,충남,여성,30,42225
2018,04,201804,충남,여성,40,61613
2018,04,201804,충남,여성,50,71105
2018,04,201804,충남,여성,60,36142
2018,04,201804,충남,여성,70,8232
2018,04,201804,충남,여성,80,2640
2018,04,201804,충남,여성,90,460
2018,04,201804,전북,남성,10,370
2018,04,201804,전북,남성,20,13464
2018,04,201804,전북,남성,30,77852
2018,04,201804,전북,남성,40,151234
2018,04,201804,전북,남성,50,178629
2018,04,201804,전북,남성,60,125568
2018,04,201804,전북,남성,70,46998
2018,04,201804,전북,남성,80,7951
2018,04,201804,전북,남성,90,785
2018,04,201804,전북,여성,10,205
2018,04,201804,전북,여성,20,6984
2018,04,201804,전북,여성,30,32525
2018,04,201804,전북,여성,40,54051
2018,04,201804,전북,여성,50,63380
2018,04,201804,전북,여성,60,33947
2018,04,201804,전북,여성,70,9174
2018,04,201804,전북,여성,80,3493
2018,04,201804,전북,여성,90,844
2018,04,201804,전남,남성,10,392
2018,04,201804,전남,남성,20,13486
2018,04,201804,전남,남성,30,80359
2018,04,201804,전남,남성,40,152056
2018,04,201804,전남,남성,50,194328
2018,04,201804,전남,남성,60,134527
2018,04,201804,전남,남성,70,50291
2018,04,201804,전남,남성,80,7415
2018,04,201804,전남,남성,90,772
2018,04,201804,전남,여성,10,214
2018,04,201804,전남,여성,20,6656
2018,04,201804,전남,여성,30,31226
2018,04,201804,전남,여성,40,50120
2018,04,201804,전남,여성,50,61208
2018,04,201804,전남,여성,60,32483
2018,04,201804,전남,여성,70,8869
2018,04,201804,전남,여성,80,3515
2018,04,201804,전남,여성,90,786
2018,04,201804,경북,남성,10,281
2018,04,201804,경북,남성,20,19900
2018,04,201804,경북,남성,30,129341
2018,04,201804,경북,남성,40,231318
2018,04,201804,경북,남성,50,300706
2018,04,201804,경북,남성,60,222940
2018,04,201804,경북,남성,70,76816
2018,04,201804,경북,남성,80,11567
2018,04,201804,경북,남성,90,912
2018,04,201804,경북,여성,10,167
2018,04,201804,경북,여성,20,9267
2018,04,201804,경북,여성,30,47205
2018,04,201804,경북,여성,40,74747
2018,04,201804,경북,여성,50,93895
2018,04,201804,경북,여성,60,52799
2018,04,201804,경북,여성,70,11483
2018,04,201804,경북,여성,80,3407
2018,04,201804,경북,여성,90,601
2018,04,201804,경남,남성,10,715
2018,04,201804,경남,남성,20,23674
2018,04,201804,경남,남성,30,166971
2018,04,201804,경남,남성,40,291139
2018,04,201804,경남,남성,50,336500
2018,04,201804,경남,남성,60,221361
2018,04,201804,경남,남성,70,65636
2018,04,201804,경남,남성,80,9147
2018,04,201804,경남,남성,90,775
2018,04,201804,경남,여성,10,380
2018,04,201804,경남,여성,20,10878
2018,04,201804,경남,여성,30,60952
2018,04,201804,경남,여성,40,98949
2018,04,201804,경남,여성,50,111565
2018,04,201804,경남,여성,60,54646
2018,04,201804,경남,여성,70,11226
2018,04,201804,경남,여성,80,3489
2018,04,201804,경남,여성,90,677
2018,04,201804,제주,남성,10,168
2018,04,201804,제주,남성,20,5167
2018,04,201804,제주,남성,30,31815
2018,04,201804,제주,남성,40,61982
2018,04,201804,제주,남성,50,65671
2018,04,201804,제주,남성,60,40330
2018,04,201804,제주,남성,70,15967
2018,04,201804,제주,남성,80,2970
2018,04,201804,제주,남성,90,171
2018,04,201804,제주,여성,10,88
2018,04,201804,제주,여성,20,3202
2018,04,201804,제주,여성,30,15700
2018,04,201804,제주,여성,40,26947
2018,04,201804,제주,여성,50,28308
2018,04,201804,제주,여성,60,14415
2018,04,201804,제주,여성,70,3456
2018,04,201804,제주,여성,80,818
2018,04,201804,제주,여성,90,201
2018,05,201805,서울,남성,10,1276
2018,05,201805,서울,남성,20,37346
2018,05,201805,서울,남성,30,344865
2018,05,201805,서울,남성,40,528284
2018,05,201805,서울,남성,50,532449
2018,05,201805,서울,남성,60,386797
2018,05,201805,서울,남성,70,140162
2018,05,201805,서울,남성,80,22412
2018,05,201805,서울,남성,90,2684
2018,05,201805,서울,여성,10,654
2018,05,201805,서울,여성,20,17383
2018,05,201805,서울,여성,30,121506
2018,05,201805,서울,여성,40,186867
2018,05,201805,서울,여성,50,187391
2018,05,201805,서울,여성,60,112971
2018,05,201805,서울,여성,70,31539
2018,05,201805,서울,여성,80,6838
2018,05,201805,서울,여성,90,1616
2018,05,201805,부산,남성,10,511
2018,05,201805,부산,남성,20,19369
2018,05,201805,부산,남성,30,134941
2018,05,201805,부산,남성,40,208676
2018,05,201805,부산,남성,50,232959
2018,05,201805,부산,남성,60,176298
2018,05,201805,부산,남성,70,56147
2018,05,201805,부산,남성,80,7668
2018,05,201805,부산,남성,90,746
2018,05,201805,부산,여성,10,284
2018,05,201805,부산,여성,20,8432
2018,05,201805,부산,여성,30,47784
2018,05,201805,부산,여성,40,74717
2018,05,201805,부산,여성,50,83768
2018,05,201805,부산,여성,60,47880
2018,05,201805,부산,여성,70,10933
2018,05,201805,부산,여성,80,2576
2018,05,201805,부산,여성,90,520
2018,05,201805,대구,남성,10,381
2018,05,201805,대구,남성,20,17666
2018,05,201805,대구,남성,30,113650
2018,05,201805,대구,남성,40,199803
2018,05,201805,대구,남성,50,229586
2018,05,201805,대구,남성,60,148345
2018,05,201805,대구,남성,70,47500
2018,05,201805,대구,남성,80,7477
2018,05,201805,대구,남성,90,542
2018,05,201805,대구,여성,10,204
2018,05,201805,대구,여성,20,7906
2018,05,201805,대구,여성,30,41992
2018,05,201805,대구,여성,40,71838
2018,05,201805,대구,여성,50,81782
2018,05,201805,대구,여성,60,41840
2018,05,201805,대구,여성,70,9683
2018,05,201805,대구,여성,80,2295
2018,05,201805,대구,여성,90,399
2018,05,201805,인천,남성,10,475
2018,05,201805,인천,남성,20,23060
2018,05,201805,인천,남성,30,140477
2018,05,201805,인천,남성,40,215534
2018,05,201805,인천,남성,50,229658
2018,05,201805,인천,남성,60,134477
2018,05,201805,인천,남성,70,36474
2018,05,201805,인천,남성,80,4887
2018,05,201805,인천,남성,90,462
2018,05,201805,인천,여성,10,286
2018,05,201805,인천,여성,20,10165
2018,05,201805,인천,여성,30,51196
2018,05,201805,인천,여성,40,77450
2018,05,201805,인천,여성,50,83407
2018,05,201805,인천,여성,60,38438
2018,05,201805,인천,여성,70,7666
2018,05,201805,인천,여성,80,1926
2018,05,201805,인천,여성,90,379
2018,05,201805,광주,남성,10,221
2018,05,201805,광주,남성,20,11452
2018,05,201805,광주,남성,30,70061
2018,05,201805,광주,남성,40,119102
2018,05,201805,광주,남성,50,122615
2018,05,201805,광주,남성,60,68484
2018,05,201805,광주,남성,70,23018
2018,05,201805,광주,남성,80,3408
2018,05,201805,광주,남성,90,334
2018,05,201805,광주,여성,10,116
2018,05,201805,광주,여성,20,6363
2018,05,201805,광주,여성,30,31294
2018,05,201805,광주,여성,40,47518
2018,05,201805,광주,여성,50,46055
2018,05,201805,광주,여성,60,20909
2018,05,201805,광주,여성,70,5174
2018,05,201805,광주,여성,80,1449
2018,05,201805,광주,여성,90,377
2018,05,201805,대전,남성,10,489
2018,05,201805,대전,남성,20,11767
2018,05,201805,대전,남성,30,72579
2018,05,201805,대전,남성,40,118900
2018,05,201805,대전,남성,50,129404
2018,05,201805,대전,남성,60,80494
2018,05,201805,대전,남성,70,23563
2018,05,201805,대전,남성,80,3771
2018,05,201805,대전,남성,90,339
2018,05,201805,대전,여성,10,260
2018,05,201805,대전,여성,20,5915
2018,05,201805,대전,여성,30,29497
2018,05,201805,대전,여성,40,45805
2018,05,201805,대전,여성,50,48292
2018,05,201805,대전,여성,60,22693
2018,05,201805,대전,여성,70,5121
2018,05,201805,대전,여성,80,1674
2018,05,201805,대전,여성,90,357
2018,05,201805,울산,남성,10,276
2018,05,201805,울산,남성,20,9011
2018,05,201805,울산,남성,30,62134
2018,05,201805,울산,남성,40,100921
2018,05,201805,울산,남성,50,131735
2018,05,201805,울산,남성,60,75178
2018,05,201805,울산,남성,70,17915
2018,05,201805,울산,남성,80,1889
2018,05,201805,울산,남성,90,161
2018,05,201805,울산,여성,10,132
2018,05,201805,울산,여성,20,3851
2018,05,201805,울산,여성,30,20111
2018,05,201805,울산,여성,40,31871
2018,05,201805,울산,여성,50,34019
2018,05,201805,울산,여성,60,16083
2018,05,201805,울산,여성,70,3031
2018,05,201805,울산,여성,80,770
2018,05,201805,울산,여성,90,172
2018,05,201805,세종,남성,10,75
2018,05,201805,세종,남성,20,1865
2018,05,201805,세종,남성,30,20737
2018,05,201805,세종,남성,40,33510
2018,05,201805,세종,남성,50,23064
2018,05,201805,세종,남성,60,13404
2018,05,201805,세종,남성,70,3649
2018,05,201805,세종,남성,80,560
2018,05,201805,세종,남성,90,54
2018,05,201805,세종,여성,10,35
2018,05,201805,세종,여성,20,1210
2018,05,201805,세종,여성,30,8992
2018,05,201805,세종,여성,40,11423
2018,05,201805,세종,여성,50,8192
2018,05,201805,세종,여성,60,3853
2018,05,201805,세종,여성,70,744
2018,05,201805,세종,여성,80,256
2018,05,201805,세종,여성,90,46
2018,05,201805,경기,남성,10,2356
2018,05,201805,경기,남성,20,91011
2018,05,201805,경기,남성,30,639219
2018,05,201805,경기,남성,40,1056754
2018,05,201805,경기,남성,50,1058548
2018,05,201805,경기,남성,60,592938
2018,05,201805,경기,남성,70,177525
2018,05,201805,경기,남성,80,30140
2018,05,201805,경기,남성,90,2468
2018,05,201805,경기,여성,10,1239
2018,05,201805,경기,여성,20,41755
2018,05,201805,경기,여성,30,230654
2018,05,201805,경기,여성,40,370190
2018,05,201805,경기,여성,50,382032
2018,05,201805,경기,여성,60,178959
2018,05,201805,경기,여성,70,42879
2018,05,201805,경기,여성,80,10238
2018,05,201805,경기,여성,90,1864
2018,05,201805,강원,남성,10,217
2018,05,201805,강원,남성,20,13460
2018,05,201805,강원,남성,30,66886
2018,05,201805,강원,남성,40,123887
2018,05,201805,강원,남성,50,153861
2018,05,201805,강원,남성,60,113436
2018,05,201805,강원,남성,70,40357
2018,05,201805,강원,남성,80,7212
2018,05,201805,강원,남성,90,514
2018,05,201805,강원,여성,10,118
2018,05,201805,강원,여성,20,5755
2018,05,201805,강원,여성,30,27221
2018,05,201805,강원,여성,40,46793
2018,05,201805,강원,여성,50,56628
2018,05,201805,강원,여성,60,32097
2018,05,201805,강원,여성,70,7364
2018,05,201805,강원,여성,80,1878
2018,05,201805,강원,여성,90,331
2018,05,201805,충북,남성,10,346
2018,05,201805,충북,남성,20,15059
2018,05,201805,충북,남성,30,80358
2018,05,201805,충북,남성,40,134903
2018,05,201805,충북,남성,50,164872
2018,05,201805,충북,남성,60,110924
2018,05,201805,충북,남성,70,34590
2018,05,201805,충북,남성,80,5515
2018,05,201805,충북,남성,90,404
2018,05,201805,충북,여성,10,186
2018,05,201805,충북,여성,20,6942
2018,05,201805,충북,여성,30,31449
2018,05,201805,충북,여성,40,47272
2018,05,201805,충북,여성,50,56459
2018,05,201805,충북,여성,60,28287
2018,05,201805,충북,여성,70,6067
2018,05,201805,충북,여성,80,1784
2018,05,201805,충북,여성,90,321
2018,05,201805,충남,남성,10,277
2018,05,201805,충남,남성,20,20082
2018,05,201805,충남,남성,30,124189
2018,05,201805,충남,남성,40,194383
2018,05,201805,충남,남성,50,212966
2018,05,201805,충남,남성,60,139782
2018,05,201805,충남,남성,70,48725
2018,05,201805,충남,남성,80,8196
2018,05,201805,충남,남성,90,587
2018,05,201805,충남,여성,10,194
2018,05,201805,충남,여성,20,9389
2018,05,201805,충남,여성,30,42484
2018,05,201805,충남,여성,40,61900
2018,05,201805,충남,여성,50,71312
2018,05,201805,충남,여성,60,36167
2018,05,201805,충남,여성,70,8173
2018,05,201805,충남,여성,80,2621
2018,05,201805,충남,여성,90,451
2018,05,201805,전북,남성,10,372
2018,05,201805,전북,남성,20,13877
2018,05,201805,전북,남성,30,78339
2018,05,201805,전북,남성,40,151482
2018,05,201805,전북,남성,50,179066
2018,05,201805,전북,남성,60,125493
2018,05,201805,전북,남성,70,46800
2018,05,201805,전북,남성,80,7853
2018,05,201805,전북,남성,90,777
2018,05,201805,전북,여성,10,204
2018,05,201805,전북,여성,20,7145
2018,05,201805,전북,여성,30,32742
2018,05,201805,전북,여성,40,54310
2018,05,201805,전북,여성,50,63644
2018,05,201805,전북,여성,60,33887
2018,05,201805,전북,여성,70,9104
2018,05,201805,전북,여성,80,3455
2018,05,201805,전북,여성,90,834
2018,05,201805,전남,남성,10,393
2018,05,201805,전남,남성,20,13806
2018,05,201805,전남,남성,30,80834
2018,05,201805,전남,남성,40,152573
2018,05,201805,전남,남성,50,194918
2018,05,201805,전남,남성,60,134686
2018,05,201805,전남,남성,70,50113
2018,05,201805,전남,남성,80,7316
2018,05,201805,전남,남성,90,764
2018,05,201805,전남,여성,10,217
2018,05,201805,전남,여성,20,6850
2018,05,201805,전남,여성,30,31437
2018,05,201805,전남,여성,40,50450
2018,05,201805,전남,여성,50,61504
2018,05,201805,전남,여성,60,32487
2018,05,201805,전남,여성,70,8803
2018,05,201805,전남,여성,80,3458
2018,05,201805,전남,여성,90,776
2018,05,201805,경북,남성,10,285
2018,05,201805,경북,남성,20,20481
2018,05,201805,경북,남성,30,130015
2018,05,201805,경북,남성,40,231723
2018,05,201805,경북,남성,50,301465
2018,05,201805,경북,남성,60,222845
2018,05,201805,경북,남성,70,76606
2018,05,201805,경북,남성,80,11450
2018,05,201805,경북,남성,90,895
2018,05,201805,경북,여성,10,167
2018,05,201805,경북,여성,20,9528
2018,05,201805,경북,여성,30,47491
2018,05,201805,경북,여성,40,74936
2018,05,201805,경북,여성,50,94179
2018,05,201805,경북,여성,60,52742
2018,05,201805,경북,여성,70,11399
2018,05,201805,경북,여성,80,3389
2018,05,201805,경북,여성,90,593
2018,05,201805,경남,남성,10,718
2018,05,201805,경남,남성,20,24358
2018,05,201805,경남,남성,30,167795
2018,05,201805,경남,남성,40,291804
2018,05,201805,경남,남성,50,336922
2018,05,201805,경남,남성,60,221086
2018,05,201805,경남,남성,70,65355
2018,05,201805,경남,남성,80,9041
2018,05,201805,경남,남성,90,763
2018,05,201805,경남,여성,10,380
2018,05,201805,경남,여성,20,11196
2018,05,201805,경남,여성,30,61306
2018,05,201805,경남,여성,40,99246
2018,05,201805,경남,여성,50,111801
2018,05,201805,경남,여성,60,54605
2018,05,201805,경남,여성,70,11156
2018,05,201805,경남,여성,80,3443
2018,05,201805,경남,여성,90,666
2018,05,201805,제주,남성,10,169
2018,05,201805,제주,남성,20,5330
2018,05,201805,제주,남성,30,32092
2018,05,201805,제주,남성,40,62084
2018,05,201805,제주,남성,50,65746
2018,05,201805,제주,남성,60,40257
2018,05,201805,제주,남성,70,15913
2018,05,201805,제주,남성,80,2952
2018,05,201805,제주,남성,90,170
2018,05,201805,제주,여성,10,90
2018,05,201805,제주,여성,20,3307
2018,05,201805,제주,여성,30,15870
2018,05,201805,제주,여성,40,27024
2018,05,201805,제주,여성,50,28364
2018,05,201805,제주,여성,60,14389
2018,05,201805,제주,여성,70,3440
2018,05,201805,제주,여성,80,808
2018,05,201805,제주,여성,90,199
2018,06,201806,서울,남성,10,1281
2018,06,201806,서울,남성,20,38578
2018,06,201806,서울,남성,30,346479
2018,06,201806,서울,남성,40,528195
2018,06,201806,서울,남성,50,531733
2018,06,201806,서울,남성,60,385662
2018,06,201806,서울,남성,70,139284
2018,06,201806,서울,남성,80,22184
2018,06,201806,서울,남성,90,2675
2018,06,201806,서울,여성,10,653
2018,06,201806,서울,여성,20,17872
2018,06,201806,서울,여성,30,122281
2018,06,201806,서울,여성,40,187104
2018,06,201806,서울,여성,50,187330
2018,06,201806,서울,여성,60,112602
2018,06,201806,서울,여성,70,31339
2018,06,201806,서울,여성,80,6786
2018,06,201806,서울,여성,90,1607
2018,06,201806,부산,남성,10,510
2018,06,201806,부산,남성,20,19916
2018,06,201806,부산,남성,30,135536
2018,06,201806,부산,남성,40,208847
2018,06,201806,부산,남성,50,232934
2018,06,201806,부산,남성,60,175893
2018,06,201806,부산,남성,70,55807
2018,06,201806,부산,남성,80,7563
2018,06,201806,부산,남성,90,739
2018,06,201806,부산,여성,10,289
2018,06,201806,부산,여성,20,8641
2018,06,201806,부산,여성,30,48026
2018,06,201806,부산,여성,40,74848
2018,06,201806,부산,여성,50,83800
2018,06,201806,부산,여성,60,47718
2018,06,201806,부산,여성,70,10847
2018,06,201806,부산,여성,80,2553
2018,06,201806,부산,여성,90,511
2018,06,201806,대구,남성,10,382
2018,06,201806,대구,남성,20,18308
2018,06,201806,대구,남성,30,114577
2018,06,201806,대구,남성,40,200392
2018,06,201806,대구,남성,50,229921
2018,06,201806,대구,남성,60,148031
2018,06,201806,대구,남성,70,47251
2018,06,201806,대구,남성,80,7377
2018,06,201806,대구,남성,90,533
2018,06,201806,대구,여성,10,204
2018,06,201806,대구,여성,20,8142
2018,06,201806,대구,여성,30,42279
2018,06,201806,대구,여성,40,72067
2018,06,201806,대구,여성,50,81987
2018,06,201806,대구,여성,60,41818
2018,06,201806,대구,여성,70,9605
2018,06,201806,대구,여성,80,2265
2018,06,201806,대구,여성,90,394
2018,06,201806,인천,남성,10,481
2018,06,201806,인천,남성,20,23872
2018,06,201806,인천,남성,30,141636
2018,06,201806,인천,남성,40,215972
2018,06,201806,인천,남성,50,229867
2018,06,201806,인천,남성,60,134392
2018,06,201806,인천,남성,70,36304
2018,06,201806,인천,남성,80,4848
2018,06,201806,인천,남성,90,459
2018,06,201806,인천,여성,10,292
2018,06,201806,인천,여성,20,10446
2018,06,201806,인천,여성,30,51629
2018,06,201806,인천,여성,40,77585
2018,06,201806,인천,여성,50,83611
2018,06,201806,인천,여성,60,38388
2018,06,201806,인천,여성,70,7646
2018,06,201806,인천,여성,80,1917
2018,06,201806,인천,여성,90,380
2018,06,201806,광주,남성,10,221
2018,06,201806,광주,남성,20,11784
2018,06,201806,광주,남성,30,70484
2018,06,201806,광주,남성,40,119436
2018,06,201806,광주,남성,50,122744
2018,06,201806,광주,남성,60,68440
2018,06,201806,광주,남성,70,22935
2018,06,201806,광주,남성,80,3367
2018,06,201806,광주,남성,90,327
2018,06,201806,광주,여성,10,116
2018,06,201806,광주,여성,20,6561
2018,06,201806,광주,여성,30,31557
2018,06,201806,광주,여성,40,47706
2018,06,201806,광주,여성,50,46188
2018,06,201806,광주,여성,60,20888
2018,06,201806,광주,여성,70,5137
2018,06,201806,광주,여성,80,1442
2018,06,201806,광주,여성,90,372
2018,06,201806,대전,남성,10,493
2018,06,201806,대전,남성,20,12090
2018,06,201806,대전,남성,30,72971
2018,06,201806,대전,남성,40,119060
2018,06,201806,대전,남성,50,129528
2018,06,201806,대전,남성,60,80274
2018,06,201806,대전,남성,70,23475
2018,06,201806,대전,남성,80,3722
2018,06,201806,대전,남성,90,329
2018,06,201806,대전,여성,10,259
2018,06,201806,대전,여성,20,6084
2018,06,201806,대전,여성,30,29605
2018,06,201806,대전,여성,40,45898
2018,06,201806,대전,여성,50,48310
2018,06,201806,대전,여성,60,22640
2018,06,201806,대전,여성,70,5110
2018,06,201806,대전,여성,80,1658
2018,06,201806,대전,여성,90,351
2018,06,201806,울산,남성,10,275
2018,06,201806,울산,남성,20,9216
2018,06,201806,울산,남성,30,62362
2018,06,201806,울산,남성,40,100984
2018,06,201806,울산,남성,50,131833
2018,06,201806,울산,남성,60,74988
2018,06,201806,울산,남성,70,17844
2018,06,201806,울산,남성,80,1871
2018,06,201806,울산,남성,90,157
2018,06,201806,울산,여성,10,133
2018,06,201806,울산,여성,20,3912
2018,06,201806,울산,여성,30,20266
2018,06,201806,울산,여성,40,31982
2018,06,201806,울산,여성,50,34023
2018,06,201806,울산,여성,60,16071
2018,06,201806,울산,여성,70,3018
2018,06,201806,울산,여성,80,753
2018,06,201806,울산,여성,90,163
2018,06,201806,세종,남성,10,74
2018,06,201806,세종,남성,20,1931
2018,06,201806,세종,남성,30,21146
2018,06,201806,세종,남성,40,33847
2018,06,201806,세종,남성,50,23312
2018,06,201806,세종,남성,60,13521
2018,06,201806,세종,남성,70,3654
2018,06,201806,세종,남성,80,550
2018,06,201806,세종,남성,90,53
2018,06,201806,세종,여성,10,36
2018,06,201806,세종,여성,20,1278
2018,06,201806,세종,여성,30,9179
2018,06,201806,세종,여성,40,11566
2018,06,201806,세종,여성,50,8276
2018,06,201806,세종,여성,60,3880
2018,06,201806,세종,여성,70,744
2018,06,201806,세종,여성,80,255
2018,06,201806,세종,여성,90,46
2018,06,201806,경기,남성,10,2389
2018,06,201806,경기,남성,20,93867
2018,06,201806,경기,남성,30,644771
2018,06,201806,경기,남성,40,1060031
2018,06,201806,경기,남성,50,1059867
2018,06,201806,경기,남성,60,592691
2018,06,201806,경기,남성,70,176763
2018,06,201806,경기,남성,80,29841
2018,06,201806,경기,남성,90,2434
2018,06,201806,경기,여성,10,1248
2018,06,201806,경기,여성,20,43022
2018,06,201806,경기,여성,30,232770
2018,06,201806,경기,여성,40,372046
2018,06,201806,경기,여성,50,383208
2018,06,201806,경기,여성,60,179122
2018,06,201806,경기,여성,70,42710
2018,06,201806,경기,여성,80,10146
2018,06,201806,경기,여성,90,1839
2018,06,201806,강원,남성,10,218
2018,06,201806,강원,남성,20,13864
2018,06,201806,강원,남성,30,67397
2018,06,201806,강원,남성,40,124198
2018,06,201806,강원,남성,50,154173
2018,06,201806,강원,남성,60,113469
2018,06,201806,강원,남성,70,40210
2018,06,201806,강원,남성,80,7133
2018,06,201806,강원,남성,90,505
2018,06,201806,강원,여성,10,119
2018,06,201806,강원,여성,20,5896
2018,06,201806,강원,여성,30,27389
2018,06,201806,강원,여성,40,47027
2018,06,201806,강원,여성,50,56819
2018,06,201806,강원,여성,60,32140
2018,06,201806,강원,여성,70,7327
2018,06,201806,강원,여성,80,1857
2018,06,201806,강원,여성,90,325
2018,06,201806,충북,남성,10,352
2018,06,201806,충북,남성,20,15539
2018,06,201806,충북,남성,30,80819
2018,06,201806,충북,남성,40,135146
2018,06,201806,충북,남성,50,165286
2018,06,201806,충북,남성,60,110851
2018,06,201806,충북,남성,70,34473
2018,06,201806,충북,남성,80,5450
2018,06,201806,충북,남성,90,398
2018,06,201806,충북,여성,10,187
2018,06,201806,충북,여성,20,7101
2018,06,201806,충북,여성,30,31654
2018,06,201806,충북,여성,40,47465
2018,06,201806,충북,여성,50,56619
2018,06,201806,충북,여성,60,28314
2018,06,201806,충북,여성,70,6032
2018,06,201806,충북,여성,80,1759
2018,06,201806,충북,여성,90,311
2018,06,201806,충남,남성,10,277
2018,06,201806,충남,남성,20,20621
2018,06,201806,충남,남성,30,124961
2018,06,201806,충남,남성,40,194986
2018,06,201806,충남,남성,50,213449
2018,06,201806,충남,남성,60,139798
2018,06,201806,충남,남성,70,48558
2018,06,201806,충남,남성,80,8143
2018,06,201806,충남,남성,90,580
2018,06,201806,충남,여성,10,195
2018,06,201806,충남,여성,20,9628
2018,06,201806,충남,여성,30,42732
2018,06,201806,충남,여성,40,62163
2018,06,201806,충남,여성,50,71589
2018,06,201806,충남,여성,60,36205
2018,06,201806,충남,여성,70,8125
2018,06,201806,충남,여성,80,2597
2018,06,201806,충남,여성,90,446
2018,06,201806,전북,남성,10,377
2018,06,201806,전북,남성,20,14197
2018,06,201806,전북,남성,30,78617
2018,06,201806,전북,남성,40,151905
2018,06,201806,전북,남성,50,179384
2018,06,201806,전북,남성,60,125383
2018,06,201806,전북,남성,70,46637
2018,06,201806,전북,남성,80,7767
2018,06,201806,전북,남성,90,769
2018,06,201806,전북,여성,10,204
2018,06,201806,전북,여성,20,7364
2018,06,201806,전북,여성,30,32892
2018,06,201806,전북,여성,40,54617
2018,06,201806,전북,여성,50,63861
2018,06,201806,전북,여성,60,33917
2018,06,201806,전북,여성,70,9031
2018,06,201806,전북,여성,80,3415
2018,06,201806,전북,여성,90,826
2018,06,201806,전남,남성,10,394
2018,06,201806,전남,남성,20,14171
2018,06,201806,전남,남성,30,81251
2018,06,201806,전남,남성,40,152854
2018,06,201806,전남,남성,50,195316
2018,06,201806,전남,남성,60,134542
2018,06,201806,전남,남성,70,49953
2018,06,201806,전남,남성,80,7233
2018,06,201806,전남,남성,90,745
2018,06,201806,전남,여성,10,216
2018,06,201806,전남,여성,20,7037
2018,06,201806,전남,여성,30,31659
2018,06,201806,전남,여성,40,50676
2018,06,201806,전남,여성,50,61697
2018,06,201806,전남,여성,60,32477
2018,06,201806,전남,여성,70,8719
2018,06,201806,전남,여성,80,3411
2018,06,201806,전남,여성,90,771
2018,06,201806,경북,남성,10,289
2018,06,201806,경북,남성,20,20986
2018,06,201806,경북,남성,30,130713
2018,06,201806,경북,남성,40,232289
2018,06,201806,경북,남성,50,301960
2018,06,201806,경북,남성,60,222622
2018,06,201806,경북,남성,70,76336
2018,06,201806,경북,남성,80,11299
2018,06,201806,경북,남성,90,887
2018,06,201806,경북,여성,10,166
2018,06,201806,경북,여성,20,9748
2018,06,201806,경북,여성,30,47699
2018,06,201806,경북,여성,40,75158
2018,06,201806,경북,여성,50,94421
2018,06,201806,경북,여성,60,52613
2018,06,201806,경북,여성,70,11338
2018,06,201806,경북,여성,80,3354
2018,06,201806,경북,여성,90,580
2018,06,201806,경남,남성,10,721
2018,06,201806,경남,남성,20,25069
2018,06,201806,경남,남성,30,168928
2018,06,201806,경남,남성,40,292218
2018,06,201806,경남,남성,50,337385
2018,06,201806,경남,남성,60,220996
2018,06,201806,경남,남성,70,65061
2018,06,201806,경남,남성,80,8953
2018,06,201806,경남,남성,90,750
2018,06,201806,경남,여성,10,383
2018,06,201806,경남,여성,20,11440
2018,06,201806,경남,여성,30,61792
2018,06,201806,경남,여성,40,99568
2018,06,201806,경남,여성,50,112032
2018,06,201806,경남,여성,60,54577
2018,06,201806,경남,여성,70,11113
2018,06,201806,경남,여성,80,3397
2018,06,201806,경남,여성,90,658
2018,06,201806,제주,남성,10,170
2018,06,201806,제주,남성,20,5503
2018,06,201806,제주,남성,30,32393
2018,06,201806,제주,남성,40,62344
2018,06,201806,제주,남성,50,65917
2018,06,201806,제주,남성,60,40251
2018,06,201806,제주,남성,70,15853
2018,06,201806,제주,남성,80,2914
2018,06,201806,제주,남성,90,170
2018,06,201806,제주,여성,10,91
2018,06,201806,제주,여성,20,3400
2018,06,201806,제주,여성,30,16086
2018,06,201806,제주,여성,40,27169
2018,06,201806,제주,여성,50,28397
2018,06,201806,제주,여성,60,14395
2018,06,201806,제주,여성,70,3428
2018,06,201806,제주,여성,80,806
2018,06,201806,제주,여성,90,196
2018,07,201807,서울,남성,10,1294
2018,07,201807,서울,남성,20,39878
2018,07,201807,서울,남성,30,348230
2018,07,201807,서울,남성,40,528301
2018,07,201807,서울,남성,50,531432
2018,07,201807,서울,남성,60,384593
2018,07,201807,서울,남성,70,138390
2018,07,201807,서울,남성,80,21916
2018,07,201807,서울,남성,90,2657
2018,07,201807,서울,여성,10,656
2018,07,201807,서울,여성,20,18370
2018,07,201807,서울,여성,30,122920
2018,07,201807,서울,여성,40,187286
2018,07,201807,서울,여성,50,187298
2018,07,201807,서울,여성,60,112198
2018,07,201807,서울,여성,70,31152
2018,07,201807,서울,여성,80,6711
2018,07,201807,서울,여성,90,1589
2018,07,201807,부산,남성,10,514
2018,07,201807,부산,남성,20,20509
2018,07,201807,부산,남성,30,136351
2018,07,201807,부산,남성,40,208997
2018,07,201807,부산,남성,50,232777
2018,07,201807,부산,남성,60,175367
2018,07,201807,부산,남성,70,55437
2018,07,201807,부산,남성,80,7506
2018,07,201807,부산,남성,90,730
2018,07,201807,부산,여성,10,292
2018,07,201807,부산,여성,20,8880
2018,07,201807,부산,여성,30,48243
2018,07,201807,부산,여성,40,75146
2018,07,201807,부산,여성,50,83895
2018,07,201807,부산,여성,60,47540
2018,07,201807,부산,여성,70,10790
2018,07,201807,부산,여성,80,2521
2018,07,201807,부산,여성,90,505
2018,07,201807,대구,남성,10,382
2018,07,201807,대구,남성,20,18871
2018,07,201807,대구,남성,30,115357
2018,07,201807,대구,남성,40,200577
2018,07,201807,대구,남성,50,230121
2018,07,201807,대구,남성,60,147702
2018,07,201807,대구,남성,70,47009
2018,07,201807,대구,남성,80,7307
2018,07,201807,대구,남성,90,520
2018,07,201807,대구,여성,10,203
2018,07,201807,대구,여성,20,8372
2018,07,201807,대구,여성,30,42527
2018,07,201807,대구,여성,40,72268
2018,07,201807,대구,여성,50,82177
2018,07,201807,대구,여성,60,41709
2018,07,201807,대구,여성,70,9533
2018,07,201807,대구,여성,80,2235
2018,07,201807,대구,여성,90,386
2018,07,201807,인천,남성,10,479
2018,07,201807,인천,남성,20,24621
2018,07,201807,인천,남성,30,142371
2018,07,201807,인천,남성,40,216214
2018,07,201807,인천,남성,50,230011
2018,07,201807,인천,남성,60,134115
2018,07,201807,인천,남성,70,36154
2018,07,201807,인천,남성,80,4793
2018,07,201807,인천,남성,90,452
2018,07,201807,인천,여성,10,290
2018,07,201807,인천,여성,20,10771
2018,07,201807,인천,여성,30,52022
2018,07,201807,인천,여성,40,77823
2018,07,201807,인천,여성,50,83797
2018,07,201807,인천,여성,60,38316
2018,07,201807,인천,여성,70,7601
2018,07,201807,인천,여성,80,1904
2018,07,201807,인천,여성,90,379
2018,07,201807,광주,남성,10,223
2018,07,201807,광주,남성,20,12182
2018,07,201807,광주,남성,30,71076
2018,07,201807,광주,남성,40,119702
2018,07,201807,광주,남성,50,122800
2018,07,201807,광주,남성,60,68354
2018,07,201807,광주,남성,70,22794
2018,07,201807,광주,남성,80,3329
2018,07,201807,광주,남성,90,323
2018,07,201807,광주,여성,10,115
2018,07,201807,광주,여성,20,6751
2018,07,201807,광주,여성,30,31773
2018,07,201807,광주,여성,40,47981
2018,07,201807,광주,여성,50,46376
2018,07,201807,광주,여성,60,20811
2018,07,201807,광주,여성,70,5088
2018,07,201807,광주,여성,80,1429
2018,07,201807,광주,여성,90,371
2018,07,201807,대전,남성,10,492
2018,07,201807,대전,남성,20,12496
2018,07,201807,대전,남성,30,73490
2018,07,201807,대전,남성,40,119193
2018,07,201807,대전,남성,50,129529
2018,07,201807,대전,남성,60,80176
2018,07,201807,대전,남성,70,23354
2018,07,201807,대전,남성,80,3680
2018,07,201807,대전,남성,90,326
2018,07,201807,대전,여성,10,262
2018,07,201807,대전,여성,20,6226
2018,07,201807,대전,여성,30,29814
2018,07,201807,대전,여성,40,45989
2018,07,201807,대전,여성,50,48464
2018,07,201807,대전,여성,60,22603
2018,07,201807,대전,여성,70,5073
2018,07,201807,대전,여성,80,1633
2018,07,201807,대전,여성,90,341
2018,07,201807,울산,남성,10,278
2018,07,201807,울산,남성,20,9455
2018,07,201807,울산,남성,30,62679
2018,07,201807,울산,남성,40,101032
2018,07,201807,울산,남성,50,131925
2018,07,201807,울산,남성,60,74799
2018,07,201807,울산,남성,70,17725
2018,07,201807,울산,남성,80,1862
2018,07,201807,울산,남성,90,157
2018,07,201807,울산,여성,10,135
2018,07,201807,울산,여성,20,4000
2018,07,201807,울산,여성,30,20421
2018,07,201807,울산,여성,40,32055
2018,07,201807,울산,여성,50,34075
2018,07,201807,울산,여성,60,16021
2018,07,201807,울산,여성,70,2984
2018,07,201807,울산,여성,80,745
2018,07,201807,울산,여성,90,160
2018,07,201807,세종,남성,10,75
2018,07,201807,세종,남성,20,2000
2018,07,201807,세종,남성,30,21495
2018,07,201807,세종,남성,40,34103
2018,07,201807,세종,남성,50,23459
2018,07,201807,세종,남성,60,13561
2018,07,201807,세종,남성,70,3653
2018,07,201807,세종,남성,80,547
2018,07,201807,세종,남성,90,52
2018,07,201807,세종,여성,10,38
2018,07,201807,세종,여성,20,1332
2018,07,201807,세종,여성,30,9350
2018,07,201807,세종,여성,40,11674
2018,07,201807,세종,여성,50,8322
2018,07,201807,세종,여성,60,3904
2018,07,201807,세종,여성,70,742
2018,07,201807,세종,여성,80,254
2018,07,201807,세종,여성,90,47
2018,07,201807,경기,남성,10,2423
2018,07,201807,경기,남성,20,97204
2018,07,201807,경기,남성,30,650487
2018,07,201807,경기,남성,40,1063226
2018,07,201807,경기,남성,50,1061485
2018,07,201807,경기,남성,60,592606
2018,07,201807,경기,남성,70,176021
2018,07,201807,경기,남성,80,29486
2018,07,201807,경기,남성,90,2409
2018,07,201807,경기,여성,10,1247
2018,07,201807,경기,여성,20,44410
2018,07,201807,경기,여성,30,234924
2018,07,201807,경기,여성,40,373942
2018,07,201807,경기,여성,50,384500
2018,07,201807,경기,여성,60,179036
2018,07,201807,경기,여성,70,42476
2018,07,201807,경기,여성,80,10064
2018,07,201807,경기,여성,90,1826
2018,07,201807,강원,남성,10,221
2018,07,201807,강원,남성,20,14340
2018,07,201807,강원,남성,30,67898
2018,07,201807,강원,남성,40,124611
2018,07,201807,강원,남성,50,154587
2018,07,201807,강원,남성,60,113553
2018,07,201807,강원,남성,70,40087
2018,07,201807,강원,남성,80,7072
2018,07,201807,강원,남성,90,496
2018,07,201807,강원,여성,10,119
2018,07,201807,강원,여성,20,6085
2018,07,201807,강원,여성,30,27632
2018,07,201807,강원,여성,40,47197
2018,07,201807,강원,여성,50,57020
2018,07,201807,강원,여성,60,32172
2018,07,201807,강원,여성,70,7323
2018,07,201807,강원,여성,80,1823
2018,07,201807,강원,여성,90,320
2018,07,201807,충북,남성,10,352
2018,07,201807,충북,남성,20,16054
2018,07,201807,충북,남성,30,81500
2018,07,201807,충북,남성,40,135468
2018,07,201807,충북,남성,50,165669
2018,07,201807,충북,남성,60,110713
2018,07,201807,충북,남성,70,34332
2018,07,201807,충북,남성,80,5392
2018,07,201807,충북,남성,90,392
2018,07,201807,충북,여성,10,189
2018,07,201807,충북,여성,20,7318
2018,07,201807,충북,여성,30,31929
2018,07,201807,충북,여성,40,47563
2018,07,201807,충북,여성,50,56738
2018,07,201807,충북,여성,60,28337
2018,07,201807,충북,여성,70,6001
2018,07,201807,충북,여성,80,1739
2018,07,201807,충북,여성,90,307
2018,07,201807,충남,남성,10,281
2018,07,201807,충남,남성,20,21276
2018,07,201807,충남,남성,30,125786
2018,07,201807,충남,남성,40,195324
2018,07,201807,충남,남성,50,213979
2018,07,201807,충남,남성,60,139704
2018,07,201807,충남,남성,70,48423
2018,07,201807,충남,남성,80,8058
2018,07,201807,충남,남성,90,572
2018,07,201807,충남,여성,10,198
2018,07,201807,충남,여성,20,9905
2018,07,201807,충남,여성,30,42989
2018,07,201807,충남,여성,40,62447
2018,07,201807,충남,여성,50,71885
2018,07,201807,충남,여성,60,36221
2018,07,201807,충남,여성,70,8084
2018,07,201807,충남,여성,80,2566
2018,07,201807,충남,여성,90,441
2018,07,201807,전북,남성,10,376
2018,07,201807,전북,남성,20,14619
2018,07,201807,전북,남성,30,78973
2018,07,201807,전북,남성,40,152281
2018,07,201807,전북,남성,50,179786
2018,07,201807,전북,남성,60,125359
2018,07,201807,전북,남성,70,46482
2018,07,201807,전북,남성,80,7695
2018,07,201807,전북,남성,90,763
2018,07,201807,전북,여성,10,204
2018,07,201807,전북,여성,20,7566
2018,07,201807,전북,여성,30,33097
2018,07,201807,전북,여성,40,54921
2018,07,201807,전북,여성,50,64063
2018,07,201807,전북,여성,60,33885
2018,07,201807,전북,여성,70,8969
2018,07,201807,전북,여성,80,3383
2018,07,201807,전북,여성,90,807
2018,07,201807,전남,남성,10,393
2018,07,201807,전남,남성,20,14566
2018,07,201807,전남,남성,30,81622
2018,07,201807,전남,남성,40,153393
2018,07,201807,전남,남성,50,195768
2018,07,201807,전남,남성,60,134402
2018,07,201807,전남,남성,70,49745
2018,07,201807,전남,남성,80,7147
2018,07,201807,전남,남성,90,729
2018,07,201807,전남,여성,10,217
2018,07,201807,전남,여성,20,7217
2018,07,201807,전남,여성,30,31797
2018,07,201807,전남,여성,40,50956
2018,07,201807,전남,여성,50,61875
2018,07,201807,전남,여성,60,32415
2018,07,201807,전남,여성,70,8644
2018,07,201807,전남,여성,80,3368
2018,07,201807,전남,여성,90,755
2018,07,201807,경북,남성,10,289
2018,07,201807,경북,남성,20,21557
2018,07,201807,경북,남성,30,131400
2018,07,201807,경북,남성,40,232770
2018,07,201807,경북,남성,50,302474
2018,07,201807,경북,남성,60,222577
2018,07,201807,경북,남성,70,75969
2018,07,201807,경북,남성,80,11186
2018,07,201807,경북,남성,90,880
2018,07,201807,경북,여성,10,166
2018,07,201807,경북,여성,20,9998
2018,07,201807,경북,여성,30,48006
2018,07,201807,경북,여성,40,75465
2018,07,201807,경북,여성,50,94688
2018,07,201807,경북,여성,60,52594
2018,07,201807,경북,여성,70,11283
2018,07,201807,경북,여성,80,3332
2018,07,201807,경북,여성,90,573
2018,07,201807,경남,남성,10,720
2018,07,201807,경남,남성,20,25807
2018,07,201807,경남,남성,30,169993
2018,07,201807,경남,남성,40,292808
2018,07,201807,경남,남성,50,337936
2018,07,201807,경남,남성,60,220644
2018,07,201807,경남,남성,70,64778
2018,07,201807,경남,남성,80,8829
2018,07,201807,경남,남성,90,746
2018,07,201807,경남,여성,10,385
2018,07,201807,경남,여성,20,11731
2018,07,201807,경남,여성,30,62307
2018,07,201807,경남,여성,40,99902
2018,07,201807,경남,여성,50,112254
2018,07,201807,경남,여성,60,54540
2018,07,201807,경남,여성,70,11067
2018,07,201807,경남,여성,80,3356
2018,07,201807,경남,여성,90,647
2018,07,201807,제주,남성,10,171
2018,07,201807,제주,남성,20,5650
2018,07,201807,제주,남성,30,32662
2018,07,201807,제주,남성,40,62591
2018,07,201807,제주,남성,50,66047
2018,07,201807,제주,남성,60,40245
2018,07,201807,제주,남성,70,15781
2018,07,201807,제주,남성,80,2875
2018,07,201807,제주,남성,90,166
2018,07,201807,제주,여성,10,92
2018,07,201807,제주,여성,20,3515
2018,07,201807,제주,여성,30,16213
2018,07,201807,제주,여성,40,27299
2018,07,201807,제주,여성,50,28540
2018,07,201807,제주,여성,60,14420
2018,07,201807,제주,여성,70,3397
2018,07,201807,제주,여성,80,808
2018,07,201807,제주,여성,90,191
2018,08,201808,서울,남성,10,1297
2018,08,201808,서울,남성,20,41146
2018,08,201808,서울,남성,30,349582
2018,08,201808,서울,남성,40,527942
2018,08,201808,서울,남성,50,530808
2018,08,201808,서울,남성,60,383522
2018,08,201808,서울,남성,70,137388
2018,08,201808,서울,남성,80,21629
2018,08,201808,서울,남성,90,2611
2018,08,201808,서울,여성,10,661
2018,08,201808,서울,여성,20,18922
2018,08,201808,서울,여성,30,123589
2018,08,201808,서울,여성,40,187359
2018,08,201808,서울,여성,50,187289
2018,08,201808,서울,여성,60,111850
2018,08,201808,서울,여성,70,30942
2018,08,201808,서울,여성,80,6620
2018,08,201808,서울,여성,90,1564
2018,08,201808,부산,남성,10,522
2018,08,201808,부산,남성,20,21043
2018,08,201808,부산,남성,30,136993
2018,08,201808,부산,남성,40,209062
2018,08,201808,부산,남성,50,232644
2018,08,201808,부산,남성,60,174944
2018,08,201808,부산,남성,70,55047
2018,08,201808,부산,남성,80,7424
2018,08,201808,부산,남성,90,719
2018,08,201808,부산,여성,10,292
2018,08,201808,부산,여성,20,9060
2018,08,201808,부산,여성,30,48510
2018,08,201808,부산,여성,40,75319
2018,08,201808,부산,여성,50,84035
2018,08,201808,부산,여성,60,47459
2018,08,201808,부산,여성,70,10703
2018,08,201808,부산,여성,80,2500
2018,08,201808,부산,여성,90,494
2018,08,201808,대구,남성,10,379
2018,08,201808,대구,남성,20,19454
2018,08,201808,대구,남성,30,115873
2018,08,201808,대구,남성,40,200712
2018,08,201808,대구,남성,50,230091
2018,08,201808,대구,남성,60,147359
2018,08,201808,대구,남성,70,46684
2018,08,201808,대구,남성,80,7189
2018,08,201808,대구,남성,90,516
2018,08,201808,대구,여성,10,204
2018,08,201808,대구,여성,20,8588
2018,08,201808,대구,여성,30,42834
2018,08,201808,대구,여성,40,72509
2018,08,201808,대구,여성,50,82473
2018,08,201808,대구,여성,60,41604
2018,08,201808,대구,여성,70,9444
2018,08,201808,대구,여성,80,2215
2018,08,201808,대구,여성,90,382
2018,08,201808,인천,남성,10,475
2018,08,201808,인천,남성,20,25327
2018,08,201808,인천,남성,30,143035
2018,08,201808,인천,남성,40,216168
2018,08,201808,인천,남성,50,229982
2018,08,201808,인천,남성,60,133769
2018,08,201808,인천,남성,70,35970
2018,08,201808,인천,남성,80,4724
2018,08,201808,인천,남성,90,441
2018,08,201808,인천,여성,10,296
2018,08,201808,인천,여성,20,11042
2018,08,201808,인천,여성,30,52240
2018,08,201808,인천,여성,40,77960
2018,08,201808,인천,여성,50,83897
2018,08,201808,인천,여성,60,38227
2018,08,201808,인천,여성,70,7542
2018,08,201808,인천,여성,80,1892
2018,08,201808,인천,여성,90,375
2018,08,201808,광주,남성,10,225
2018,08,201808,광주,남성,20,12518
2018,08,201808,광주,남성,30,71590
2018,08,201808,광주,남성,40,119933
2018,08,201808,광주,남성,50,122900
2018,08,201808,광주,남성,60,68228
2018,08,201808,광주,남성,70,22657
2018,08,201808,광주,남성,80,3290
2018,08,201808,광주,남성,90,318
2018,08,201808,광주,여성,10,114
2018,08,201808,광주,여성,20,6982
2018,08,201808,광주,여성,30,31963
2018,08,201808,광주,여성,40,48176
2018,08,201808,광주,여성,50,46534
2018,08,201808,광주,여성,60,20754
2018,08,201808,광주,여성,70,5046
2018,08,201808,광주,여성,80,1398
2018,08,201808,광주,여성,90,364
2018,08,201808,대전,남성,10,490
2018,08,201808,대전,남성,20,12800
2018,08,201808,대전,남성,30,73939
2018,08,201808,대전,남성,40,119354
2018,08,201808,대전,남성,50,129455
2018,08,201808,대전,남성,60,79915
2018,08,201808,대전,남성,70,23193
2018,08,201808,대전,남성,80,3630
2018,08,201808,대전,남성,90,323
2018,08,201808,대전,여성,10,262
2018,08,201808,대전,여성,20,6406
2018,08,201808,대전,여성,30,30026
2018,08,201808,대전,여성,40,46144
2018,08,201808,대전,여성,50,48532
2018,08,201808,대전,여성,60,22579
2018,08,201808,대전,여성,70,5051
2018,08,201808,대전,여성,80,1611
2018,08,201808,대전,여성,90,337
2018,08,201808,울산,남성,10,278
2018,08,201808,울산,남성,20,9672
2018,08,201808,울산,남성,30,62947
2018,08,201808,울산,남성,40,101091
2018,08,201808,울산,남성,50,132007
2018,08,201808,울산,남성,60,74517
2018,08,201808,울산,남성,70,17625
2018,08,201808,울산,남성,80,1827
2018,08,201808,울산,남성,90,154
2018,08,201808,울산,여성,10,134
2018,08,201808,울산,여성,20,4086
2018,08,201808,울산,여성,30,20524
2018,08,201808,울산,여성,40,32082
2018,08,201808,울산,여성,50,34086
2018,08,201808,울산,여성,60,15986
2018,08,201808,울산,여성,70,2956
2018,08,201808,울산,여성,80,736
2018,08,201808,울산,여성,90,154
2018,08,201808,세종,남성,10,74
2018,08,201808,세종,남성,20,2087
2018,08,201808,세종,남성,30,21890
2018,08,201808,세종,남성,40,34436
2018,08,201808,세종,남성,50,23709
2018,08,201808,세종,남성,60,13593
2018,08,201808,세종,남성,70,3644
2018,08,201808,세종,남성,80,537
2018,08,201808,세종,남성,90,52
2018,08,201808,세종,여성,10,39
2018,08,201808,세종,여성,20,1401
2018,08,201808,세종,여성,30,9490
2018,08,201808,세종,여성,40,11788
2018,08,201808,세종,여성,50,8418
2018,08,201808,세종,여성,60,3906
2018,08,201808,세종,여성,70,737
2018,08,201808,세종,여성,80,255
2018,08,201808,세종,여성,90,46
2018,08,201808,경기,남성,10,2445
2018,08,201808,경기,남성,20,100361
2018,08,201808,경기,남성,30,656257
2018,08,201808,경기,남성,40,1064987
2018,08,201808,경기,남성,50,1062309
2018,08,201808,경기,남성,60,591941
2018,08,201808,경기,남성,70,175181
2018,08,201808,경기,남성,80,29159
2018,08,201808,경기,남성,90,2386
2018,08,201808,경기,여성,10,1250
2018,08,201808,경기,여성,20,45634
2018,08,201808,경기,여성,30,237245
2018,08,201808,경기,여성,40,375520
2018,08,201808,경기,여성,50,385619
2018,08,201808,경기,여성,60,179003
2018,08,201808,경기,여성,70,42270
2018,08,201808,경기,여성,80,9952
2018,08,201808,경기,여성,90,1790
2018,08,201808,강원,남성,10,223
2018,08,201808,강원,남성,20,14743
2018,08,201808,강원,남성,30,68277
2018,08,201808,강원,남성,40,124905
2018,08,201808,강원,남성,50,154892
2018,08,201808,강원,남성,60,113553
2018,08,201808,강원,남성,70,39972
2018,08,201808,강원,남성,80,6988
2018,08,201808,강원,남성,90,491
2018,08,201808,강원,여성,10,123
2018,08,201808,강원,여성,20,6247
2018,08,201808,강원,여성,30,27800
2018,08,201808,강원,여성,40,47393
2018,08,201808,강원,여성,50,57199
2018,08,201808,강원,여성,60,32137
2018,08,201808,강원,여성,70,7289
2018,08,201808,강원,여성,80,1811
2018,08,201808,강원,여성,90,320
2018,08,201808,충북,남성,10,353
2018,08,201808,충북,남성,20,16503
2018,08,201808,충북,남성,30,82091
2018,08,201808,충북,남성,40,135491
2018,08,201808,충북,남성,50,165992
2018,08,201808,충북,남성,60,110568
2018,08,201808,충북,남성,70,34198
2018,08,201808,충북,남성,80,5346
2018,08,201808,충북,남성,90,388
2018,08,201808,충북,여성,10,189
2018,08,201808,충북,여성,20,7499
2018,08,201808,충북,여성,30,32147
2018,08,201808,충북,여성,40,47756
2018,08,201808,충북,여성,50,56868
2018,08,201808,충북,여성,60,28281
2018,08,201808,충북,여성,70,5980
2018,08,201808,충북,여성,80,1728
2018,08,201808,충북,여성,90,301
2018,08,201808,충남,남성,10,282
2018,08,201808,충남,남성,20,21894
2018,08,201808,충남,남성,30,126532
2018,08,201808,충남,남성,40,195509
2018,08,201808,충남,남성,50,214178
2018,08,201808,충남,남성,60,139735
2018,08,201808,충남,남성,70,48241
2018,08,201808,충남,남성,80,7944
2018,08,201808,충남,남성,90,566
2018,08,201808,충남,여성,10,203
2018,08,201808,충남,여성,20,10158
2018,08,201808,충남,여성,30,43246
2018,08,201808,충남,여성,40,62675
2018,08,201808,충남,여성,50,72145
2018,08,201808,충남,여성,60,36209
2018,08,201808,충남,여성,70,8055
2018,08,201808,충남,여성,80,2528
2018,08,201808,충남,여성,90,428
2018,08,201808,전북,남성,10,380
2018,08,201808,전북,남성,20,14965
2018,08,201808,전북,남성,30,79452
2018,08,201808,전북,남성,40,152580
2018,08,201808,전북,남성,50,180140
2018,08,201808,전북,남성,60,125331
2018,08,201808,전북,남성,70,46326
2018,08,201808,전북,남성,80,7596
2018,08,201808,전북,남성,90,753
2018,08,201808,전북,여성,10,203
2018,08,201808,전북,여성,20,7770
2018,08,201808,전북,여성,30,33137
2018,08,201808,전북,여성,40,55083
2018,08,201808,전북,여성,50,64229
2018,08,201808,전북,여성,60,33859
2018,08,201808,전북,여성,70,8943
2018,08,201808,전북,여성,80,3349
2018,08,201808,전북,여성,90,798
2018,08,201808,전남,남성,10,396
2018,08,201808,전남,남성,20,14961
2018,08,201808,전남,남성,30,82062
2018,08,201808,전남,남성,40,153597
2018,08,201808,전남,남성,50,196179
2018,08,201808,전남,남성,60,134390
2018,08,201808,전남,남성,70,49556
2018,08,201808,전남,남성,80,7060
2018,08,201808,전남,남성,90,714
2018,08,201808,전남,여성,10,215
2018,08,201808,전남,여성,20,7449
2018,08,201808,전남,여성,30,32004
2018,08,201808,전남,여성,40,51075
2018,08,201808,전남,여성,50,61993
2018,08,201808,전남,여성,60,32412
2018,08,201808,전남,여성,70,8576
2018,08,201808,전남,여성,80,3326
2018,08,201808,전남,여성,90,749
2018,08,201808,경북,남성,10,286
2018,08,201808,경북,남성,20,22088
2018,08,201808,경북,남성,30,132000
2018,08,201808,경북,남성,40,233093
2018,08,201808,경북,남성,50,302961
2018,08,201808,경북,남성,60,222389
2018,08,201808,경북,남성,70,75664
2018,08,201808,경북,남성,80,11060
2018,08,201808,경북,남성,90,861
2018,08,201808,경북,여성,10,166
2018,08,201808,경북,여성,20,10277
2018,08,201808,경북,여성,30,48174
2018,08,201808,경북,여성,40,75684
2018,08,201808,경북,여성,50,94959
2018,08,201808,경북,여성,60,52525
2018,08,201808,경북,여성,70,11228
2018,08,201808,경북,여성,80,3290
2018,08,201808,경북,여성,90,561
2018,08,201808,경남,남성,10,719
2018,08,201808,경남,남성,20,26413
2018,08,201808,경남,남성,30,170920
2018,08,201808,경남,남성,40,293065
2018,08,201808,경남,남성,50,338239
2018,08,201808,경남,남성,60,220371
2018,08,201808,경남,남성,70,64467
2018,08,201808,경남,남성,80,8743
2018,08,201808,경남,남성,90,740
2018,08,201808,경남,여성,10,387
2018,08,201808,경남,여성,20,12080
2018,08,201808,경남,여성,30,62705
2018,08,201808,경남,여성,40,100229
2018,08,201808,경남,여성,50,112493
2018,08,201808,경남,여성,60,54571
2018,08,201808,경남,여성,70,10974
2018,08,201808,경남,여성,80,3331
2018,08,201808,경남,여성,90,640
2018,08,201808,제주,남성,10,173
2018,08,201808,제주,남성,20,5795
2018,08,201808,제주,남성,30,32872
2018,08,201808,제주,남성,40,62757
2018,08,201808,제주,남성,50,66111
2018,08,201808,제주,남성,60,40208
2018,08,201808,제주,남성,70,15694
2018,08,201808,제주,남성,80,2846
2018,08,201808,제주,남성,90,167
2018,08,201808,제주,여성,10,92
2018,08,201808,제주,여성,20,3583
2018,08,201808,제주,여성,30,16366
2018,08,201808,제주,여성,40,27385
2018,08,201808,제주,여성,50,28621
2018,08,201808,제주,여성,60,14418
2018,08,201808,제주,여성,70,3373
2018,08,201808,제주,여성,80,798
2018,08,201808,제주,여성,90,187
2018,09,201809,서울,남성,10,1298
2018,09,201809,서울,남성,20,42151
2018,09,201809,서울,남성,30,351008
2018,09,201809,서울,남성,40,528134
2018,09,201809,서울,남성,50,530653
2018,09,201809,서울,남성,60,382543
2018,09,201809,서울,남성,70,136715
2018,09,201809,서울,남성,80,21416
2018,09,201809,서울,남성,90,2586
2018,09,201809,서울,여성,10,666
2018,09,201809,서울,여성,20,19329
2018,09,201809,서울,여성,30,124089
2018,09,201809,서울,여성,40,187653
2018,09,201809,서울,여성,50,187353
2018,09,201809,서울,여성,60,111516
2018,09,201809,서울,여성,70,30724
2018,09,201809,서울,여성,80,6555
2018,09,201809,서울,여성,90,1553
2018,09,201809,부산,남성,10,524
2018,09,201809,부산,남성,20,21456
2018,09,201809,부산,남성,30,137564
2018,09,201809,부산,남성,40,209231
2018,09,201809,부산,남성,50,232719
2018,09,201809,부산,남성,60,174655
2018,09,201809,부산,남성,70,54825
2018,09,201809,부산,남성,80,7377
2018,09,201809,부산,남성,90,716
2018,09,201809,부산,여성,10,292
2018,09,201809,부산,여성,20,9184
2018,09,201809,부산,여성,30,48708
2018,09,201809,부산,여성,40,75476
2018,09,201809,부산,여성,50,84134
2018,09,201809,부산,여성,60,47372
2018,09,201809,부산,여성,70,10653
2018,09,201809,부산,여성,80,2472
2018,09,201809,부산,여성,90,487
2018,09,201809,대구,남성,10,375
2018,09,201809,대구,남성,20,19889
2018,09,201809,대구,남성,30,116478
2018,09,201809,대구,남성,40,201023
2018,09,201809,대구,남성,50,230297
2018,09,201809,대구,남성,60,147040
2018,09,201809,대구,남성,70,46498
2018,09,201809,대구,남성,80,7123
2018,09,201809,대구,남성,90,510
2018,09,201809,대구,여성,10,203
2018,09,201809,대구,여성,20,8742
2018,09,201809,대구,여성,30,43047
2018,09,201809,대구,여성,40,72732
2018,09,201809,대구,여성,50,82619
2018,09,201809,대구,여성,60,41535
2018,09,201809,대구,여성,70,9397
2018,09,201809,대구,여성,80,2185
2018,09,201809,대구,여성,90,379
2018,09,201809,인천,남성,10,473
2018,09,201809,인천,남성,20,25952
2018,09,201809,인천,남성,30,143520
2018,09,201809,인천,남성,40,216206
2018,09,201809,인천,남성,50,230090
2018,09,201809,인천,남성,60,133603
2018,09,201809,인천,남성,70,35823
2018,09,201809,인천,남성,80,4685
2018,09,201809,인천,남성,90,438
2018,09,201809,인천,여성,10,305
2018,09,201809,인천,여성,20,11248
2018,09,201809,인천,여성,30,52515
2018,09,201809,인천,여성,40,78169
2018,09,201809,인천,여성,50,84141
2018,09,201809,인천,여성,60,38172
2018,09,201809,인천,여성,70,7511
2018,09,201809,인천,여성,80,1869
2018,09,201809,인천,여성,90,370
2018,09,201809,광주,남성,10,230
2018,09,201809,광주,남성,20,12810
2018,09,201809,광주,남성,30,71993
2018,09,201809,광주,남성,40,120089
2018,09,201809,광주,남성,50,123106
2018,09,201809,광주,남성,60,68127
2018,09,201809,광주,남성,70,22565
2018,09,201809,광주,남성,80,3252
2018,09,201809,광주,남성,90,316
2018,09,201809,광주,여성,10,113
2018,09,201809,광주,여성,20,7112
2018,09,201809,광주,여성,30,32145
2018,09,201809,광주,여성,40,48311
2018,09,201809,광주,여성,50,46707
2018,09,201809,광주,여성,60,20716
2018,09,201809,광주,여성,70,5028
2018,09,201809,광주,여성,80,1389
2018,09,201809,광주,여성,90,354
2018,09,201809,대전,남성,10,493
2018,09,201809,대전,남성,20,13115
2018,09,201809,대전,남성,30,74224
2018,09,201809,대전,남성,40,119537
2018,09,201809,대전,남성,50,129470
2018,09,201809,대전,남성,60,79814
2018,09,201809,대전,남성,70,23076
2018,09,201809,대전,남성,80,3591
2018,09,201809,대전,남성,90,319
2018,09,201809,대전,여성,10,265
2018,09,201809,대전,여성,20,6543
2018,09,201809,대전,여성,30,30077
2018,09,201809,대전,여성,40,46284
2018,09,201809,대전,여성,50,48620
2018,09,201809,대전,여성,60,22565
2018,09,201809,대전,여성,70,5020
2018,09,201809,대전,여성,80,1594
2018,09,201809,대전,여성,90,332
2018,09,201809,울산,남성,10,275
2018,09,201809,울산,남성,20,9895
2018,09,201809,울산,남성,30,63191
2018,09,201809,울산,남성,40,101234
2018,09,201809,울산,남성,50,132067
2018,09,201809,울산,남성,60,74463
2018,09,201809,울산,남성,70,17543
2018,09,201809,울산,남성,80,1813
2018,09,201809,울산,남성,90,153
2018,09,201809,울산,여성,10,135
2018,09,201809,울산,여성,20,4169
2018,09,201809,울산,여성,30,20588
2018,09,201809,울산,여성,40,32106
2018,09,201809,울산,여성,50,34102
2018,09,201809,울산,여성,60,15962
2018,09,201809,울산,여성,70,2947
2018,09,201809,울산,여성,80,731
2018,09,201809,울산,여성,90,151
2018,09,201809,세종,남성,10,75
2018,09,201809,세종,남성,20,2152
2018,09,201809,세종,남성,30,22319
2018,09,201809,세종,남성,40,34648
2018,09,201809,세종,남성,50,23926
2018,09,201809,세종,남성,60,13651
2018,09,201809,세종,남성,70,3632
2018,09,201809,세종,남성,80,531
2018,09,201809,세종,남성,90,51
2018,09,201809,세종,여성,10,39
2018,09,201809,세종,여성,20,1431
2018,09,201809,세종,여성,30,9632
2018,09,201809,세종,여성,40,11885
2018,09,201809,세종,여성,50,8487
2018,09,201809,세종,여성,60,3921
2018,09,201809,세종,여성,70,738
2018,09,201809,세종,여성,80,252
2018,09,201809,세종,여성,90,47
2018,09,201809,경기,남성,10,2457
2018,09,201809,경기,남성,20,102838
2018,09,201809,경기,남성,30,661394
2018,09,201809,경기,남성,40,1066859
2018,09,201809,경기,남성,50,1063420
2018,09,201809,경기,남성,60,591814
2018,09,201809,경기,남성,70,174631
2018,09,201809,경기,남성,80,28920
2018,09,201809,경기,남성,90,2368
2018,09,201809,경기,여성,10,1261
2018,09,201809,경기,여성,20,46744
2018,09,201809,경기,여성,30,239065
2018,09,201809,경기,여성,40,376913
2018,09,201809,경기,여성,50,386394
2018,09,201809,경기,여성,60,179117
2018,09,201809,경기,여성,70,42146
2018,09,201809,경기,여성,80,9868
2018,09,201809,경기,여성,90,1768
2018,09,201809,강원,남성,10,224
2018,09,201809,강원,남성,20,15047
2018,09,201809,강원,남성,30,68673
2018,09,201809,강원,남성,40,125187
2018,09,201809,강원,남성,50,155193
2018,09,201809,강원,남성,60,113587
2018,09,201809,강원,남성,70,39895
2018,09,201809,강원,남성,80,6956
2018,09,201809,강원,남성,90,487
2018,09,201809,강원,여성,10,124
2018,09,201809,강원,여성,20,6394
2018,09,201809,강원,여성,30,27938
2018,09,201809,강원,여성,40,47516
2018,09,201809,강원,여성,50,57328
2018,09,201809,강원,여성,60,32130
2018,09,201809,강원,여성,70,7260
2018,09,201809,강원,여성,80,1790
2018,09,201809,강원,여성,90,315
2018,09,201809,충북,남성,10,353
2018,09,201809,충북,남성,20,16901
2018,09,201809,충북,남성,30,82561
2018,09,201809,충북,남성,40,135674
2018,09,201809,충북,남성,50,166205
2018,09,201809,충북,남성,60,110569
2018,09,201809,충북,남성,70,34132
2018,09,201809,충북,남성,80,5305
2018,09,201809,충북,남성,90,385
2018,09,201809,충북,여성,10,188
2018,09,201809,충북,여성,20,7678
2018,09,201809,충북,여성,30,32268
2018,09,201809,충북,여성,40,47904
2018,09,201809,충북,여성,50,57048
2018,09,201809,충북,여성,60,28325
2018,09,201809,충북,여성,70,5940
2018,09,201809,충북,여성,80,1714
2018,09,201809,충북,여성,90,297
2018,09,201809,충남,남성,10,288
2018,09,201809,충남,남성,20,22357
2018,09,201809,충남,남성,30,127171
2018,09,201809,충남,남성,40,195747
2018,09,201809,충남,남성,50,214576
2018,09,201809,충남,남성,60,139767
2018,09,201809,충남,남성,70,48133
2018,09,201809,충남,남성,80,7886
2018,09,201809,충남,남성,90,562
2018,09,201809,충남,여성,10,200
2018,09,201809,충남,여성,20,10346
2018,09,201809,충남,여성,30,43439
2018,09,201809,충남,여성,40,62856
2018,09,201809,충남,여성,50,72332
2018,09,201809,충남,여성,60,36224
2018,09,201809,충남,여성,70,8018
2018,09,201809,충남,여성,80,2506
2018,09,201809,충남,여성,90,424
2018,09,201809,전북,남성,10,383
2018,09,201809,전북,남성,20,15217
2018,09,201809,전북,남성,30,79773
2018,09,201809,전북,남성,40,152849
2018,09,201809,전북,남성,50,180340
2018,09,201809,전북,남성,60,125332
2018,09,201809,전북,남성,70,46105
2018,09,201809,전북,남성,80,7544
2018,09,201809,전북,남성,90,742
2018,09,201809,전북,여성,10,206
2018,09,201809,전북,여성,20,7909
2018,09,201809,전북,여성,30,33324
2018,09,201809,전북,여성,40,55278
2018,09,201809,전북,여성,50,64429
2018,09,201809,전북,여성,60,33857
2018,09,201809,전북,여성,70,8922
2018,09,201809,전북,여성,80,3332
2018,09,201809,전북,여성,90,784
2018,09,201809,전남,남성,10,397
2018,09,201809,전남,남성,20,15316
2018,09,201809,전남,남성,30,82370
2018,09,201809,전남,남성,40,153946
2018,09,201809,전남,남성,50,196577
2018,09,201809,전남,남성,60,134390
2018,09,201809,전남,남성,70,49447
2018,09,201809,전남,남성,80,7002
2018,09,201809,전남,남성,90,708
2018,09,201809,전남,여성,10,213
2018,09,201809,전남,여성,20,7596
2018,09,201809,전남,여성,30,32122
2018,09,201809,전남,여성,40,51216
2018,09,201809,전남,여성,50,62126
2018,09,201809,전남,여성,60,32475
2018,09,201809,전남,여성,70,8536
2018,09,201809,전남,여성,80,3284
2018,09,201809,전남,여성,90,738
2018,09,201809,경북,남성,10,288
2018,09,201809,경북,남성,20,22467
2018,09,201809,경북,남성,30,132562
2018,09,201809,경북,남성,40,233466
2018,09,201809,경북,남성,50,303554
2018,09,201809,경북,남성,60,222418
2018,09,201809,경북,남성,70,75449
2018,09,201809,경북,남성,80,10967
2018,09,201809,경북,남성,90,848
2018,09,201809,경북,여성,10,169
2018,09,201809,경북,여성,20,10489
2018,09,201809,경북,여성,30,48418
2018,09,201809,경북,여성,40,75911
2018,09,201809,경북,여성,50,95206
2018,09,201809,경북,여성,60,52474
2018,09,201809,경북,여성,70,11202
2018,09,201809,경북,여성,80,3263
2018,09,201809,경북,여성,90,555
2018,09,201809,경남,남성,10,719
2018,09,201809,경남,남성,20,26863
2018,09,201809,경남,남성,30,171517
2018,09,201809,경남,남성,40,293311
2018,09,201809,경남,남성,50,338490
2018,09,201809,경남,남성,60,220204
2018,09,201809,경남,남성,70,64261
2018,09,201809,경남,남성,80,8658
2018,09,201809,경남,남성,90,728
2018,09,201809,경남,여성,10,387
2018,09,201809,경남,여성,20,12288
2018,09,201809,경남,여성,30,63074
2018,09,201809,경남,여성,40,100534
2018,09,201809,경남,여성,50,112638
2018,09,201809,경남,여성,60,54554
2018,09,201809,경남,여성,70,10899
2018,09,201809,경남,여성,80,3299
2018,09,201809,경남,여성,90,633
2018,09,201809,제주,남성,10,174
2018,09,201809,제주,남성,20,5970
2018,09,201809,제주,남성,30,33195
2018,09,201809,제주,남성,40,62961
2018,09,201809,제주,남성,50,66199
2018,09,201809,제주,남성,60,40158
2018,09,201809,제주,남성,70,15608
2018,09,201809,제주,남성,80,2820
2018,09,201809,제주,남성,90,166
2018,09,201809,제주,여성,10,92
2018,09,201809,제주,여성,20,3660
2018,09,201809,제주,여성,30,16525
2018,09,201809,제주,여성,40,27464
2018,09,201809,제주,여성,50,28732
2018,09,201809,제주,여성,60,14425
2018,09,201809,제주,여성,70,3357
2018,09,201809,제주,여성,80,787
2018,09,201809,제주,여성,90,183
2018,10,201810,서울,남성,10,1316
2018,10,201810,서울,남성,20,43285
2018,10,201810,서울,남성,30,352474
2018,10,201810,서울,남성,40,528139
2018,10,201810,서울,남성,50,529955
2018,10,201810,서울,남성,60,380950
2018,10,201810,서울,남성,70,135728
2018,10,201810,서울,남성,80,21139
2018,10,201810,서울,남성,90,2575
2018,10,201810,서울,여성,10,670
2018,10,201810,서울,여성,20,19868
2018,10,201810,서울,여성,30,124847
2018,10,201810,서울,여성,40,187873
2018,10,201810,서울,여성,50,187387
2018,10,201810,서울,여성,60,111181
2018,10,201810,서울,여성,70,30526
2018,10,201810,서울,여성,80,6490
2018,10,201810,서울,여성,90,1537
2018,10,201810,부산,남성,10,525
2018,10,201810,부산,남성,20,22035
2018,10,201810,부산,남성,30,137989
2018,10,201810,부산,남성,40,209368
2018,10,201810,부산,남성,50,232964
2018,10,201810,부산,남성,60,174100
2018,10,201810,부산,남성,70,54454
2018,10,201810,부산,남성,80,7269
2018,10,201810,부산,남성,90,705
2018,10,201810,부산,여성,10,293
2018,10,201810,부산,여성,20,9389
2018,10,201810,부산,여성,30,49016
2018,10,201810,부산,여성,40,75643
2018,10,201810,부산,여성,50,84221
2018,10,201810,부산,여성,60,47232
2018,10,201810,부산,여성,70,10545
2018,10,201810,부산,여성,80,2451
2018,10,201810,부산,여성,90,483
2018,10,201810,대구,남성,10,374
2018,10,201810,대구,남성,20,20400
2018,10,201810,대구,남성,30,117062
2018,10,201810,대구,남성,40,201074
2018,10,201810,대구,남성,50,230275
2018,10,201810,대구,남성,60,146431
2018,10,201810,대구,남성,70,46104
2018,10,201810,대구,남성,80,7032
2018,10,201810,대구,남성,90,508
2018,10,201810,대구,여성,10,202
2018,10,201810,대구,여성,20,8955
2018,10,201810,대구,여성,30,43347
2018,10,201810,대구,여성,40,72825
2018,10,201810,대구,여성,50,82690
2018,10,201810,대구,여성,60,41433
2018,10,201810,대구,여성,70,9345
2018,10,201810,대구,여성,80,2162
2018,10,201810,대구,여성,90,365
2018,10,201810,인천,남성,10,470
2018,10,201810,인천,남성,20,26617
2018,10,201810,인천,남성,30,144421
2018,10,201810,인천,남성,40,216406
2018,10,201810,인천,남성,50,230336
2018,10,201810,인천,남성,60,133328
2018,10,201810,인천,남성,70,35572
2018,10,201810,인천,남성,80,4601
2018,10,201810,인천,남성,90,431
2018,10,201810,인천,여성,10,306
2018,10,201810,인천,여성,20,11532
2018,10,201810,인천,여성,30,52855
2018,10,201810,인천,여성,40,78453
2018,10,201810,인천,여성,50,84314
2018,10,201810,인천,여성,60,38084
2018,10,201810,인천,여성,70,7463
2018,10,201810,인천,여성,80,1850
2018,10,201810,인천,여성,90,364
2018,10,201810,광주,남성,10,229
2018,10,201810,광주,남성,20,13145
2018,10,201810,광주,남성,30,72492
2018,10,201810,광주,남성,40,120280
2018,10,201810,광주,남성,50,123240
2018,10,201810,광주,남성,60,67917
2018,10,201810,광주,남성,70,22394
2018,10,201810,광주,남성,80,3195
2018,10,201810,광주,남성,90,309
2018,10,201810,광주,여성,10,112
2018,10,201810,광주,여성,20,7335
2018,10,201810,광주,여성,30,32420
2018,10,201810,광주,여성,40,48470
2018,10,201810,광주,여성,50,46857
2018,10,201810,광주,여성,60,20688
2018,10,201810,광주,여성,70,4988
2018,10,201810,광주,여성,80,1365
2018,10,201810,광주,여성,90,348
2018,10,201810,대전,남성,10,495
2018,10,201810,대전,남성,20,13437
2018,10,201810,대전,남성,30,74645
2018,10,201810,대전,남성,40,119486
2018,10,201810,대전,남성,50,129335
2018,10,201810,대전,남성,60,79509
2018,10,201810,대전,남성,70,22927
2018,10,201810,대전,남성,80,3544
2018,10,201810,대전,남성,90,313
2018,10,201810,대전,여성,10,264
2018,10,201810,대전,여성,20,6736
2018,10,201810,대전,여성,30,30252
2018,10,201810,대전,여성,40,46320
2018,10,201810,대전,여성,50,48611
2018,10,201810,대전,여성,60,22484
2018,10,201810,대전,여성,70,4969
2018,10,201810,대전,여성,80,1561
2018,10,201810,대전,여성,90,326
2018,10,201810,울산,남성,10,277
2018,10,201810,울산,남성,20,10179
2018,10,201810,울산,남성,30,63517
2018,10,201810,울산,남성,40,101368
2018,10,201810,울산,남성,50,132085
2018,10,201810,울산,남성,60,74187
2018,10,201810,울산,남성,70,17438
2018,10,201810,울산,남성,80,1778
2018,10,201810,울산,남성,90,146
2018,10,201810,울산,여성,10,134
2018,10,201810,울산,여성,20,4241
2018,10,201810,울산,여성,30,20699
2018,10,201810,울산,여성,40,32120
2018,10,201810,울산,여성,50,34093
2018,10,201810,울산,여성,60,15897
2018,10,201810,울산,여성,70,2917
2018,10,201810,울산,여성,80,724
2018,10,201810,울산,여성,90,147
2018,10,201810,세종,남성,10,75
2018,10,201810,세종,남성,20,2228
2018,10,201810,세종,남성,30,22674
2018,10,201810,세종,남성,40,34859
2018,10,201810,세종,남성,50,24145
2018,10,201810,세종,남성,60,13724
2018,10,201810,세종,남성,70,3621
2018,10,201810,세종,남성,80,516
2018,10,201810,세종,남성,90,47
2018,10,201810,세종,여성,10,39
2018,10,201810,세종,여성,20,1469
2018,10,201810,세종,여성,30,9799
2018,10,201810,세종,여성,40,11962
2018,10,201810,세종,여성,50,8572
2018,10,201810,세종,여성,60,3945
2018,10,201810,세종,여성,70,735
2018,10,201810,세종,여성,80,251
2018,10,201810,세종,여성,90,47
2018,10,201810,경기,남성,10,2476
2018,10,201810,경기,남성,20,106103
2018,10,201810,경기,남성,30,667220
2018,10,201810,경기,남성,40,1069296
2018,10,201810,경기,남성,50,1064323
2018,10,201810,경기,남성,60,591372
2018,10,201810,경기,남성,70,173826
2018,10,201810,경기,남성,80,28582
2018,10,201810,경기,남성,90,2343
2018,10,201810,경기,여성,10,1273
2018,10,201810,경기,여성,20,48065
2018,10,201810,경기,여성,30,241262
2018,10,201810,경기,여성,40,378267
2018,10,201810,경기,여성,50,387529
2018,10,201810,경기,여성,60,179171
2018,10,201810,경기,여성,70,41935
2018,10,201810,경기,여성,80,9793
2018,10,201810,경기,여성,90,1741
2018,10,201810,강원,남성,10,223
2018,10,201810,강원,남성,20,15385
2018,10,201810,강원,남성,30,68951
2018,10,201810,강원,남성,40,125394
2018,10,201810,강원,남성,50,155376
2018,10,201810,강원,남성,60,113524
2018,10,201810,강원,남성,70,39678
2018,10,201810,강원,남성,80,6886
2018,10,201810,강원,남성,90,474
2018,10,201810,강원,여성,10,123
2018,10,201810,강원,여성,20,6569
2018,10,201810,강원,여성,30,28106
2018,10,201810,강원,여성,40,47657
2018,10,201810,강원,여성,50,57479
2018,10,201810,강원,여성,60,32088
2018,10,201810,강원,여성,70,7231
2018,10,201810,강원,여성,80,1773
2018,10,201810,강원,여성,90,310
2018,10,201810,충북,남성,10,352
2018,10,201810,충북,남성,20,17414
2018,10,201810,충북,남성,30,83208
2018,10,201810,충북,남성,40,136182
2018,10,201810,충북,남성,50,166375
2018,10,201810,충북,남성,60,110419
2018,10,201810,충북,남성,70,33938
2018,10,201810,충북,남성,80,5225
2018,10,201810,충북,남성,90,384
2018,10,201810,충북,여성,10,187
2018,10,201810,충북,여성,20,7846
2018,10,201810,충북,여성,30,32490
2018,10,201810,충북,여성,40,48013
2018,10,201810,충북,여성,50,57239
2018,10,201810,충북,여성,60,28299
2018,10,201810,충북,여성,70,5914
2018,10,201810,충북,여성,80,1690
2018,10,201810,충북,여성,90,292
2018,10,201810,충남,남성,10,288
2018,10,201810,충남,남성,20,23012
2018,10,201810,충남,남성,30,127844
2018,10,201810,충남,남성,40,196139
2018,10,201810,충남,남성,50,214706
2018,10,201810,충남,남성,60,139557
2018,10,201810,충남,남성,70,47900
2018,10,201810,충남,남성,80,7786
2018,10,201810,충남,남성,90,555
2018,10,201810,충남,여성,10,201
2018,10,201810,충남,여성,20,10628
2018,10,201810,충남,여성,30,43705
2018,10,201810,충남,여성,40,63045
2018,10,201810,충남,여성,50,72564
2018,10,201810,충남,여성,60,36216
2018,10,201810,충남,여성,70,7949
2018,10,201810,충남,여성,80,2496
2018,10,201810,충남,여성,90,425
2018,10,201810,전북,남성,10,387
2018,10,201810,전북,남성,20,15591
2018,10,201810,전북,남성,30,80094
2018,10,201810,전북,남성,40,153107
2018,10,201810,전북,남성,50,180428
2018,10,201810,전북,남성,60,125166
2018,10,201810,전북,남성,70,45908
2018,10,201810,전북,남성,80,7428
2018,10,201810,전북,남성,90,741
2018,10,201810,전북,여성,10,206
2018,10,201810,전북,여성,20,8112
2018,10,201810,전북,여성,30,33519
2018,10,201810,전북,여성,40,55331
2018,10,201810,전북,여성,50,64496
2018,10,201810,전북,여성,60,33812
2018,10,201810,전북,여성,70,8853
2018,10,201810,전북,여성,80,3286
2018,10,201810,전북,여성,90,765
2018,10,201810,전남,남성,10,394
2018,10,201810,전남,남성,20,15660
2018,10,201810,전남,남성,30,82875
2018,10,201810,전남,남성,40,154255
2018,10,201810,전남,남성,50,197027
2018,10,201810,전남,남성,60,134393
2018,10,201810,전남,남성,70,49198
2018,10,201810,전남,남성,80,6907
2018,10,201810,전남,남성,90,693
2018,10,201810,전남,여성,10,214
2018,10,201810,전남,여성,20,7791
2018,10,201810,전남,여성,30,32271
2018,10,201810,전남,여성,40,51414
2018,10,201810,전남,여성,50,62321
2018,10,201810,전남,여성,60,32426
2018,10,201810,전남,여성,70,8513
2018,10,201810,전남,여성,80,3233
2018,10,201810,전남,여성,90,722
2018,10,201810,경북,남성,10,289
2018,10,201810,경북,남성,20,23027
2018,10,201810,경북,남성,30,133295
2018,10,201810,경북,남성,40,233713
2018,10,201810,경북,남성,50,303971
2018,10,201810,경북,남성,60,222161
2018,10,201810,경북,남성,70,74999
2018,10,201810,경북,남성,80,10840
2018,10,201810,경북,남성,90,827
2018,10,201810,경북,여성,10,171
2018,10,201810,경북,여성,20,10759
2018,10,201810,경북,여성,30,48660
2018,10,201810,경북,여성,40,76198
2018,10,201810,경북,여성,50,95506
2018,10,201810,경북,여성,60,52459
2018,10,201810,경북,여성,70,11114
2018,10,201810,경북,여성,80,3226
2018,10,201810,경북,여성,90,554
2018,10,201810,경남,남성,10,722
2018,10,201810,경남,남성,20,27448
2018,10,201810,경남,남성,30,172381
2018,10,201810,경남,남성,40,293614
2018,10,201810,경남,남성,50,338787
2018,10,201810,경남,남성,60,219991
2018,10,201810,경남,남성,70,63929
2018,10,201810,경남,남성,80,8550
2018,10,201810,경남,남성,90,704
2018,10,201810,경남,여성,10,387
2018,10,201810,경남,여성,20,12574
2018,10,201810,경남,여성,30,63491
2018,10,201810,경남,여성,40,100734
2018,10,201810,경남,여성,50,112953
2018,10,201810,경남,여성,60,54451
2018,10,201810,경남,여성,70,10821
2018,10,201810,경남,여성,80,3251
2018,10,201810,경남,여성,90,626
2018,10,201810,제주,남성,10,180
2018,10,201810,제주,남성,20,6104
2018,10,201810,제주,남성,30,33403
2018,10,201810,제주,남성,40,63103
2018,10,201810,제주,남성,50,66202
2018,10,201810,제주,남성,60,40109
2018,10,201810,제주,남성,70,15534
2018,10,201810,제주,남성,80,2791
2018,10,201810,제주,남성,90,164
2018,10,201810,제주,여성,10,92
2018,10,201810,제주,여성,20,3752
2018,10,201810,제주,여성,30,16696
2018,10,201810,제주,여성,40,27651
2018,10,201810,제주,여성,50,28805
2018,10,201810,제주,여성,60,14428
2018,10,201810,제주,여성,70,3352
2018,10,201810,제주,여성,80,774
2018,10,201810,제주,여성,90,177
2018,11,201811,서울,남성,10,1321
2018,11,201811,서울,남성,20,44504
2018,11,201811,서울,남성,30,354005
2018,11,201811,서울,남성,40,527836
2018,11,201811,서울,남성,50,529173
2018,11,201811,서울,남성,60,379640
2018,11,201811,서울,남성,70,134731
2018,11,201811,서울,남성,80,20886
2018,11,201811,서울,남성,90,2549
2018,11,201811,서울,여성,10,673
2018,11,201811,서울,여성,20,20318
2018,11,201811,서울,여성,30,125274
2018,11,201811,서울,여성,40,188068
2018,11,201811,서울,여성,50,187222
2018,11,201811,서울,여성,60,110803
2018,11,201811,서울,여성,70,30302
2018,11,201811,서울,여성,80,6400
2018,11,201811,서울,여성,90,1530
2018,11,201811,부산,남성,10,526
2018,11,201811,부산,남성,20,22584
2018,11,201811,부산,남성,30,138624
2018,11,201811,부산,남성,40,209701
2018,11,201811,부산,남성,50,233055
2018,11,201811,부산,남성,60,173687
2018,11,201811,부산,남성,70,54153
2018,11,201811,부산,남성,80,7189
2018,11,201811,부산,남성,90,699
2018,11,201811,부산,여성,10,295
2018,11,201811,부산,여성,20,9618
2018,11,201811,부산,여성,30,49308
2018,11,201811,부산,여성,40,75726
2018,11,201811,부산,여성,50,84299
2018,11,201811,부산,여성,60,47072
2018,11,201811,부산,여성,70,10468
2018,11,201811,부산,여성,80,2417
2018,11,201811,부산,여성,90,478
2018,11,201811,대구,남성,10,372
2018,11,201811,대구,남성,20,20955
2018,11,201811,대구,남성,30,118089
2018,11,201811,대구,남성,40,201602
2018,11,201811,대구,남성,50,230467
2018,11,201811,대구,남성,60,146099
2018,11,201811,대구,남성,70,45832
2018,11,201811,대구,남성,80,6924
2018,11,201811,대구,남성,90,504
2018,11,201811,대구,여성,10,198
2018,11,201811,대구,여성,20,9146
2018,11,201811,대구,여성,30,43639
2018,11,201811,대구,여성,40,73169
2018,11,201811,대구,여성,50,82829
2018,11,201811,대구,여성,60,41401
2018,11,201811,대구,여성,70,9267
2018,11,201811,대구,여성,80,2129
2018,11,201811,대구,여성,90,359
2018,11,201811,인천,남성,10,466
2018,11,201811,인천,남성,20,27234
2018,11,201811,인천,남성,30,145304
2018,11,201811,인천,남성,40,216826
2018,11,201811,인천,남성,50,230349
2018,11,201811,인천,남성,60,133077
2018,11,201811,인천,남성,70,35368
2018,11,201811,인천,남성,80,4545
2018,11,201811,인천,남성,90,428
2018,11,201811,인천,여성,10,308
2018,11,201811,인천,여성,20,11822
2018,11,201811,인천,여성,30,53200
2018,11,201811,인천,여성,40,78700
2018,11,201811,인천,여성,50,84557
2018,11,201811,인천,여성,60,38067
2018,11,201811,인천,여성,70,7423
2018,11,201811,인천,여성,80,1830
2018,11,201811,인천,여성,90,359
2018,11,201811,광주,남성,10,229
2018,11,201811,광주,남성,20,13445
2018,11,201811,광주,남성,30,72837
2018,11,201811,광주,남성,40,120455
2018,11,201811,광주,남성,50,123261
2018,11,201811,광주,남성,60,67751
2018,11,201811,광주,남성,70,22286
2018,11,201811,광주,남성,80,3149
2018,11,201811,광주,남성,90,305
2018,11,201811,광주,여성,10,111
2018,11,201811,광주,여성,20,7494
2018,11,201811,광주,여성,30,32582
2018,11,201811,광주,여성,40,48679
2018,11,201811,광주,여성,50,46898
2018,11,201811,광주,여성,60,20636
2018,11,201811,광주,여성,70,4947
2018,11,201811,광주,여성,80,1348
2018,11,201811,광주,여성,90,342
2018,11,201811,대전,남성,10,492
2018,11,201811,대전,남성,20,13733
2018,11,201811,대전,남성,30,74986
2018,11,201811,대전,남성,40,119673
2018,11,201811,대전,남성,50,129354
2018,11,201811,대전,남성,60,79256
2018,11,201811,대전,남성,70,22808
2018,11,201811,대전,남성,80,3488
2018,11,201811,대전,남성,90,309
2018,11,201811,대전,여성,10,263
2018,11,201811,대전,여성,20,6894
2018,11,201811,대전,여성,30,30327
2018,11,201811,대전,여성,40,46427
2018,11,201811,대전,여성,50,48644
2018,11,201811,대전,여성,60,22424
2018,11,201811,대전,여성,70,4973
2018,11,201811,대전,여성,80,1540
2018,11,201811,대전,여성,90,320
2018,11,201811,울산,남성,10,277
2018,11,201811,울산,남성,20,10432
2018,11,201811,울산,남성,30,63817
2018,11,201811,울산,남성,40,101381
2018,11,201811,울산,남성,50,132112
2018,11,201811,울산,남성,60,73952
2018,11,201811,울산,남성,70,17331
2018,11,201811,울산,남성,80,1753
2018,11,201811,울산,남성,90,146
2018,11,201811,울산,여성,10,135
2018,11,201811,울산,여성,20,4305
2018,11,201811,울산,여성,30,20817
2018,11,201811,울산,여성,40,32172
2018,11,201811,울산,여성,50,34173
2018,11,201811,울산,여성,60,15903
2018,11,201811,울산,여성,70,2868
2018,11,201811,울산,여성,80,723
2018,11,201811,울산,여성,90,148
2018,11,201811,세종,남성,10,76
2018,11,201811,세종,남성,20,2319
2018,11,201811,세종,남성,30,22899
2018,11,201811,세종,남성,40,34956
2018,11,201811,세종,남성,50,24313
2018,11,201811,세종,남성,60,13744
2018,11,201811,세종,남성,70,3610
2018,11,201811,세종,남성,80,517
2018,11,201811,세종,남성,90,47
2018,11,201811,세종,여성,10,40
2018,11,201811,세종,여성,20,1510
2018,11,201811,세종,여성,30,9938
2018,11,201811,세종,여성,40,12009
2018,11,201811,세종,여성,50,8628
2018,11,201811,세종,여성,60,3974
2018,11,201811,세종,여성,70,727
2018,11,201811,세종,여성,80,250
2018,11,201811,세종,여성,90,48
2018,11,201811,경기,남성,10,2493
2018,11,201811,경기,남성,20,109040
2018,11,201811,경기,남성,30,673650
2018,11,201811,경기,남성,40,1073288
2018,11,201811,경기,남성,50,1066653
2018,11,201811,경기,남성,60,591385
2018,11,201811,경기,남성,70,173237
2018,11,201811,경기,남성,80,28290
2018,11,201811,경기,남성,90,2307
2018,11,201811,경기,여성,10,1281
2018,11,201811,경기,여성,20,49358
2018,11,201811,경기,여성,30,243617
2018,11,201811,경기,여성,40,380127
2018,11,201811,경기,여성,50,388949
2018,11,201811,경기,여성,60,179205
2018,11,201811,경기,여성,70,41766
2018,11,201811,경기,여성,80,9705
2018,11,201811,경기,여성,90,1723
2018,11,201811,강원,남성,10,228
2018,11,201811,강원,남성,20,15667
2018,11,201811,강원,남성,30,69412
2018,11,201811,강원,남성,40,125742
2018,11,201811,강원,남성,50,155566
2018,11,201811,강원,남성,60,113481
2018,11,201811,강원,남성,70,39531
2018,11,201811,강원,남성,80,6817
2018,11,201811,강원,남성,90,468
2018,11,201811,강원,여성,10,124
2018,11,201811,강원,여성,20,6780
2018,11,201811,강원,여성,30,28365
2018,11,201811,강원,여성,40,47806
2018,11,201811,강원,여성,50,57650
2018,11,201811,강원,여성,60,32059
2018,11,201811,강원,여성,70,7197
2018,11,201811,강원,여성,80,1748
2018,11,201811,강원,여성,90,304
2018,11,201811,충북,남성,10,357
2018,11,201811,충북,남성,20,17773
2018,11,201811,충북,남성,30,83751
2018,11,201811,충북,남성,40,136503
2018,11,201811,충북,남성,50,166771
2018,11,201811,충북,남성,60,110300
2018,11,201811,충북,남성,70,33780
2018,11,201811,충북,남성,80,5152
2018,11,201811,충북,남성,90,376
2018,11,201811,충북,여성,10,188
2018,11,201811,충북,여성,20,8041
2018,11,201811,충북,여성,30,32698
2018,11,201811,충북,여성,40,48197
2018,11,201811,충북,여성,50,57423
2018,11,201811,충북,여성,60,28321
2018,11,201811,충북,여성,70,5902
2018,11,201811,충북,여성,80,1662
2018,11,201811,충북,여성,90,289
2018,11,201811,충남,남성,10,298
2018,11,201811,충남,남성,20,23559
2018,11,201811,충남,남성,30,128593
2018,11,201811,충남,남성,40,196616
2018,11,201811,충남,남성,50,214935
2018,11,201811,충남,남성,60,139466
2018,11,201811,충남,남성,70,47689
2018,11,201811,충남,남성,80,7711
2018,11,201811,충남,남성,90,549
2018,11,201811,충남,여성,10,203
2018,11,201811,충남,여성,20,10829
2018,11,201811,충남,여성,30,44013
2018,11,201811,충남,여성,40,63314
2018,11,201811,충남,여성,50,72732
2018,11,201811,충남,여성,60,36212
2018,11,201811,충남,여성,70,7913
2018,11,201811,충남,여성,80,2463
2018,11,201811,충남,여성,90,423
2018,11,201811,전북,남성,10,393
2018,11,201811,전북,남성,20,15865
2018,11,201811,전북,남성,30,80389
2018,11,201811,전북,남성,40,153401
2018,11,201811,전북,남성,50,180619
2018,11,201811,전북,남성,60,125120
2018,11,201811,전북,남성,70,45667
2018,11,201811,전북,남성,80,7350
2018,11,201811,전북,남성,90,737
2018,11,201811,전북,여성,10,208
2018,11,201811,전북,여성,20,8330
2018,11,201811,전북,여성,30,33723
2018,11,201811,전북,여성,40,55521
2018,11,201811,전북,여성,50,64630
2018,11,201811,전북,여성,60,33769
2018,11,201811,전북,여성,70,8802
2018,11,201811,전북,여성,80,3258
2018,11,201811,전북,여성,90,749
2018,11,201811,전남,남성,10,397
2018,11,201811,전남,남성,20,16078
2018,11,201811,전남,남성,30,83417
2018,11,201811,전남,남성,40,154769
2018,11,201811,전남,남성,50,197695
2018,11,201811,전남,남성,60,134537
2018,11,201811,전남,남성,70,49018
2018,11,201811,전남,남성,80,6824
2018,11,201811,전남,남성,90,683
2018,11,201811,전남,여성,10,214
2018,11,201811,전남,여성,20,7999
2018,11,201811,전남,여성,30,32545
2018,11,201811,전남,여성,40,51690
2018,11,201811,전남,여성,50,62707
2018,11,201811,전남,여성,60,32457
2018,11,201811,전남,여성,70,8472
2018,11,201811,전남,여성,80,3207
2018,11,201811,전남,여성,90,706
2018,11,201811,경북,남성,10,291
2018,11,201811,경북,남성,20,23598
2018,11,201811,경북,남성,30,133973
2018,11,201811,경북,남성,40,234166
2018,11,201811,경북,남성,50,304528
2018,11,201811,경북,남성,60,222001
2018,11,201811,경북,남성,70,74661
2018,11,201811,경북,남성,80,10716
2018,11,201811,경북,남성,90,818
2018,11,201811,경북,여성,10,170
2018,11,201811,경북,여성,20,11050
2018,11,201811,경북,여성,30,48955
2018,11,201811,경북,여성,40,76513
2018,11,201811,경북,여성,50,95785
2018,11,201811,경북,여성,60,52437
2018,11,201811,경북,여성,70,11057
2018,11,201811,경북,여성,80,3176
2018,11,201811,경북,여성,90,549
2018,11,201811,경남,남성,10,727
2018,11,201811,경남,남성,20,28189
2018,11,201811,경남,남성,30,173294
2018,11,201811,경남,남성,40,294076
2018,11,201811,경남,남성,50,339296
2018,11,201811,경남,남성,60,219847
2018,11,201811,경남,남성,70,63561
2018,11,201811,경남,남성,80,8459
2018,11,201811,경남,남성,90,696
2018,11,201811,경남,여성,10,392
2018,11,201811,경남,여성,20,12815
2018,11,201811,경남,여성,30,63821
2018,11,201811,경남,여성,40,101091
2018,11,201811,경남,여성,50,113265
2018,11,201811,경남,여성,60,54415
2018,11,201811,경남,여성,70,10780
2018,11,201811,경남,여성,80,3207
2018,11,201811,경남,여성,90,617
2018,11,201811,제주,남성,10,183
2018,11,201811,제주,남성,20,6263
2018,11,201811,제주,남성,30,33668
2018,11,201811,제주,남성,40,63233
2018,11,201811,제주,남성,50,66411
2018,11,201811,제주,남성,60,40035
2018,11,201811,제주,남성,70,15477
2018,11,201811,제주,남성,80,2757
2018,11,201811,제주,남성,90,164
2018,11,201811,제주,여성,10,93
2018,11,201811,제주,여성,20,3854
2018,11,201811,제주,여성,30,16829
2018,11,201811,제주,여성,40,27856
2018,11,201811,제주,여성,50,28868
2018,11,201811,제주,여성,60,14477
2018,11,201811,제주,여성,70,3337
2018,11,201811,제주,여성,80,768
2018,11,201811,제주,여성,90,175
2018,12,201812,서울,남성,10,1323
2018,12,201812,서울,남성,20,45555
2018,12,201812,서울,남성,30,355469
2018,12,201812,서울,남성,40,527454
2018,12,201812,서울,남성,50,528471
2018,12,201812,서울,남성,60,378332
2018,12,201812,서울,남성,70,133830
2018,12,201812,서울,남성,80,20651
2018,12,201812,서울,남성,90,2549
2018,12,201812,서울,여성,10,670
2018,12,201812,서울,여성,20,20796
2018,12,201812,서울,여성,30,125859
2018,12,201812,서울,여성,40,188246
2018,12,201812,서울,여성,50,187019
2018,12,201812,서울,여성,60,110402
2018,12,201812,서울,여성,70,30075
2018,12,201812,서울,여성,80,6347
2018,12,201812,서울,여성,90,1521
2018,12,201812,부산,남성,10,529
2018,12,201812,부산,남성,20,23046
2018,12,201812,부산,남성,30,139148
2018,12,201812,부산,남성,40,209801
2018,12,201812,부산,남성,50,232871
2018,12,201812,부산,남성,60,173113
2018,12,201812,부산,남성,70,53762
2018,12,201812,부산,남성,80,7099
2018,12,201812,부산,남성,90,691
2018,12,201812,부산,여성,10,295
2018,12,201812,부산,여성,20,9809
2018,12,201812,부산,여성,30,49481
2018,12,201812,부산,여성,40,75852
2018,12,201812,부산,여성,50,84237
2018,12,201812,부산,여성,60,46895
2018,12,201812,부산,여성,70,10381
2018,12,201812,부산,여성,80,2388
2018,12,201812,부산,여성,90,465
2018,12,201812,대구,남성,10,372
2018,12,201812,대구,남성,20,21458
2018,12,201812,대구,남성,30,118700
2018,12,201812,대구,남성,40,201637
2018,12,201812,대구,남성,50,230494
2018,12,201812,대구,남성,60,145765
2018,12,201812,대구,남성,70,45567
2018,12,201812,대구,남성,80,6810
2018,12,201812,대구,남성,90,493
2018,12,201812,대구,여성,10,192
2018,12,201812,대구,여성,20,9323
2018,12,201812,대구,여성,30,43896
2018,12,201812,대구,여성,40,73320
2018,12,201812,대구,여성,50,82868
2018,12,201812,대구,여성,60,41281
2018,12,201812,대구,여성,70,9191
2018,12,201812,대구,여성,80,2105
2018,12,201812,대구,여성,90,351
2018,12,201812,인천,남성,10,468
2018,12,201812,인천,남성,20,27875
2018,12,201812,인천,남성,30,146305
2018,12,201812,인천,남성,40,217115
2018,12,201812,인천,남성,50,230607
2018,12,201812,인천,남성,60,132862
2018,12,201812,인천,남성,70,35205
2018,12,201812,인천,남성,80,4513
2018,12,201812,인천,남성,90,419
2018,12,201812,인천,여성,10,309
2018,12,201812,인천,여성,20,12020
2018,12,201812,인천,여성,30,53555
2018,12,201812,인천,여성,40,78898
2018,12,201812,인천,여성,50,84636
2018,12,201812,인천,여성,60,38008
2018,12,201812,인천,여성,70,7397
2018,12,201812,인천,여성,80,1808
2018,12,201812,인천,여성,90,356
2018,12,201812,광주,남성,10,232
2018,12,201812,광주,남성,20,13730
2018,12,201812,광주,남성,30,73062
2018,12,201812,광주,남성,40,120445
2018,12,201812,광주,남성,50,123221
2018,12,201812,광주,남성,60,67580
2018,12,201812,광주,남성,70,22137
2018,12,201812,광주,남성,80,3098
2018,12,201812,광주,남성,90,303
2018,12,201812,광주,여성,10,118
2018,12,201812,광주,여성,20,7647
2018,12,201812,광주,여성,30,32693
2018,12,201812,광주,여성,40,48733
2018,12,201812,광주,여성,50,46864
2018,12,201812,광주,여성,60,20586
2018,12,201812,광주,여성,70,4917
2018,12,201812,광주,여성,80,1319
2018,12,201812,광주,여성,90,330
2018,12,201812,대전,남성,10,491
2018,12,201812,대전,남성,20,14020
2018,12,201812,대전,남성,30,75206
2018,12,201812,대전,남성,40,119652
2018,12,201812,대전,남성,50,129297
2018,12,201812,대전,남성,60,78924
2018,12,201812,대전,남성,70,22605
2018,12,201812,대전,남성,80,3432
2018,12,201812,대전,남성,90,301
2018,12,201812,대전,여성,10,263
2018,12,201812,대전,여성,20,7013
2018,12,201812,대전,여성,30,30368
2018,12,201812,대전,여성,40,46581
2018,12,201812,대전,여성,50,48636
2018,12,201812,대전,여성,60,22316
2018,12,201812,대전,여성,70,4930
2018,12,201812,대전,여성,80,1519
2018,12,201812,대전,여성,90,317
2018,12,201812,울산,남성,10,274
2018,12,201812,울산,남성,20,10624
2018,12,201812,울산,남성,30,63986
2018,12,201812,울산,남성,40,101401
2018,12,201812,울산,남성,50,132038
2018,12,201812,울산,남성,60,73690
2018,12,201812,울산,남성,70,17216
2018,12,201812,울산,남성,80,1731
2018,12,201812,울산,남성,90,144
2018,12,201812,울산,여성,10,134
2018,12,201812,울산,여성,20,4401
2018,12,201812,울산,여성,30,20866
2018,12,201812,울산,여성,40,32220
2018,12,201812,울산,여성,50,34236
2018,12,201812,울산,여성,60,15849
2018,12,201812,울산,여성,70,2861
2018,12,201812,울산,여성,80,716
2018,12,201812,울산,여성,90,145
2018,12,201812,세종,남성,10,77
2018,12,201812,세종,남성,20,2384
2018,12,201812,세종,남성,30,23194
2018,12,201812,세종,남성,40,35048
2018,12,201812,세종,남성,50,24365
2018,12,201812,세종,남성,60,13776
2018,12,201812,세종,남성,70,3611
2018,12,201812,세종,남성,80,511
2018,12,201812,세종,남성,90,47
2018,12,201812,세종,여성,10,40
2018,12,201812,세종,여성,20,1563
2018,12,201812,세종,여성,30,10061
2018,12,201812,세종,여성,40,12069
2018,12,201812,세종,여성,50,8669
2018,12,201812,세종,여성,60,3988
2018,12,201812,세종,여성,70,725
2018,12,201812,세종,여성,80,243
2018,12,201812,세종,여성,90,45
2018,12,201812,경기,남성,10,2505
2018,12,201812,경기,남성,20,111613
2018,12,201812,경기,남성,30,679121
2018,12,201812,경기,남성,40,1075659
2018,12,201812,경기,남성,50,1068036
2018,12,201812,경기,남성,60,591041
2018,12,201812,경기,남성,70,172357
2018,12,201812,경기,남성,80,28004
2018,12,201812,경기,남성,90,2278
2018,12,201812,경기,여성,10,1286
2018,12,201812,경기,여성,20,50600
2018,12,201812,경기,여성,30,245720
2018,12,201812,경기,여성,40,381426
2018,12,201812,경기,여성,50,389706
2018,12,201812,경기,여성,60,179130
2018,12,201812,경기,여성,70,41559
2018,12,201812,경기,여성,80,9605
2018,12,201812,경기,여성,90,1702
2018,12,201812,강원,남성,10,224
2018,12,201812,강원,남성,20,15956
2018,12,201812,강원,남성,30,69754
2018,12,201812,강원,남성,40,125746
2018,12,201812,강원,남성,50,155323
2018,12,201812,강원,남성,60,113280
2018,12,201812,강원,남성,70,39350
2018,12,201812,강원,남성,80,6696
2018,12,201812,강원,남성,90,461
2018,12,201812,강원,여성,10,121
2018,12,201812,강원,여성,20,6875
2018,12,201812,강원,여성,30,28507
2018,12,201812,강원,여성,40,47873
2018,12,201812,강원,여성,50,57706
2018,12,201812,강원,여성,60,32040
2018,12,201812,강원,여성,70,7132
2018,12,201812,강원,여성,80,1723
2018,12,201812,강원,여성,90,301
2018,12,201812,충북,남성,10,358
2018,12,201812,충북,남성,20,18146
2018,12,201812,충북,남성,30,84350
2018,12,201812,충북,남성,40,136722
2018,12,201812,충북,남성,50,167054
2018,12,201812,충북,남성,60,110279
2018,12,201812,충북,남성,70,33667
2018,12,201812,충북,남성,80,5095
2018,12,201812,충북,남성,90,368
2018,12,201812,충북,여성,10,186
2018,12,201812,충북,여성,20,8212
2018,12,201812,충북,여성,30,32882
2018,12,201812,충북,여성,40,48406
2018,12,201812,충북,여성,50,57509
2018,12,201812,충북,여성,60,28260
2018,12,201812,충북,여성,70,5878
2018,12,201812,충북,여성,80,1637
2018,12,201812,충북,여성,90,286
2018,12,201812,충남,남성,10,297
2018,12,201812,충남,남성,20,24079
2018,12,201812,충남,남성,30,129121
2018,12,201812,충남,남성,40,196888
2018,12,201812,충남,남성,50,215316
2018,12,201812,충남,남성,60,139280
2018,12,201812,충남,남성,70,47460
2018,12,201812,충남,남성,80,7609
2018,12,201812,충남,남성,90,543
2018,12,201812,충남,여성,10,206
2018,12,201812,충남,여성,20,11059
2018,12,201812,충남,여성,30,44228
2018,12,201812,충남,여성,40,63400
2018,12,201812,충남,여성,50,72781
2018,12,201812,충남,여성,60,36185
2018,12,201812,충남,여성,70,7887
2018,12,201812,충남,여성,80,2453
2018,12,201812,충남,여성,90,415
2018,12,201812,전북,남성,10,396
2018,12,201812,전북,남성,20,16119
2018,12,201812,전북,남성,30,80655
2018,12,201812,전북,남성,40,153571
2018,12,201812,전북,남성,50,180754
2018,12,201812,전북,남성,60,124955
2018,12,201812,전북,남성,70,45483
2018,12,201812,전북,남성,80,7265
2018,12,201812,전북,남성,90,717
2018,12,201812,전북,여성,10,210
2018,12,201812,전북,여성,20,8420
2018,12,201812,전북,여성,30,33878
2018,12,201812,전북,여성,40,55670
2018,12,201812,전북,여성,50,64826
2018,12,201812,전북,여성,60,33744
2018,12,201812,전북,여성,70,8734
2018,12,201812,전북,여성,80,3214
2018,12,201812,전북,여성,90,734
2018,12,201812,전남,남성,10,400
2018,12,201812,전남,남성,20,16446
2018,12,201812,전남,남성,30,83886
2018,12,201812,전남,남성,40,155074
2018,12,201812,전남,남성,50,198170
2018,12,201812,전남,남성,60,134546
2018,12,201812,전남,남성,70,48859
2018,12,201812,전남,남성,80,6755
2018,12,201812,전남,남성,90,669
2018,12,201812,전남,여성,10,212
2018,12,201812,전남,여성,20,8181
2018,12,201812,전남,여성,30,32736
2018,12,201812,전남,여성,40,51924
2018,12,201812,전남,여성,50,62837
2018,12,201812,전남,여성,60,32437
2018,12,201812,전남,여성,70,8419
2018,12,201812,전남,여성,80,3160
2018,12,201812,전남,여성,90,695
2018,12,201812,경북,남성,10,289
2018,12,201812,경북,남성,20,24026
2018,12,201812,경북,남성,30,134584
2018,12,201812,경북,남성,40,234661
2018,12,201812,경북,남성,50,304922
2018,12,201812,경북,남성,60,221760
2018,12,201812,경북,남성,70,74302
2018,12,201812,경북,남성,80,10579
2018,12,201812,경북,남성,90,794
2018,12,201812,경북,여성,10,171
2018,12,201812,경북,여성,20,11274
2018,12,201812,경북,여성,30,49128
2018,12,201812,경북,여성,40,76690
2018,12,201812,경북,여성,50,96042
2018,12,201812,경북,여성,60,52397
2018,12,201812,경북,여성,70,10961
2018,12,201812,경북,여성,80,3135
2018,12,201812,경북,여성,90,540
2018,12,201812,경남,남성,10,728
2018,12,201812,경남,남성,20,28783
2018,12,201812,경남,남성,30,173952
2018,12,201812,경남,남성,40,294446
2018,12,201812,경남,남성,50,339434
2018,12,201812,경남,남성,60,219418
2018,12,201812,경남,남성,70,63265
2018,12,201812,경남,남성,80,8339
2018,12,201812,경남,남성,90,683
2018,12,201812,경남,여성,10,390
2018,12,201812,경남,여성,20,13124
2018,12,201812,경남,여성,30,64098
2018,12,201812,경남,여성,40,101340
2018,12,201812,경남,여성,50,113298
2018,12,201812,경남,여성,60,54335
2018,12,201812,경남,여성,70,10668
2018,12,201812,경남,여성,80,3165
2018,12,201812,경남,여성,90,613
2018,12,201812,제주,남성,10,184
2018,12,201812,제주,남성,20,6395
2018,12,201812,제주,남성,30,33845
2018,12,201812,제주,남성,40,63275
2018,12,201812,제주,남성,50,66479
2018,12,201812,제주,남성,60,40007
2018,12,201812,제주,남성,70,15398
2018,12,201812,제주,남성,80,2720
2018,12,201812,제주,남성,90,160
2018,12,201812,제주,여성,10,94
2018,12,201812,제주,여성,20,3914
2018,12,201812,제주,여성,30,16941
2018,12,201812,제주,여성,40,27947
2018,12,201812,제주,여성,50,28920
2018,12,201812,제주,여성,60,14516
2018,12,201812,제주,여성,70,3322
2018,12,201812,제주,여성,80,759
2018,12,201812,제주,여성,90,172
2019,01,201901,서울,남성,10,1136
2019,01,201901,서울,남성,20,33006
2019,01,201901,서울,남성,30,320889
2019,01,201901,서울,남성,40,520795
2019,01,201901,서울,남성,50,533263
2019,01,201901,서울,남성,60,409265
2019,01,201901,서울,남성,70,150232
2019,01,201901,서울,남성,80,25636
2019,01,201901,서울,남성,90,3061
2019,01,201901,서울,여성,10,586
2019,01,201901,서울,여성,20,15670
2019,01,201901,서울,여성,30,114864
2019,01,201901,서울,여성,40,185591
2019,01,201901,서울,여성,50,189454
2019,01,201901,서울,여성,60,123244
2019,01,201901,서울,여성,70,34090
2019,01,201901,서울,여성,80,7344
2019,01,201901,서울,여성,90,1773
2019,01,201901,부산,남성,10,451
2019,01,201901,부산,남성,20,17264
2019,01,201901,부산,남성,30,125019
2019,01,201901,부산,남성,40,208425
2019,01,201901,부산,남성,50,229699
2019,01,201901,부산,남성,60,188761
2019,01,201901,부산,남성,70,61337
2019,01,201901,부산,남성,80,8889
2019,01,201901,부산,남성,90,868
2019,01,201901,부산,여성,10,258
2019,01,201901,부산,여성,20,7592
2019,01,201901,부산,여성,30,44807
2019,01,201901,부산,여성,40,75037
2019,01,201901,부산,여성,50,84282
2019,01,201901,부산,여성,60,53367
2019,01,201901,부산,여성,70,11905
2019,01,201901,부산,여성,80,2732
2019,01,201901,부산,여성,90,553
2019,01,201901,대구,남성,10,309
2019,01,201901,대구,남성,20,16130
2019,01,201901,대구,남성,30,107923
2019,01,201901,대구,남성,40,196147
2019,01,201901,대구,남성,50,230830
2019,01,201901,대구,남성,60,160197
2019,01,201901,대구,남성,70,51610
2019,01,201901,대구,남성,80,8408
2019,01,201901,대구,남성,90,633
2019,01,201901,대구,여성,10,160
2019,01,201901,대구,여성,20,7317
2019,01,201901,대구,여성,30,39913
2019,01,201901,대구,여성,40,71613
2019,01,201901,대구,여성,50,83914
2019,01,201901,대구,여성,60,47026
2019,01,201901,대구,여성,70,10478
2019,01,201901,대구,여성,80,2414
2019,01,201901,대구,여성,90,435
2019,01,201901,인천,남성,10,404
2019,01,201901,인천,남성,20,21408
2019,01,201901,인천,남성,30,133395
2019,01,201901,인천,남성,40,215055
2019,01,201901,인천,남성,50,230918
2019,01,201901,인천,남성,60,149928
2019,01,201901,인천,남성,70,40198
2019,01,201901,인천,남성,80,5623
2019,01,201901,인천,남성,90,526
2019,01,201901,인천,여성,10,270
2019,01,201901,인천,여성,20,9409
2019,01,201901,인천,여성,30,49232
2019,01,201901,인천,여성,40,78093
2019,01,201901,인천,여성,50,85714
2019,01,201901,인천,여성,60,44356
2019,01,201901,인천,여성,70,8457
2019,01,201901,인천,여성,80,2046
2019,01,201901,인천,여성,90,420
2019,01,201901,광주,남성,10,196
2019,01,201901,광주,남성,20,10622
2019,01,201901,광주,남성,30,66311
2019,01,201901,광주,남성,40,118181
2019,01,201901,광주,남성,50,124960
2019,01,201901,광주,남성,60,75720
2019,01,201901,광주,남성,70,25181
2019,01,201901,광주,남성,80,3756
2019,01,201901,광주,남성,90,377
2019,01,201901,광주,여성,10,97
2019,01,201901,광주,여성,20,6080
2019,01,201901,광주,여성,30,30324
2019,01,201901,광주,여성,40,47881
2019,01,201901,광주,여성,50,48212
2019,01,201901,광주,여성,60,23953
2019,01,201901,광주,여성,70,5525
2019,01,201901,광주,여성,80,1454
2019,01,201901,광주,여성,90,406
2019,01,201901,대전,남성,10,409
2019,01,201901,대전,남성,20,10588
2019,01,201901,대전,남성,30,68801
2019,01,201901,대전,남성,40,116915
2019,01,201901,대전,남성,50,129581
2019,01,201901,대전,남성,60,87747
2019,01,201901,대전,남성,70,26013
2019,01,201901,대전,남성,80,4118
2019,01,201901,대전,남성,90,380
2019,01,201901,대전,여성,10,220
2019,01,201901,대전,여성,20,5556
2019,01,201901,대전,여성,30,28017
2019,01,201901,대전,여성,40,45786
2019,01,201901,대전,여성,50,49369
2019,01,201901,대전,여성,60,25784
2019,01,201901,대전,여성,70,5662
2019,01,201901,대전,여성,80,1647
2019,01,201901,대전,여성,90,388
2019,01,201901,울산,남성,10,229
2019,01,201901,울산,남성,20,8116
2019,01,201901,울산,남성,30,57394
2019,01,201901,울산,남성,40,99924
2019,01,201901,울산,남성,50,130295
2019,01,201901,울산,남성,60,82977
2019,01,201901,울산,남성,70,20319
2019,01,201901,울산,남성,80,2210
2019,01,201901,울산,남성,90,189
2019,01,201901,울산,여성,10,108
2019,01,201901,울산,여성,20,3546
2019,01,201901,울산,여성,30,19058
2019,01,201901,울산,여성,40,31676
2019,01,201901,울산,여성,50,34643
2019,01,201901,울산,여성,60,18542
2019,01,201901,울산,여성,70,3308
2019,01,201901,울산,여성,80,815
2019,01,201901,울산,여성,90,171
2019,01,201901,세종,남성,10,69
2019,01,201901,세종,남성,20,1717
2019,01,201901,세종,남성,30,20734
2019,01,201901,세종,남성,40,35864
2019,01,201901,세종,남성,50,25400
2019,01,201901,세종,남성,60,15531
2019,01,201901,세종,남성,70,4271
2019,01,201901,세종,남성,80,632
2019,01,201901,세종,남성,90,56
2019,01,201901,세종,여성,10,37
2019,01,201901,세종,여성,20,1187
2019,01,201901,세종,여성,30,9245
2019,01,201901,세종,여성,40,12565
2019,01,201901,세종,여성,50,9008
2019,01,201901,세종,여성,60,4657
2019,01,201901,세종,여성,70,852
2019,01,201901,세종,여성,80,248
2019,01,201901,세종,여성,90,60
2019,01,201901,경기,남성,10,2161
2019,01,201901,경기,남성,20,84533
2019,01,201901,경기,남성,30,613184
2019,01,201901,경기,남성,40,1064405
2019,01,201901,경기,남성,50,1083402
2019,01,201901,경기,남성,60,667624
2019,01,201901,경기,남성,70,193512
2019,01,201901,경기,남성,80,34451
2019,01,201901,경기,남성,90,2956
2019,01,201901,경기,여성,10,1121
2019,01,201901,경기,여성,20,39789
2019,01,201901,경기,여성,30,224592
2019,01,201901,경기,여성,40,377220
2019,01,201901,경기,여성,50,397984
2019,01,201901,경기,여성,60,206923
2019,01,201901,경기,여성,70,47138
2019,01,201901,경기,여성,80,10981
2019,01,201901,경기,여성,90,2084
2019,01,201901,강원,남성,10,184
2019,01,201901,강원,남성,20,12515
2019,01,201901,강원,남성,30,63930
2019,01,201901,강원,남성,40,121378
2019,01,201901,강원,남성,50,153901
2019,01,201901,강원,남성,60,124953
2019,01,201901,강원,남성,70,42556
2019,01,201901,강원,남성,80,8582
2019,01,201901,강원,남성,90,616
2019,01,201901,강원,여성,10,103
2019,01,201901,강원,여성,20,5471
2019,01,201901,강원,여성,30,26226
2019,01,201901,강원,여성,40,46669
2019,01,201901,강원,여성,50,57575
2019,01,201901,강원,여성,60,36755
2019,01,201901,강원,여성,70,7966
2019,01,201901,강원,여성,80,1800
2019,01,201901,강원,여성,90,526
2019,01,201901,충북,남성,10,302
2019,01,201901,충북,남성,20,14100
2019,01,201901,충북,남성,30,77547
2019,01,201901,충북,남성,40,133159
2019,01,201901,충북,남성,50,166596
2019,01,201901,충북,남성,60,121679
2019,01,201901,충북,남성,70,37885
2019,01,201901,충북,남성,80,6358
2019,01,201901,충북,남성,90,466
2019,01,201901,충북,여성,10,172
2019,01,201901,충북,여성,20,6613
2019,01,201901,충북,여성,30,30529
2019,01,201901,충북,여성,40,47522
2019,01,201901,충북,여성,50,57759
2019,01,201901,충북,여성,60,32616
2019,01,201901,충북,여성,70,6649
2019,01,201901,충북,여성,80,1854
2019,01,201901,충북,여성,90,353
2019,01,201901,충남,남성,10,265
2019,01,201901,충남,남성,20,18253
2019,01,201901,충남,남성,30,117799
2019,01,201901,충남,남성,40,194719
2019,01,201901,충남,남성,50,214412
2019,01,201901,충남,남성,60,153986
2019,01,201901,충남,남성,70,53933
2019,01,201901,충남,남성,80,9241
2019,01,201901,충남,남성,90,728
2019,01,201901,충남,여성,10,160
2019,01,201901,충남,여성,20,8860
2019,01,201901,충남,여성,30,40936
2019,01,201901,충남,여성,40,62531
2019,01,201901,충남,여성,50,72923
2019,01,201901,충남,여성,60,41756
2019,01,201901,충남,여성,70,9177
2019,01,201901,충남,여성,80,2707
2019,01,201901,충남,여성,90,521
2019,01,201901,전북,남성,10,330
2019,01,201901,전북,남성,20,12644
2019,01,201901,전북,남성,30,72453
2019,01,201901,전북,남성,40,148517
2019,01,201901,전북,남성,50,179214
2019,01,201901,전북,남성,60,136666
2019,01,201901,전북,남성,70,52232
2019,01,201901,전북,남성,80,8778
2019,01,201901,전북,남성,90,908
2019,01,201901,전북,여성,10,172
2019,01,201901,전북,여성,20,6673
2019,01,201901,전북,여성,30,31494
2019,01,201901,전북,여성,40,54216
2019,01,201901,전북,여성,50,64572
2019,01,201901,전북,여성,60,38884
2019,01,201901,전북,여성,70,10055
2019,01,201901,전북,여성,80,3455
2019,01,201901,전북,여성,90,880
2019,01,201901,전남,남성,10,342
2019,01,201901,전남,남성,20,12866
2019,01,201901,전남,남성,30,75584
2019,01,201901,전남,남성,40,149449
2019,01,201901,전남,남성,50,196010
2019,01,201901,전남,남성,60,147248
2019,01,201901,전남,남성,70,55956
2019,01,201901,전남,남성,80,8366
2019,01,201901,전남,남성,90,891
2019,01,201901,전남,여성,10,189
2019,01,201901,전남,여성,20,6532
2019,01,201901,전남,여성,30,29901
2019,01,201901,전남,여성,40,50843
2019,01,201901,전남,여성,50,62581
2019,01,201901,전남,여성,60,37425
2019,01,201901,전남,여성,70,9427
2019,01,201901,전남,여성,80,3492
2019,01,201901,전남,여성,90,860
2019,01,201901,경북,남성,10,238
2019,01,201901,경북,남성,20,18307
2019,01,201901,경북,남성,30,121235
2019,01,201901,경북,남성,40,227507
2019,01,201901,경북,남성,50,301243
2019,01,201901,경북,남성,60,241576
2019,01,201901,경북,남성,70,84011
2019,01,201901,경북,남성,80,13322
2019,01,201901,경북,남성,90,1014
2019,01,201901,경북,여성,10,139
2019,01,201901,경북,여성,20,8993
2019,01,201901,경북,여성,30,45247
2019,01,201901,경북,여성,40,74673
2019,01,201901,경북,여성,50,95745
2019,01,201901,경북,여성,60,59864
2019,01,201901,경북,여성,70,12651
2019,01,201901,경북,여성,80,3535
2019,01,201901,경북,여성,90,669
2019,01,201901,경남,남성,10,643
2019,01,201901,경남,남성,20,22032
2019,01,201901,경남,남성,30,155670
2019,01,201901,경남,남성,40,288806
2019,01,201901,경남,남성,50,337173
2019,01,201901,경남,남성,60,244399
2019,01,201901,경남,남성,70,72009
2019,01,201901,경남,남성,80,10591
2019,01,201901,경남,남성,90,875
2019,01,201901,경남,여성,10,337
2019,01,201901,경남,여성,20,10344
2019,01,201901,경남,여성,30,58223
2019,01,201901,경남,여성,40,99567
2019,01,201901,경남,여성,50,114407
2019,01,201901,경남,여성,60,63200
2019,01,201901,경남,여성,70,12249
2019,01,201901,경남,여성,80,3491
2019,01,201901,경남,여성,90,768
2019,01,201901,제주,남성,10,162
2019,01,201901,제주,남성,20,4930
2019,01,201901,제주,남성,30,30128
2019,01,201901,제주,남성,40,61844
2019,01,201901,제주,남성,50,67247
2019,01,201901,제주,남성,60,44099
2019,01,201901,제주,남성,70,16894
2019,01,201901,제주,남성,80,3358
2019,01,201901,제주,남성,90,216
2019,01,201901,제주,여성,10,80
2019,01,201901,제주,여성,20,3110
2019,01,201901,제주,여성,30,15559
2019,01,201901,제주,여성,40,27121
2019,01,201901,제주,여성,50,29708
2019,01,201901,제주,여성,60,16430
2019,01,201901,제주,여성,70,3846
2019,01,201901,제주,여성,80,847
2019,01,201901,제주,여성,90,210
2019,02,201902,서울,남성,10,1144
2019,02,201902,서울,남성,20,33946
2019,02,201902,서울,남성,30,322375
2019,02,201902,서울,남성,40,521118
2019,02,201902,서울,남성,50,533459
2019,02,201902,서울,남성,60,408800
2019,02,201902,서울,남성,70,149422
2019,02,201902,서울,남성,80,25397
2019,02,201902,서울,남성,90,3025
2019,02,201902,서울,여성,10,592
2019,02,201902,서울,여성,20,16034
2019,02,201902,서울,여성,30,115432
2019,02,201902,서울,여성,40,185979
2019,02,201902,서울,여성,50,189429
2019,02,201902,서울,여성,60,122875
2019,02,201902,서울,여성,70,33897
2019,02,201902,서울,여성,80,7306
2019,02,201902,서울,여성,90,1756
2019,02,201902,부산,남성,10,454
2019,02,201902,부산,남성,20,17649
2019,02,201902,부산,남성,30,125442
2019,02,201902,부산,남성,40,208458
2019,02,201902,부산,남성,50,229536
2019,02,201902,부산,남성,60,188251
2019,02,201902,부산,남성,70,60992
2019,02,201902,부산,남성,80,8800
2019,02,201902,부산,남성,90,863
2019,02,201902,부산,여성,10,259
2019,02,201902,부산,여성,20,7742
2019,02,201902,부산,여성,30,44982
2019,02,201902,부산,여성,40,75145
2019,02,201902,부산,여성,50,84358
2019,02,201902,부산,여성,60,53223
2019,02,201902,부산,여성,70,11832
2019,02,201902,부산,여성,80,2698
2019,02,201902,부산,여성,90,547
2019,02,201902,대구,남성,10,311
2019,02,201902,대구,남성,20,16530
2019,02,201902,대구,남성,30,108327
2019,02,201902,대구,남성,40,195796
2019,02,201902,대구,남성,50,230678
2019,02,201902,대구,남성,60,159861
2019,02,201902,대구,남성,70,51357
2019,02,201902,대구,남성,80,8278
2019,02,201902,대구,남성,90,627
2019,02,201902,대구,여성,10,158
2019,02,201902,대구,여성,20,7501
2019,02,201902,대구,여성,30,40110
2019,02,201902,대구,여성,40,71782
2019,02,201902,대구,여성,50,83928
2019,02,201902,대구,여성,60,46910
2019,02,201902,대구,여성,70,10371
2019,02,201902,대구,여성,80,2381
2019,02,201902,대구,여성,90,424
2019,02,201902,인천,남성,10,403
2019,02,201902,인천,남성,20,21843
2019,02,201902,인천,남성,30,133744
2019,02,201902,인천,남성,40,214974
2019,02,201902,인천,남성,50,231145
2019,02,201902,인천,남성,60,149853
2019,02,201902,인천,남성,70,39993
2019,02,201902,인천,남성,80,5535
2019,02,201902,인천,남성,90,519
2019,02,201902,인천,여성,10,267
2019,02,201902,인천,여성,20,9629
2019,02,201902,인천,여성,30,49452
2019,02,201902,인천,여성,40,78318
2019,02,201902,인천,여성,50,85827
2019,02,201902,인천,여성,60,44308
2019,02,201902,인천,여성,70,8420
2019,02,201902,인천,여성,80,2026
2019,02,201902,인천,여성,90,419
2019,02,201902,광주,남성,10,194
2019,02,201902,광주,남성,20,10878
2019,02,201902,광주,남성,30,66710
2019,02,201902,광주,남성,40,118373
2019,02,201902,광주,남성,50,125194
2019,02,201902,광주,남성,60,75579
2019,02,201902,광주,남성,70,25085
2019,02,201902,광주,남성,80,3705
2019,02,201902,광주,남성,90,372
2019,02,201902,광주,여성,10,99
2019,02,201902,광주,여성,20,6268
2019,02,201902,광주,여성,30,30560
2019,02,201902,광주,여성,40,48001
2019,02,201902,광주,여성,50,48374
2019,02,201902,광주,여성,60,23885
2019,02,201902,광주,여성,70,5488
2019,02,201902,광주,여성,80,1420
2019,02,201902,광주,여성,90,398
2019,02,201902,대전,남성,10,407
2019,02,201902,대전,남성,20,10850
2019,02,201902,대전,남성,30,69121
2019,02,201902,대전,남성,40,116848
2019,02,201902,대전,남성,50,129506
2019,02,201902,대전,남성,60,87528
2019,02,201902,대전,남성,70,25871
2019,02,201902,대전,남성,80,4076
2019,02,201902,대전,남성,90,371
2019,02,201902,대전,여성,10,224
2019,02,201902,대전,여성,20,5689
2019,02,201902,대전,여성,30,28118
2019,02,201902,대전,여성,40,45826
2019,02,201902,대전,여성,50,49400
2019,02,201902,대전,여성,60,25755
2019,02,201902,대전,여성,70,5619
2019,02,201902,대전,여성,80,1615
2019,02,201902,대전,여성,90,383
2019,02,201902,울산,남성,10,230
2019,02,201902,울산,남성,20,8286
2019,02,201902,울산,남성,30,57794
2019,02,201902,울산,남성,40,99958
2019,02,201902,울산,남성,50,130283
2019,02,201902,울산,남성,60,82846
2019,02,201902,울산,남성,70,20202
2019,02,201902,울산,남성,80,2182
2019,02,201902,울산,남성,90,186
2019,02,201902,울산,여성,10,107
2019,02,201902,울산,여성,20,3618
2019,02,201902,울산,여성,30,19167
2019,02,201902,울산,여성,40,31717
2019,02,201902,울산,여성,50,34711
2019,02,201902,울산,여성,60,18492
2019,02,201902,울산,여성,70,3269
2019,02,201902,울산,여성,80,813
2019,02,201902,울산,여성,90,168
2019,02,201902,세종,남성,10,71
2019,02,201902,세종,남성,20,1779
2019,02,201902,세종,남성,30,21088
2019,02,201902,세종,남성,40,36233
2019,02,201902,세종,남성,50,25648
2019,02,201902,세종,남성,60,15641
2019,02,201902,세종,남성,70,4258
2019,02,201902,세종,남성,80,630
2019,02,201902,세종,남성,90,57
2019,02,201902,세종,여성,10,38
2019,02,201902,세종,여성,20,1232
2019,02,201902,세종,여성,30,9401
2019,02,201902,세종,여성,40,12710
2019,02,201902,세종,여성,50,9105
2019,02,201902,세종,여성,60,4687
2019,02,201902,세종,여성,70,853
2019,02,201902,세종,여성,80,243
2019,02,201902,세종,여성,90,59
2019,02,201902,경기,남성,10,2157
2019,02,201902,경기,남성,20,86762
2019,02,201902,경기,남성,30,617434
2019,02,201902,경기,남성,40,1064035
2019,02,201902,경기,남성,50,1081347
2019,02,201902,경기,남성,60,665694
2019,02,201902,경기,남성,70,192417
2019,02,201902,경기,남성,80,34027
2019,02,201902,경기,남성,90,2910
2019,02,201902,경기,여성,10,1117
2019,02,201902,경기,여성,20,40695
2019,02,201902,경기,여성,30,226297
2019,02,201902,경기,여성,40,377821
2019,02,201902,경기,여성,50,398121
2019,02,201902,경기,여성,60,206542
2019,02,201902,경기,여성,70,46921
2019,02,201902,경기,여성,80,10914
2019,02,201902,경기,여성,90,2061
2019,02,201902,강원,남성,10,183
2019,02,201902,강원,남성,20,12769
2019,02,201902,강원,남성,30,64166
2019,02,201902,강원,남성,40,121393
2019,02,201902,강원,남성,50,154058
2019,02,201902,강원,남성,60,125000
2019,02,201902,강원,남성,70,42390
2019,02,201902,강원,남성,80,8477
2019,02,201902,강원,남성,90,607
2019,02,201902,강원,여성,10,106
2019,02,201902,강원,여성,20,5611
2019,02,201902,강원,여성,30,26399
2019,02,201902,강원,여성,40,46758
2019,02,201902,강원,여성,50,57668
2019,02,201902,강원,여성,60,36769
2019,02,201902,강원,여성,70,7929
2019,02,201902,강원,여성,80,1777
2019,02,201902,강원,여성,90,520
2019,02,201902,충북,남성,10,305
2019,02,201902,충북,남성,20,14485
2019,02,201902,충북,남성,30,78010
2019,02,201902,충북,남성,40,133337
2019,02,201902,충북,남성,50,166907
2019,02,201902,충북,남성,60,121661
2019,02,201902,충북,남성,70,37783
2019,02,201902,충북,남성,80,6292
2019,02,201902,충북,남성,90,461
2019,02,201902,충북,여성,10,173
2019,02,201902,충북,여성,20,6816
2019,02,201902,충북,여성,30,30703
2019,02,201902,충북,여성,40,47611
2019,02,201902,충북,여성,50,57925
2019,02,201902,충북,여성,60,32597
2019,02,201902,충북,여성,70,6604
2019,02,201902,충북,여성,80,1829
2019,02,201902,충북,여성,90,349
2019,02,201902,충남,남성,10,265
2019,02,201902,충남,남성,20,18685
2019,02,201902,충남,남성,30,118370
2019,02,201902,충남,남성,40,195069
2019,02,201902,충남,남성,50,214846
2019,02,201902,충남,남성,60,154025
2019,02,201902,충남,남성,70,53802
2019,02,201902,충남,남성,80,9150
2019,02,201902,충남,남성,90,722
2019,02,201902,충남,여성,10,159
2019,02,201902,충남,여성,20,9073
2019,02,201902,충남,여성,30,41205
2019,02,201902,충남,여성,40,62604
2019,02,201902,충남,여성,50,73089
2019,02,201902,충남,여성,60,41786
2019,02,201902,충남,여성,70,9122
2019,02,201902,충남,여성,80,2675
2019,02,201902,충남,여성,90,514
2019,02,201902,전북,남성,10,335
2019,02,201902,전북,남성,20,12894
2019,02,201902,전북,남성,30,72705
2019,02,201902,전북,남성,40,148668
2019,02,201902,전북,남성,50,179595
2019,02,201902,전북,남성,60,136702
2019,02,201902,전북,남성,70,52096
2019,02,201902,전북,남성,80,8699
2019,02,201902,전북,남성,90,896
2019,02,201902,전북,여성,10,171
2019,02,201902,전북,여성,20,6876
2019,02,201902,전북,여성,30,31619
2019,02,201902,전북,여성,40,54381
2019,02,201902,전북,여성,50,64764
2019,02,201902,전북,여성,60,38861
2019,02,201902,전북,여성,70,10007
2019,02,201902,전북,여성,80,3409
2019,02,201902,전북,여성,90,868
2019,02,201902,전남,남성,10,345
2019,02,201902,전남,남성,20,13092
2019,02,201902,전남,남성,30,75794
2019,02,201902,전남,남성,40,149432
2019,02,201902,전남,남성,50,196329
2019,02,201902,전남,남성,60,147087
2019,02,201902,전남,남성,70,55714
2019,02,201902,전남,남성,80,8262
2019,02,201902,전남,남성,90,876
2019,02,201902,전남,여성,10,187
2019,02,201902,전남,여성,20,6710
2019,02,201902,전남,여성,30,30099
2019,02,201902,전남,여성,40,50900
2019,02,201902,전남,여성,50,62680
2019,02,201902,전남,여성,60,37360
2019,02,201902,전남,여성,70,9376
2019,02,201902,전남,여성,80,3456
2019,02,201902,전남,여성,90,847
2019,02,201902,경북,남성,10,235
2019,02,201902,경북,남성,20,18761
2019,02,201902,경북,남성,30,121720
2019,02,201902,경북,남성,40,227706
2019,02,201902,경북,남성,50,301638
2019,02,201902,경북,남성,60,241538
2019,02,201902,경북,남성,70,83755
2019,02,201902,경북,남성,80,13183
2019,02,201902,경북,남성,90,999
2019,02,201902,경북,여성,10,140
2019,02,201902,경북,여성,20,9245
2019,02,201902,경북,여성,30,45472
2019,02,201902,경북,여성,40,74840
2019,02,201902,경북,여성,50,95984
2019,02,201902,경북,여성,60,59771
2019,02,201902,경북,여성,70,12575
2019,02,201902,경북,여성,80,3493
2019,02,201902,경북,여성,90,665
2019,02,201902,경남,남성,10,650
2019,02,201902,경남,남성,20,22558
2019,02,201902,경남,남성,30,156465
2019,02,201902,경남,남성,40,288916
2019,02,201902,경남,남성,50,337566
2019,02,201902,경남,남성,60,244063
2019,02,201902,경남,남성,70,71739
2019,02,201902,경남,남성,80,10476
2019,02,201902,경남,남성,90,867
2019,02,201902,경남,여성,10,341
2019,02,201902,경남,여성,20,10615
2019,02,201902,경남,여성,30,58721
2019,02,201902,경남,여성,40,99731
2019,02,201902,경남,여성,50,114552
2019,02,201902,경남,여성,60,63136
2019,02,201902,경남,여성,70,12166
2019,02,201902,경남,여성,80,3445
2019,02,201902,경남,여성,90,758
2019,02,201902,제주,남성,10,161
2019,02,201902,제주,남성,20,4995
2019,02,201902,제주,남성,30,30288
2019,02,201902,제주,남성,40,61951
2019,02,201902,제주,남성,50,67327
2019,02,201902,제주,남성,60,44047
2019,02,201902,제주,남성,70,16819
2019,02,201902,제주,남성,80,3320
2019,02,201902,제주,남성,90,213
2019,02,201902,제주,여성,10,80
2019,02,201902,제주,여성,20,3178
2019,02,201902,제주,여성,30,15637
2019,02,201902,제주,여성,40,27221
2019,02,201902,제주,여성,50,29751
2019,02,201902,제주,여성,60,16422
2019,02,201902,제주,여성,70,3826
2019,02,201902,제주,여성,80,839
2019,02,201902,제주,여성,90,207
2019,03,201903,서울,남성,10,1149
2019,03,201903,서울,남성,20,34931
2019,03,201903,서울,남성,30,323820
2019,03,201903,서울,남성,40,521022
2019,03,201903,서울,남성,50,532785
2019,03,201903,서울,남성,60,407646
2019,03,201903,서울,남성,70,148497
2019,03,201903,서울,남성,80,25087
2019,03,201903,서울,남성,90,2970
2019,03,201903,서울,여성,10,594
2019,03,201903,서울,여성,20,16487
2019,03,201903,서울,여성,30,115975
2019,03,201903,서울,여성,40,186048
2019,03,201903,서울,여성,50,189448
2019,03,201903,서울,여성,60,122478
2019,03,201903,서울,여성,70,33640
2019,03,201903,서울,여성,80,7243
2019,03,201903,서울,여성,90,1728
2019,03,201903,부산,남성,10,453
2019,03,201903,부산,남성,20,18004
2019,03,201903,부산,남성,30,126015
2019,03,201903,부산,남성,40,208330
2019,03,201903,부산,남성,50,229164
2019,03,201903,부산,남성,60,187496
2019,03,201903,부산,남성,70,60524
2019,03,201903,부산,남성,80,8683
2019,03,201903,부산,남성,90,855
2019,03,201903,부산,여성,10,260
2019,03,201903,부산,여성,20,7940
2019,03,201903,부산,여성,30,45274
2019,03,201903,부산,여성,40,75195
2019,03,201903,부산,여성,50,84361
2019,03,201903,부산,여성,60,53031
2019,03,201903,부산,여성,70,11746
2019,03,201903,부산,여성,80,2659
2019,03,201903,부산,여성,90,538
2019,03,201903,대구,남성,10,310
2019,03,201903,대구,남성,20,16918
2019,03,201903,대구,남성,30,108587
2019,03,201903,대구,남성,40,195978
2019,03,201903,대구,남성,50,230395
2019,03,201903,대구,남성,60,159431
2019,03,201903,대구,남성,70,51064
2019,03,201903,대구,남성,80,8148
2019,03,201903,대구,남성,90,614
2019,03,201903,대구,여성,10,158
2019,03,201903,대구,여성,20,7741
2019,03,201903,대구,여성,30,40435
2019,03,201903,대구,여성,40,71897
2019,03,201903,대구,여성,50,83985
2019,03,201903,대구,여성,60,46799
2019,03,201903,대구,여성,70,10311
2019,03,201903,대구,여성,80,2344
2019,03,201903,대구,여성,90,415
2019,03,201903,인천,남성,10,410
2019,03,201903,인천,남성,20,22456
2019,03,201903,인천,남성,30,134255
2019,03,201903,인천,남성,40,215259
2019,03,201903,인천,남성,50,231097
2019,03,201903,인천,남성,60,149385
2019,03,201903,인천,남성,70,39677
2019,03,201903,인천,남성,80,5476
2019,03,201903,인천,남성,90,512
2019,03,201903,인천,여성,10,268
2019,03,201903,인천,여성,20,9841
2019,03,201903,인천,여성,30,49724
2019,03,201903,인천,여성,40,78493
2019,03,201903,인천,여성,50,85927
2019,03,201903,인천,여성,60,44244
2019,03,201903,인천,여성,70,8373
2019,03,201903,인천,여성,80,2005
2019,03,201903,인천,여성,90,413
2019,03,201903,광주,남성,10,194
2019,03,201903,광주,남성,20,11260
2019,03,201903,광주,남성,30,67161
2019,03,201903,광주,남성,40,118626
2019,03,201903,광주,남성,50,125279
2019,03,201903,광주,남성,60,75497
2019,03,201903,광주,남성,70,24956
2019,03,201903,광주,남성,80,3650
2019,03,201903,광주,남성,90,365
2019,03,201903,광주,여성,10,101
2019,03,201903,광주,여성,20,6502
2019,03,201903,광주,여성,30,30767
2019,03,201903,광주,여성,40,48226
2019,03,201903,광주,여성,50,48514
2019,03,201903,광주,여성,60,23878
2019,03,201903,광주,여성,70,5456
2019,03,201903,광주,여성,80,1406
2019,03,201903,광주,여성,90,393
2019,03,201903,대전,남성,10,404
2019,03,201903,대전,남성,20,11166
2019,03,201903,대전,남성,30,69509
2019,03,201903,대전,남성,40,116921
2019,03,201903,대전,남성,50,129533
2019,03,201903,대전,남성,60,87279
2019,03,201903,대전,남성,70,25743
2019,03,201903,대전,남성,80,4017
2019,03,201903,대전,남성,90,370
2019,03,201903,대전,여성,10,222
2019,03,201903,대전,여성,20,5858
2019,03,201903,대전,여성,30,28301
2019,03,201903,대전,여성,40,45858
2019,03,201903,대전,여성,50,49413
2019,03,201903,대전,여성,60,25658
2019,03,201903,대전,여성,70,5566
2019,03,201903,대전,여성,80,1588
2019,03,201903,대전,여성,90,378
2019,03,201903,울산,남성,10,233
2019,03,201903,울산,남성,20,8481
2019,03,201903,울산,남성,30,58119
2019,03,201903,울산,남성,40,100193
2019,03,201903,울산,남성,50,130406
2019,03,201903,울산,남성,60,82705
2019,03,201903,울산,남성,70,20119
2019,03,201903,울산,남성,80,2156
2019,03,201903,울산,남성,90,182
2019,03,201903,울산,여성,10,106
2019,03,201903,울산,여성,20,3696
2019,03,201903,울산,여성,30,19286
2019,03,201903,울산,여성,40,31798
2019,03,201903,울산,여성,50,34789
2019,03,201903,울산,여성,60,18418
2019,03,201903,울산,여성,70,3238
2019,03,201903,울산,여성,80,794
2019,03,201903,울산,여성,90,166
2019,03,201903,세종,남성,10,72
2019,03,201903,세종,남성,20,1829
2019,03,201903,세종,남성,30,21536
2019,03,201903,세종,남성,40,36614
2019,03,201903,세종,남성,50,25875
2019,03,201903,세종,남성,60,15741
2019,03,201903,세종,남성,70,4245
2019,03,201903,세종,남성,80,630
2019,03,201903,세종,남성,90,58
2019,03,201903,세종,여성,10,40
2019,03,201903,세종,여성,20,1270
2019,03,201903,세종,여성,30,9553
2019,03,201903,세종,여성,40,12809
2019,03,201903,세종,여성,50,9192
2019,03,201903,세종,여성,60,4706
2019,03,201903,세종,여성,70,852
2019,03,201903,세종,여성,80,240
2019,03,201903,세종,여성,90,58
2019,03,201903,경기,남성,10,2180
2019,03,201903,경기,남성,20,89162
2019,03,201903,경기,남성,30,622398
2019,03,201903,경기,남성,40,1064283
2019,03,201903,경기,남성,50,1079279
2019,03,201903,경기,남성,60,663779
2019,03,201903,경기,남성,70,191030
2019,03,201903,경기,남성,80,33586
2019,03,201903,경기,남성,90,2886
2019,03,201903,경기,여성,10,1119
2019,03,201903,경기,여성,20,41776
2019,03,201903,경기,여성,30,228268
2019,03,201903,경기,여성,40,378562
2019,03,201903,경기,여성,50,398345
2019,03,201903,경기,여성,60,206158
2019,03,201903,경기,여성,70,46630
2019,03,201903,경기,여성,80,10797
2019,03,201903,경기,여성,90,2049
2019,03,201903,강원,남성,10,189
2019,03,201903,강원,남성,20,13127
2019,03,201903,강원,남성,30,64344
2019,03,201903,강원,남성,40,121514
2019,03,201903,강원,남성,50,154014
2019,03,201903,강원,남성,60,124651
2019,03,201903,강원,남성,70,42100
2019,03,201903,강원,남성,80,8365
2019,03,201903,강원,남성,90,603
2019,03,201903,강원,여성,10,106
2019,03,201903,강원,여성,20,5745
2019,03,201903,강원,여성,30,26583
2019,03,201903,강원,여성,40,46847
2019,03,201903,강원,여성,50,57681
2019,03,201903,강원,여성,60,36709
2019,03,201903,강원,여성,70,7889
2019,03,201903,강원,여성,80,1755
2019,03,201903,강원,여성,90,511
2019,03,201903,충북,남성,10,306
2019,03,201903,충북,남성,20,14858
2019,03,201903,충북,남성,30,78383
2019,03,201903,충북,남성,40,133332
2019,03,201903,충북,남성,50,166807
2019,03,201903,충북,남성,60,121313
2019,03,201903,충북,남성,70,37458
2019,03,201903,충북,남성,80,6199
2019,03,201903,충북,남성,90,458
2019,03,201903,충북,여성,10,173
2019,03,201903,충북,여성,20,7047
2019,03,201903,충북,여성,30,30917
2019,03,201903,충북,여성,40,47731
2019,03,201903,충북,여성,50,57988
2019,03,201903,충북,여성,60,32533
2019,03,201903,충북,여성,70,6569
2019,03,201903,충북,여성,80,1805
2019,03,201903,충북,여성,90,343
2019,03,201903,충남,남성,10,266
2019,03,201903,충남,남성,20,19176
2019,03,201903,충남,남성,30,118894
2019,03,201903,충남,남성,40,195420
2019,03,201903,충남,남성,50,215103
2019,03,201903,충남,남성,60,153820
2019,03,201903,충남,남성,70,53546
2019,03,201903,충남,남성,80,9052
2019,03,201903,충남,남성,90,718
2019,03,201903,충남,여성,10,159
2019,03,201903,충남,여성,20,9305
2019,03,201903,충남,여성,30,41526
2019,03,201903,충남,여성,40,62709
2019,03,201903,충남,여성,50,73267
2019,03,201903,충남,여성,60,41824
2019,03,201903,충남,여성,70,9064
2019,03,201903,충남,여성,80,2632
2019,03,201903,충남,여성,90,506
2019,03,201903,전북,남성,10,335
2019,03,201903,전북,남성,20,13121
2019,03,201903,전북,남성,30,73012
2019,03,201903,전북,남성,40,148633
2019,03,201903,전북,남성,50,179534
2019,03,201903,전북,남성,60,136363
2019,03,201903,전북,남성,70,51713
2019,03,201903,전북,남성,80,8585
2019,03,201903,전북,남성,90,887
2019,03,201903,전북,여성,10,173
2019,03,201903,전북,여성,20,7068
2019,03,201903,전북,여성,30,31807
2019,03,201903,전북,여성,40,54464
2019,03,201903,전북,여성,50,64757
2019,03,201903,전북,여성,60,38772
2019,03,201903,전북,여성,70,9929
2019,03,201903,전북,여성,80,3383
2019,03,201903,전북,여성,90,851
2019,03,201903,전남,남성,10,346
2019,03,201903,전남,남성,20,13411
2019,03,201903,전남,남성,30,76241
2019,03,201903,전남,남성,40,149486
2019,03,201903,전남,남성,50,196407
2019,03,201903,전남,남성,60,146841
2019,03,201903,전남,남성,70,55367
2019,03,201903,전남,남성,80,8138
2019,03,201903,전남,남성,90,869
2019,03,201903,전남,여성,10,186
2019,03,201903,전남,여성,20,6925
2019,03,201903,전남,여성,30,30241
2019,03,201903,전남,여성,40,51021
2019,03,201903,전남,여성,50,62816
2019,03,201903,전남,여성,60,37306
2019,03,201903,전남,여성,70,9301
2019,03,201903,전남,여성,80,3400
2019,03,201903,전남,여성,90,834
2019,03,201903,경북,남성,10,236
2019,03,201903,경북,남성,20,19195
2019,03,201903,경북,남성,30,122407
2019,03,201903,경북,남성,40,227791
2019,03,201903,경북,남성,50,302140
2019,03,201903,경북,남성,60,241246
2019,03,201903,경북,남성,70,83218
2019,03,201903,경북,남성,80,13014
2019,03,201903,경북,남성,90,981
2019,03,201903,경북,여성,10,141
2019,03,201903,경북,여성,20,9496
2019,03,201903,경북,여성,30,45727
2019,03,201903,경북,여성,40,75076
2019,03,201903,경북,여성,50,96165
2019,03,201903,경북,여성,60,59758
2019,03,201903,경북,여성,70,12520
2019,03,201903,경북,여성,80,3437
2019,03,201903,경북,여성,90,661
2019,03,201903,경남,남성,10,657
2019,03,201903,경남,남성,20,23136
2019,03,201903,경남,남성,30,157524
2019,03,201903,경남,남성,40,289011
2019,03,201903,경남,남성,50,337439
2019,03,201903,경남,남성,60,243450
2019,03,201903,경남,남성,70,71324
2019,03,201903,경남,남성,80,10310
2019,03,201903,경남,남성,90,851
2019,03,201903,경남,여성,10,344
2019,03,201903,경남,여성,20,10855
2019,03,201903,경남,여성,30,59018
2019,03,201903,경남,여성,40,99925
2019,03,201903,경남,여성,50,114753
2019,03,201903,경남,여성,60,63027
2019,03,201903,경남,여성,70,12066
2019,03,201903,경남,여성,80,3391
2019,03,201903,경남,여성,90,742
2019,03,201903,제주,남성,10,163
2019,03,201903,제주,남성,20,5110
2019,03,201903,제주,남성,30,30561
2019,03,201903,제주,남성,40,62237
2019,03,201903,제주,남성,50,67473
2019,03,201903,제주,남성,60,44081
2019,03,201903,제주,남성,70,16770
2019,03,201903,제주,남성,80,3275
2019,03,201903,제주,남성,90,213
2019,03,201903,제주,여성,10,81
2019,03,201903,제주,여성,20,3257
2019,03,201903,제주,여성,30,15798
2019,03,201903,제주,여성,40,27370
2019,03,201903,제주,여성,50,29857
2019,03,201903,제주,여성,60,16388
2019,03,201903,제주,여성,70,3807
2019,03,201903,제주,여성,80,825
2019,03,201903,제주,여성,90,206
2019,04,201904,서울,남성,10,1159
2019,04,201904,서울,남성,20,35936
2019,04,201904,서울,남성,30,325452
2019,04,201904,서울,남성,40,520222
2019,04,201904,서울,남성,50,531333
2019,04,201904,서울,남성,60,405739
2019,04,201904,서울,남성,70,147340
2019,04,201904,서울,남성,80,24754
2019,04,201904,서울,남성,90,2929
2019,04,201904,서울,여성,10,597
2019,04,201904,서울,여성,20,16974
2019,04,201904,서울,여성,30,116790
2019,04,201904,서울,여성,40,186115
2019,04,201904,서울,여성,50,189335
2019,04,201904,서울,여성,60,121956
2019,04,201904,서울,여성,70,33377
2019,04,201904,서울,여성,80,7190
2019,04,201904,서울,여성,90,1703
2019,04,201904,부산,남성,10,457
2019,04,201904,부산,남성,20,18488
2019,04,201904,부산,남성,30,126431
2019,04,201904,부산,남성,40,208249
2019,04,201904,부산,남성,50,228887
2019,04,201904,부산,남성,60,186936
2019,04,201904,부산,남성,70,60019
2019,04,201904,부산,남성,80,8576
2019,04,201904,부산,남성,90,846
2019,04,201904,부산,여성,10,259
2019,04,201904,부산,여성,20,8129
2019,04,201904,부산,여성,30,45527
2019,04,201904,부산,여성,40,75379
2019,04,201904,부산,여성,50,84342
2019,04,201904,부산,여성,60,52853
2019,04,201904,부산,여성,70,11654
2019,04,201904,부산,여성,80,2628
2019,04,201904,부산,여성,90,539
2019,04,201904,대구,남성,10,308
2019,04,201904,대구,남성,20,17322
2019,04,201904,대구,남성,30,109086
2019,04,201904,대구,남성,40,195754
2019,04,201904,대구,남성,50,229963
2019,04,201904,대구,남성,60,158700
2019,04,201904,대구,남성,70,50639
2019,04,201904,대구,남성,80,8019
2019,04,201904,대구,남성,90,606
2019,04,201904,대구,여성,10,156
2019,04,201904,대구,여성,20,7905
2019,04,201904,대구,여성,30,40681
2019,04,201904,대구,여성,40,71948
2019,04,201904,대구,여성,50,83997
2019,04,201904,대구,여성,60,46602
2019,04,201904,대구,여성,70,10247
2019,04,201904,대구,여성,80,2291
2019,04,201904,대구,여성,90,403
2019,04,201904,인천,남성,10,417
2019,04,201904,인천,남성,20,22972
2019,04,201904,인천,남성,30,135174
2019,04,201904,인천,남성,40,215013
2019,04,201904,인천,남성,50,230548
2019,04,201904,인천,남성,60,148829
2019,04,201904,인천,남성,70,39423
2019,04,201904,인천,남성,80,5410
2019,04,201904,인천,남성,90,507
2019,04,201904,인천,여성,10,266
2019,04,201904,인천,여성,20,10100
2019,04,201904,인천,여성,30,50145
2019,04,201904,인천,여성,40,78631
2019,04,201904,인천,여성,50,85854
2019,04,201904,인천,여성,60,44065
2019,04,201904,인천,여성,70,8286
2019,04,201904,인천,여성,80,1976
2019,04,201904,인천,여성,90,404
2019,04,201904,광주,남성,10,192
2019,04,201904,광주,남성,20,11629
2019,04,201904,광주,남성,30,67543
2019,04,201904,광주,남성,40,118767
2019,04,201904,광주,남성,50,125304
2019,04,201904,광주,남성,60,75252
2019,04,201904,광주,남성,70,24774
2019,04,201904,광주,남성,80,3593
2019,04,201904,광주,남성,90,360
2019,04,201904,광주,여성,10,101
2019,04,201904,광주,여성,20,6706
2019,04,201904,광주,여성,30,31023
2019,04,201904,광주,여성,40,48402
2019,04,201904,광주,여성,50,48545
2019,04,201904,광주,여성,60,23827
2019,04,201904,광주,여성,70,5409
2019,04,201904,광주,여성,80,1378
2019,04,201904,광주,여성,90,385
2019,04,201904,대전,남성,10,403
2019,04,201904,대전,남성,20,11448
2019,04,201904,대전,남성,30,69905
2019,04,201904,대전,남성,40,117084
2019,04,201904,대전,남성,50,129509
2019,04,201904,대전,남성,60,87008
2019,04,201904,대전,남성,70,25578
2019,04,201904,대전,남성,80,3963
2019,04,201904,대전,남성,90,362
2019,04,201904,대전,여성,10,223
2019,04,201904,대전,여성,20,6001
2019,04,201904,대전,여성,30,28357
2019,04,201904,대전,여성,40,45948
2019,04,201904,대전,여성,50,49449
2019,04,201904,대전,여성,60,25536
2019,04,201904,대전,여성,70,5531
2019,04,201904,대전,여성,80,1563
2019,04,201904,대전,여성,90,362
2019,04,201904,울산,남성,10,235
2019,04,201904,울산,남성,20,8685
2019,04,201904,울산,남성,30,58544
2019,04,201904,울산,남성,40,100249
2019,04,201904,울산,남성,50,130451
2019,04,201904,울산,남성,60,82552
2019,04,201904,울산,남성,70,19994
2019,04,201904,울산,남성,80,2144
2019,04,201904,울산,남성,90,181
2019,04,201904,울산,여성,10,107
2019,04,201904,울산,여성,20,3774
2019,04,201904,울산,여성,30,19382
2019,04,201904,울산,여성,40,31908
2019,04,201904,울산,여성,50,34842
2019,04,201904,울산,여성,60,18363
2019,04,201904,울산,여성,70,3227
2019,04,201904,울산,여성,80,780
2019,04,201904,울산,여성,90,164
2019,04,201904,세종,남성,10,74
2019,04,201904,세종,남성,20,1901
2019,04,201904,세종,남성,30,21804
2019,04,201904,세종,남성,40,36795
2019,04,201904,세종,남성,50,25963
2019,04,201904,세종,남성,60,15794
2019,04,201904,세종,남성,70,4231
2019,04,201904,세종,남성,80,623
2019,04,201904,세종,남성,90,57
2019,04,201904,세종,여성,10,40
2019,04,201904,세종,여성,20,1313
2019,04,201904,세종,여성,30,9720
2019,04,201904,세종,여성,40,12908
2019,04,201904,세종,여성,50,9215
2019,04,201904,세종,여성,60,4722
2019,04,201904,세종,여성,70,850
2019,04,201904,세종,여성,80,244
2019,04,201904,세종,여성,90,54
2019,04,201904,경기,남성,10,2212
2019,04,201904,경기,남성,20,91744
2019,04,201904,경기,남성,30,627464
2019,04,201904,경기,남성,40,1065513
2019,04,201904,경기,남성,50,1078506
2019,04,201904,경기,남성,60,662232
2019,04,201904,경기,남성,70,189788
2019,04,201904,경기,남성,80,33203
2019,04,201904,경기,남성,90,2859
2019,04,201904,경기,여성,10,1125
2019,04,201904,경기,여성,20,42869
2019,04,201904,경기,여성,30,230137
2019,04,201904,경기,여성,40,379851
2019,04,201904,경기,여성,50,398948
2019,04,201904,경기,여성,60,205848
2019,04,201904,경기,여성,70,46317
2019,04,201904,경기,여성,80,10669
2019,04,201904,경기,여성,90,2006
2019,04,201904,강원,남성,10,196
2019,04,201904,강원,남성,20,13457
2019,04,201904,강원,남성,30,64710
2019,04,201904,강원,남성,40,121719
2019,04,201904,강원,남성,50,154128
2019,04,201904,강원,남성,60,124426
2019,04,201904,강원,남성,70,41905
2019,04,201904,강원,남성,80,8272
2019,04,201904,강원,남성,90,593
2019,04,201904,강원,여성,10,106
2019,04,201904,강원,여성,20,5898
2019,04,201904,강원,여성,30,26755
2019,04,201904,강원,여성,40,46938
2019,04,201904,강원,여성,50,57878
2019,04,201904,강원,여성,60,36663
2019,04,201904,강원,여성,70,7813
2019,04,201904,강원,여성,80,1727
2019,04,201904,강원,여성,90,507
2019,04,201904,충북,남성,10,309
2019,04,201904,충북,남성,20,15234
2019,04,201904,충북,남성,30,78910
2019,04,201904,충북,남성,40,133561
2019,04,201904,충북,남성,50,166918
2019,04,201904,충북,남성,60,121107
2019,04,201904,충북,남성,70,37219
2019,04,201904,충북,남성,80,6119
2019,04,201904,충북,남성,90,448
2019,04,201904,충북,여성,10,174
2019,04,201904,충북,여성,20,7247
2019,04,201904,충북,여성,30,31072
2019,04,201904,충북,여성,40,47905
2019,04,201904,충북,여성,50,58159
2019,04,201904,충북,여성,60,32498
2019,04,201904,충북,여성,70,6506
2019,04,201904,충북,여성,80,1779
2019,04,201904,충북,여성,90,338
2019,04,201904,충남,남성,10,271
2019,04,201904,충남,남성,20,19726
2019,04,201904,충남,남성,30,119529
2019,04,201904,충남,남성,40,195524
2019,04,201904,충남,남성,50,215100
2019,04,201904,충남,남성,60,153588
2019,04,201904,충남,남성,70,53220
2019,04,201904,충남,남성,80,8933
2019,04,201904,충남,남성,90,706
2019,04,201904,충남,여성,10,158
2019,04,201904,충남,여성,20,9568
2019,04,201904,충남,여성,30,41807
2019,04,201904,충남,여성,40,62967
2019,04,201904,충남,여성,50,73335
2019,04,201904,충남,여성,60,41775
2019,04,201904,충남,여성,70,8990
2019,04,201904,충남,여성,80,2591
2019,04,201904,충남,여성,90,501
2019,04,201904,전북,남성,10,336
2019,04,201904,전북,남성,20,13424
2019,04,201904,전북,남성,30,73285
2019,04,201904,전북,남성,40,148981
2019,04,201904,전북,남성,50,179629
2019,04,201904,전북,남성,60,136168
2019,04,201904,전북,남성,70,51446
2019,04,201904,전북,남성,80,8446
2019,04,201904,전북,남성,90,876
2019,04,201904,전북,여성,10,176
2019,04,201904,전북,여성,20,7265
2019,04,201904,전북,여성,30,32084
2019,04,201904,전북,여성,40,54485
2019,04,201904,전북,여성,50,64963
2019,04,201904,전북,여성,60,38730
2019,04,201904,전북,여성,70,9852
2019,04,201904,전북,여성,80,3318
2019,04,201904,전북,여성,90,834
2019,04,201904,전남,남성,10,351
2019,04,201904,전남,남성,20,13867
2019,04,201904,전남,남성,30,76666
2019,04,201904,전남,남성,40,149760
2019,04,201904,전남,남성,50,196650
2019,04,201904,전남,남성,60,146720
2019,04,201904,전남,남성,70,55110
2019,04,201904,전남,남성,80,8013
2019,04,201904,전남,남성,90,854
2019,04,201904,전남,여성,10,191
2019,04,201904,전남,여성,20,7123
2019,04,201904,전남,여성,30,30437
2019,04,201904,전남,여성,40,51160
2019,04,201904,전남,여성,50,62953
2019,04,201904,전남,여성,60,37270
2019,04,201904,전남,여성,70,9205
2019,04,201904,전남,여성,80,3351
2019,04,201904,전남,여성,90,819
2019,04,201904,경북,남성,10,236
2019,04,201904,경북,남성,20,19655
2019,04,201904,경북,남성,30,123043
2019,04,201904,경북,남성,40,227858
2019,04,201904,경북,남성,50,302231
2019,04,201904,경북,남성,60,240808
2019,04,201904,경북,남성,70,82696
2019,04,201904,경북,남성,80,12850
2019,04,201904,경북,남성,90,961
2019,04,201904,경북,여성,10,140
2019,04,201904,경북,여성,20,9752
2019,04,201904,경북,여성,30,45948
2019,04,201904,경북,여성,40,75239
2019,04,201904,경북,여성,50,96446
2019,04,201904,경북,여성,60,59658
2019,04,201904,경북,여성,70,12462
2019,04,201904,경북,여성,80,3387
2019,04,201904,경북,여성,90,654
2019,04,201904,경남,남성,10,654
2019,04,201904,경남,남성,20,23749
2019,04,201904,경남,남성,30,158434
2019,04,201904,경남,남성,40,289298
2019,04,201904,경남,남성,50,337561
2019,04,201904,경남,남성,60,243049
2019,04,201904,경남,남성,70,70925
2019,04,201904,경남,남성,80,10167
2019,04,201904,경남,남성,90,834
2019,04,201904,경남,여성,10,345
2019,04,201904,경남,여성,20,11114
2019,04,201904,경남,여성,30,59491
2019,04,201904,경남,여성,40,100189
2019,04,201904,경남,여성,50,114939
2019,04,201904,경남,여성,60,62938
2019,04,201904,경남,여성,70,11994
2019,04,201904,경남,여성,80,3364
2019,04,201904,경남,여성,90,726
2019,04,201904,제주,남성,10,168
2019,04,201904,제주,남성,20,5263
2019,04,201904,제주,남성,30,30751
2019,04,201904,제주,남성,40,62031
2019,04,201904,제주,남성,50,67283
2019,04,201904,제주,남성,60,43823
2019,04,201904,제주,남성,70,16552
2019,04,201904,제주,남성,80,3211
2019,04,201904,제주,남성,90,211
2019,04,201904,제주,여성,10,80
2019,04,201904,제주,여성,20,3347
2019,04,201904,제주,여성,30,15922
2019,04,201904,제주,여성,40,27403
2019,04,201904,제주,여성,50,29835
2019,04,201904,제주,여성,60,16342
2019,04,201904,제주,여성,70,3774
2019,04,201904,제주,여성,80,802
2019,04,201904,제주,여성,90,201
2019,05,201905,서울,남성,10,1166
2019,05,201905,서울,남성,20,36916
2019,05,201905,서울,남성,30,327025
2019,05,201905,서울,남성,40,519559
2019,05,201905,서울,남성,50,530103
2019,05,201905,서울,남성,60,404236
2019,05,201905,서울,남성,70,146153
2019,05,201905,서울,남성,80,24471
2019,05,201905,서울,남성,90,2886
2019,05,201905,서울,여성,10,609
2019,05,201905,서울,여성,20,17427
2019,05,201905,서울,여성,30,117412
2019,05,201905,서울,여성,40,186083
2019,05,201905,서울,여성,50,189178
2019,05,201905,서울,여성,60,121522
2019,05,201905,서울,여성,70,33115
2019,05,201905,서울,여성,80,7101
2019,05,201905,서울,여성,90,1699
2019,05,201905,부산,남성,10,459
2019,05,201905,부산,남성,20,18958
2019,05,201905,부산,남성,30,127039
2019,05,201905,부산,남성,40,208149
2019,05,201905,부산,남성,50,228745
2019,05,201905,부산,남성,60,186374
2019,05,201905,부산,남성,70,59615
2019,05,201905,부산,남성,80,8436
2019,05,201905,부산,남성,90,837
2019,05,201905,부산,여성,10,263
2019,05,201905,부산,여성,20,8315
2019,05,201905,부산,여성,30,45789
2019,05,201905,부산,여성,40,75617
2019,05,201905,부산,여성,50,84360
2019,05,201905,부산,여성,60,52651
2019,05,201905,부산,여성,70,11541
2019,05,201905,부산,여성,80,2606
2019,05,201905,부산,여성,90,529
2019,05,201905,대구,남성,10,309
2019,05,201905,대구,남성,20,17838
2019,05,201905,대구,남성,30,109822
2019,05,201905,대구,남성,40,195952
2019,05,201905,대구,남성,50,229711
2019,05,201905,대구,남성,60,158187
2019,05,201905,대구,남성,70,50226
2019,05,201905,대구,남성,80,7891
2019,05,201905,대구,남성,90,599
2019,05,201905,대구,여성,10,154
2019,05,201905,대구,여성,20,8104
2019,05,201905,대구,여성,30,40959
2019,05,201905,대구,여성,40,72043
2019,05,201905,대구,여성,50,84025
2019,05,201905,대구,여성,60,46444
2019,05,201905,대구,여성,70,10169
2019,05,201905,대구,여성,80,2249
2019,05,201905,대구,여성,90,396
2019,05,201905,인천,남성,10,422
2019,05,201905,인천,남성,20,23554
2019,05,201905,인천,남성,30,135935
2019,05,201905,인천,남성,40,214983
2019,05,201905,인천,남성,50,230440
2019,05,201905,인천,남성,60,148326
2019,05,201905,인천,남성,70,39103
2019,05,201905,인천,남성,80,5337
2019,05,201905,인천,남성,90,506
2019,05,201905,인천,여성,10,263
2019,05,201905,인천,여성,20,10332
2019,05,201905,인천,여성,30,50485
2019,05,201905,인천,여성,40,78683
2019,05,201905,인천,여성,50,85882
2019,05,201905,인천,여성,60,43913
2019,05,201905,인천,여성,70,8205
2019,05,201905,인천,여성,80,1944
2019,05,201905,인천,여성,90,398
2019,05,201905,광주,남성,10,194
2019,05,201905,광주,남성,20,12000
2019,05,201905,광주,남성,30,67972
2019,05,201905,광주,남성,40,118950
2019,05,201905,광주,남성,50,125251
2019,05,201905,광주,남성,60,75056
2019,05,201905,광주,남성,70,24578
2019,05,201905,광주,남성,80,3531
2019,05,201905,광주,남성,90,349
2019,05,201905,광주,여성,10,99
2019,05,201905,광주,여성,20,6925
2019,05,201905,광주,여성,30,31244
2019,05,201905,광주,여성,40,48577
2019,05,201905,광주,여성,50,48642
2019,05,201905,광주,여성,60,23725
2019,05,201905,광주,여성,70,5372
2019,05,201905,광주,여성,80,1353
2019,05,201905,광주,여성,90,376
2019,05,201905,대전,남성,10,406
2019,05,201905,대전,남성,20,11751
2019,05,201905,대전,남성,30,70130
2019,05,201905,대전,남성,40,116958
2019,05,201905,대전,남성,50,129219
2019,05,201905,대전,남성,60,86651
2019,05,201905,대전,남성,70,25384
2019,05,201905,대전,남성,80,3892
2019,05,201905,대전,남성,90,359
2019,05,201905,대전,여성,10,222
2019,05,201905,대전,여성,20,6148
2019,05,201905,대전,여성,30,28501
2019,05,201905,대전,여성,40,45968
2019,05,201905,대전,여성,50,49472
2019,05,201905,대전,여성,60,25435
2019,05,201905,대전,여성,70,5479
2019,05,201905,대전,여성,80,1532
2019,05,201905,대전,여성,90,352
2019,05,201905,울산,남성,10,235
2019,05,201905,울산,남성,20,8894
2019,05,201905,울산,남성,30,58874
2019,05,201905,울산,남성,40,100231
2019,05,201905,울산,남성,50,130355
2019,05,201905,울산,남성,60,82261
2019,05,201905,울산,남성,70,19867
2019,05,201905,울산,남성,80,2117
2019,05,201905,울산,남성,90,179
2019,05,201905,울산,여성,10,106
2019,05,201905,울산,여성,20,3879
2019,05,201905,울산,여성,30,19451
2019,05,201905,울산,여성,40,31982
2019,05,201905,울산,여성,50,34843
2019,05,201905,울산,여성,60,18268
2019,05,201905,울산,여성,70,3206
2019,05,201905,울산,여성,80,770
2019,05,201905,울산,여성,90,160
2019,05,201905,세종,남성,10,74
2019,05,201905,세종,남성,20,1970
2019,05,201905,세종,남성,30,22066
2019,05,201905,세종,남성,40,36952
2019,05,201905,세종,남성,50,26128
2019,05,201905,세종,남성,60,15774
2019,05,201905,세종,남성,70,4224
2019,05,201905,세종,남성,80,608
2019,05,201905,세종,남성,90,56
2019,05,201905,세종,여성,10,41
2019,05,201905,세종,여성,20,1367
2019,05,201905,세종,여성,30,9821
2019,05,201905,세종,여성,40,12979
2019,05,201905,세종,여성,50,9270
2019,05,201905,세종,여성,60,4735
2019,05,201905,세종,여성,70,849
2019,05,201905,세종,여성,80,240
2019,05,201905,세종,여성,90,53
2019,05,201905,경기,남성,10,2231
2019,05,201905,경기,남성,20,94427
2019,05,201905,경기,남성,30,632617
2019,05,201905,경기,남성,40,1068362
2019,05,201905,경기,남성,50,1080180
2019,05,201905,경기,남성,60,661655
2019,05,201905,경기,남성,70,188831
2019,05,201905,경기,남성,80,32791
2019,05,201905,경기,남성,90,2812
2019,05,201905,경기,여성,10,1126
2019,05,201905,경기,여성,20,44043
2019,05,201905,경기,여성,30,232126
2019,05,201905,경기,여성,40,381110
2019,05,201905,경기,여성,50,399867
2019,05,201905,경기,여성,60,205741
2019,05,201905,경기,여성,70,46040
2019,05,201905,경기,여성,80,10548
2019,05,201905,경기,여성,90,1968
2019,05,201905,강원,남성,10,196
2019,05,201905,강원,남성,20,13837
2019,05,201905,강원,남성,30,65263
2019,05,201905,강원,남성,40,122014
2019,05,201905,강원,남성,50,154376
2019,05,201905,강원,남성,60,124249
2019,05,201905,강원,남성,70,41739
2019,05,201905,강원,남성,80,8170
2019,05,201905,강원,남성,90,585
2019,05,201905,강원,여성,10,108
2019,05,201905,강원,여성,20,6072
2019,05,201905,강원,여성,30,26976
2019,05,201905,강원,여성,40,47079
2019,05,201905,강원,여성,50,58097
2019,05,201905,강원,여성,60,36636
2019,05,201905,강원,여성,70,7772
2019,05,201905,강원,여성,80,1693
2019,05,201905,강원,여성,90,503
2019,05,201905,충북,남성,10,310
2019,05,201905,충북,남성,20,15638
2019,05,201905,충북,남성,30,79392
2019,05,201905,충북,남성,40,133839
2019,05,201905,충북,남성,50,167191
2019,05,201905,충북,남성,60,120921
2019,05,201905,충북,남성,70,37074
2019,05,201905,충북,남성,80,6044
2019,05,201905,충북,남성,90,441
2019,05,201905,충북,여성,10,177
2019,05,201905,충북,여성,20,7464
2019,05,201905,충북,여성,30,31213
2019,05,201905,충북,여성,40,48073
2019,05,201905,충북,여성,50,58255
2019,05,201905,충북,여성,60,32494
2019,05,201905,충북,여성,70,6456
2019,05,201905,충북,여성,80,1758
2019,05,201905,충북,여성,90,331
2019,05,201905,충남,남성,10,274
2019,05,201905,충남,남성,20,20203
2019,05,201905,충남,남성,30,120292
2019,05,201905,충남,남성,40,195843
2019,05,201905,충남,남성,50,215340
2019,05,201905,충남,남성,60,153419
2019,05,201905,충남,남성,70,52970
2019,05,201905,충남,남성,80,8825
2019,05,201905,충남,남성,90,692
2019,05,201905,충남,여성,10,160
2019,05,201905,충남,여성,20,9805
2019,05,201905,충남,여성,30,42049
2019,05,201905,충남,여성,40,63171
2019,05,201905,충남,여성,50,73472
2019,05,201905,충남,여성,60,41751
2019,05,201905,충남,여성,70,8951
2019,05,201905,충남,여성,80,2556
2019,05,201905,충남,여성,90,499
2019,05,201905,전북,남성,10,342
2019,05,201905,전북,남성,20,13757
2019,05,201905,전북,남성,30,73586
2019,05,201905,전북,남성,40,149190
2019,05,201905,전북,남성,50,179872
2019,05,201905,전북,남성,60,136091
2019,05,201905,전북,남성,70,51240
2019,05,201905,전북,남성,80,8317
2019,05,201905,전북,남성,90,852
2019,05,201905,전북,여성,10,176
2019,05,201905,전북,여성,20,7445
2019,05,201905,전북,여성,30,32257
2019,05,201905,전북,여성,40,54595
2019,05,201905,전북,여성,50,65122
2019,05,201905,전북,여성,60,38673
2019,05,201905,전북,여성,70,9770
2019,05,201905,전북,여성,80,3267
2019,05,201905,전북,여성,90,822
2019,05,201905,전남,남성,10,350
2019,05,201905,전남,남성,20,14223
2019,05,201905,전남,남성,30,77104
2019,05,201905,전남,남성,40,149991
2019,05,201905,전남,남성,50,197060
2019,05,201905,전남,남성,60,146638
2019,05,201905,전남,남성,70,54846
2019,05,201905,전남,남성,80,7921
2019,05,201905,전남,남성,90,840
2019,05,201905,전남,여성,10,190
2019,05,201905,전남,여성,20,7277
2019,05,201905,전남,여성,30,30644
2019,05,201905,전남,여성,40,51370
2019,05,201905,전남,여성,50,63138
2019,05,201905,전남,여성,60,37211
2019,05,201905,전남,여성,70,9147
2019,05,201905,전남,여성,80,3296
2019,05,201905,전남,여성,90,805
2019,05,201905,경북,남성,10,232
2019,05,201905,경북,남성,20,20136
2019,05,201905,경북,남성,30,123835
2019,05,201905,경북,남성,40,228476
2019,05,201905,경북,남성,50,302593
2019,05,201905,경북,남성,60,240486
2019,05,201905,경북,남성,70,82252
2019,05,201905,경북,남성,80,12723
2019,05,201905,경북,남성,90,948
2019,05,201905,경북,여성,10,140
2019,05,201905,경북,여성,20,9982
2019,05,201905,경북,여성,30,46253
2019,05,201905,경북,여성,40,75418
2019,05,201905,경북,여성,50,96648
2019,05,201905,경북,여성,60,59639
2019,05,201905,경북,여성,70,12367
2019,05,201905,경북,여성,80,3338
2019,05,201905,경북,여성,90,639
2019,05,201905,경남,남성,10,654
2019,05,201905,경남,남성,20,24405
2019,05,201905,경남,남성,30,159276
2019,05,201905,경남,남성,40,289641
2019,05,201905,경남,남성,50,337841
2019,05,201905,경남,남성,60,242787
2019,05,201905,경남,남성,70,70534
2019,05,201905,경남,남성,80,10030
2019,05,201905,경남,남성,90,823
2019,05,201905,경남,여성,10,342
2019,05,201905,경남,여성,20,11385
2019,05,201905,경남,여성,30,59896
2019,05,201905,경남,여성,40,100548
2019,05,201905,경남,여성,50,115268
2019,05,201905,경남,여성,60,62754
2019,05,201905,경남,여성,70,11930
2019,05,201905,경남,여성,80,3307
2019,05,201905,경남,여성,90,711
2019,05,201905,제주,남성,10,168
2019,05,201905,제주,남성,20,5407
2019,05,201905,제주,남성,30,31071
2019,05,201905,제주,남성,40,62127
2019,05,201905,제주,남성,50,67300
2019,05,201905,제주,남성,60,43739
2019,05,201905,제주,남성,70,16428
2019,05,201905,제주,남성,80,3164
2019,05,201905,제주,남성,90,211
2019,05,201905,제주,여성,10,79
2019,05,201905,제주,여성,20,3466
2019,05,201905,제주,여성,30,16006
2019,05,201905,제주,여성,40,27500
2019,05,201905,제주,여성,50,29922
2019,05,201905,제주,여성,60,16352
2019,05,201905,제주,여성,70,3753
2019,05,201905,제주,여성,80,792
2019,05,201905,제주,여성,90,202
2019,06,201906,서울,남성,10,1166
2019,06,201906,서울,남성,20,37760
2019,06,201906,서울,남성,30,328464
2019,06,201906,서울,남성,40,518932
2019,06,201906,서울,남성,50,529142
2019,06,201906,서울,남성,60,402973
2019,06,201906,서울,남성,70,145066
2019,06,201906,서울,남성,80,24152
2019,06,201906,서울,남성,90,2852
2019,06,201906,서울,여성,10,615
2019,06,201906,서울,여성,20,17741
2019,06,201906,서울,여성,30,118067
2019,06,201906,서울,여성,40,186114
2019,06,201906,서울,여성,50,189126
2019,06,201906,서울,여성,60,121107
2019,06,201906,서울,여성,70,32886
2019,06,201906,서울,여성,80,7022
2019,06,201906,서울,여성,90,1682
2019,06,201906,부산,남성,10,464
2019,06,201906,부산,남성,20,19366
2019,06,201906,부산,남성,30,127410
2019,06,201906,부산,남성,40,208385
2019,06,201906,부산,남성,50,228734
2019,06,201906,부산,남성,60,186073
2019,06,201906,부산,남성,70,59243
2019,06,201906,부산,남성,80,8329
2019,06,201906,부산,남성,90,826
2019,06,201906,부산,여성,10,268
2019,06,201906,부산,여성,20,8504
2019,06,201906,부산,여성,30,45997
2019,06,201906,부산,여성,40,75675
2019,06,201906,부산,여성,50,84421
2019,06,201906,부산,여성,60,52554
2019,06,201906,부산,여성,70,11455
2019,06,201906,부산,여성,80,2569
2019,06,201906,부산,여성,90,524
2019,06,201906,대구,남성,10,310
2019,06,201906,대구,남성,20,18252
2019,06,201906,대구,남성,30,110497
2019,06,201906,대구,남성,40,196169
2019,06,201906,대구,남성,50,229583
2019,06,201906,대구,남성,60,157744
2019,06,201906,대구,남성,70,49941
2019,06,201906,대구,남성,80,7786
2019,06,201906,대구,남성,90,588
2019,06,201906,대구,여성,10,153
2019,06,201906,대구,여성,20,8254
2019,06,201906,대구,여성,30,41087
2019,06,201906,대구,여성,40,72171
2019,06,201906,대구,여성,50,84143
2019,06,201906,대구,여성,60,46326
2019,06,201906,대구,여성,70,10090
2019,06,201906,대구,여성,80,2237
2019,06,201906,대구,여성,90,389
2019,06,201906,인천,남성,10,418
2019,06,201906,인천,남성,20,24059
2019,06,201906,인천,남성,30,136729
2019,06,201906,인천,남성,40,215341
2019,06,201906,인천,남성,50,230377
2019,06,201906,인천,남성,60,147879
2019,06,201906,인천,남성,70,38793
2019,06,201906,인천,남성,80,5247
2019,06,201906,인천,남성,90,497
2019,06,201906,인천,여성,10,265
2019,06,201906,인천,여성,20,10543
2019,06,201906,인천,여성,30,50789
2019,06,201906,인천,여성,40,78811
2019,06,201906,인천,여성,50,85933
2019,06,201906,인천,여성,60,43863
2019,06,201906,인천,여성,70,8174
2019,06,201906,인천,여성,80,1922
2019,06,201906,인천,여성,90,401
2019,06,201906,광주,남성,10,196
2019,06,201906,광주,남성,20,12324
2019,06,201906,광주,남성,30,68291
2019,06,201906,광주,남성,40,119083
2019,06,201906,광주,남성,50,125253
2019,06,201906,광주,남성,60,74920
2019,06,201906,광주,남성,70,24450
2019,06,201906,광주,남성,80,3491
2019,06,201906,광주,남성,90,345
2019,06,201906,광주,여성,10,101
2019,06,201906,광주,여성,20,7121
2019,06,201906,광주,여성,30,31481
2019,06,201906,광주,여성,40,48740
2019,06,201906,광주,여성,50,48704
2019,06,201906,광주,여성,60,23682
2019,06,201906,광주,여성,70,5318
2019,06,201906,광주,여성,80,1334
2019,06,201906,광주,여성,90,377
2019,06,201906,대전,남성,10,405
2019,06,201906,대전,남성,20,11992
2019,06,201906,대전,남성,30,70434
2019,06,201906,대전,남성,40,116829
2019,06,201906,대전,남성,50,129070
2019,06,201906,대전,남성,60,86330
2019,06,201906,대전,남성,70,25233
2019,06,201906,대전,남성,80,3846
2019,06,201906,대전,남성,90,352
2019,06,201906,대전,여성,10,224
2019,06,201906,대전,여성,20,6258
2019,06,201906,대전,여성,30,28628
2019,06,201906,대전,여성,40,46040
2019,06,201906,대전,여성,50,49494
2019,06,201906,대전,여성,60,25348
2019,06,201906,대전,여성,70,5440
2019,06,201906,대전,여성,80,1509
2019,06,201906,대전,여성,90,346
2019,06,201906,울산,남성,10,236
2019,06,201906,울산,남성,20,9116
2019,06,201906,울산,남성,30,59174
2019,06,201906,울산,남성,40,100338
2019,06,201906,울산,남성,50,130522
2019,06,201906,울산,남성,60,82078
2019,06,201906,울산,남성,70,19758
2019,06,201906,울산,남성,80,2084
2019,06,201906,울산,남성,90,176
2019,06,201906,울산,여성,10,103
2019,06,201906,울산,여성,20,3955
2019,06,201906,울산,여성,30,19549
2019,06,201906,울산,여성,40,32054
2019,06,201906,울산,여성,50,34902
2019,06,201906,울산,여성,60,18229
2019,06,201906,울산,여성,70,3177
2019,06,201906,울산,여성,80,764
2019,06,201906,울산,여성,90,159
2019,06,201906,세종,남성,10,75
2019,06,201906,세종,남성,20,2029
2019,06,201906,세종,남성,30,22367
2019,06,201906,세종,남성,40,37203
2019,06,201906,세종,남성,50,26288
2019,06,201906,세종,남성,60,15821
2019,06,201906,세종,남성,70,4225
2019,06,201906,세종,남성,80,605
2019,06,201906,세종,남성,90,56
2019,06,201906,세종,여성,10,41
2019,06,201906,세종,여성,20,1421
2019,06,201906,세종,여성,30,9953
2019,06,201906,세종,여성,40,13102
2019,06,201906,세종,여성,50,9317
2019,06,201906,세종,여성,60,4735
2019,06,201906,세종,여성,70,845
2019,06,201906,세종,여성,80,235
2019,06,201906,세종,여성,90,53
2019,06,201906,경기,남성,10,2250
2019,06,201906,경기,남성,20,96822
2019,06,201906,경기,남성,30,637628
2019,06,201906,경기,남성,40,1071435
2019,06,201906,경기,남성,50,1082222
2019,06,201906,경기,남성,60,661598
2019,06,201906,경기,남성,70,188154
2019,06,201906,경기,남성,80,32490
2019,06,201906,경기,남성,90,2782
2019,06,201906,경기,여성,10,1130
2019,06,201906,경기,여성,20,45139
2019,06,201906,경기,여성,30,233912
2019,06,201906,경기,여성,40,382448
2019,06,201906,경기,여성,50,401106
2019,06,201906,경기,여성,60,205718
2019,06,201906,경기,여성,70,45866
2019,06,201906,경기,여성,80,10437
2019,06,201906,경기,여성,90,1957
2019,06,201906,강원,남성,10,196
2019,06,201906,강원,남성,20,14075
2019,06,201906,강원,남성,30,65643
2019,06,201906,강원,남성,40,122221
2019,06,201906,강원,남성,50,154716
2019,06,201906,강원,남성,60,124365
2019,06,201906,강원,남성,70,41626
2019,06,201906,강원,남성,80,8082
2019,06,201906,강원,남성,90,580
2019,06,201906,강원,여성,10,108
2019,06,201906,강원,여성,20,6235
2019,06,201906,강원,여성,30,27165
2019,06,201906,강원,여성,40,47308
2019,06,201906,강원,여성,50,58270
2019,06,201906,강원,여성,60,36679
2019,06,201906,강원,여성,70,7738
2019,06,201906,강원,여성,80,1693
2019,06,201906,강원,여성,90,498
2019,06,201906,충북,남성,10,314
2019,06,201906,충북,남성,20,16005
2019,06,201906,충북,남성,30,79833
2019,06,201906,충북,남성,40,134088
2019,06,201906,충북,남성,50,167404
2019,06,201906,충북,남성,60,120833
2019,06,201906,충북,남성,70,36939
2019,06,201906,충북,남성,80,5989
2019,06,201906,충북,남성,90,437
2019,06,201906,충북,여성,10,178
2019,06,201906,충북,여성,20,7616
2019,06,201906,충북,여성,30,31333
2019,06,201906,충북,여성,40,48242
2019,06,201906,충북,여성,50,58416
2019,06,201906,충북,여성,60,32512
2019,06,201906,충북,여성,70,6402
2019,06,201906,충북,여성,80,1740
2019,06,201906,충북,여성,90,327
2019,06,201906,충남,남성,10,275
2019,06,201906,충남,남성,20,20680
2019,06,201906,충남,남성,30,120954
2019,06,201906,충남,남성,40,196075
2019,06,201906,충남,남성,50,215686
2019,06,201906,충남,남성,60,153334
2019,06,201906,충남,남성,70,52791
2019,06,201906,충남,남성,80,8731
2019,06,201906,충남,남성,90,686
2019,06,201906,충남,여성,10,162
2019,06,201906,충남,여성,20,10018
2019,06,201906,충남,여성,30,42239
2019,06,201906,충남,여성,40,63335
2019,06,201906,충남,여성,50,73632
2019,06,201906,충남,여성,60,41733
2019,06,201906,충남,여성,70,8922
2019,06,201906,충남,여성,80,2528
2019,06,201906,충남,여성,90,490
2019,06,201906,전북,남성,10,344
2019,06,201906,전북,남성,20,14028
2019,06,201906,전북,남성,30,73976
2019,06,201906,전북,남성,40,149396
2019,06,201906,전북,남성,50,180168
2019,06,201906,전북,남성,60,136003
2019,06,201906,전북,남성,70,51041
2019,06,201906,전북,남성,80,8212
2019,06,201906,전북,남성,90,841
2019,06,201906,전북,여성,10,178
2019,06,201906,전북,여성,20,7634
2019,06,201906,전북,여성,30,32428
2019,06,201906,전북,여성,40,54782
2019,06,201906,전북,여성,50,65306
2019,06,201906,전북,여성,60,38651
2019,06,201906,전북,여성,70,9700
2019,06,201906,전북,여성,80,3239
2019,06,201906,전북,여성,90,808
2019,06,201906,전남,남성,10,349
2019,06,201906,전남,남성,20,14594
2019,06,201906,전남,남성,30,77402
2019,06,201906,전남,남성,40,150427
2019,06,201906,전남,남성,50,197433
2019,06,201906,전남,남성,60,146577
2019,06,201906,전남,남성,70,54641
2019,06,201906,전남,남성,80,7824
2019,06,201906,전남,남성,90,831
2019,06,201906,전남,여성,10,187
2019,06,201906,전남,여성,20,7398
2019,06,201906,전남,여성,30,30802
2019,06,201906,전남,여성,40,51515
2019,06,201906,전남,여성,50,63330
2019,06,201906,전남,여성,60,37230
2019,06,201906,전남,여성,70,9092
2019,06,201906,전남,여성,80,3256
2019,06,201906,전남,여성,90,791
2019,06,201906,경북,남성,10,232
2019,06,201906,경북,남성,20,20642
2019,06,201906,경북,남성,30,124336
2019,06,201906,경북,남성,40,228840
2019,06,201906,경북,남성,50,303237
2019,06,201906,경북,남성,60,240386
2019,06,201906,경북,남성,70,82002
2019,06,201906,경북,남성,80,12597
2019,06,201906,경북,남성,90,942
2019,06,201906,경북,여성,10,138
2019,06,201906,경북,여성,20,10205
2019,06,201906,경북,여성,30,46506
2019,06,201906,경북,여성,40,75664
2019,06,201906,경북,여성,50,96870
2019,06,201906,경북,여성,60,59583
2019,06,201906,경북,여성,70,12308
2019,06,201906,경북,여성,80,3296
2019,06,201906,경북,여성,90,629
2019,06,201906,경남,남성,10,662
2019,06,201906,경남,남성,20,24968
2019,06,201906,경남,남성,30,160020
2019,06,201906,경남,남성,40,290162
2019,06,201906,경남,남성,50,338159
2019,06,201906,경남,남성,60,242519
2019,06,201906,경남,남성,70,70268
2019,06,201906,경남,남성,80,9912
2019,06,201906,경남,남성,90,812
2019,06,201906,경남,여성,10,344
2019,06,201906,경남,여성,20,11647
2019,06,201906,경남,여성,30,60192
2019,06,201906,경남,여성,40,100804
2019,06,201906,경남,여성,50,115524
2019,06,201906,경남,여성,60,62727
2019,06,201906,경남,여성,70,11867
2019,06,201906,경남,여성,80,3257
2019,06,201906,경남,여성,90,707
2019,06,201906,제주,남성,10,170
2019,06,201906,제주,남성,20,5534
2019,06,201906,제주,남성,30,31315
2019,06,201906,제주,남성,40,62441
2019,06,201906,제주,남성,50,67513
2019,06,201906,제주,남성,60,43743
2019,06,201906,제주,남성,70,16363
2019,06,201906,제주,남성,80,3117
2019,06,201906,제주,남성,90,206
2019,06,201906,제주,여성,10,79
2019,06,201906,제주,여성,20,3533
2019,06,201906,제주,여성,30,16095
2019,06,201906,제주,여성,40,27615
2019,06,201906,제주,여성,50,30005
2019,06,201906,제주,여성,60,16365
2019,06,201906,제주,여성,70,3745
2019,06,201906,제주,여성,80,779
2019,06,201906,제주,여성,90,201
2019,07,201907,서울,남성,10,1174
2019,07,201907,서울,남성,20,38840
2019,07,201907,서울,남성,30,330112
2019,07,201907,서울,남성,40,518595
2019,07,201907,서울,남성,50,528690
2019,07,201907,서울,남성,60,401828
2019,07,201907,서울,남성,70,144131
2019,07,201907,서울,남성,80,23860
2019,07,201907,서울,남성,90,2829
2019,07,201907,서울,여성,10,620
2019,07,201907,서울,여성,20,18213
2019,07,201907,서울,여성,30,118733
2019,07,201907,서울,여성,40,186243
2019,07,201907,서울,여성,50,189130
2019,07,201907,서울,여성,60,120708
2019,07,201907,서울,여성,70,32638
2019,07,201907,서울,여성,80,6957
2019,07,201907,서울,여성,90,1675
2019,07,201907,부산,남성,10,468
2019,07,201907,부산,남성,20,19884
2019,07,201907,부산,남성,30,128171
2019,07,201907,부산,남성,40,208583
2019,07,201907,부산,남성,50,228753
2019,07,201907,부산,남성,60,185675
2019,07,201907,부산,남성,70,58880
2019,07,201907,부산,남성,80,8228
2019,07,201907,부산,남성,90,813
2019,07,201907,부산,여성,10,273
2019,07,201907,부산,여성,20,8715
2019,07,201907,부산,여성,30,46155
2019,07,201907,부산,여성,40,75870
2019,07,201907,부산,여성,50,84529
2019,07,201907,부산,여성,60,52397
2019,07,201907,부산,여성,70,11366
2019,07,201907,부산,여성,80,2534
2019,07,201907,부산,여성,90,512
2019,07,201907,대구,남성,10,309
2019,07,201907,대구,남성,20,18729
2019,07,201907,대구,남성,30,111198
2019,07,201907,대구,남성,40,196436
2019,07,201907,대구,남성,50,229646
2019,07,201907,대구,남성,60,157377
2019,07,201907,대구,남성,70,49654
2019,07,201907,대구,남성,80,7684
2019,07,201907,대구,남성,90,582
2019,07,201907,대구,여성,10,152
2019,07,201907,대구,여성,20,8500
2019,07,201907,대구,여성,30,41341
2019,07,201907,대구,여성,40,72320
2019,07,201907,대구,여성,50,84206
2019,07,201907,대구,여성,60,46185
2019,07,201907,대구,여성,70,10046
2019,07,201907,대구,여성,80,2206
2019,07,201907,대구,여성,90,385
2019,07,201907,인천,남성,10,424
2019,07,201907,인천,남성,20,24623
2019,07,201907,인천,남성,30,137426
2019,07,201907,인천,남성,40,215660
2019,07,201907,인천,남성,50,230381
2019,07,201907,인천,남성,60,147546
2019,07,201907,인천,남성,70,38547
2019,07,201907,인천,남성,80,5177
2019,07,201907,인천,남성,90,491
2019,07,201907,인천,여성,10,267
2019,07,201907,인천,여성,20,10849
2019,07,201907,인천,여성,30,50950
2019,07,201907,인천,여성,40,79053
2019,07,201907,인천,여성,50,85999
2019,07,201907,인천,여성,60,43698
2019,07,201907,인천,여성,70,8142
2019,07,201907,인천,여성,80,1912
2019,07,201907,인천,여성,90,396
2019,07,201907,광주,남성,10,195
2019,07,201907,광주,남성,20,12695
2019,07,201907,광주,남성,30,68844
2019,07,201907,광주,남성,40,119316
2019,07,201907,광주,남성,50,125384
2019,07,201907,광주,남성,60,74883
2019,07,201907,광주,남성,70,24284
2019,07,201907,광주,남성,80,3442
2019,07,201907,광주,남성,90,338
2019,07,201907,광주,여성,10,105
2019,07,201907,광주,여성,20,7288
2019,07,201907,광주,여성,30,31676
2019,07,201907,광주,여성,40,48873
2019,07,201907,광주,여성,50,48835
2019,07,201907,광주,여성,60,23705
2019,07,201907,광주,여성,70,5304
2019,07,201907,광주,여성,80,1319
2019,07,201907,광주,여성,90,367
2019,07,201907,대전,남성,10,401
2019,07,201907,대전,남성,20,12341
2019,07,201907,대전,남성,30,70743
2019,07,201907,대전,남성,40,116826
2019,07,201907,대전,남성,50,129037
2019,07,201907,대전,남성,60,86108
2019,07,201907,대전,남성,70,25071
2019,07,201907,대전,남성,80,3785
2019,07,201907,대전,남성,90,344
2019,07,201907,대전,여성,10,225
2019,07,201907,대전,여성,20,6409
2019,07,201907,대전,여성,30,28801
2019,07,201907,대전,여성,40,46106
2019,07,201907,대전,여성,50,49569
2019,07,201907,대전,여성,60,25249
2019,07,201907,대전,여성,70,5382
2019,07,201907,대전,여성,80,1483
2019,07,201907,대전,여성,90,343
2019,07,201907,울산,남성,10,237
2019,07,201907,울산,남성,20,9340
2019,07,201907,울산,남성,30,59463
2019,07,201907,울산,남성,40,100496
2019,07,201907,울산,남성,50,130749
2019,07,201907,울산,남성,60,81982
2019,07,201907,울산,남성,70,19651
2019,07,201907,울산,남성,80,2059
2019,07,201907,울산,남성,90,170
2019,07,201907,울산,여성,10,103
2019,07,201907,울산,여성,20,4066
2019,07,201907,울산,여성,30,19683
2019,07,201907,울산,여성,40,32103
2019,07,201907,울산,여성,50,34875
2019,07,201907,울산,여성,60,18186
2019,07,201907,울산,여성,70,3164
2019,07,201907,울산,여성,80,751
2019,07,201907,울산,여성,90,157
2019,07,201907,세종,남성,10,76
2019,07,201907,세종,남성,20,2124
2019,07,201907,세종,남성,30,22787
2019,07,201907,세종,남성,40,37467
2019,07,201907,세종,남성,50,26450
2019,07,201907,세종,남성,60,15840
2019,07,201907,세종,남성,70,4225
2019,07,201907,세종,남성,80,606
2019,07,201907,세종,남성,90,55
2019,07,201907,세종,여성,10,40
2019,07,201907,세종,여성,20,1475
2019,07,201907,세종,여성,30,10106
2019,07,201907,세종,여성,40,13212
2019,07,201907,세종,여성,50,9397
2019,07,201907,세종,여성,60,4762
2019,07,201907,세종,여성,70,850
2019,07,201907,세종,여성,80,235
2019,07,201907,세종,여성,90,52
2019,07,201907,경기,남성,10,2277
2019,07,201907,경기,남성,20,99616
2019,07,201907,경기,남성,30,643424
2019,07,201907,경기,남성,40,1074548
2019,07,201907,경기,남성,50,1084480
2019,07,201907,경기,남성,60,661747
2019,07,201907,경기,남성,70,187379
2019,07,201907,경기,남성,80,32094
2019,07,201907,경기,남성,90,2746
2019,07,201907,경기,여성,10,1142
2019,07,201907,경기,여성,20,46345
2019,07,201907,경기,여성,30,235814
2019,07,201907,경기,여성,40,383997
2019,07,201907,경기,여성,50,402407
2019,07,201907,경기,여성,60,205818
2019,07,201907,경기,여성,70,45596
2019,07,201907,경기,여성,80,10305
2019,07,201907,경기,여성,90,1922
2019,07,201907,강원,남성,10,198
2019,07,201907,강원,남성,20,14305
2019,07,201907,강원,남성,30,66115
2019,07,201907,강원,남성,40,122651
2019,07,201907,강원,남성,50,155167
2019,07,201907,강원,남성,60,124298
2019,07,201907,강원,남성,70,41490
2019,07,201907,강원,남성,80,7983
2019,07,201907,강원,남성,90,574
2019,07,201907,강원,여성,10,108
2019,07,201907,강원,여성,20,6358
2019,07,201907,강원,여성,30,27358
2019,07,201907,강원,여성,40,47528
2019,07,201907,강원,여성,50,58537
2019,07,201907,강원,여성,60,36688
2019,07,201907,강원,여성,70,7674
2019,07,201907,강원,여성,80,1659
2019,07,201907,강원,여성,90,495
2019,07,201907,충북,남성,10,320
2019,07,201907,충북,남성,20,16438
2019,07,201907,충북,남성,30,80315
2019,07,201907,충북,남성,40,134450
2019,07,201907,충북,남성,50,167800
2019,07,201907,충북,남성,60,120875
2019,07,201907,충북,남성,70,36774
2019,07,201907,충북,남성,80,5920
2019,07,201907,충북,남성,90,431
2019,07,201907,충북,여성,10,180
2019,07,201907,충북,여성,20,7809
2019,07,201907,충북,여성,30,31500
2019,07,201907,충북,여성,40,48426
2019,07,201907,충북,여성,50,58477
2019,07,201907,충북,여성,60,32487
2019,07,201907,충북,여성,70,6382
2019,07,201907,충북,여성,80,1713
2019,07,201907,충북,여성,90,315
2019,07,201907,충남,남성,10,277
2019,07,201907,충남,남성,20,21181
2019,07,201907,충남,남성,30,121463
2019,07,201907,충남,남성,40,196462
2019,07,201907,충남,남성,50,216054
2019,07,201907,충남,남성,60,153263
2019,07,201907,충남,남성,70,52548
2019,07,201907,충남,남성,80,8629
2019,07,201907,충남,남성,90,680
2019,07,201907,충남,여성,10,165
2019,07,201907,충남,여성,20,10238
2019,07,201907,충남,여성,30,42425
2019,07,201907,충남,여성,40,63657
2019,07,201907,충남,여성,50,73840
2019,07,201907,충남,여성,60,41800
2019,07,201907,충남,여성,70,8875
2019,07,201907,충남,여성,80,2486
2019,07,201907,충남,여성,90,480
2019,07,201907,전북,남성,10,344
2019,07,201907,전북,남성,20,14437
2019,07,201907,전북,남성,30,74217
2019,07,201907,전북,남성,40,149546
2019,07,201907,전북,남성,50,180373
2019,07,201907,전북,남성,60,135895
2019,07,201907,전북,남성,70,50741
2019,07,201907,전북,남성,80,8110
2019,07,201907,전북,남성,90,827
2019,07,201907,전북,여성,10,176
2019,07,201907,전북,여성,20,7817
2019,07,201907,전북,여성,30,32595
2019,07,201907,전북,여성,40,54918
2019,07,201907,전북,여성,50,65476
2019,07,201907,전북,여성,60,38544
2019,07,201907,전북,여성,70,9641
2019,07,201907,전북,여성,80,3198
2019,07,201907,전북,여성,90,793
2019,07,201907,전남,남성,10,352
2019,07,201907,전남,남성,20,14949
2019,07,201907,전남,남성,30,77869
2019,07,201907,전남,남성,40,150836
2019,07,201907,전남,남성,50,197895
2019,07,201907,전남,남성,60,146614
2019,07,201907,전남,남성,70,54412
2019,07,201907,전남,남성,80,7744
2019,07,201907,전남,남성,90,817
2019,07,201907,전남,여성,10,189
2019,07,201907,전남,여성,20,7567
2019,07,201907,전남,여성,30,30993
2019,07,201907,전남,여성,40,51768
2019,07,201907,전남,여성,50,63591
2019,07,201907,전남,여성,60,37151
2019,07,201907,전남,여성,70,8996
2019,07,201907,전남,여성,80,3205
2019,07,201907,전남,여성,90,767
2019,07,201907,경북,남성,10,236
2019,07,201907,경북,남성,20,21267
2019,07,201907,경북,남성,30,125006
2019,07,201907,경북,남성,40,229269
2019,07,201907,경북,남성,50,303878
2019,07,201907,경북,남성,60,240203
2019,07,201907,경북,남성,70,81620
2019,07,201907,경북,남성,80,12472
2019,07,201907,경북,남성,90,924
2019,07,201907,경북,여성,10,140
2019,07,201907,경북,여성,20,10420
2019,07,201907,경북,여성,30,46699
2019,07,201907,경북,여성,40,75859
2019,07,201907,경북,여성,50,97122
2019,07,201907,경북,여성,60,59511
2019,07,201907,경북,여성,70,12249
2019,07,201907,경북,여성,80,3252
2019,07,201907,경북,여성,90,621
2019,07,201907,경남,남성,10,664
2019,07,201907,경남,남성,20,25534
2019,07,201907,경남,남성,30,160907
2019,07,201907,경남,남성,40,290818
2019,07,201907,경남,남성,50,338669
2019,07,201907,경남,남성,60,242203
2019,07,201907,경남,남성,70,69928
2019,07,201907,경남,남성,80,9775
2019,07,201907,경남,남성,90,803
2019,07,201907,경남,여성,10,345
2019,07,201907,경남,여성,20,11943
2019,07,201907,경남,여성,30,60635
2019,07,201907,경남,여성,40,101047
2019,07,201907,경남,여성,50,115755
2019,07,201907,경남,여성,60,62633
2019,07,201907,경남,여성,70,11826
2019,07,201907,경남,여성,80,3206
2019,07,201907,경남,여성,90,695
2019,07,201907,제주,남성,10,172
2019,07,201907,제주,남성,20,5633
2019,07,201907,제주,남성,30,31484
2019,07,201907,제주,남성,40,62419
2019,07,201907,제주,남성,50,67550
2019,07,201907,제주,남성,60,43691
2019,07,201907,제주,남성,70,16279
2019,07,201907,제주,남성,80,3083
2019,07,201907,제주,남성,90,204
2019,07,201907,제주,여성,10,79
2019,07,201907,제주,여성,20,3604
2019,07,201907,제주,여성,30,16188
2019,07,201907,제주,여성,40,27689
2019,07,201907,제주,여성,50,30056
2019,07,201907,제주,여성,60,16359
2019,07,201907,제주,여성,70,3725
2019,07,201907,제주,여성,80,767
2019,07,201907,제주,여성,90,199
2019,08,201908,서울,남성,10,1183
2019,08,201908,서울,남성,20,39846
2019,08,201908,서울,남성,30,331499
2019,08,201908,서울,남성,40,518180
2019,08,201908,서울,남성,50,528200
2019,08,201908,서울,남성,60,400667
2019,08,201908,서울,남성,70,143117
2019,08,201908,서울,남성,80,23590
2019,08,201908,서울,남성,90,2797
2019,08,201908,서울,여성,10,625
2019,08,201908,서울,여성,20,18717
2019,08,201908,서울,여성,30,119311
2019,08,201908,서울,여성,40,186344
2019,08,201908,서울,여성,50,188988
2019,08,201908,서울,여성,60,120273
2019,08,201908,서울,여성,70,32400
2019,08,201908,서울,여성,80,6884
2019,08,201908,서울,여성,90,1673
2019,08,201908,부산,남성,10,468
2019,08,201908,부산,남성,20,20318
2019,08,201908,부산,남성,30,128763
2019,08,201908,부산,남성,40,208637
2019,08,201908,부산,남성,50,228806
2019,08,201908,부산,남성,60,185290
2019,08,201908,부산,남성,70,58536
2019,08,201908,부산,남성,80,8124
2019,08,201908,부산,남성,90,799
2019,08,201908,부산,여성,10,275
2019,08,201908,부산,여성,20,8946
2019,08,201908,부산,여성,30,46362
2019,08,201908,부산,여성,40,75996
2019,08,201908,부산,여성,50,84656
2019,08,201908,부산,여성,60,52286
2019,08,201908,부산,여성,70,11297
2019,08,201908,부산,여성,80,2502
2019,08,201908,부산,여성,90,506
2019,08,201908,대구,남성,10,309
2019,08,201908,대구,남성,20,19228
2019,08,201908,대구,남성,30,111605
2019,08,201908,대구,남성,40,196386
2019,08,201908,대구,남성,50,229575
2019,08,201908,대구,남성,60,157015
2019,08,201908,대구,남성,70,49333
2019,08,201908,대구,남성,80,7576
2019,08,201908,대구,남성,90,571
2019,08,201908,대구,여성,10,152
2019,08,201908,대구,여성,20,8713
2019,08,201908,대구,여성,30,41591
2019,08,201908,대구,여성,40,72498
2019,08,201908,대구,여성,50,84338
2019,08,201908,대구,여성,60,46137
2019,08,201908,대구,여성,70,9993
2019,08,201908,대구,여성,80,2186
2019,08,201908,대구,여성,90,382
2019,08,201908,인천,남성,10,430
2019,08,201908,인천,남성,20,25115
2019,08,201908,인천,남성,30,138131
2019,08,201908,인천,남성,40,215496
2019,08,201908,인천,남성,50,230240
2019,08,201908,인천,남성,60,147184
2019,08,201908,인천,남성,70,38321
2019,08,201908,인천,남성,80,5102
2019,08,201908,인천,남성,90,487
2019,08,201908,인천,여성,10,266
2019,08,201908,인천,여성,20,11154
2019,08,201908,인천,여성,30,51276
2019,08,201908,인천,여성,40,79268
2019,08,201908,인천,여성,50,86131
2019,08,201908,인천,여성,60,43601
2019,08,201908,인천,여성,70,8077
2019,08,201908,인천,여성,80,1893
2019,08,201908,인천,여성,90,392
2019,08,201908,광주,남성,10,196
2019,08,201908,광주,남성,20,13040
2019,08,201908,광주,남성,30,69181
2019,08,201908,광주,남성,40,119552
2019,08,201908,광주,남성,50,125457
2019,08,201908,광주,남성,60,74850
2019,08,201908,광주,남성,70,24146
2019,08,201908,광주,남성,80,3407
2019,08,201908,광주,남성,90,339
2019,08,201908,광주,여성,10,107
2019,08,201908,광주,여성,20,7565
2019,08,201908,광주,여성,30,31881
2019,08,201908,광주,여성,40,48985
2019,08,201908,광주,여성,50,49032
2019,08,201908,광주,여성,60,23637
2019,08,201908,광주,여성,70,5285
2019,08,201908,광주,여성,80,1293
2019,08,201908,광주,여성,90,370
2019,08,201908,대전,남성,10,398
2019,08,201908,대전,남성,20,12649
2019,08,201908,대전,남성,30,71043
2019,08,201908,대전,남성,40,116918
2019,08,201908,대전,남성,50,129053
2019,08,201908,대전,남성,60,85812
2019,08,201908,대전,남성,70,24918
2019,08,201908,대전,남성,80,3734
2019,08,201908,대전,남성,90,336
2019,08,201908,대전,여성,10,224
2019,08,201908,대전,여성,20,6601
2019,08,201908,대전,여성,30,28870
2019,08,201908,대전,여성,40,46167
2019,08,201908,대전,여성,50,49560
2019,08,201908,대전,여성,60,25196
2019,08,201908,대전,여성,70,5351
2019,08,201908,대전,여성,80,1462
2019,08,201908,대전,여성,90,336
2019,08,201908,울산,남성,10,237
2019,08,201908,울산,남성,20,9537
2019,08,201908,울산,남성,30,59704
2019,08,201908,울산,남성,40,100500
2019,08,201908,울산,남성,50,130850
2019,08,201908,울산,남성,60,81815
2019,08,201908,울산,남성,70,19585
2019,08,201908,울산,남성,80,2022
2019,08,201908,울산,남성,90,168
2019,08,201908,울산,여성,10,104
2019,08,201908,울산,여성,20,4146
2019,08,201908,울산,여성,30,19811
2019,08,201908,울산,여성,40,32183
2019,08,201908,울산,여성,50,34915
2019,08,201908,울산,여성,60,18140
2019,08,201908,울산,여성,70,3143
2019,08,201908,울산,여성,80,741
2019,08,201908,울산,여성,90,154
2019,08,201908,세종,남성,10,76
2019,08,201908,세종,남성,20,2205
2019,08,201908,세종,남성,30,23077
2019,08,201908,세종,남성,40,37734
2019,08,201908,세종,남성,50,26545
2019,08,201908,세종,남성,60,15849
2019,08,201908,세종,남성,70,4228
2019,08,201908,세종,남성,80,599
2019,08,201908,세종,남성,90,56
2019,08,201908,세종,여성,10,41
2019,08,201908,세종,여성,20,1538
2019,08,201908,세종,여성,30,10241
2019,08,201908,세종,여성,40,13312
2019,08,201908,세종,여성,50,9494
2019,08,201908,세종,여성,60,4768
2019,08,201908,세종,여성,70,845
2019,08,201908,세종,여성,80,234
2019,08,201908,세종,여성,90,53
2019,08,201908,경기,남성,10,2299
2019,08,201908,경기,남성,20,102124
2019,08,201908,경기,남성,30,648675
2019,08,201908,경기,남성,40,1076845
2019,08,201908,경기,남성,50,1085253
2019,08,201908,경기,남성,60,661247
2019,08,201908,경기,남성,70,186623
2019,08,201908,경기,남성,80,31753
2019,08,201908,경기,남성,90,2701
2019,08,201908,경기,여성,10,1144
2019,08,201908,경기,여성,20,47432
2019,08,201908,경기,여성,30,237925
2019,08,201908,경기,여성,40,385464
2019,08,201908,경기,여성,50,403440
2019,08,201908,경기,여성,60,205744
2019,08,201908,경기,여성,70,45357
2019,08,201908,경기,여성,80,10199
2019,08,201908,경기,여성,90,1893
2019,08,201908,강원,남성,10,203
2019,08,201908,강원,남성,20,14607
2019,08,201908,강원,남성,30,66539
2019,08,201908,강원,남성,40,123026
2019,08,201908,강원,남성,50,155503
2019,08,201908,강원,남성,60,124318
2019,08,201908,강원,남성,70,41374
2019,08,201908,강원,남성,80,7897
2019,08,201908,강원,남성,90,566
2019,08,201908,강원,여성,10,107
2019,08,201908,강원,여성,20,6514
2019,08,201908,강원,여성,30,27565
2019,08,201908,강원,여성,40,47600
2019,08,201908,강원,여성,50,58794
2019,08,201908,강원,여성,60,36718
2019,08,201908,강원,여성,70,7630
2019,08,201908,강원,여성,80,1652
2019,08,201908,강원,여성,90,494
2019,08,201908,충북,남성,10,319
2019,08,201908,충북,남성,20,16799
2019,08,201908,충북,남성,30,80724
2019,08,201908,충북,남성,40,134624
2019,08,201908,충북,남성,50,168058
2019,08,201908,충북,남성,60,120848
2019,08,201908,충북,남성,70,36624
2019,08,201908,충북,남성,80,5855
2019,08,201908,충북,남성,90,424
2019,08,201908,충북,여성,10,183
2019,08,201908,충북,여성,20,8009
2019,08,201908,충북,여성,30,31696
2019,08,201908,충북,여성,40,48584
2019,08,201908,충북,여성,50,58688
2019,08,201908,충북,여성,60,32520
2019,08,201908,충북,여성,70,6337
2019,08,201908,충북,여성,80,1687
2019,08,201908,충북,여성,90,311
2019,08,201908,충남,남성,10,282
2019,08,201908,충남,남성,20,21727
2019,08,201908,충남,남성,30,121915
2019,08,201908,충남,남성,40,196857
2019,08,201908,충남,남성,50,216231
2019,08,201908,충남,남성,60,153254
2019,08,201908,충남,남성,70,52383
2019,08,201908,충남,남성,80,8505
2019,08,201908,충남,남성,90,674
2019,08,201908,충남,여성,10,170
2019,08,201908,충남,여성,20,10493
2019,08,201908,충남,여성,30,42594
2019,08,201908,충남,여성,40,63866
2019,08,201908,충남,여성,50,74009
2019,08,201908,충남,여성,60,41819
2019,08,201908,충남,여성,70,8822
2019,08,201908,충남,여성,80,2469
2019,08,201908,충남,여성,90,471
2019,08,201908,전북,남성,10,346
2019,08,201908,전북,남성,20,14745
2019,08,201908,전북,남성,30,74543
2019,08,201908,전북,남성,40,149813
2019,08,201908,전북,남성,50,180726
2019,08,201908,전북,남성,60,135957
2019,08,201908,전북,남성,70,50543
2019,08,201908,전북,남성,80,8023
2019,08,201908,전북,남성,90,809
2019,08,201908,전북,여성,10,175
2019,08,201908,전북,여성,20,8054
2019,08,201908,전북,여성,30,32784
2019,08,201908,전북,여성,40,55035
2019,08,201908,전북,여성,50,65603
2019,08,201908,전북,여성,60,38548
2019,08,201908,전북,여성,70,9594
2019,08,201908,전북,여성,80,3163
2019,08,201908,전북,여성,90,783
2019,08,201908,전남,남성,10,350
2019,08,201908,전남,남성,20,15317
2019,08,201908,전남,남성,30,78098
2019,08,201908,전남,남성,40,151125
2019,08,201908,전남,남성,50,198283
2019,08,201908,전남,남성,60,146539
2019,08,201908,전남,남성,70,54208
2019,08,201908,전남,남성,80,7660
2019,08,201908,전남,남성,90,808
2019,08,201908,전남,여성,10,188
2019,08,201908,전남,여성,20,7713
2019,08,201908,전남,여성,30,31203
2019,08,201908,전남,여성,40,51876
2019,08,201908,전남,여성,50,63766
2019,08,201908,전남,여성,60,37151
2019,08,201908,전남,여성,70,8932
2019,08,201908,전남,여성,80,3177
2019,08,201908,전남,여성,90,759
2019,08,201908,경북,남성,10,235
2019,08,201908,경북,남성,20,21864
2019,08,201908,경북,남성,30,125474
2019,08,201908,경북,남성,40,229542
2019,08,201908,경북,남성,50,304517
2019,08,201908,경북,남성,60,240181
2019,08,201908,경북,남성,70,81253
2019,08,201908,경북,남성,80,12322
2019,08,201908,경북,남성,90,915
2019,08,201908,경북,여성,10,140
2019,08,201908,경북,여성,20,10654
2019,08,201908,경북,여성,30,46913
2019,08,201908,경북,여성,40,76073
2019,08,201908,경북,여성,50,97393
2019,08,201908,경북,여성,60,59508
2019,08,201908,경북,여성,70,12188
2019,08,201908,경북,여성,80,3202
2019,08,201908,경북,여성,90,603
2019,08,201908,경남,남성,10,662
2019,08,201908,경남,남성,20,26132
2019,08,201908,경남,남성,30,161778
2019,08,201908,경남,남성,40,291258
2019,08,201908,경남,남성,50,338968
2019,08,201908,경남,남성,60,241817
2019,08,201908,경남,남성,70,69572
2019,08,201908,경남,남성,80,9638
2019,08,201908,경남,남성,90,796
2019,08,201908,경남,여성,10,344
2019,08,201908,경남,여성,20,12222
2019,08,201908,경남,여성,30,61040
2019,08,201908,경남,여성,40,101339
2019,08,201908,경남,여성,50,115910
2019,08,201908,경남,여성,60,62640
2019,08,201908,경남,여성,70,11761
2019,08,201908,경남,여성,80,3174
2019,08,201908,경남,여성,90,680
2019,08,201908,제주,남성,10,176
2019,08,201908,제주,남성,20,5769
2019,08,201908,제주,남성,30,31600
2019,08,201908,제주,남성,40,62502
2019,08,201908,제주,남성,50,67475
2019,08,201908,제주,남성,60,43684
2019,08,201908,제주,남성,70,16205
2019,08,201908,제주,남성,80,3050
2019,08,201908,제주,남성,90,199
2019,08,201908,제주,여성,10,79
2019,08,201908,제주,여성,20,3684
2019,08,201908,제주,여성,30,16279
2019,08,201908,제주,여성,40,27857
2019,08,201908,제주,여성,50,30159
2019,08,201908,제주,여성,60,16377
2019,08,201908,제주,여성,70,3725
2019,08,201908,제주,여성,80,757
2019,08,201908,제주,여성,90,195
2019,09,201909,서울,남성,10,1197
2019,09,201909,서울,남성,20,40855
2019,09,201909,서울,남성,30,332866
2019,09,201909,서울,남성,40,518271
2019,09,201909,서울,남성,50,527775
2019,09,201909,서울,남성,60,399823
2019,09,201909,서울,남성,70,142273
2019,09,201909,서울,남성,80,23325
2019,09,201909,서울,남성,90,2708
2019,09,201909,서울,여성,10,640
2019,09,201909,서울,여성,20,19157
2019,09,201909,서울,여성,30,120079
2019,09,201909,서울,여성,40,186642
2019,09,201909,서울,여성,50,189063
2019,09,201909,서울,여성,60,119987
2019,09,201909,서울,여성,70,32236
2019,09,201909,서울,여성,80,6810
2019,09,201909,서울,여성,90,1641
2019,09,201909,부산,남성,10,469
2019,09,201909,부산,남성,20,20733
2019,09,201909,부산,남성,30,129267
2019,09,201909,부산,남성,40,208737
2019,09,201909,부산,남성,50,228788
2019,09,201909,부산,남성,60,185024
2019,09,201909,부산,남성,70,58206
2019,09,201909,부산,남성,80,8017
2019,09,201909,부산,남성,90,790
2019,09,201909,부산,여성,10,279
2019,09,201909,부산,여성,20,9153
2019,09,201909,부산,여성,30,46708
2019,09,201909,부산,여성,40,76168
2019,09,201909,부산,여성,50,84797
2019,09,201909,부산,여성,60,52215
2019,09,201909,부산,여성,70,11206
2019,09,201909,부산,여성,80,2477
2019,09,201909,부산,여성,90,498
2019,09,201909,대구,남성,10,307
2019,09,201909,대구,남성,20,19636
2019,09,201909,대구,남성,30,112192
2019,09,201909,대구,남성,40,196545
2019,09,201909,대구,남성,50,229675
2019,09,201909,대구,남성,60,156653
2019,09,201909,대구,남성,70,49057
2019,09,201909,대구,남성,80,7482
2019,09,201909,대구,남성,90,569
2019,09,201909,대구,여성,10,151
2019,09,201909,대구,여성,20,8936
2019,09,201909,대구,여성,30,41744
2019,09,201909,대구,여성,40,72621
2019,09,201909,대구,여성,50,84501
2019,09,201909,대구,여성,60,46009
2019,09,201909,대구,여성,70,9947
2019,09,201909,대구,여성,80,2155
2019,09,201909,대구,여성,90,371
2019,09,201909,인천,남성,10,434
2019,09,201909,인천,남성,20,25585
2019,09,201909,인천,남성,30,138663
2019,09,201909,인천,남성,40,215581
2019,09,201909,인천,남성,50,230055
2019,09,201909,인천,남성,60,146931
2019,09,201909,인천,남성,70,38105
2019,09,201909,인천,남성,80,5030
2019,09,201909,인천,남성,90,476
2019,09,201909,인천,여성,10,270
2019,09,201909,인천,여성,20,11469
2019,09,201909,인천,여성,30,51568
2019,09,201909,인천,여성,40,79479
2019,09,201909,인천,여성,50,86177
2019,09,201909,인천,여성,60,43491
2019,09,201909,인천,여성,70,8051
2019,09,201909,인천,여성,80,1866
2019,09,201909,인천,여성,90,386
2019,09,201909,광주,남성,10,196
2019,09,201909,광주,남성,20,13393
2019,09,201909,광주,남성,30,69514
2019,09,201909,광주,남성,40,119668
2019,09,201909,광주,남성,50,125684
2019,09,201909,광주,남성,60,74680
2019,09,201909,광주,남성,70,24029
2019,09,201909,광주,남성,80,3367
2019,09,201909,광주,남성,90,336
2019,09,201909,광주,여성,10,108
2019,09,201909,광주,여성,20,7738
2019,09,201909,광주,여성,30,32042
2019,09,201909,광주,여성,40,49174
2019,09,201909,광주,여성,50,49142
2019,09,201909,광주,여성,60,23621
2019,09,201909,광주,여성,70,5255
2019,09,201909,광주,여성,80,1275
2019,09,201909,광주,여성,90,357
2019,09,201909,대전,남성,10,393
2019,09,201909,대전,남성,20,12957
2019,09,201909,대전,남성,30,71300
2019,09,201909,대전,남성,40,117098
2019,09,201909,대전,남성,50,129015
2019,09,201909,대전,남성,60,85603
2019,09,201909,대전,남성,70,24850
2019,09,201909,대전,남성,80,3678
2019,09,201909,대전,남성,90,334
2019,09,201909,대전,여성,10,222
2019,09,201909,대전,여성,20,6802
2019,09,201909,대전,여성,30,28978
2019,09,201909,대전,여성,40,46317
2019,09,201909,대전,여성,50,49697
2019,09,201909,대전,여성,60,25141
2019,09,201909,대전,여성,70,5312
2019,09,201909,대전,여성,80,1445
2019,09,201909,대전,여성,90,332
2019,09,201909,울산,남성,10,241
2019,09,201909,울산,남성,20,9698
2019,09,201909,울산,남성,30,59977
2019,09,201909,울산,남성,40,100554
2019,09,201909,울산,남성,50,130994
2019,09,201909,울산,남성,60,81732
2019,09,201909,울산,남성,70,19447
2019,09,201909,울산,남성,80,2005
2019,09,201909,울산,남성,90,168
2019,09,201909,울산,여성,10,103
2019,09,201909,울산,여성,20,4266
2019,09,201909,울산,여성,30,19907
2019,09,201909,울산,여성,40,32216
2019,09,201909,울산,여성,50,34976
2019,09,201909,울산,여성,60,18102
2019,09,201909,울산,여성,70,3125
2019,09,201909,울산,여성,80,733
2019,09,201909,울산,여성,90,154
2019,09,201909,세종,남성,10,76
2019,09,201909,세종,남성,20,2270
2019,09,201909,세종,남성,30,23360
2019,09,201909,세종,남성,40,37879
2019,09,201909,세종,남성,50,26708
2019,09,201909,세종,남성,60,15865
2019,09,201909,세종,남성,70,4237
2019,09,201909,세종,남성,80,596
2019,09,201909,세종,남성,90,54
2019,09,201909,세종,여성,10,40
2019,09,201909,세종,여성,20,1587
2019,09,201909,세종,여성,30,10377
2019,09,201909,세종,여성,40,13411
2019,09,201909,세종,여성,50,9547
2019,09,201909,세종,여성,60,4790
2019,09,201909,세종,여성,70,846
2019,09,201909,세종,여성,80,231
2019,09,201909,세종,여성,90,52
2019,09,201909,경기,남성,10,2313
2019,09,201909,경기,남성,20,104666
2019,09,201909,경기,남성,30,652900
2019,09,201909,경기,남성,40,1076714
2019,09,201909,경기,남성,50,1083242
2019,09,201909,경기,남성,60,658933
2019,09,201909,경기,남성,70,185404
2019,09,201909,경기,남성,80,31390
2019,09,201909,경기,남성,90,2666
2019,09,201909,경기,여성,10,1154
2019,09,201909,경기,여성,20,48735
2019,09,201909,경기,여성,30,239339
2019,09,201909,경기,여성,40,386356
2019,09,201909,경기,여성,50,403759
2019,09,201909,경기,여성,60,205421
2019,09,201909,경기,여성,70,45088
2019,09,201909,경기,여성,80,10098
2019,09,201909,경기,여성,90,1873
2019,09,201909,강원,남성,10,205
2019,09,201909,강원,남성,20,14912
2019,09,201909,강원,남성,30,66918
2019,09,201909,강원,남성,40,123163
2019,09,201909,강원,남성,50,155778
2019,09,201909,강원,남성,60,124250
2019,09,201909,강원,남성,70,41172
2019,09,201909,강원,남성,80,7807
2019,09,201909,강원,남성,90,556
2019,09,201909,강원,여성,10,108
2019,09,201909,강원,여성,20,6675
2019,09,201909,강원,여성,30,27756
2019,09,201909,강원,여성,40,47798
2019,09,201909,강원,여성,50,58981
2019,09,201909,강원,여성,60,36768
2019,09,201909,강원,여성,70,7609
2019,09,201909,강원,여성,80,1632
2019,09,201909,강원,여성,90,493
2019,09,201909,충북,남성,10,317
2019,09,201909,충북,남성,20,17182
2019,09,201909,충북,남성,30,81090
2019,09,201909,충북,남성,40,134881
2019,09,201909,충북,남성,50,168432
2019,09,201909,충북,남성,60,120834
2019,09,201909,충북,남성,70,36479
2019,09,201909,충북,남성,80,5781
2019,09,201909,충북,남성,90,419
2019,09,201909,충북,여성,10,184
2019,09,201909,충북,여성,20,8173
2019,09,201909,충북,여성,30,31873
2019,09,201909,충북,여성,40,48755
2019,09,201909,충북,여성,50,58838
2019,09,201909,충북,여성,60,32493
2019,09,201909,충북,여성,70,6295
2019,09,201909,충북,여성,80,1672
2019,09,201909,충북,여성,90,304
2019,09,201909,충남,남성,10,283
2019,09,201909,충남,남성,20,22177
2019,09,201909,충남,남성,30,122553
2019,09,201909,충남,남성,40,197277
2019,09,201909,충남,남성,50,216673
2019,09,201909,충남,남성,60,153215
2019,09,201909,충남,남성,70,52200
2019,09,201909,충남,남성,80,8419
2019,09,201909,충남,남성,90,667
2019,09,201909,충남,여성,10,170
2019,09,201909,충남,여성,20,10733
2019,09,201909,충남,여성,30,42881
2019,09,201909,충남,여성,40,64019
2019,09,201909,충남,여성,50,74139
2019,09,201909,충남,여성,60,41877
2019,09,201909,충남,여성,70,8786
2019,09,201909,충남,여성,80,2439
2019,09,201909,충남,여성,90,469
2019,09,201909,전북,남성,10,351
2019,09,201909,전북,남성,20,15100
2019,09,201909,전북,남성,30,74847
2019,09,201909,전북,남성,40,149760
2019,09,201909,전북,남성,50,180839
2019,09,201909,전북,남성,60,135691
2019,09,201909,전북,남성,70,50279
2019,09,201909,전북,남성,80,7937
2019,09,201909,전북,남성,90,796
2019,09,201909,전북,여성,10,177
2019,09,201909,전북,여성,20,8242
2019,09,201909,전북,여성,30,32968
2019,09,201909,전북,여성,40,55131
2019,09,201909,전북,여성,50,65745
2019,09,201909,전북,여성,60,38434
2019,09,201909,전북,여성,70,9536
2019,09,201909,전북,여성,80,3129
2019,09,201909,전북,여성,90,777
2019,09,201909,전남,남성,10,352
2019,09,201909,전남,남성,20,15764
2019,09,201909,전남,남성,30,78512
2019,09,201909,전남,남성,40,151470
2019,09,201909,전남,남성,50,198644
2019,09,201909,전남,남성,60,146618
2019,09,201909,전남,남성,70,54011
2019,09,201909,전남,남성,80,7581
2019,09,201909,전남,남성,90,801
2019,09,201909,전남,여성,10,187
2019,09,201909,전남,여성,20,7915
2019,09,201909,전남,여성,30,31426
2019,09,201909,전남,여성,40,52061
2019,09,201909,전남,여성,50,64067
2019,09,201909,전남,여성,60,37146
2019,09,201909,전남,여성,70,8877
2019,09,201909,전남,여성,80,3128
2019,09,201909,전남,여성,90,752
2019,09,201909,경북,남성,10,239
2019,09,201909,경북,남성,20,22362
2019,09,201909,경북,남성,30,126112
2019,09,201909,경북,남성,40,229910
2019,09,201909,경북,남성,50,304930
2019,09,201909,경북,남성,60,240201
2019,09,201909,경북,남성,70,80969
2019,09,201909,경북,남성,80,12206
2019,09,201909,경북,남성,90,901
2019,09,201909,경북,여성,10,140
2019,09,201909,경북,여성,20,10930
2019,09,201909,경북,여성,30,47101
2019,09,201909,경북,여성,40,76451
2019,09,201909,경북,여성,50,97642
2019,09,201909,경북,여성,60,59498
2019,09,201909,경북,여성,70,12142
2019,09,201909,경북,여성,80,3174
2019,09,201909,경북,여성,90,595
2019,09,201909,경남,남성,10,668
2019,09,201909,경남,남성,20,26700
2019,09,201909,경남,남성,30,162623
2019,09,201909,경남,남성,40,291668
2019,09,201909,경남,남성,50,339627
2019,09,201909,경남,남성,60,241535
2019,09,201909,경남,남성,70,69326
2019,09,201909,경남,남성,80,9522
2019,09,201909,경남,남성,90,792
2019,09,201909,경남,여성,10,343
2019,09,201909,경남,여성,20,12502
2019,09,201909,경남,여성,30,61411
2019,09,201909,경남,여성,40,101625
2019,09,201909,경남,여성,50,116208
2019,09,201909,경남,여성,60,62599
2019,09,201909,경남,여성,70,11713
2019,09,201909,경남,여성,80,3150
2019,09,201909,경남,여성,90,674
2019,09,201909,제주,남성,10,177
2019,09,201909,제주,남성,20,5888
2019,09,201909,제주,남성,30,31733
2019,09,201909,제주,남성,40,62444
2019,09,201909,제주,남성,50,67274
2019,09,201909,제주,남성,60,43404
2019,09,201909,제주,남성,70,16070
2019,09,201909,제주,남성,80,3001
2019,09,201909,제주,남성,90,197
2019,09,201909,제주,여성,10,80
2019,09,201909,제주,여성,20,3786
2019,09,201909,제주,여성,30,16342
2019,09,201909,제주,여성,40,27859
2019,09,201909,제주,여성,50,30133
2019,09,201909,제주,여성,60,16346
2019,09,201909,제주,여성,70,3700
2019,09,201909,제주,여성,80,744
2019,09,201909,제주,여성,90,193
2019,10,201910,서울,남성,10,1214
2019,10,201910,서울,남성,20,41776
2019,10,201910,서울,남성,30,334538
2019,10,201910,서울,남성,40,518160
2019,10,201910,서울,남성,50,527108
2019,10,201910,서울,남성,60,398552
2019,10,201910,서울,남성,70,141182
2019,10,201910,서울,남성,80,23028
2019,10,201910,서울,남성,90,2682
2019,10,201910,서울,여성,10,647
2019,10,201910,서울,여성,20,19609
2019,10,201910,서울,여성,30,120877
2019,10,201910,서울,여성,40,186896
2019,10,201910,서울,여성,50,189088
2019,10,201910,서울,여성,60,119514
2019,10,201910,서울,여성,70,32006
2019,10,201910,서울,여성,80,6748
2019,10,201910,서울,여성,90,1621
2019,10,201910,부산,남성,10,464
2019,10,201910,부산,남성,20,21229
2019,10,201910,부산,남성,30,129656
2019,10,201910,부산,남성,40,208442
2019,10,201910,부산,남성,50,228592
2019,10,201910,부산,남성,60,184317
2019,10,201910,부산,남성,70,57816
2019,10,201910,부산,남성,80,7895
2019,10,201910,부산,남성,90,776
2019,10,201910,부산,여성,10,279
2019,10,201910,부산,여성,20,9359
2019,10,201910,부산,여성,30,46910
2019,10,201910,부산,여성,40,76318
2019,10,201910,부산,여성,50,84887
2019,10,201910,부산,여성,60,52044
2019,10,201910,부산,여성,70,11133
2019,10,201910,부산,여성,80,2450
2019,10,201910,부산,여성,90,500
2019,10,201910,대구,남성,10,307
2019,10,201910,대구,남성,20,20035
2019,10,201910,대구,남성,30,112549
2019,10,201910,대구,남성,40,196502
2019,10,201910,대구,남성,50,229004
2019,10,201910,대구,남성,60,155873
2019,10,201910,대구,남성,70,48563
2019,10,201910,대구,남성,80,7368
2019,10,201910,대구,남성,90,561
2019,10,201910,대구,여성,10,150
2019,10,201910,대구,여성,20,9152
2019,10,201910,대구,여성,30,41994
2019,10,201910,대구,여성,40,72812
2019,10,201910,대구,여성,50,84526
2019,10,201910,대구,여성,60,45786
2019,10,201910,대구,여성,70,9844
2019,10,201910,대구,여성,80,2132
2019,10,201910,대구,여성,90,366
2019,10,201910,인천,남성,10,443
2019,10,201910,인천,남성,20,26279
2019,10,201910,인천,남성,30,139283
2019,10,201910,인천,남성,40,215690
2019,10,201910,인천,남성,50,229788
2019,10,201910,인천,남성,60,146527
2019,10,201910,인천,남성,70,37834
2019,10,201910,인천,남성,80,4975
2019,10,201910,인천,남성,90,474
2019,10,201910,인천,여성,10,267
2019,10,201910,인천,여성,20,11694
2019,10,201910,인천,여성,30,51950
2019,10,201910,인천,여성,40,79649
2019,10,201910,인천,여성,50,86216
2019,10,201910,인천,여성,60,43429
2019,10,201910,인천,여성,70,7934
2019,10,201910,인천,여성,80,1846
2019,10,201910,인천,여성,90,384
2019,10,201910,광주,남성,10,196
2019,10,201910,광주,남성,20,13722
2019,10,201910,광주,남성,30,69837
2019,10,201910,광주,남성,40,119767
2019,10,201910,광주,남성,50,125659
2019,10,201910,광주,남성,60,74507
2019,10,201910,광주,남성,70,23868
2019,10,201910,광주,남성,80,3317
2019,10,201910,광주,남성,90,330
2019,10,201910,광주,여성,10,107
2019,10,201910,광주,여성,20,7937
2019,10,201910,광주,여성,30,32177
2019,10,201910,광주,여성,40,49275
2019,10,201910,광주,여성,50,49319
2019,10,201910,광주,여성,60,23587
2019,10,201910,광주,여성,70,5220
2019,10,201910,광주,여성,80,1265
2019,10,201910,광주,여성,90,348
2019,10,201910,대전,남성,10,392
2019,10,201910,대전,남성,20,13234
2019,10,201910,대전,남성,30,71713
2019,10,201910,대전,남성,40,117167
2019,10,201910,대전,남성,50,128921
2019,10,201910,대전,남성,60,85377
2019,10,201910,대전,남성,70,24671
2019,10,201910,대전,남성,80,3622
2019,10,201910,대전,남성,90,331
2019,10,201910,대전,여성,10,223
2019,10,201910,대전,여성,20,6959
2019,10,201910,대전,여성,30,29107
2019,10,201910,대전,여성,40,46466
2019,10,201910,대전,여성,50,49650
2019,10,201910,대전,여성,60,25036
2019,10,201910,대전,여성,70,5260
2019,10,201910,대전,여성,80,1415
2019,10,201910,대전,여성,90,328
2019,10,201910,울산,남성,10,245
2019,10,201910,울산,남성,20,9911
2019,10,201910,울산,남성,30,60147
2019,10,201910,울산,남성,40,100508
2019,10,201910,울산,남성,50,130838
2019,10,201910,울산,남성,60,81438
2019,10,201910,울산,남성,70,19299
2019,10,201910,울산,남성,80,1977
2019,10,201910,울산,남성,90,165
2019,10,201910,울산,여성,10,101
2019,10,201910,울산,여성,20,4360
2019,10,201910,울산,여성,30,20042
2019,10,201910,울산,여성,40,32293
2019,10,201910,울산,여성,50,35009
2019,10,201910,울산,여성,60,17999
2019,10,201910,울산,여성,70,3083
2019,10,201910,울산,여성,80,728
2019,10,201910,울산,여성,90,148
2019,10,201910,세종,남성,10,77
2019,10,201910,세종,남성,20,2368
2019,10,201910,세종,남성,30,23718
2019,10,201910,세종,남성,40,38127
2019,10,201910,세종,남성,50,26942
2019,10,201910,세종,남성,60,15956
2019,10,201910,세종,남성,70,4219
2019,10,201910,세종,남성,80,590
2019,10,201910,세종,남성,90,53
2019,10,201910,세종,여성,10,43
2019,10,201910,세종,여성,20,1650
2019,10,201910,세종,여성,30,10536
2019,10,201910,세종,여성,40,13529
2019,10,201910,세종,여성,50,9624
2019,10,201910,세종,여성,60,4826
2019,10,201910,세종,여성,70,843
2019,10,201910,세종,여성,80,235
2019,10,201910,세종,여성,90,51
2019,10,201910,경기,남성,10,2328
2019,10,201910,경기,남성,20,107379
2019,10,201910,경기,남성,30,657465
2019,10,201910,경기,남성,40,1076950
2019,10,201910,경기,남성,50,1082544
2019,10,201910,경기,남성,60,657333
2019,10,201910,경기,남성,70,184208
2019,10,201910,경기,남성,80,30945
2019,10,201910,경기,남성,90,2629
2019,10,201910,경기,여성,10,1163
2019,10,201910,경기,여성,20,49951
2019,10,201910,경기,여성,30,241087
2019,10,201910,경기,여성,40,386982
2019,10,201910,경기,여성,50,404237
2019,10,201910,경기,여성,60,205078
2019,10,201910,경기,여성,70,44795
2019,10,201910,경기,여성,80,9987
2019,10,201910,경기,여성,90,1843
2019,10,201910,강원,남성,10,205
2019,10,201910,강원,남성,20,15204
2019,10,201910,강원,남성,30,67177
2019,10,201910,강원,남성,40,123137
2019,10,201910,강원,남성,50,155452
2019,10,201910,강원,남성,60,123864
2019,10,201910,강원,남성,70,40809
2019,10,201910,강원,남성,80,7683
2019,10,201910,강원,남성,90,545
2019,10,201910,강원,여성,10,108
2019,10,201910,강원,여성,20,6852
2019,10,201910,강원,여성,30,27928
2019,10,201910,강원,여성,40,47814
2019,10,201910,강원,여성,50,58986
2019,10,201910,강원,여성,60,36646
2019,10,201910,강원,여성,70,7550
2019,10,201910,강원,여성,80,1614
2019,10,201910,강원,여성,90,490
2019,10,201910,충북,남성,10,317
2019,10,201910,충북,남성,20,17596
2019,10,201910,충북,남성,30,81557
2019,10,201910,충북,남성,40,134981
2019,10,201910,충북,남성,50,168471
2019,10,201910,충북,남성,60,120571
2019,10,201910,충북,남성,70,36213
2019,10,201910,충북,남성,80,5700
2019,10,201910,충북,남성,90,409
2019,10,201910,충북,여성,10,183
2019,10,201910,충북,여성,20,8386
2019,10,201910,충북,여성,30,32062
2019,10,201910,충북,여성,40,48901
2019,10,201910,충북,여성,50,59025
2019,10,201910,충북,여성,60,32478
2019,10,201910,충북,여성,70,6265
2019,10,201910,충북,여성,80,1659
2019,10,201910,충북,여성,90,299
2019,10,201910,충남,남성,10,283
2019,10,201910,충남,남성,20,22699
2019,10,201910,충남,남성,30,123028
2019,10,201910,충남,남성,40,197383
2019,10,201910,충남,남성,50,216670
2019,10,201910,충남,남성,60,152847
2019,10,201910,충남,남성,70,51923
2019,10,201910,충남,남성,80,8292
2019,10,201910,충남,남성,90,658
2019,10,201910,충남,여성,10,175
2019,10,201910,충남,여성,20,10977
2019,10,201910,충남,여성,30,43194
2019,10,201910,충남,여성,40,64190
2019,10,201910,충남,여성,50,74299
2019,10,201910,충남,여성,60,41801
2019,10,201910,충남,여성,70,8731
2019,10,201910,충남,여성,80,2420
2019,10,201910,충남,여성,90,457
2019,10,201910,전북,남성,10,350
2019,10,201910,전북,남성,20,15407
2019,10,201910,전북,남성,30,75099
2019,10,201910,전북,남성,40,149333
2019,10,201910,전북,남성,50,180113
2019,10,201910,전북,남성,60,134769
2019,10,201910,전북,남성,70,49785
2019,10,201910,전북,남성,80,7800
2019,10,201910,전북,남성,90,784
2019,10,201910,전북,여성,10,182
2019,10,201910,전북,여성,20,8448
2019,10,201910,전북,여성,30,33109
2019,10,201910,전북,여성,40,55182
2019,10,201910,전북,여성,50,65719
2019,10,201910,전북,여성,60,38312
2019,10,201910,전북,여성,70,9458
2019,10,201910,전북,여성,80,3067
2019,10,201910,전북,여성,90,770
2019,10,201910,전남,남성,10,350
2019,10,201910,전남,남성,20,16131
2019,10,201910,전남,남성,30,78860
2019,10,201910,전남,남성,40,151698
2019,10,201910,전남,남성,50,198655
2019,10,201910,전남,남성,60,146407
2019,10,201910,전남,남성,70,53687
2019,10,201910,전남,남성,80,7483
2019,10,201910,전남,남성,90,788
2019,10,201910,전남,여성,10,188
2019,10,201910,전남,여성,20,8107
2019,10,201910,전남,여성,30,31613
2019,10,201910,전남,여성,40,52239
2019,10,201910,전남,여성,50,64172
2019,10,201910,전남,여성,60,37067
2019,10,201910,전남,여성,70,8791
2019,10,201910,전남,여성,80,3077
2019,10,201910,전남,여성,90,741
2019,10,201910,경북,남성,10,238
2019,10,201910,경북,남성,20,22815
2019,10,201910,경북,남성,30,126602
2019,10,201910,경북,남성,40,229927
2019,10,201910,경북,남성,50,304814
2019,10,201910,경북,남성,60,239750
2019,10,201910,경북,남성,70,80473
2019,10,201910,경북,남성,80,12044
2019,10,201910,경북,남성,90,883
2019,10,201910,경북,여성,10,139
2019,10,201910,경북,여성,20,11179
2019,10,201910,경북,여성,30,47316
2019,10,201910,경북,여성,40,76596
2019,10,201910,경북,여성,50,97760
2019,10,201910,경북,여성,60,59383
2019,10,201910,경북,여성,70,12051
2019,10,201910,경북,여성,80,3135
2019,10,201910,경북,여성,90,584
2019,10,201910,경남,남성,10,666
2019,10,201910,경남,남성,20,27314
2019,10,201910,경남,남성,30,163361
2019,10,201910,경남,남성,40,291323
2019,10,201910,경남,남성,50,339078
2019,10,201910,경남,남성,60,240757
2019,10,201910,경남,남성,70,68866
2019,10,201910,경남,남성,80,9404
2019,10,201910,경남,남성,90,784
2019,10,201910,경남,여성,10,342
2019,10,201910,경남,여성,20,12812
2019,10,201910,경남,여성,30,61740
2019,10,201910,경남,여성,40,101769
2019,10,201910,경남,여성,50,116322
2019,10,201910,경남,여성,60,62447
2019,10,201910,경남,여성,70,11632
2019,10,201910,경남,여성,80,3102
2019,10,201910,경남,여성,90,671
2019,10,201910,제주,남성,10,177
2019,10,201910,제주,남성,20,6038
2019,10,201910,제주,남성,30,31852
2019,10,201910,제주,남성,40,62408
2019,10,201910,제주,남성,50,67208
2019,10,201910,제주,남성,60,43314
2019,10,201910,제주,남성,70,15957
2019,10,201910,제주,남성,80,2960
2019,10,201910,제주,남성,90,194
2019,10,201910,제주,여성,10,81
2019,10,201910,제주,여성,20,3866
2019,10,201910,제주,여성,30,16433
2019,10,201910,제주,여성,40,27842
2019,10,201910,제주,여성,50,30140
2019,10,201910,제주,여성,60,16308
2019,10,201910,제주,여성,70,3670
2019,10,201910,제주,여성,80,731
2019,10,201910,제주,여성,90,192
2019,11,201911,서울,남성,10,1234
2019,11,201911,서울,남성,20,42768
2019,11,201911,서울,남성,30,336595
2019,11,201911,서울,남성,40,518042
2019,11,201911,서울,남성,50,526544
2019,11,201911,서울,남성,60,397351
2019,11,201911,서울,남성,70,140188
2019,11,201911,서울,남성,80,22750
2019,11,201911,서울,남성,90,2658
2019,11,201911,서울,여성,10,651
2019,11,201911,서울,여성,20,20124
2019,11,201911,서울,여성,30,121587
2019,11,201911,서울,여성,40,187118
2019,11,201911,서울,여성,50,189110
2019,11,201911,서울,여성,60,119121
2019,11,201911,서울,여성,70,31835
2019,11,201911,서울,여성,80,6697
2019,11,201911,서울,여성,90,1610
2019,11,201911,부산,남성,10,474
2019,11,201911,부산,남성,20,21752
2019,11,201911,부산,남성,30,130283
2019,11,201911,부산,남성,40,208616
2019,11,201911,부산,남성,50,228613
2019,11,201911,부산,남성,60,183858
2019,11,201911,부산,남성,70,57448
2019,11,201911,부산,남성,80,7784
2019,11,201911,부산,남성,90,769
2019,11,201911,부산,여성,10,282
2019,11,201911,부산,여성,20,9552
2019,11,201911,부산,여성,30,47218
2019,11,201911,부산,여성,40,76498
2019,11,201911,부산,여성,50,85033
2019,11,201911,부산,여성,60,51938
2019,11,201911,부산,여성,70,11066
2019,11,201911,부산,여성,80,2426
2019,11,201911,부산,여성,90,494
2019,11,201911,대구,남성,10,307
2019,11,201911,대구,남성,20,20495
2019,11,201911,대구,남성,30,113247
2019,11,201911,대구,남성,40,196719
2019,11,201911,대구,남성,50,228975
2019,11,201911,대구,남성,60,155329
2019,11,201911,대구,남성,70,48146
2019,11,201911,대구,남성,80,7257
2019,11,201911,대구,남성,90,554
2019,11,201911,대구,여성,10,147
2019,11,201911,대구,여성,20,9383
2019,11,201911,대구,여성,30,42232
2019,11,201911,대구,여성,40,72981
2019,11,201911,대구,여성,50,84598
2019,11,201911,대구,여성,60,45687
2019,11,201911,대구,여성,70,9740
2019,11,201911,대구,여성,80,2107
2019,11,201911,대구,여성,90,363
2019,11,201911,인천,남성,10,448
2019,11,201911,인천,남성,20,26834
2019,11,201911,인천,남성,30,140054
2019,11,201911,인천,남성,40,215801
2019,11,201911,인천,남성,50,229642
2019,11,201911,인천,남성,60,146238
2019,11,201911,인천,남성,70,37558
2019,11,201911,인천,남성,80,4914
2019,11,201911,인천,남성,90,470
2019,11,201911,인천,여성,10,271
2019,11,201911,인천,여성,20,12015
2019,11,201911,인천,여성,30,52401
2019,11,201911,인천,여성,40,79855
2019,11,201911,인천,여성,50,86282
2019,11,201911,인천,여성,60,43271
2019,11,201911,인천,여성,70,7889
2019,11,201911,인천,여성,80,1820
2019,11,201911,인천,여성,90,383
2019,11,201911,광주,남성,10,197
2019,11,201911,광주,남성,20,14001
2019,11,201911,광주,남성,30,70246
2019,11,201911,광주,남성,40,119841
2019,11,201911,광주,남성,50,125650
2019,11,201911,광주,남성,60,74247
2019,11,201911,광주,남성,70,23678
2019,11,201911,광주,남성,80,3265
2019,11,201911,광주,남성,90,323
2019,11,201911,광주,여성,10,108
2019,11,201911,광주,여성,20,8088
2019,11,201911,광주,여성,30,32404
2019,11,201911,광주,여성,40,49401
2019,11,201911,광주,여성,50,49397
2019,11,201911,광주,여성,60,23522
2019,11,201911,광주,여성,70,5193
2019,11,201911,광주,여성,80,1249
2019,11,201911,광주,여성,90,341
2019,11,201911,대전,남성,10,400
2019,11,201911,대전,남성,20,13500
2019,11,201911,대전,남성,30,71973
2019,11,201911,대전,남성,40,117338
2019,11,201911,대전,남성,50,128885
2019,11,201911,대전,남성,60,85029
2019,11,201911,대전,남성,70,24488
2019,11,201911,대전,남성,80,3566
2019,11,201911,대전,남성,90,327
2019,11,201911,대전,여성,10,220
2019,11,201911,대전,여성,20,7101
2019,11,201911,대전,여성,30,29226
2019,11,201911,대전,여성,40,46558
2019,11,201911,대전,여성,50,49572
2019,11,201911,대전,여성,60,24975
2019,11,201911,대전,여성,70,5203
2019,11,201911,대전,여성,80,1397
2019,11,201911,대전,여성,90,326
2019,11,201911,울산,남성,10,245
2019,11,201911,울산,남성,20,10199
2019,11,201911,울산,남성,30,60473
2019,11,201911,울산,남성,40,100565
2019,11,201911,울산,남성,50,130776
2019,11,201911,울산,남성,60,81171
2019,11,201911,울산,남성,70,19183
2019,11,201911,울산,남성,80,1950
2019,11,201911,울산,남성,90,159
2019,11,201911,울산,여성,10,102
2019,11,201911,울산,여성,20,4454
2019,11,201911,울산,여성,30,20176
2019,11,201911,울산,여성,40,32329
2019,11,201911,울산,여성,50,34978
2019,11,201911,울산,여성,60,17934
2019,11,201911,울산,여성,70,3064
2019,11,201911,울산,여성,80,721
2019,11,201911,울산,여성,90,147
2019,11,201911,세종,남성,10,78
2019,11,201911,세종,남성,20,2441
2019,11,201911,세종,남성,30,24077
2019,11,201911,세종,남성,40,38362
2019,11,201911,세종,남성,50,27046
2019,11,201911,세종,남성,60,16035
2019,11,201911,세종,남성,70,4190
2019,11,201911,세종,남성,80,586
2019,11,201911,세종,남성,90,53
2019,11,201911,세종,여성,10,45
2019,11,201911,세종,여성,20,1702
2019,11,201911,세종,여성,30,10686
2019,11,201911,세종,여성,40,13591
2019,11,201911,세종,여성,50,9680
2019,11,201911,세종,여성,60,4835
2019,11,201911,세종,여성,70,842
2019,11,201911,세종,여성,80,236
2019,11,201911,세종,여성,90,51
2019,11,201911,경기,남성,10,2362
2019,11,201911,경기,남성,20,109900
2019,11,201911,경기,남성,30,662045
2019,11,201911,경기,남성,40,1078948
2019,11,201911,경기,남성,50,1083038
2019,11,201911,경기,남성,60,656525
2019,11,201911,경기,남성,70,183250
2019,11,201911,경기,남성,80,30570
2019,11,201911,경기,남성,90,2603
2019,11,201911,경기,여성,10,1171
2019,11,201911,경기,여성,20,51170
2019,11,201911,경기,여성,30,242959
2019,11,201911,경기,여성,40,388085
2019,11,201911,경기,여성,50,405106
2019,11,201911,경기,여성,60,204826
2019,11,201911,경기,여성,70,44549
2019,11,201911,경기,여성,80,9882
2019,11,201911,경기,여성,90,1809
2019,11,201911,강원,남성,10,208
2019,11,201911,강원,남성,20,15677
2019,11,201911,강원,남성,30,67579
2019,11,201911,강원,남성,40,123382
2019,11,201911,강원,남성,50,155445
2019,11,201911,강원,남성,60,123472
2019,11,201911,강원,남성,70,40558
2019,11,201911,강원,남성,80,7586
2019,11,201911,강원,남성,90,536
2019,11,201911,강원,여성,10,106
2019,11,201911,강원,여성,20,7000
2019,11,201911,강원,여성,30,28098
2019,11,201911,강원,여성,40,47968
2019,11,201911,강원,여성,50,59134
2019,11,201911,강원,여성,60,36614
2019,11,201911,강원,여성,70,7508
2019,11,201911,강원,여성,80,1583
2019,11,201911,강원,여성,90,484
2019,11,201911,충북,남성,10,323
2019,11,201911,충북,남성,20,18015
2019,11,201911,충북,남성,30,81965
2019,11,201911,충북,남성,40,135004
2019,11,201911,충북,남성,50,168521
2019,11,201911,충북,남성,60,120285
2019,11,201911,충북,남성,70,35989
2019,11,201911,충북,남성,80,5609
2019,11,201911,충북,남성,90,406
2019,11,201911,충북,여성,10,186
2019,11,201911,충북,여성,20,8582
2019,11,201911,충북,여성,30,32231
2019,11,201911,충북,여성,40,48981
2019,11,201911,충북,여성,50,59104
2019,11,201911,충북,여성,60,32360
2019,11,201911,충북,여성,70,6211
2019,11,201911,충북,여성,80,1633
2019,11,201911,충북,여성,90,297
2019,11,201911,충남,남성,10,285
2019,11,201911,충남,남성,20,23177
2019,11,201911,충남,남성,30,123554
2019,11,201911,충남,남성,40,197292
2019,11,201911,충남,남성,50,216543
2019,11,201911,충남,남성,60,152302
2019,11,201911,충남,남성,70,51585
2019,11,201911,충남,남성,80,8168
2019,11,201911,충남,남성,90,648
2019,11,201911,충남,여성,10,173
2019,11,201911,충남,여성,20,11188
2019,11,201911,충남,여성,30,43360
2019,11,201911,충남,여성,40,64293
2019,11,201911,충남,여성,50,74447
2019,11,201911,충남,여성,60,41764
2019,11,201911,충남,여성,70,8707
2019,11,201911,충남,여성,80,2393
2019,11,201911,충남,여성,90,452
2019,11,201911,전북,남성,10,351
2019,11,201911,전북,남성,20,15730
2019,11,201911,전북,남성,30,75406
2019,11,201911,전북,남성,40,149386
2019,11,201911,전북,남성,50,180088
2019,11,201911,전북,남성,60,134283
2019,11,201911,전북,남성,70,49420
2019,11,201911,전북,남성,80,7685
2019,11,201911,전북,남성,90,766
2019,11,201911,전북,여성,10,181
2019,11,201911,전북,여성,20,8608
2019,11,201911,전북,여성,30,33320
2019,11,201911,전북,여성,40,55328
2019,11,201911,전북,여성,50,65841
2019,11,201911,전북,여성,60,38251
2019,11,201911,전북,여성,70,9417
2019,11,201911,전북,여성,80,3026
2019,11,201911,전북,여성,90,754
2019,11,201911,전남,남성,10,355
2019,11,201911,전남,남성,20,16634
2019,11,201911,전남,남성,30,79311
2019,11,201911,전남,남성,40,151959
2019,11,201911,전남,남성,50,198689
2019,11,201911,전남,남성,60,146097
2019,11,201911,전남,남성,70,53341
2019,11,201911,전남,남성,80,7363
2019,11,201911,전남,남성,90,779
2019,11,201911,전남,여성,10,187
2019,11,201911,전남,여성,20,8291
2019,11,201911,전남,여성,30,31813
2019,11,201911,전남,여성,40,52510
2019,11,201911,전남,여성,50,64408
2019,11,201911,전남,여성,60,36986
2019,11,201911,전남,여성,70,8722
2019,11,201911,전남,여성,80,3033
2019,11,201911,전남,여성,90,724
2019,11,201911,경북,남성,10,235
2019,11,201911,경북,남성,20,23320
2019,11,201911,경북,남성,30,127154
2019,11,201911,경북,남성,40,230105
2019,11,201911,경북,남성,50,304839
2019,11,201911,경북,남성,60,239251
2019,11,201911,경북,남성,70,80016
2019,11,201911,경북,남성,80,11891
2019,11,201911,경북,남성,90,874
2019,11,201911,경북,여성,10,142
2019,11,201911,경북,여성,20,11450
2019,11,201911,경북,여성,30,47513
2019,11,201911,경북,여성,40,76843
2019,11,201911,경북,여성,50,97973
2019,11,201911,경북,여성,60,59269
2019,11,201911,경북,여성,70,11956
2019,11,201911,경북,여성,80,3086
2019,11,201911,경북,여성,90,576
2019,11,201911,경남,남성,10,671
2019,11,201911,경남,남성,20,27870
2019,11,201911,경남,남성,30,164090
2019,11,201911,경남,남성,40,291658
2019,11,201911,경남,남성,50,339458
2019,11,201911,경남,남성,60,240198
2019,11,201911,경남,남성,70,68472
2019,11,201911,경남,남성,80,9294
2019,11,201911,경남,남성,90,765
2019,11,201911,경남,여성,10,345
2019,11,201911,경남,여성,20,13119
2019,11,201911,경남,여성,30,62036
2019,11,201911,경남,여성,40,102040
2019,11,201911,경남,여성,50,116425
2019,11,201911,경남,여성,60,62340
2019,11,201911,경남,여성,70,11545
2019,11,201911,경남,여성,80,3071
2019,11,201911,경남,여성,90,665
2019,11,201911,제주,남성,10,180
2019,11,201911,제주,남성,20,6134
2019,11,201911,제주,남성,30,32011
2019,11,201911,제주,남성,40,62495
2019,11,201911,제주,남성,50,67244
2019,11,201911,제주,남성,60,43251
2019,11,201911,제주,남성,70,15875
2019,11,201911,제주,남성,80,2924
2019,11,201911,제주,남성,90,193
2019,11,201911,제주,여성,10,81
2019,11,201911,제주,여성,20,3916
2019,11,201911,제주,여성,30,16592
2019,11,201911,제주,여성,40,27869
2019,11,201911,제주,여성,50,30203
2019,11,201911,제주,여성,60,16274
2019,11,201911,제주,여성,70,3648
2019,11,201911,제주,여성,80,727
2019,11,201911,제주,여성,90,192
2019,12,201912,서울,남성,10,1292
2019,12,201912,서울,남성,20,43845
2019,12,201912,서울,남성,30,338535
2019,12,201912,서울,남성,40,517827
2019,12,201912,서울,남성,50,525746
2019,12,201912,서울,남성,60,395954
2019,12,201912,서울,남성,70,139018
2019,12,201912,서울,남성,80,22437
2019,12,201912,서울,남성,90,2632
2019,12,201912,서울,여성,10,654
2019,12,201912,서울,여성,20,20634
2019,12,201912,서울,여성,30,122359
2019,12,201912,서울,여성,40,187355
2019,12,201912,서울,여성,50,188988
2019,12,201912,서울,여성,60,118708
2019,12,201912,서울,여성,70,31602
2019,12,201912,서울,여성,80,6618
2019,12,201912,서울,여성,90,1606
2019,12,201912,부산,남성,10,473
2019,12,201912,부산,남성,20,22198
2019,12,201912,부산,남성,30,130924
2019,12,201912,부산,남성,40,208789
2019,12,201912,부산,남성,50,228541
2019,12,201912,부산,남성,60,183335
2019,12,201912,부산,남성,70,56982
2019,12,201912,부산,남성,80,7678
2019,12,201912,부산,남성,90,763
2019,12,201912,부산,여성,10,280
2019,12,201912,부산,여성,20,9749
2019,12,201912,부산,여성,30,47504
2019,12,201912,부산,여성,40,76634
2019,12,201912,부산,여성,50,85158
2019,12,201912,부산,여성,60,51732
2019,12,201912,부산,여성,70,10948
2019,12,201912,부산,여성,80,2394
2019,12,201912,부산,여성,90,487
2019,12,201912,대구,남성,10,312
2019,12,201912,대구,남성,20,20890
2019,12,201912,대구,남성,30,113659
2019,12,201912,대구,남성,40,196808
2019,12,201912,대구,남성,50,228416
2019,12,201912,대구,남성,60,154535
2019,12,201912,대구,남성,70,47734
2019,12,201912,대구,남성,80,7118
2019,12,201912,대구,남성,90,546
2019,12,201912,대구,여성,10,145
2019,12,201912,대구,여성,20,9577
2019,12,201912,대구,여성,30,42421
2019,12,201912,대구,여성,40,73058
2019,12,201912,대구,여성,50,84593
2019,12,201912,대구,여성,60,45508
2019,12,201912,대구,여성,70,9661
2019,12,201912,대구,여성,80,2070
2019,12,201912,대구,여성,90,353
2019,12,201912,인천,남성,10,447
2019,12,201912,인천,남성,20,27418
2019,12,201912,인천,남성,30,140757
2019,12,201912,인천,남성,40,216027
2019,12,201912,인천,남성,50,229632
2019,12,201912,인천,남성,60,145873
2019,12,201912,인천,남성,70,37330
2019,12,201912,인천,남성,80,4842
2019,12,201912,인천,남성,90,459
2019,12,201912,인천,여성,10,274
2019,12,201912,인천,여성,20,12252
2019,12,201912,인천,여성,30,52737
2019,12,201912,인천,여성,40,79999
2019,12,201912,인천,여성,50,86304
2019,12,201912,인천,여성,60,43180
2019,12,201912,인천,여성,70,7857
2019,12,201912,인천,여성,80,1794
2019,12,201912,인천,여성,90,374
2019,12,201912,광주,남성,10,193
2019,12,201912,광주,남성,20,14268
2019,12,201912,광주,남성,30,70397
2019,12,201912,광주,남성,40,119876
2019,12,201912,광주,남성,50,125441
2019,12,201912,광주,남성,60,73962
2019,12,201912,광주,남성,70,23493
2019,12,201912,광주,남성,80,3212
2019,12,201912,광주,남성,90,315
2019,12,201912,광주,여성,10,106
2019,12,201912,광주,여성,20,8254
2019,12,201912,광주,여성,30,32558
2019,12,201912,광주,여성,40,49506
2019,12,201912,광주,여성,50,49385
2019,12,201912,광주,여성,60,23411
2019,12,201912,광주,여성,70,5147
2019,12,201912,광주,여성,80,1232
2019,12,201912,광주,여성,90,332
2019,12,201912,대전,남성,10,400
2019,12,201912,대전,남성,20,13809
2019,12,201912,대전,남성,30,72197
2019,12,201912,대전,남성,40,117619
2019,12,201912,대전,남성,50,128807
2019,12,201912,대전,남성,60,84689
2019,12,201912,대전,남성,70,24304
2019,12,201912,대전,남성,80,3501
2019,12,201912,대전,남성,90,319
2019,12,201912,대전,여성,10,220
2019,12,201912,대전,여성,20,7268
2019,12,201912,대전,여성,30,29317
2019,12,201912,대전,여성,40,46564
2019,12,201912,대전,여성,50,49611
2019,12,201912,대전,여성,60,24861
2019,12,201912,대전,여성,70,5172
2019,12,201912,대전,여성,80,1375
2019,12,201912,대전,여성,90,315
2019,12,201912,울산,남성,10,249
2019,12,201912,울산,남성,20,10432
2019,12,201912,울산,남성,30,60777
2019,12,201912,울산,남성,40,100675
2019,12,201912,울산,남성,50,130869
2019,12,201912,울산,남성,60,80927
2019,12,201912,울산,남성,70,19034
2019,12,201912,울산,남성,80,1922
2019,12,201912,울산,남성,90,158
2019,12,201912,울산,여성,10,105
2019,12,201912,울산,여성,20,4576
2019,12,201912,울산,여성,30,20275
2019,12,201912,울산,여성,40,32389
2019,12,201912,울산,여성,50,35070
2019,12,201912,울산,여성,60,17919
2019,12,201912,울산,여성,70,3031
2019,12,201912,울산,여성,80,708
2019,12,201912,울산,여성,90,145
2019,12,201912,세종,남성,10,81
2019,12,201912,세종,남성,20,2524
2019,12,201912,세종,남성,30,24406
2019,12,201912,세종,남성,40,38588
2019,12,201912,세종,남성,50,27171
2019,12,201912,세종,남성,60,16008
2019,12,201912,세종,남성,70,4162
2019,12,201912,세종,남성,80,568
2019,12,201912,세종,남성,90,52
2019,12,201912,세종,여성,10,44
2019,12,201912,세종,여성,20,1754
2019,12,201912,세종,여성,30,10790
2019,12,201912,세종,여성,40,13674
2019,12,201912,세종,여성,50,9691
2019,12,201912,세종,여성,60,4844
2019,12,201912,세종,여성,70,830
2019,12,201912,세종,여성,80,231
2019,12,201912,세종,여성,90,51
2019,12,201912,경기,남성,10,2376
2019,12,201912,경기,남성,20,112605
2019,12,201912,경기,남성,30,666775
2019,12,201912,경기,남성,40,1081071
2019,12,201912,경기,남성,50,1084223
2019,12,201912,경기,남성,60,655336
2019,12,201912,경기,남성,70,182210
2019,12,201912,경기,남성,80,30175
2019,12,201912,경기,남성,90,2595
2019,12,201912,경기,여성,10,1178
2019,12,201912,경기,여성,20,52385
2019,12,201912,경기,여성,30,244919
2019,12,201912,경기,여성,40,389298
2019,12,201912,경기,여성,50,405728
2019,12,201912,경기,여성,60,204376
2019,12,201912,경기,여성,70,44225
2019,12,201912,경기,여성,80,9765
2019,12,201912,경기,여성,90,1793
2019,12,201912,강원,남성,10,208
2019,12,201912,강원,남성,20,16069
2019,12,201912,강원,남성,30,67881
2019,12,201912,강원,남성,40,123695
2019,12,201912,강원,남성,50,155575
2019,12,201912,강원,남성,60,123374
2019,12,201912,강원,남성,70,40323
2019,12,201912,강원,남성,80,7480
2019,12,201912,강원,남성,90,531
2019,12,201912,강원,여성,10,109
2019,12,201912,강원,여성,20,7128
2019,12,201912,강원,여성,30,28263
2019,12,201912,강원,여성,40,48106
2019,12,201912,강원,여성,50,59210
2019,12,201912,강원,여성,60,36508
2019,12,201912,강원,여성,70,7450
2019,12,201912,강원,여성,80,1559
2019,12,201912,강원,여성,90,481
2019,12,201912,충북,남성,10,323
2019,12,201912,충북,남성,20,18448
2019,12,201912,충북,남성,30,82463
2019,12,201912,충북,남성,40,135176
2019,12,201912,충북,남성,50,168476
2019,12,201912,충북,남성,60,119878
2019,12,201912,충북,남성,70,35705
2019,12,201912,충북,남성,80,5507
2019,12,201912,충북,남성,90,400
2019,12,201912,충북,여성,10,189
2019,12,201912,충북,여성,20,8774
2019,12,201912,충북,여성,30,32397
2019,12,201912,충북,여성,40,49080
2019,12,201912,충북,여성,50,59049
2019,12,201912,충북,여성,60,32199
2019,12,201912,충북,여성,70,6165
2019,12,201912,충북,여성,80,1618
2019,12,201912,충북,여성,90,288
2019,12,201912,충남,남성,10,289
2019,12,201912,충남,남성,20,23698
2019,12,201912,충남,남성,30,124164
2019,12,201912,충남,남성,40,197482
2019,12,201912,충남,남성,50,216542
2019,12,201912,충남,남성,60,152074
2019,12,201912,충남,남성,70,51322
2019,12,201912,충남,남성,80,8049
2019,12,201912,충남,남성,90,638
2019,12,201912,충남,여성,10,177
2019,12,201912,충남,여성,20,11388
2019,12,201912,충남,여성,30,43595
2019,12,201912,충남,여성,40,64419
2019,12,201912,충남,여성,50,74641
2019,12,201912,충남,여성,60,41696
2019,12,201912,충남,여성,70,8612
2019,12,201912,충남,여성,80,2381
2019,12,201912,충남,여성,90,447
2019,12,201912,전북,남성,10,352
2019,12,201912,전북,남성,20,16039
2019,12,201912,전북,남성,30,75736
2019,12,201912,전북,남성,40,149968
2019,12,201912,전북,남성,50,180446
2019,12,201912,전북,남성,60,134156
2019,12,201912,전북,남성,70,49147
2019,12,201912,전북,남성,80,7562
2019,12,201912,전북,남성,90,755
2019,12,201912,전북,여성,10,184
2019,12,201912,전북,여성,20,8791
2019,12,201912,전북,여성,30,33498
2019,12,201912,전북,여성,40,55484
2019,12,201912,전북,여성,50,66059
2019,12,201912,전북,여성,60,38229
2019,12,201912,전북,여성,70,9345
2019,12,201912,전북,여성,80,2985
2019,12,201912,전북,여성,90,743
2019,12,201912,전남,남성,10,355
2019,12,201912,전남,남성,20,17167
2019,12,201912,전남,남성,30,79988
2019,12,201912,전남,남성,40,152414
2019,12,201912,전남,남성,50,199044
2019,12,201912,전남,남성,60,145848
2019,12,201912,전남,남성,70,52980
2019,12,201912,전남,남성,80,7260
2019,12,201912,전남,남성,90,769
2019,12,201912,전남,여성,10,191
2019,12,201912,전남,여성,20,8487
2019,12,201912,전남,여성,30,31978
2019,12,201912,전남,여성,40,52716
2019,12,201912,전남,여성,50,64594
2019,12,201912,전남,여성,60,36945
2019,12,201912,전남,여성,70,8622
2019,12,201912,전남,여성,80,3001
2019,12,201912,전남,여성,90,707
2019,12,201912,경북,남성,10,237
2019,12,201912,경북,남성,20,23852
2019,12,201912,경북,남성,30,127906
2019,12,201912,경북,남성,40,230539
2019,12,201912,경북,남성,50,305346
2019,12,201912,경북,남성,60,239013
2019,12,201912,경북,남성,70,79560
2019,12,201912,경북,남성,80,11731
2019,12,201912,경북,남성,90,856
2019,12,201912,경북,여성,10,141
2019,12,201912,경북,여성,20,11684
2019,12,201912,경북,여성,30,47872
2019,12,201912,경북,여성,40,77074
2019,12,201912,경북,여성,50,98211
2019,12,201912,경북,여성,60,59139
2019,12,201912,경북,여성,70,11895
2019,12,201912,경북,여성,80,3041
2019,12,201912,경북,여성,90,567
2019,12,201912,경남,남성,10,677
2019,12,201912,경남,남성,20,28454
2019,12,201912,경남,남성,30,164976
2019,12,201912,경남,남성,40,292142
2019,12,201912,경남,남성,50,339928
2019,12,201912,경남,남성,60,239746
2019,12,201912,경남,남성,70,68137
2019,12,201912,경남,남성,80,9139
2019,12,201912,경남,남성,90,751
2019,12,201912,경남,여성,10,344
2019,12,201912,경남,여성,20,13494
2019,12,201912,경남,여성,30,62393
2019,12,201912,경남,여성,40,102375
2019,12,201912,경남,여성,50,116679
2019,12,201912,경남,여성,60,62214
2019,12,201912,경남,여성,70,11462
2019,12,201912,경남,여성,80,3024
2019,12,201912,경남,여성,90,650
2019,12,201912,제주,남성,10,183
2019,12,201912,제주,남성,20,6219
2019,12,201912,제주,남성,30,32144
2019,12,201912,제주,남성,40,62633
2019,12,201912,제주,남성,50,67289
2019,12,201912,제주,남성,60,43155
2019,12,201912,제주,남성,70,15765
2019,12,201912,제주,남성,80,2893
2019,12,201912,제주,남성,90,192
2019,12,201912,제주,여성,10,83
2019,12,201912,제주,여성,20,3990
2019,12,201912,제주,여성,30,16661
2019,12,201912,제주,여성,40,27882
2019,12,201912,제주,여성,50,30220
2019,12,201912,제주,여성,60,16204
2019,12,201912,제주,여성,70,3625
2019,12,201912,제주,여성,80,718
2019,12,201912,제주,여성,90,188
2020,01,202001,서울,남성,10,1131
2020,01,202001,서울,남성,20,30596
2020,01,202001,서울,남성,30,303848
2020,01,202001,서울,남성,40,509793
2020,01,202001,서울,남성,50,533535
2020,01,202001,서울,남성,60,427322
2020,01,202001,서울,남성,70,151916
2020,01,202001,서울,남성,80,28256
2020,01,202001,서울,남성,90,3158
2020,01,202001,서울,여성,10,585
2020,01,202001,서울,여성,20,14944
2020,01,202001,서울,여성,30,111612
2020,01,202001,서울,여성,40,184275
2020,01,202001,서울,여성,50,192229
2020,01,202001,서울,여성,60,131822
2020,01,202001,서울,여성,70,34836
2020,01,202001,서울,여성,80,7767
2020,01,202001,서울,여성,90,1901
2020,01,202001,부산,남성,10,421
2020,01,202001,부산,남성,20,15980
2020,01,202001,부산,남성,30,117316
2020,01,202001,부산,남성,40,207180
2020,01,202001,부산,남성,50,226146
2020,01,202001,부산,남성,60,198603
2020,01,202001,부산,남성,70,64325
2020,01,202001,부산,남성,80,9663
2020,01,202001,부산,남성,90,961
2020,01,202001,부산,여성,10,244
2020,01,202001,부산,여성,20,7317
2020,01,202001,부산,여성,30,43051
2020,01,202001,부산,여성,40,75322
2020,01,202001,부산,여성,50,85444
2020,01,202001,부산,여성,60,58116
2020,01,202001,부산,여성,70,12621
2020,01,202001,부산,여성,80,2751
2020,01,202001,부산,여성,90,586
2020,01,202001,대구,남성,10,254
2020,01,202001,대구,남성,20,15221
2020,01,202001,대구,남성,30,102716
2020,01,202001,대구,남성,40,191313
2020,01,202001,대구,남성,50,228048
2020,01,202001,대구,남성,60,169371
2020,01,202001,대구,남성,70,53877
2020,01,202001,대구,남성,80,9043
2020,01,202001,대구,남성,90,697
2020,01,202001,대구,여성,10,118
2020,01,202001,대구,여성,20,7227
2020,01,202001,대구,여성,30,38830
2020,01,202001,대구,여성,40,70918
2020,01,202001,대구,여성,50,85423
2020,01,202001,대구,여성,60,51528
2020,01,202001,대구,여성,70,11083
2020,01,202001,대구,여성,80,2404
2020,01,202001,대구,여성,90,441
2020,01,202001,인천,남성,10,385
2020,01,202001,인천,남성,20,20234
2020,01,202001,인천,남성,30,127899
2020,01,202001,인천,남성,40,213796
2020,01,202001,인천,남성,50,229563
2020,01,202001,인천,남성,60,163964
2020,01,202001,인천,남성,70,41230
2020,01,202001,인천,남성,80,6165
2020,01,202001,인천,남성,90,589
2020,01,202001,인천,여성,10,254
2020,01,202001,인천,여성,20,9345
2020,01,202001,인천,여성,30,48301
2020,01,202001,인천,여성,40,78889
2020,01,202001,인천,여성,50,87414
2020,01,202001,인천,여성,60,49923
2020,01,202001,인천,여성,70,8828
2020,01,202001,인천,여성,80,2020
2020,01,202001,인천,여성,90,454
2020,01,202001,광주,남성,10,172
2020,01,202001,광주,남성,20,10704
2020,01,202001,광주,남성,30,63953
2020,01,202001,광주,남성,40,117045
2020,01,202001,광주,남성,50,128235
2020,01,202001,광주,남성,60,81760
2020,01,202001,광주,남성,70,26041
2020,01,202001,광주,남성,80,4097
2020,01,202001,광주,남성,90,390
2020,01,202001,광주,여성,10,88
2020,01,202001,광주,여성,20,6397
2020,01,202001,광주,여성,30,30291
2020,01,202001,광주,여성,40,48571
2020,01,202001,광주,여성,50,50967
2020,01,202001,광주,여성,60,26596
2020,01,202001,광주,여성,70,5782
2020,01,202001,광주,여성,80,1417
2020,01,202001,광주,여성,90,388
2020,01,202001,대전,남성,10,339
2020,01,202001,대전,남성,20,10334
2020,01,202001,대전,남성,30,65702
2020,01,202001,대전,남성,40,114557
2020,01,202001,대전,남성,50,129595
2020,01,202001,대전,남성,60,94010
2020,01,202001,대전,남성,70,27019
2020,01,202001,대전,남성,80,4427
2020,01,202001,대전,남성,90,403
2020,01,202001,대전,여성,10,182
2020,01,202001,대전,여성,20,5568
2020,01,202001,대전,여성,30,27054
2020,01,202001,대전,여성,40,45590
2020,01,202001,대전,여성,50,50469
2020,01,202001,대전,여성,60,28593
2020,01,202001,대전,여성,70,5770
2020,01,202001,대전,여성,80,1566
2020,01,202001,대전,여성,90,381
2020,01,202001,울산,남성,10,215
2020,01,202001,울산,남성,20,7791
2020,01,202001,울산,남성,30,54260
2020,01,202001,울산,남성,40,98942
2020,01,202001,울산,남성,50,128517
2020,01,202001,울산,남성,60,91405
2020,01,202001,울산,남성,70,21920
2020,01,202001,울산,남성,80,2474
2020,01,202001,울산,남성,90,205
2020,01,202001,울산,여성,10,93
2020,01,202001,울산,여성,20,3420
2020,01,202001,울산,여성,30,18718
2020,01,202001,울산,여성,40,31815
2020,01,202001,울산,여성,50,35398
2020,01,202001,울산,여성,60,20576
2020,01,202001,울산,여성,70,3558
2020,01,202001,울산,여성,80,783
2020,01,202001,울산,여성,90,176
2020,01,202001,세종,남성,10,75
2020,01,202001,세종,남성,20,1812
2020,01,202001,세종,남성,30,21484
2020,01,202001,세종,남성,40,39161
2020,01,202001,세종,남성,50,28366
2020,01,202001,세종,남성,60,17994
2020,01,202001,세종,남성,70,4676
2020,01,202001,세종,남성,80,734
2020,01,202001,세종,남성,90,64
2020,01,202001,세종,여성,10,38
2020,01,202001,세종,여성,20,1257
2020,01,202001,세종,여성,30,9831
2020,01,202001,세종,여성,40,14110
2020,01,202001,세종,여성,50,10146
2020,01,202001,세종,여성,60,5571
2020,01,202001,세종,여성,70,947
2020,01,202001,세종,여성,80,261
2020,01,202001,세종,여성,90,65
2020,01,202001,경기,남성,10,2066
2020,01,202001,경기,남성,20,82303
2020,01,202001,경기,남성,30,599900
2020,01,202001,경기,남성,40,1066501
2020,01,202001,경기,남성,50,1100853
2020,01,202001,경기,남성,60,733285
2020,01,202001,경기,남성,70,199188
2020,01,202001,경기,남성,80,37842
2020,01,202001,경기,남성,90,3275
2020,01,202001,경기,여성,10,1024
2020,01,202001,경기,여성,20,39838
2020,01,202001,경기,여성,30,223559
2020,01,202001,경기,여성,40,383351
2020,01,202001,경기,여성,50,414053
2020,01,202001,경기,여성,60,234383
2020,01,202001,경기,여성,70,48857
2020,01,202001,경기,여성,80,11390
2020,01,202001,경기,여성,90,2147
2020,01,202001,강원,남성,10,179
2020,01,202001,강원,남성,20,12297
2020,01,202001,강원,남성,30,62476
2020,01,202001,강원,남성,40,118738
2020,01,202001,강원,남성,50,153619
2020,01,202001,강원,남성,60,135938
2020,01,202001,강원,남성,70,42987
2020,01,202001,강원,남성,80,9476
2020,01,202001,강원,남성,90,677
2020,01,202001,강원,여성,10,103
2020,01,202001,강원,여성,20,5533
2020,01,202001,강원,여성,30,26127
2020,01,202001,강원,여성,40,46499
2020,01,202001,강원,여성,50,59078
2020,01,202001,강원,여성,60,41572
2020,01,202001,강원,여성,70,8262
2020,01,202001,강원,여성,80,1838
2020,01,202001,강원,여성,90,540
2020,01,202001,충북,남성,10,282
2020,01,202001,충북,남성,20,14074
2020,01,202001,충북,남성,30,75780
2020,01,202001,충북,남성,40,130964
2020,01,202001,충북,남성,50,165801
2020,01,202001,충북,남성,60,133643
2020,01,202001,충북,남성,70,39301
2020,01,202001,충북,남성,80,6961
2020,01,202001,충북,남성,90,513
2020,01,202001,충북,여성,10,159
2020,01,202001,충북,여성,20,6933
2020,01,202001,충북,여성,30,30095
2020,01,202001,충북,여성,40,47976
2020,01,202001,충북,여성,50,59070
2020,01,202001,충북,여성,60,36849
2020,01,202001,충북,여성,70,6909
2020,01,202001,충북,여성,80,1899
2020,01,202001,충북,여성,90,341
2020,01,202001,충남,남성,10,256
2020,01,202001,충남,남성,20,17855
2020,01,202001,충남,남성,30,112381
2020,01,202001,충남,남성,40,193953
2020,01,202001,충남,남성,50,215828
2020,01,202001,충남,남성,60,167920
2020,01,202001,충남,남성,70,57219
2020,01,202001,충남,남성,80,9991
2020,01,202001,충남,남성,90,826
2020,01,202001,충남,여성,10,156
2020,01,202001,충남,여성,20,8908
2020,01,202001,충남,여성,30,40354
2020,01,202001,충남,여성,40,63097
2020,01,202001,충남,여성,50,74708
2020,01,202001,충남,여성,60,47963
2020,01,202001,충남,여성,70,9731
2020,01,202001,충남,여성,80,2708
2020,01,202001,충남,여성,90,541
2020,01,202001,전북,남성,10,305
2020,01,202001,전북,남성,20,12277
2020,01,202001,전북,남성,30,68138
2020,01,202001,전북,남성,40,143515
2020,01,202001,전북,남성,50,180926
2020,01,202001,전북,남성,60,145501
2020,01,202001,전북,남성,70,54496
2020,01,202001,전북,남성,80,9593
2020,01,202001,전북,남성,90,932
2020,01,202001,전북,여성,10,151
2020,01,202001,전북,여성,20,6952
2020,01,202001,전북,여성,30,30940
2020,01,202001,전북,여성,40,53858
2020,01,202001,전북,여성,50,66221
2020,01,202001,전북,여성,60,43247
2020,01,202001,전북,여성,70,10452
2020,01,202001,전북,여성,80,3290
2020,01,202001,전북,여성,90,888
2020,01,202001,전남,남성,10,295
2020,01,202001,전남,남성,20,13301
2020,01,202001,전남,남성,30,72029
2020,01,202001,전남,남성,40,145607
2020,01,202001,전남,남성,50,198549
2020,01,202001,전남,남성,60,157238
2020,01,202001,전남,남성,70,59344
2020,01,202001,전남,남성,80,9299
2020,01,202001,전남,남성,90,954
2020,01,202001,전남,여성,10,178
2020,01,202001,전남,여성,20,6713
2020,01,202001,전남,여성,30,29883
2020,01,202001,전남,여성,40,50779
2020,01,202001,전남,여성,50,64589
2020,01,202001,전남,여성,60,41816
2020,01,202001,전남,여성,70,9653
2020,01,202001,전남,여성,80,3326
2020,01,202001,전남,여성,90,839
2020,01,202001,경북,남성,10,207
2020,01,202001,경북,남성,20,18050
2020,01,202001,경북,남성,30,114801
2020,01,202001,경북,남성,40,223330
2020,01,202001,경북,남성,50,299410
2020,01,202001,경북,남성,60,259986
2020,01,202001,경북,남성,70,89400
2020,01,202001,경북,남성,80,14982
2020,01,202001,경북,남성,90,1079
2020,01,202001,경북,여성,10,124
2020,01,202001,경북,여성,20,9143
2020,01,202001,경북,여성,30,43709
2020,01,202001,경북,여성,40,75578
2020,01,202001,경북,여성,50,97477
2020,01,202001,경북,여성,60,66830
2020,01,202001,경북,여성,70,13674
2020,01,202001,경북,여성,80,3435
2020,01,202001,경북,여성,90,702
2020,01,202001,경남,남성,10,595
2020,01,202001,경남,남성,20,21365
2020,01,202001,경남,남성,30,146922
2020,01,202001,경남,남성,40,285290
2020,01,202001,경남,남성,50,338235
2020,01,202001,경남,남성,60,264051
2020,01,202001,경남,남성,70,77175
2020,01,202001,경남,남성,80,11773
2020,01,202001,경남,남성,90,968
2020,01,202001,경남,여성,10,308
2020,01,202001,경남,여성,20,10394
2020,01,202001,경남,여성,30,56923
2020,01,202001,경남,여성,40,99905
2020,01,202001,경남,여성,50,117742
2020,01,202001,경남,여성,60,71417
2020,01,202001,경남,여성,70,13046
2020,01,202001,경남,여성,80,3448
2020,01,202001,경남,여성,90,794
2020,01,202001,제주,남성,10,168
2020,01,202001,제주,남성,20,4677
2020,01,202001,제주,남성,30,28386
2020,01,202001,제주,남성,40,60490
2020,01,202001,제주,남성,50,68542
2020,01,202001,제주,남성,60,46941
2020,01,202001,제주,남성,70,17150
2020,01,202001,제주,남성,80,3656
2020,01,202001,제주,남성,90,240
2020,01,202001,제주,여성,10,76
2020,01,202001,제주,여성,20,3086
2020,01,202001,제주,여성,30,15212
2020,01,202001,제주,여성,40,26959
2020,01,202001,제주,여성,50,30907
2020,01,202001,제주,여성,60,18285
2020,01,202001,제주,여성,70,4161
2020,01,202001,제주,여성,80,830
2020,01,202001,제주,여성,90,213
2020,02,202002,서울,남성,10,1132
2020,02,202002,서울,남성,20,31273
2020,02,202002,서울,남성,30,305110
2020,02,202002,서울,남성,40,509733
2020,02,202002,서울,남성,50,532526
2020,02,202002,서울,남성,60,426044
2020,02,202002,서울,남성,70,150888
2020,02,202002,서울,남성,80,28033
2020,02,202002,서울,남성,90,3109
2020,02,202002,서울,여성,10,585
2020,02,202002,서울,여성,20,15306
2020,02,202002,서울,여성,30,112355
2020,02,202002,서울,여성,40,184364
2020,02,202002,서울,여성,50,192128
2020,02,202002,서울,여성,60,131195
2020,02,202002,서울,여성,70,34591
2020,02,202002,서울,여성,80,7686
2020,02,202002,서울,여성,90,1876
2020,02,202002,부산,남성,10,421
2020,02,202002,부산,남성,20,16332
2020,02,202002,부산,남성,30,117781
2020,02,202002,부산,남성,40,207290
2020,02,202002,부산,남성,50,226051
2020,02,202002,부산,남성,60,198242
2020,02,202002,부산,남성,70,63903
2020,02,202002,부산,남성,80,9517
2020,02,202002,부산,남성,90,950
2020,02,202002,부산,여성,10,241
2020,02,202002,부산,여성,20,7457
2020,02,202002,부산,여성,30,43302
2020,02,202002,부산,여성,40,75416
2020,02,202002,부산,여성,50,85469
2020,02,202002,부산,여성,60,57921
2020,02,202002,부산,여성,70,12506
2020,02,202002,부산,여성,80,2707
2020,02,202002,부산,여성,90,575
2020,02,202002,대구,남성,10,254
2020,02,202002,대구,남성,20,15515
2020,02,202002,대구,남성,30,103114
2020,02,202002,대구,남성,40,191125
2020,02,202002,대구,남성,50,227920
2020,02,202002,대구,남성,60,168929
2020,02,202002,대구,남성,70,53519
2020,02,202002,대구,남성,80,8921
2020,02,202002,대구,남성,90,693
2020,02,202002,대구,여성,10,118
2020,02,202002,대구,여성,20,7400
2020,02,202002,대구,여성,30,38995
2020,02,202002,대구,여성,40,70921
2020,02,202002,대구,여성,50,85504
2020,02,202002,대구,여성,60,51430
2020,02,202002,대구,여성,70,11029
2020,02,202002,대구,여성,80,2371
2020,02,202002,대구,여성,90,436
2020,02,202002,인천,남성,10,380
2020,02,202002,인천,남성,20,20608
2020,02,202002,인천,남성,30,128301
2020,02,202002,인천,남성,40,213558
2020,02,202002,인천,남성,50,229174
2020,02,202002,인천,남성,60,163507
2020,02,202002,인천,남성,70,40947
2020,02,202002,인천,남성,80,6077
2020,02,202002,인천,남성,90,584
2020,02,202002,인천,여성,10,253
2020,02,202002,인천,여성,20,9521
2020,02,202002,인천,여성,30,48523
2020,02,202002,인천,여성,40,78844
2020,02,202002,인천,여성,50,87290
2020,02,202002,인천,여성,60,49749
2020,02,202002,인천,여성,70,8748
2020,02,202002,인천,여성,80,1987
2020,02,202002,인천,여성,90,452
2020,02,202002,광주,남성,10,175
2020,02,202002,광주,남성,20,10970
2020,02,202002,광주,남성,30,64266
2020,02,202002,광주,남성,40,117163
2020,02,202002,광주,남성,50,128298
2020,02,202002,광주,남성,60,81552
2020,02,202002,광주,남성,70,25929
2020,02,202002,광주,남성,80,4051
2020,02,202002,광주,남성,90,389
2020,02,202002,광주,여성,10,90
2020,02,202002,광주,여성,20,6614
2020,02,202002,광주,여성,30,30458
2020,02,202002,광주,여성,40,48690
2020,02,202002,광주,여성,50,51088
2020,02,202002,광주,여성,60,26530
2020,02,202002,광주,여성,70,5748
2020,02,202002,광주,여성,80,1397
2020,02,202002,광주,여성,90,381
2020,02,202002,대전,남성,10,339
2020,02,202002,대전,남성,20,10671
2020,02,202002,대전,남성,30,65897
2020,02,202002,대전,남성,40,114594
2020,02,202002,대전,남성,50,129587
2020,02,202002,대전,남성,60,93844
2020,02,202002,대전,남성,70,26901
2020,02,202002,대전,남성,80,4371
2020,02,202002,대전,남성,90,400
2020,02,202002,대전,여성,10,182
2020,02,202002,대전,여성,20,5715
2020,02,202002,대전,여성,30,27156
2020,02,202002,대전,여성,40,45668
2020,02,202002,대전,여성,50,50524
2020,02,202002,대전,여성,60,28517
2020,02,202002,대전,여성,70,5713
2020,02,202002,대전,여성,80,1538
2020,02,202002,대전,여성,90,376
2020,02,202002,울산,남성,10,215
2020,02,202002,울산,남성,20,7941
2020,02,202002,울산,남성,30,54455
2020,02,202002,울산,남성,40,99010
2020,02,202002,울산,남성,50,128433
2020,02,202002,울산,남성,60,91210
2020,02,202002,울산,남성,70,21811
2020,02,202002,울산,남성,80,2449
2020,02,202002,울산,남성,90,204
2020,02,202002,울산,여성,10,89
2020,02,202002,울산,여성,20,3518
2020,02,202002,울산,여성,30,18787
2020,02,202002,울산,여성,40,31831
2020,02,202002,울산,여성,50,35400
2020,02,202002,울산,여성,60,20496
2020,02,202002,울산,여성,70,3527
2020,02,202002,울산,여성,80,776
2020,02,202002,울산,여성,90,173
2020,02,202002,세종,남성,10,75
2020,02,202002,세종,남성,20,1853
2020,02,202002,세종,남성,30,21683
2020,02,202002,세종,남성,40,39412
2020,02,202002,세종,남성,50,28528
2020,02,202002,세종,남성,60,18025
2020,02,202002,세종,남성,70,4666
2020,02,202002,세종,남성,80,735
2020,02,202002,세종,남성,90,63
2020,02,202002,세종,여성,10,38
2020,02,202002,세종,여성,20,1308
2020,02,202002,세종,여성,30,9937
2020,02,202002,세종,여성,40,14216
2020,02,202002,세종,여성,50,10181
2020,02,202002,세종,여성,60,5584
2020,02,202002,세종,여성,70,938
2020,02,202002,세종,여성,80,259
2020,02,202002,세종,여성,90,63
2020,02,202002,경기,남성,10,2080
2020,02,202002,경기,남성,20,84221
2020,02,202002,경기,남성,30,603790
2020,02,202002,경기,남성,40,1066726
2020,02,202002,경기,남성,50,1098791
2020,02,202002,경기,남성,60,730985
2020,02,202002,경기,남성,70,197993
2020,02,202002,경기,남성,80,37419
2020,02,202002,경기,남성,90,3240
2020,02,202002,경기,여성,10,1019
2020,02,202002,경기,여성,20,40766
2020,02,202002,경기,여성,30,225158
2020,02,202002,경기,여성,40,383893
2020,02,202002,경기,여성,50,414169
2020,02,202002,경기,여성,60,233792
2020,02,202002,경기,여성,70,48593
2020,02,202002,경기,여성,80,11247
2020,02,202002,경기,여성,90,2115
2020,02,202002,강원,남성,10,179
2020,02,202002,강원,남성,20,12563
2020,02,202002,강원,남성,30,62826
2020,02,202002,강원,남성,40,118850
2020,02,202002,강원,남성,50,153764
2020,02,202002,강원,남성,60,135981
2020,02,202002,강원,남성,70,42850
2020,02,202002,강원,남성,80,9404
2020,02,202002,강원,남성,90,659
2020,02,202002,강원,여성,10,107
2020,02,202002,강원,여성,20,5686
2020,02,202002,강원,여성,30,26253
2020,02,202002,강원,여성,40,46563
2020,02,202002,강원,여성,50,59142
2020,02,202002,강원,여성,60,41586
2020,02,202002,강원,여성,70,8219
2020,02,202002,강원,여성,80,1809
2020,02,202002,강원,여성,90,539
2020,02,202002,충북,남성,10,288
2020,02,202002,충북,남성,20,14395
2020,02,202002,충북,남성,30,76126
2020,02,202002,충북,남성,40,131184
2020,02,202002,충북,남성,50,166141
2020,02,202002,충북,남성,60,133640
2020,02,202002,충북,남성,70,39177
2020,02,202002,충북,남성,80,6892
2020,02,202002,충북,남성,90,505
2020,02,202002,충북,여성,10,162
2020,02,202002,충북,여성,20,7093
2020,02,202002,충북,여성,30,30306
2020,02,202002,충북,여성,40,48077
2020,02,202002,충북,여성,50,59266
2020,02,202002,충북,여성,60,36848
2020,02,202002,충북,여성,70,6885
2020,02,202002,충북,여성,80,1883
2020,02,202002,충북,여성,90,331
2020,02,202002,충남,남성,10,258
2020,02,202002,충남,남성,20,18235
2020,02,202002,충남,남성,30,112793
2020,02,202002,충남,남성,40,194025
2020,02,202002,충남,남성,50,216370
2020,02,202002,충남,남성,60,167982
2020,02,202002,충남,남성,70,57117
2020,02,202002,충남,남성,80,9881
2020,02,202002,충남,남성,90,819
2020,02,202002,충남,여성,10,158
2020,02,202002,충남,여성,20,9091
2020,02,202002,충남,여성,30,40510
2020,02,202002,충남,여성,40,63202
2020,02,202002,충남,여성,50,74844
2020,02,202002,충남,여성,60,47951
2020,02,202002,충남,여성,70,9684
2020,02,202002,충남,여성,80,2687
2020,02,202002,충남,여성,90,534
2020,02,202002,전북,남성,10,306
2020,02,202002,전북,남성,20,12539
2020,02,202002,전북,남성,30,68385
2020,02,202002,전북,남성,40,143578
2020,02,202002,전북,남성,50,181379
2020,02,202002,전북,남성,60,145490
2020,02,202002,전북,남성,70,54332
2020,02,202002,전북,남성,80,9492
2020,02,202002,전북,남성,90,920
2020,02,202002,전북,여성,10,152
2020,02,202002,전북,여성,20,7156
2020,02,202002,전북,여성,30,31131
2020,02,202002,전북,여성,40,53954
2020,02,202002,전북,여성,50,66312
2020,02,202002,전북,여성,60,43250
2020,02,202002,전북,여성,70,10384
2020,02,202002,전북,여성,80,3264
2020,02,202002,전북,여성,90,883
2020,02,202002,전남,남성,10,296
2020,02,202002,전남,남성,20,13622
2020,02,202002,전남,남성,30,72293
2020,02,202002,전남,남성,40,145684
2020,02,202002,전남,남성,50,198792
2020,02,202002,전남,남성,60,157192
2020,02,202002,전남,남성,70,59137
2020,02,202002,전남,남성,80,9202
2020,02,202002,전남,남성,90,940
2020,02,202002,전남,여성,10,176
2020,02,202002,전남,여성,20,6839
2020,02,202002,전남,여성,30,29942
2020,02,202002,전남,여성,40,50860
2020,02,202002,전남,여성,50,64759
2020,02,202002,전남,여성,60,41800
2020,02,202002,전남,여성,70,9593
2020,02,202002,전남,여성,80,3284
2020,02,202002,전남,여성,90,828
2020,02,202002,경북,남성,10,212
2020,02,202002,경북,남성,20,18490
2020,02,202002,경북,남성,30,115187
2020,02,202002,경북,남성,40,223389
2020,02,202002,경북,남성,50,300042
2020,02,202002,경북,남성,60,259965
2020,02,202002,경북,남성,70,89114
2020,02,202002,경북,남성,80,14843
2020,02,202002,경북,남성,90,1057
2020,02,202002,경북,여성,10,123
2020,02,202002,경북,여성,20,9354
2020,02,202002,경북,여성,30,43865
2020,02,202002,경북,여성,40,75733
2020,02,202002,경북,여성,50,97620
2020,02,202002,경북,여성,60,66733
2020,02,202002,경북,여성,70,13602
2020,02,202002,경북,여성,80,3408
2020,02,202002,경북,여성,90,695
2020,02,202002,경남,남성,10,594
2020,02,202002,경남,남성,20,21826
2020,02,202002,경남,남성,30,147558
2020,02,202002,경남,남성,40,285683
2020,02,202002,경남,남성,50,338752
2020,02,202002,경남,남성,60,263907
2020,02,202002,경남,남성,70,76890
2020,02,202002,경남,남성,80,11649
2020,02,202002,경남,남성,90,949
2020,02,202002,경남,여성,10,309
2020,02,202002,경남,여성,20,10653
2020,02,202002,경남,여성,30,57198
2020,02,202002,경남,여성,40,100148
2020,02,202002,경남,여성,50,117995
2020,02,202002,경남,여성,60,71327
2020,02,202002,경남,여성,70,13001
2020,02,202002,경남,여성,80,3416
2020,02,202002,경남,여성,90,783
2020,02,202002,제주,남성,10,167
2020,02,202002,제주,남성,20,4798
2020,02,202002,제주,남성,30,28537
2020,02,202002,제주,남성,40,60532
2020,02,202002,제주,남성,50,68574
2020,02,202002,제주,남성,60,46877
2020,02,202002,제주,남성,70,17045
2020,02,202002,제주,남성,80,3607
2020,02,202002,제주,남성,90,239
2020,02,202002,제주,여성,10,77
2020,02,202002,제주,여성,20,3151
2020,02,202002,제주,여성,30,15297
2020,02,202002,제주,여성,40,27000
2020,02,202002,제주,여성,50,30969
2020,02,202002,제주,여성,60,18280
2020,02,202002,제주,여성,70,4132
2020,02,202002,제주,여성,80,823
2020,02,202002,제주,여성,90,210
2020,03,202003,서울,남성,10,1138
2020,03,202003,서울,남성,20,32099
2020,03,202003,서울,남성,30,307094
2020,03,202003,서울,남성,40,509943
2020,03,202003,서울,남성,50,532116
2020,03,202003,서울,남성,60,425026
2020,03,202003,서울,남성,70,149998
2020,03,202003,서울,남성,80,27746
2020,03,202003,서울,남성,90,3076
2020,03,202003,서울,여성,10,586
2020,03,202003,서울,여성,20,15856
2020,03,202003,서울,여성,30,113197
2020,03,202003,서울,여성,40,184690
2020,03,202003,서울,여성,50,192053
2020,03,202003,서울,여성,60,130706
2020,03,202003,서울,여성,70,34356
2020,03,202003,서울,여성,80,7610
2020,03,202003,서울,여성,90,1863
2020,03,202003,부산,남성,10,424
2020,03,202003,부산,남성,20,16817
2020,03,202003,부산,남성,30,118647
2020,03,202003,부산,남성,40,207471
2020,03,202003,부산,남성,50,225769
2020,03,202003,부산,남성,60,197498
2020,03,202003,부산,남성,70,63409
2020,03,202003,부산,남성,80,9403
2020,03,202003,부산,남성,90,932
2020,03,202003,부산,여성,10,240
2020,03,202003,부산,여성,20,7711
2020,03,202003,부산,여성,30,43639
2020,03,202003,부산,여성,40,75559
2020,03,202003,부산,여성,50,85546
2020,03,202003,부산,여성,60,57690
2020,03,202003,부산,여성,70,12398
2020,03,202003,부산,여성,80,2680
2020,03,202003,부산,여성,90,565
2020,03,202003,대구,남성,10,252
2020,03,202003,대구,남성,20,15946
2020,03,202003,대구,남성,30,103721
2020,03,202003,대구,남성,40,191823
2020,03,202003,대구,남성,50,228520
2020,03,202003,대구,남성,60,168856
2020,03,202003,대구,남성,70,53246
2020,03,202003,대구,남성,80,8828
2020,03,202003,대구,남성,90,681
2020,03,202003,대구,여성,10,118
2020,03,202003,대구,여성,20,7626
2020,03,202003,대구,여성,30,39300
2020,03,202003,대구,여성,40,71114
2020,03,202003,대구,여성,50,85720
2020,03,202003,대구,여성,60,51303
2020,03,202003,대구,여성,70,10963
2020,03,202003,대구,여성,80,2342
2020,03,202003,대구,여성,90,434
2020,03,202003,인천,남성,10,385
2020,03,202003,인천,남성,20,21108
2020,03,202003,인천,남성,30,129111
2020,03,202003,인천,남성,40,213911
2020,03,202003,인천,남성,50,229382
2020,03,202003,인천,남성,60,163233
2020,03,202003,인천,남성,70,40704
2020,03,202003,인천,남성,80,6015
2020,03,202003,인천,남성,90,576
2020,03,202003,인천,여성,10,256
2020,03,202003,인천,여성,20,9828
2020,03,202003,인천,여성,30,48860
2020,03,202003,인천,여성,40,79030
2020,03,202003,인천,여성,50,87299
2020,03,202003,인천,여성,60,49606
2020,03,202003,인천,여성,70,8692
2020,03,202003,인천,여성,80,1952
2020,03,202003,인천,여성,90,447
2020,03,202003,광주,남성,10,177
2020,03,202003,광주,남성,20,11332
2020,03,202003,광주,남성,30,64777
2020,03,202003,광주,남성,40,117497
2020,03,202003,광주,남성,50,128517
2020,03,202003,광주,남성,60,81427
2020,03,202003,광주,남성,70,25771
2020,03,202003,광주,남성,80,4003
2020,03,202003,광주,남성,90,387
2020,03,202003,광주,여성,10,89
2020,03,202003,광주,여성,20,6840
2020,03,202003,광주,여성,30,30674
2020,03,202003,광주,여성,40,48851
2020,03,202003,광주,여성,50,51228
2020,03,202003,광주,여성,60,26421
2020,03,202003,광주,여성,70,5719
2020,03,202003,광주,여성,80,1384
2020,03,202003,광주,여성,90,369
2020,03,202003,대전,남성,10,338
2020,03,202003,대전,남성,20,10974
2020,03,202003,대전,남성,30,66487
2020,03,202003,대전,남성,40,115000
2020,03,202003,대전,남성,50,129843
2020,03,202003,대전,남성,60,93610
2020,03,202003,대전,남성,70,26759
2020,03,202003,대전,남성,80,4329
2020,03,202003,대전,남성,90,396
2020,03,202003,대전,여성,10,180
2020,03,202003,대전,여성,20,5911
2020,03,202003,대전,여성,30,27332
2020,03,202003,대전,여성,40,45757
2020,03,202003,대전,여성,50,50568
2020,03,202003,대전,여성,60,28507
2020,03,202003,대전,여성,70,5688
2020,03,202003,대전,여성,80,1503
2020,03,202003,대전,여성,90,371
2020,03,202003,울산,남성,10,215
2020,03,202003,울산,남성,20,8159
2020,03,202003,울산,남성,30,54904
2020,03,202003,울산,남성,40,99309
2020,03,202003,울산,남성,50,128627
2020,03,202003,울산,남성,60,91046
2020,03,202003,울산,남성,70,21722
2020,03,202003,울산,남성,80,2420
2020,03,202003,울산,남성,90,204
2020,03,202003,울산,여성,10,88
2020,03,202003,울산,여성,20,3641
2020,03,202003,울산,여성,30,18856
2020,03,202003,울산,여성,40,31912
2020,03,202003,울산,여성,50,35471
2020,03,202003,울산,여성,60,20442
2020,03,202003,울산,여성,70,3499
2020,03,202003,울산,여성,80,762
2020,03,202003,울산,여성,90,171
2020,03,202003,세종,남성,10,77
2020,03,202003,세종,남성,20,1896
2020,03,202003,세종,남성,30,21895
2020,03,202003,세종,남성,40,39644
2020,03,202003,세종,남성,50,28656
2020,03,202003,세종,남성,60,18079
2020,03,202003,세종,남성,70,4642
2020,03,202003,세종,남성,80,722
2020,03,202003,세종,남성,90,62
2020,03,202003,세종,여성,10,38
2020,03,202003,세종,여성,20,1336
2020,03,202003,세종,여성,30,10071
2020,03,202003,세종,여성,40,14305
2020,03,202003,세종,여성,50,10241
2020,03,202003,세종,여성,60,5574
2020,03,202003,세종,여성,70,937
2020,03,202003,세종,여성,80,254
2020,03,202003,세종,여성,90,60
2020,03,202003,경기,남성,10,2101
2020,03,202003,경기,남성,20,86987
2020,03,202003,경기,남성,30,609953
2020,03,202003,경기,남성,40,1070720
2020,03,202003,경기,남성,50,1100628
2020,03,202003,경기,남성,60,730494
2020,03,202003,경기,남성,70,197145
2020,03,202003,경기,남성,80,37047
2020,03,202003,경기,남성,90,3194
2020,03,202003,경기,여성,10,1025
2020,03,202003,경기,여성,20,42187
2020,03,202003,경기,여성,30,227595
2020,03,202003,경기,여성,40,385335
2020,03,202003,경기,여성,50,415252
2020,03,202003,경기,여성,60,233666
2020,03,202003,경기,여성,70,48321
2020,03,202003,경기,여성,80,11136
2020,03,202003,경기,여성,90,2088
2020,03,202003,강원,남성,10,179
2020,03,202003,강원,남성,20,12887
2020,03,202003,강원,남성,30,63204
2020,03,202003,강원,남성,40,119152
2020,03,202003,강원,남성,50,153809
2020,03,202003,강원,남성,60,135892
2020,03,202003,강원,남성,70,42570
2020,03,202003,강원,남성,80,9286
2020,03,202003,강원,남성,90,650
2020,03,202003,강원,여성,10,108
2020,03,202003,강원,여성,20,5888
2020,03,202003,강원,여성,30,26357
2020,03,202003,강원,여성,40,46685
2020,03,202003,강원,여성,50,59270
2020,03,202003,강원,여성,60,41461
2020,03,202003,강원,여성,70,8186
2020,03,202003,강원,여성,80,1793
2020,03,202003,강원,여성,90,534
2020,03,202003,충북,남성,10,291
2020,03,202003,충북,남성,20,14774
2020,03,202003,충북,남성,30,76604
2020,03,202003,충북,남성,40,131386
2020,03,202003,충북,남성,50,166415
2020,03,202003,충북,남성,60,133459
2020,03,202003,충북,남성,70,38931
2020,03,202003,충북,남성,80,6804
2020,03,202003,충북,남성,90,498
2020,03,202003,충북,여성,10,163
2020,03,202003,충북,여성,20,7314
2020,03,202003,충북,여성,30,30582
2020,03,202003,충북,여성,40,48152
2020,03,202003,충북,여성,50,59458
2020,03,202003,충북,여성,60,36788
2020,03,202003,충북,여성,70,6825
2020,03,202003,충북,여성,80,1867
2020,03,202003,충북,여성,90,325
2020,03,202003,충남,남성,10,258
2020,03,202003,충남,남성,20,18714
2020,03,202003,충남,남성,30,113316
2020,03,202003,충남,남성,40,194427
2020,03,202003,충남,남성,50,216809
2020,03,202003,충남,남성,60,167740
2020,03,202003,충남,남성,70,56786
2020,03,202003,충남,남성,80,9775
2020,03,202003,충남,남성,90,809
2020,03,202003,충남,여성,10,158
2020,03,202003,충남,여성,20,9335
2020,03,202003,충남,여성,30,40755
2020,03,202003,충남,여성,40,63365
2020,03,202003,충남,여성,50,75003
2020,03,202003,충남,여성,60,47856
2020,03,202003,충남,여성,70,9621
2020,03,202003,충남,여성,80,2659
2020,03,202003,충남,여성,90,528
2020,03,202003,전북,남성,10,302
2020,03,202003,전북,남성,20,12880
2020,03,202003,전북,남성,30,68878
2020,03,202003,전북,남성,40,143793
2020,03,202003,전북,남성,50,181522
2020,03,202003,전북,남성,60,145230
2020,03,202003,전북,남성,70,53976
2020,03,202003,전북,남성,80,9359
2020,03,202003,전북,남성,90,912
2020,03,202003,전북,여성,10,153
2020,03,202003,전북,여성,20,7325
2020,03,202003,전북,여성,30,31344
2020,03,202003,전북,여성,40,54120
2020,03,202003,전북,여성,50,66570
2020,03,202003,전북,여성,60,43160
2020,03,202003,전북,여성,70,10312
2020,03,202003,전북,여성,80,3221
2020,03,202003,전북,여성,90,873
2020,03,202003,전남,남성,10,298
2020,03,202003,전남,남성,20,13978
2020,03,202003,전남,남성,30,72827
2020,03,202003,전남,남성,40,145981
2020,03,202003,전남,남성,50,199160
2020,03,202003,전남,남성,60,157066
2020,03,202003,전남,남성,70,58772
2020,03,202003,전남,남성,80,9110
2020,03,202003,전남,남성,90,930
2020,03,202003,전남,여성,10,173
2020,03,202003,전남,여성,20,7043
2020,03,202003,전남,여성,30,30158
2020,03,202003,전남,여성,40,50995
2020,03,202003,전남,여성,50,64850
2020,03,202003,전남,여성,60,41764
2020,03,202003,전남,여성,70,9520
2020,03,202003,전남,여성,80,3230
2020,03,202003,전남,여성,90,816
2020,03,202003,경북,남성,10,211
2020,03,202003,경북,남성,20,18870
2020,03,202003,경북,남성,30,115432
2020,03,202003,경북,남성,40,223320
2020,03,202003,경북,남성,50,300032
2020,03,202003,경북,남성,60,259306
2020,03,202003,경북,남성,70,88569
2020,03,202003,경북,남성,80,14686
2020,03,202003,경북,남성,90,1052
2020,03,202003,경북,여성,10,123
2020,03,202003,경북,여성,20,9560
2020,03,202003,경북,여성,30,44014
2020,03,202003,경북,여성,40,75828
2020,03,202003,경북,여성,50,97700
2020,03,202003,경북,여성,60,66569
2020,03,202003,경북,여성,70,13531
2020,03,202003,경북,여성,80,3359
2020,03,202003,경북,여성,90,676
2020,03,202003,경남,남성,10,589
2020,03,202003,경남,남성,20,22360
2020,03,202003,경남,남성,30,148373
2020,03,202003,경남,남성,40,285895
2020,03,202003,경남,남성,50,338670
2020,03,202003,경남,남성,60,262997
2020,03,202003,경남,남성,70,76349
2020,03,202003,경남,남성,80,11451
2020,03,202003,경남,남성,90,931
2020,03,202003,경남,여성,10,309
2020,03,202003,경남,여성,20,10980
2020,03,202003,경남,여성,30,57543
2020,03,202003,경남,여성,40,100285
2020,03,202003,경남,여성,50,118154
2020,03,202003,경남,여성,60,71106
2020,03,202003,경남,여성,70,12925
2020,03,202003,경남,여성,80,3373
2020,03,202003,경남,여성,90,777
2020,03,202003,제주,남성,10,167
2020,03,202003,제주,남성,20,4916
2020,03,202003,제주,남성,30,28694
2020,03,202003,제주,남성,40,60668
2020,03,202003,제주,남성,50,68618
2020,03,202003,제주,남성,60,46813
2020,03,202003,제주,남성,70,17007
2020,03,202003,제주,남성,80,3568
2020,03,202003,제주,남성,90,238
2020,03,202003,제주,여성,10,77
2020,03,202003,제주,여성,20,3218
2020,03,202003,제주,여성,30,15337
2020,03,202003,제주,여성,40,27037
2020,03,202003,제주,여성,50,30994
2020,03,202003,제주,여성,60,18251
2020,03,202003,제주,여성,70,4100
2020,03,202003,제주,여성,80,811
2020,03,202003,제주,여성,90,210
2020,04,202004,서울,남성,10,1164
2020,04,202004,서울,남성,20,33006
2020,04,202004,서울,남성,30,309446
2020,04,202004,서울,남성,40,510319
2020,04,202004,서울,남성,50,532111
2020,04,202004,서울,남성,60,424134
2020,04,202004,서울,남성,70,149260
2020,04,202004,서울,남성,80,27477
2020,04,202004,서울,남성,90,3088
2020,04,202004,서울,여성,10,591
2020,04,202004,서울,여성,20,16358
2020,04,202004,서울,여성,30,114128
2020,04,202004,서울,여성,40,184821
2020,04,202004,서울,여성,50,192280
2020,04,202004,서울,여성,60,130267
2020,04,202004,서울,여성,70,34117
2020,04,202004,서울,여성,80,7516
2020,04,202004,서울,여성,90,1864
2020,04,202004,부산,남성,10,424
2020,04,202004,부산,남성,20,17276
2020,04,202004,부산,남성,30,119432
2020,04,202004,부산,남성,40,207905
2020,04,202004,부산,남성,50,226126
2020,04,202004,부산,남성,60,197251
2020,04,202004,부산,남성,70,63104
2020,04,202004,부산,남성,80,9310
2020,04,202004,부산,남성,90,923
2020,04,202004,부산,여성,10,239
2020,04,202004,부산,여성,20,7910
2020,04,202004,부산,여성,30,44017
2020,04,202004,부산,여성,40,75769
2020,04,202004,부산,여성,50,85648
2020,04,202004,부산,여성,60,57536
2020,04,202004,부산,여성,70,12330
2020,04,202004,부산,여성,80,2652
2020,04,202004,부산,여성,90,555
2020,04,202004,대구,남성,10,253
2020,04,202004,대구,남성,20,16335
2020,04,202004,대구,남성,30,104294
2020,04,202004,대구,남성,40,192241
2020,04,202004,대구,남성,50,228801
2020,04,202004,대구,남성,60,168486
2020,04,202004,대구,남성,70,52951
2020,04,202004,대구,남성,80,8758
2020,04,202004,대구,남성,90,674
2020,04,202004,대구,여성,10,119
2020,04,202004,대구,여성,20,7872
2020,04,202004,대구,여성,30,39632
2020,04,202004,대구,여성,40,71352
2020,04,202004,대구,여성,50,85857
2020,04,202004,대구,여성,60,51195
2020,04,202004,대구,여성,70,10852
2020,04,202004,대구,여성,80,2313
2020,04,202004,대구,여성,90,423
2020,04,202004,인천,남성,10,389
2020,04,202004,인천,남성,20,21642
2020,04,202004,인천,남성,30,129830
2020,04,202004,인천,남성,40,214540
2020,04,202004,인천,남성,50,229750
2020,04,202004,인천,남성,60,162990
2020,04,202004,인천,남성,70,40494
2020,04,202004,인천,남성,80,5945
2020,04,202004,인천,남성,90,573
2020,04,202004,인천,여성,10,256
2020,04,202004,인천,여성,20,10117
2020,04,202004,인천,여성,30,49295
2020,04,202004,인천,여성,40,79068
2020,04,202004,인천,여성,50,87456
2020,04,202004,인천,여성,60,49486
2020,04,202004,인천,여성,70,8641
2020,04,202004,인천,여성,80,1938
2020,04,202004,인천,여성,90,444
2020,04,202004,광주,남성,10,174
2020,04,202004,광주,남성,20,11669
2020,04,202004,광주,남성,30,65222
2020,04,202004,광주,남성,40,117770
2020,04,202004,광주,남성,50,128574
2020,04,202004,광주,남성,60,81136
2020,04,202004,광주,남성,70,25631
2020,04,202004,광주,남성,80,3943
2020,04,202004,광주,남성,90,382
2020,04,202004,광주,여성,10,90
2020,04,202004,광주,여성,20,7091
2020,04,202004,광주,여성,30,30945
2020,04,202004,광주,여성,40,48957
2020,04,202004,광주,여성,50,51312
2020,04,202004,광주,여성,60,26389
2020,04,202004,광주,여성,70,5676
2020,04,202004,광주,여성,80,1366
2020,04,202004,광주,여성,90,363
2020,04,202004,대전,남성,10,336
2020,04,202004,대전,남성,20,11250
2020,04,202004,대전,남성,30,66908
2020,04,202004,대전,남성,40,115251
2020,04,202004,대전,남성,50,129719
2020,04,202004,대전,남성,60,93170
2020,04,202004,대전,남성,70,26598
2020,04,202004,대전,남성,80,4272
2020,04,202004,대전,남성,90,388
2020,04,202004,대전,여성,10,181
2020,04,202004,대전,여성,20,6104
2020,04,202004,대전,여성,30,27531
2020,04,202004,대전,여성,40,45863
2020,04,202004,대전,여성,50,50570
2020,04,202004,대전,여성,60,28417
2020,04,202004,대전,여성,70,5625
2020,04,202004,대전,여성,80,1490
2020,04,202004,대전,여성,90,363
2020,04,202004,울산,남성,10,214
2020,04,202004,울산,남성,20,8400
2020,04,202004,울산,남성,30,55259
2020,04,202004,울산,남성,40,99483
2020,04,202004,울산,남성,50,128667
2020,04,202004,울산,남성,60,90698
2020,04,202004,울산,남성,70,21577
2020,04,202004,울산,남성,80,2382
2020,04,202004,울산,남성,90,200
2020,04,202004,울산,여성,10,87
2020,04,202004,울산,여성,20,3756
2020,04,202004,울산,여성,30,18966
2020,04,202004,울산,여성,40,31988
2020,04,202004,울산,여성,50,35536
2020,04,202004,울산,여성,60,20384
2020,04,202004,울산,여성,70,3470
2020,04,202004,울산,여성,80,755
2020,04,202004,울산,여성,90,171
2020,04,202004,세종,남성,10,77
2020,04,202004,세종,남성,20,1958
2020,04,202004,세종,남성,30,22110
2020,04,202004,세종,남성,40,39708
2020,04,202004,세종,남성,50,28766
2020,04,202004,세종,남성,60,18084
2020,04,202004,세종,남성,70,4617
2020,04,202004,세종,남성,80,712
2020,04,202004,세종,남성,90,59
2020,04,202004,세종,여성,10,38
2020,04,202004,세종,여성,20,1395
2020,04,202004,세종,여성,30,10163
2020,04,202004,세종,여성,40,14360
2020,04,202004,세종,여성,50,10247
2020,04,202004,세종,여성,60,5546
2020,04,202004,세종,여성,70,929
2020,04,202004,세종,여성,80,247
2020,04,202004,세종,여성,90,58
2020,04,202004,경기,남성,10,2111
2020,04,202004,경기,남성,20,89951
2020,04,202004,경기,남성,30,617423
2020,04,202004,경기,남성,40,1075561
2020,04,202004,경기,남성,50,1103772
2020,04,202004,경기,남성,60,730903
2020,04,202004,경기,남성,70,196577
2020,04,202004,경기,남성,80,36783
2020,04,202004,경기,남성,90,3154
2020,04,202004,경기,여성,10,1027
2020,04,202004,경기,여성,20,43633
2020,04,202004,경기,여성,30,230301
2020,04,202004,경기,여성,40,387141
2020,04,202004,경기,여성,50,416348
2020,04,202004,경기,여성,60,233750
2020,04,202004,경기,여성,70,48096
2020,04,202004,경기,여성,80,11064
2020,04,202004,경기,여성,90,2081
2020,04,202004,강원,남성,10,183
2020,04,202004,강원,남성,20,13153
2020,04,202004,강원,남성,30,63586
2020,04,202004,강원,남성,40,119534
2020,04,202004,강원,남성,50,154104
2020,04,202004,강원,남성,60,135844
2020,04,202004,강원,남성,70,42480
2020,04,202004,강원,남성,80,9179
2020,04,202004,강원,남성,90,639
2020,04,202004,강원,여성,10,106
2020,04,202004,강원,여성,20,6053
2020,04,202004,강원,여성,30,26604
2020,04,202004,강원,여성,40,46858
2020,04,202004,강원,여성,50,59521
2020,04,202004,강원,여성,60,41498
2020,04,202004,강원,여성,70,8157
2020,04,202004,강원,여성,80,1771
2020,04,202004,강원,여성,90,529
2020,04,202004,충북,남성,10,287
2020,04,202004,충북,남성,20,15218
2020,04,202004,충북,남성,30,77176
2020,04,202004,충북,남성,40,131645
2020,04,202004,충북,남성,50,166704
2020,04,202004,충북,남성,60,133264
2020,04,202004,충북,남성,70,38715
2020,04,202004,충북,남성,80,6723
2020,04,202004,충북,남성,90,496
2020,04,202004,충북,여성,10,163
2020,04,202004,충북,여성,20,7552
2020,04,202004,충북,여성,30,30735
2020,04,202004,충북,여성,40,48306
2020,04,202004,충북,여성,50,59547
2020,04,202004,충북,여성,60,36698
2020,04,202004,충북,여성,70,6798
2020,04,202004,충북,여성,80,1833
2020,04,202004,충북,여성,90,313
2020,04,202004,충남,남성,10,259
2020,04,202004,충남,남성,20,19215
2020,04,202004,충남,남성,30,113878
2020,04,202004,충남,남성,40,194755
2020,04,202004,충남,남성,50,216581
2020,04,202004,충남,남성,60,167203
2020,04,202004,충남,남성,70,56344
2020,04,202004,충남,남성,80,9664
2020,04,202004,충남,남성,90,792
2020,04,202004,충남,여성,10,159
2020,04,202004,충남,여성,20,9613
2020,04,202004,충남,여성,30,41077
2020,04,202004,충남,여성,40,63472
2020,04,202004,충남,여성,50,75073
2020,04,202004,충남,여성,60,47725
2020,04,202004,충남,여성,70,9562
2020,04,202004,충남,여성,80,2630
2020,04,202004,충남,여성,90,520
2020,04,202004,전북,남성,10,307
2020,04,202004,전북,남성,20,13190
2020,04,202004,전북,남성,30,69240
2020,04,202004,전북,남성,40,143933
2020,04,202004,전북,남성,50,181379
2020,04,202004,전북,남성,60,144735
2020,04,202004,전북,남성,70,53498
2020,04,202004,전북,남성,80,9228
2020,04,202004,전북,남성,90,899
2020,04,202004,전북,여성,10,151
2020,04,202004,전북,여성,20,7542
2020,04,202004,전북,여성,30,31573
2020,04,202004,전북,여성,40,54250
2020,04,202004,전북,여성,50,66585
2020,04,202004,전북,여성,60,43048
2020,04,202004,전북,여성,70,10217
2020,04,202004,전북,여성,80,3177
2020,04,202004,전북,여성,90,865
2020,04,202004,전남,남성,10,300
2020,04,202004,전남,남성,20,14404
2020,04,202004,전남,남성,30,73308
2020,04,202004,전남,남성,40,146218
2020,04,202004,전남,남성,50,199722
2020,04,202004,전남,남성,60,157083
2020,04,202004,전남,남성,70,58524
2020,04,202004,전남,남성,80,9017
2020,04,202004,전남,남성,90,919
2020,04,202004,전남,여성,10,169
2020,04,202004,전남,여성,20,7259
2020,04,202004,전남,여성,30,30348
2020,04,202004,전남,여성,40,51179
2020,04,202004,전남,여성,50,65086
2020,04,202004,전남,여성,60,41750
2020,04,202004,전남,여성,70,9473
2020,04,202004,전남,여성,80,3216
2020,04,202004,전남,여성,90,796
2020,04,202004,경북,남성,10,213
2020,04,202004,경북,남성,20,19401
2020,04,202004,경북,남성,30,115995
2020,04,202004,경북,남성,40,223726
2020,04,202004,경북,남성,50,300430
2020,04,202004,경북,남성,60,259002
2020,04,202004,경북,남성,70,88160
2020,04,202004,경북,남성,80,14535
2020,04,202004,경북,남성,90,1041
2020,04,202004,경북,여성,10,125
2020,04,202004,경북,여성,20,9828
2020,04,202004,경북,여성,30,44271
2020,04,202004,경북,여성,40,76050
2020,04,202004,경북,여성,50,97922
2020,04,202004,경북,여성,60,66521
2020,04,202004,경북,여성,70,13470
2020,04,202004,경북,여성,80,3337
2020,04,202004,경북,여성,90,670
2020,04,202004,경남,남성,10,590
2020,04,202004,경남,남성,20,22935
2020,04,202004,경남,남성,30,149453
2020,04,202004,경남,남성,40,286611
2020,04,202004,경남,남성,50,339253
2020,04,202004,경남,남성,60,262709
2020,04,202004,경남,남성,70,76008
2020,04,202004,경남,남성,80,11324
2020,04,202004,경남,남성,90,920
2020,04,202004,경남,여성,10,313
2020,04,202004,경남,여성,20,11266
2020,04,202004,경남,여성,30,57969
2020,04,202004,경남,여성,40,100632
2020,04,202004,경남,여성,50,118470
2020,04,202004,경남,여성,60,71035
2020,04,202004,경남,여성,70,12863
2020,04,202004,경남,여성,80,3333
2020,04,202004,경남,여성,90,762
2020,04,202004,제주,남성,10,167
2020,04,202004,제주,남성,20,5010
2020,04,202004,제주,남성,30,28807
2020,04,202004,제주,남성,40,60736
2020,04,202004,제주,남성,50,68552
2020,04,202004,제주,남성,60,46586
2020,04,202004,제주,남성,70,16877
2020,04,202004,제주,남성,80,3517
2020,04,202004,제주,남성,90,235
2020,04,202004,제주,여성,10,77
2020,04,202004,제주,여성,20,3290
2020,04,202004,제주,여성,30,15413
2020,04,202004,제주,여성,40,27177
2020,04,202004,제주,여성,50,30993
2020,04,202004,제주,여성,60,18185
2020,04,202004,제주,여성,70,4050
2020,04,202004,제주,여성,80,801
2020,04,202004,제주,여성,90,208
2020,05,202005,서울,남성,10,1238
2020,05,202005,서울,남성,20,34174
2020,05,202005,서울,남성,30,312278
2020,05,202005,서울,남성,40,510989
2020,05,202005,서울,남성,50,532391
2020,05,202005,서울,남성,60,423335
2020,05,202005,서울,남성,70,148365
2020,05,202005,서울,남성,80,27184
2020,05,202005,서울,남성,90,3105
2020,05,202005,서울,여성,10,595
2020,05,202005,서울,여성,20,16889
2020,05,202005,서울,여성,30,115374
2020,05,202005,서울,여성,40,185314
2020,05,202005,서울,여성,50,192599
2020,05,202005,서울,여성,60,129943
2020,05,202005,서울,여성,70,33867
2020,05,202005,서울,여성,80,7443
2020,05,202005,서울,여성,90,1865
2020,05,202005,부산,남성,10,426
2020,05,202005,부산,남성,20,17792
2020,05,202005,부산,남성,30,120519
2020,05,202005,부산,남성,40,208494
2020,05,202005,부산,남성,50,226404
2020,05,202005,부산,남성,60,196968
2020,05,202005,부산,남성,70,62683
2020,05,202005,부산,남성,80,9203
2020,05,202005,부산,남성,90,918
2020,05,202005,부산,여성,10,244
2020,05,202005,부산,여성,20,8170
2020,05,202005,부산,여성,30,44397
2020,05,202005,부산,여성,40,76069
2020,05,202005,부산,여성,50,85847
2020,05,202005,부산,여성,60,57402
2020,05,202005,부산,여성,70,12263
2020,05,202005,부산,여성,80,2613
2020,05,202005,부산,여성,90,543
2020,05,202005,대구,남성,10,251
2020,05,202005,대구,남성,20,16810
2020,05,202005,대구,남성,30,104839
2020,05,202005,대구,남성,40,192186
2020,05,202005,대구,남성,50,228213
2020,05,202005,대구,남성,60,167564
2020,05,202005,대구,남성,70,52456
2020,05,202005,대구,남성,80,8617
2020,05,202005,대구,남성,90,660
2020,05,202005,대구,여성,10,121
2020,05,202005,대구,여성,20,8149
2020,05,202005,대구,여성,30,39909
2020,05,202005,대구,여성,40,71482
2020,05,202005,대구,여성,50,85890
2020,05,202005,대구,여성,60,50926
2020,05,202005,대구,여성,70,10742
2020,05,202005,대구,여성,80,2284
2020,05,202005,대구,여성,90,420
2020,05,202005,인천,남성,10,395
2020,05,202005,인천,남성,20,22311
2020,05,202005,인천,남성,30,130590
2020,05,202005,인천,남성,40,215062
2020,05,202005,인천,남성,50,230053
2020,05,202005,인천,남성,60,162747
2020,05,202005,인천,남성,70,40260
2020,05,202005,인천,남성,80,5891
2020,05,202005,인천,남성,90,566
2020,05,202005,인천,여성,10,253
2020,05,202005,인천,여성,20,10401
2020,05,202005,인천,여성,30,49646
2020,05,202005,인천,여성,40,79374
2020,05,202005,인천,여성,50,87646
2020,05,202005,인천,여성,60,49394
2020,05,202005,인천,여성,70,8543
2020,05,202005,인천,여성,80,1916
2020,05,202005,인천,여성,90,437
2020,05,202005,광주,남성,10,176
2020,05,202005,광주,남성,20,12101
2020,05,202005,광주,남성,30,65722
2020,05,202005,광주,남성,40,117960
2020,05,202005,광주,남성,50,128446
2020,05,202005,광주,남성,60,80844
2020,05,202005,광주,남성,70,25447
2020,05,202005,광주,남성,80,3886
2020,05,202005,광주,남성,90,379
2020,05,202005,광주,여성,10,91
2020,05,202005,광주,여성,20,7338
2020,05,202005,광주,여성,30,31232
2020,05,202005,광주,여성,40,49125
2020,05,202005,광주,여성,50,51408
2020,05,202005,광주,여성,60,26310
2020,05,202005,광주,여성,70,5623
2020,05,202005,광주,여성,80,1345
2020,05,202005,광주,여성,90,351
2020,05,202005,대전,남성,10,334
2020,05,202005,대전,남성,20,11608
2020,05,202005,대전,남성,30,67595
2020,05,202005,대전,남성,40,115509
2020,05,202005,대전,남성,50,129693
2020,05,202005,대전,남성,60,92850
2020,05,202005,대전,남성,70,26408
2020,05,202005,대전,남성,80,4203
2020,05,202005,대전,남성,90,380
2020,05,202005,대전,여성,10,178
2020,05,202005,대전,여성,20,6297
2020,05,202005,대전,여성,30,27832
2020,05,202005,대전,여성,40,45997
2020,05,202005,대전,여성,50,50602
2020,05,202005,대전,여성,60,28329
2020,05,202005,대전,여성,70,5591
2020,05,202005,대전,여성,80,1474
2020,05,202005,대전,여성,90,349
2020,05,202005,울산,남성,10,215
2020,05,202005,울산,남성,20,8668
2020,05,202005,울산,남성,30,55641
2020,05,202005,울산,남성,40,99762
2020,05,202005,울산,남성,50,128706
2020,05,202005,울산,남성,60,90440
2020,05,202005,울산,남성,70,21464
2020,05,202005,울산,남성,80,2360
2020,05,202005,울산,남성,90,198
2020,05,202005,울산,여성,10,87
2020,05,202005,울산,여성,20,3849
2020,05,202005,울산,여성,30,19090
2020,05,202005,울산,여성,40,32042
2020,05,202005,울산,여성,50,35602
2020,05,202005,울산,여성,60,20313
2020,05,202005,울산,여성,70,3442
2020,05,202005,울산,여성,80,754
2020,05,202005,울산,여성,90,174
2020,05,202005,세종,남성,10,74
2020,05,202005,세종,남성,20,2011
2020,05,202005,세종,남성,30,22271
2020,05,202005,세종,남성,40,39729
2020,05,202005,세종,남성,50,28803
2020,05,202005,세종,남성,60,18023
2020,05,202005,세종,남성,70,4580
2020,05,202005,세종,남성,80,706
2020,05,202005,세종,남성,90,59
2020,05,202005,세종,여성,10,39
2020,05,202005,세종,여성,20,1439
2020,05,202005,세종,여성,30,10238
2020,05,202005,세종,여성,40,14376
2020,05,202005,세종,여성,50,10235
2020,05,202005,세종,여성,60,5512
2020,05,202005,세종,여성,70,930
2020,05,202005,세종,여성,80,248
2020,05,202005,세종,여성,90,56
2020,05,202005,경기,남성,10,2145
2020,05,202005,경기,남성,20,93124
2020,05,202005,경기,남성,30,623922
2020,05,202005,경기,남성,40,1080059
2020,05,202005,경기,남성,50,1106449
2020,05,202005,경기,남성,60,730765
2020,05,202005,경기,남성,70,195853
2020,05,202005,경기,남성,80,36455
2020,05,202005,경기,남성,90,3122
2020,05,202005,경기,여성,10,1031
2020,05,202005,경기,여성,20,45209
2020,05,202005,경기,여성,30,232748
2020,05,202005,경기,여성,40,388732
2020,05,202005,경기,여성,50,417885
2020,05,202005,경기,여성,60,233705
2020,05,202005,경기,여성,70,47900
2020,05,202005,경기,여성,80,10959
2020,05,202005,경기,여성,90,2053
2020,05,202005,강원,남성,10,184
2020,05,202005,강원,남성,20,13572
2020,05,202005,강원,남성,30,64179
2020,05,202005,강원,남성,40,120037
2020,05,202005,강원,남성,50,154632
2020,05,202005,강원,남성,60,135925
2020,05,202005,강원,남성,70,42322
2020,05,202005,강원,남성,80,9101
2020,05,202005,강원,남성,90,633
2020,05,202005,강원,여성,10,108
2020,05,202005,강원,여성,20,6267
2020,05,202005,강원,여성,30,26922
2020,05,202005,강원,여성,40,47114
2020,05,202005,강원,여성,50,59739
2020,05,202005,강원,여성,60,41581
2020,05,202005,강원,여성,70,8114
2020,05,202005,강원,여성,80,1758
2020,05,202005,강원,여성,90,523
2020,05,202005,충북,남성,10,289
2020,05,202005,충북,남성,20,15731
2020,05,202005,충북,남성,30,77811
2020,05,202005,충북,남성,40,132056
2020,05,202005,충북,남성,50,167043
2020,05,202005,충북,남성,60,133235
2020,05,202005,충북,남성,70,38550
2020,05,202005,충북,남성,80,6662
2020,05,202005,충북,남성,90,480
2020,05,202005,충북,여성,10,162
2020,05,202005,충북,여성,20,7793
2020,05,202005,충북,여성,30,30970
2020,05,202005,충북,여성,40,48536
2020,05,202005,충북,여성,50,59739
2020,05,202005,충북,여성,60,36699
2020,05,202005,충북,여성,70,6765
2020,05,202005,충북,여성,80,1799
2020,05,202005,충북,여성,90,301
2020,05,202005,충남,남성,10,263
2020,05,202005,충남,남성,20,19824
2020,05,202005,충남,남성,30,114820
2020,05,202005,충남,남성,40,195303
2020,05,202005,충남,남성,50,217139
2020,05,202005,충남,남성,60,167117
2020,05,202005,충남,남성,70,56145
2020,05,202005,충남,남성,80,9557
2020,05,202005,충남,남성,90,781
2020,05,202005,충남,여성,10,158
2020,05,202005,충남,여성,20,9906
2020,05,202005,충남,여성,30,41319
2020,05,202005,충남,여성,40,63707
2020,05,202005,충남,여성,50,75327
2020,05,202005,충남,여성,60,47696
2020,05,202005,충남,여성,70,9555
2020,05,202005,충남,여성,80,2591
2020,05,202005,충남,여성,90,506
2020,05,202005,전북,남성,10,304
2020,05,202005,전북,남성,20,13611
2020,05,202005,전북,남성,30,69784
2020,05,202005,전북,남성,40,144379
2020,05,202005,전북,남성,50,181801
2020,05,202005,전북,남성,60,144574
2020,05,202005,전북,남성,70,53314
2020,05,202005,전북,남성,80,9109
2020,05,202005,전북,남성,90,891
2020,05,202005,전북,여성,10,152
2020,05,202005,전북,여성,20,7773
2020,05,202005,전북,여성,30,31781
2020,05,202005,전북,여성,40,54506
2020,05,202005,전북,여성,50,66835
2020,05,202005,전북,여성,60,43040
2020,05,202005,전북,여성,70,10142
2020,05,202005,전북,여성,80,3148
2020,05,202005,전북,여성,90,847
2020,05,202005,전남,남성,10,302
2020,05,202005,전남,남성,20,14823
2020,05,202005,전남,남성,30,73804
2020,05,202005,전남,남성,40,146701
2020,05,202005,전남,남성,50,200364
2020,05,202005,전남,남성,60,157286
2020,05,202005,전남,남성,70,58337
2020,05,202005,전남,남성,80,8932
2020,05,202005,전남,남성,90,907
2020,05,202005,전남,여성,10,170
2020,05,202005,전남,여성,20,7504
2020,05,202005,전남,여성,30,30639
2020,05,202005,전남,여성,40,51375
2020,05,202005,전남,여성,50,65359
2020,05,202005,전남,여성,60,41791
2020,05,202005,전남,여성,70,9398
2020,05,202005,전남,여성,80,3170
2020,05,202005,전남,여성,90,778
2020,05,202005,경북,남성,10,217
2020,05,202005,경북,남성,20,19944
2020,05,202005,경북,남성,30,116801
2020,05,202005,경북,남성,40,224308
2020,05,202005,경북,남성,50,300862
2020,05,202005,경북,남성,60,258840
2020,05,202005,경북,남성,70,87789
2020,05,202005,경북,남성,80,14380
2020,05,202005,경북,남성,90,1021
2020,05,202005,경북,여성,10,126
2020,05,202005,경북,여성,20,10120
2020,05,202005,경북,여성,30,44642
2020,05,202005,경북,여성,40,76385
2020,05,202005,경북,여성,50,98178
2020,05,202005,경북,여성,60,66486
2020,05,202005,경북,여성,70,13381
2020,05,202005,경북,여성,80,3292
2020,05,202005,경북,여성,90,656
2020,05,202005,경남,남성,10,592
2020,05,202005,경남,남성,20,23664
2020,05,202005,경남,남성,30,150635
2020,05,202005,경남,남성,40,287268
2020,05,202005,경남,남성,50,339929
2020,05,202005,경남,남성,60,262456
2020,05,202005,경남,남성,70,75687
2020,05,202005,경남,남성,80,11230
2020,05,202005,경남,남성,90,907
2020,05,202005,경남,여성,10,313
2020,05,202005,경남,여성,20,11587
2020,05,202005,경남,여성,30,58455
2020,05,202005,경남,여성,40,100913
2020,05,202005,경남,여성,50,118720
2020,05,202005,경남,여성,60,71018
2020,05,202005,경남,여성,70,12817
2020,05,202005,경남,여성,80,3293
2020,05,202005,경남,여성,90,748
2020,05,202005,제주,남성,10,168
2020,05,202005,제주,남성,20,5111
2020,05,202005,제주,남성,30,28988
2020,05,202005,제주,남성,40,60906
2020,05,202005,제주,남성,50,68554
2020,05,202005,제주,남성,60,46448
2020,05,202005,제주,남성,70,16771
2020,05,202005,제주,남성,80,3464
2020,05,202005,제주,남성,90,232
2020,05,202005,제주,여성,10,77
2020,05,202005,제주,여성,20,3378
2020,05,202005,제주,여성,30,15533
2020,05,202005,제주,여성,40,27280
2020,05,202005,제주,여성,50,31054
2020,05,202005,제주,여성,60,18171
2020,05,202005,제주,여성,70,4021
2020,05,202005,제주,여성,80,792
2020,05,202005,제주,여성,90,207
2020,06,202006,서울,남성,10,1295
2020,06,202006,서울,남성,20,35591
2020,06,202006,서울,남성,30,315938
2020,06,202006,서울,남성,40,512328
2020,06,202006,서울,남성,50,532932
2020,06,202006,서울,남성,60,422963
2020,06,202006,서울,남성,70,147564
2020,06,202006,서울,남성,80,26923
2020,06,202006,서울,남성,90,3061
2020,06,202006,서울,여성,10,598
2020,06,202006,서울,여성,20,17659
2020,06,202006,서울,여성,30,116822
2020,06,202006,서울,여성,40,186008
2020,06,202006,서울,여성,50,192974
2020,06,202006,서울,여성,60,129696
2020,06,202006,서울,여성,70,33663
2020,06,202006,서울,여성,80,7392
2020,06,202006,서울,여성,90,1842
2020,06,202006,부산,남성,10,430
2020,06,202006,부산,남성,20,18391
2020,06,202006,부산,남성,30,121670
2020,06,202006,부산,남성,40,209125
2020,06,202006,부산,남성,50,226784
2020,06,202006,부산,남성,60,196643
2020,06,202006,부산,남성,70,62271
2020,06,202006,부산,남성,80,9077
2020,06,202006,부산,남성,90,900
2020,06,202006,부산,여성,10,241
2020,06,202006,부산,여성,20,8501
2020,06,202006,부산,여성,30,44891
2020,06,202006,부산,여성,40,76489
2020,06,202006,부산,여성,50,86097
2020,06,202006,부산,여성,60,57296
2020,06,202006,부산,여성,70,12198
2020,06,202006,부산,여성,80,2577
2020,06,202006,부산,여성,90,531
2020,06,202006,대구,남성,10,251
2020,06,202006,대구,남성,20,17404
2020,06,202006,대구,남성,30,105925
2020,06,202006,대구,남성,40,192754
2020,06,202006,대구,남성,50,228390
2020,06,202006,대구,남성,60,167084
2020,06,202006,대구,남성,70,52000
2020,06,202006,대구,남성,80,8478
2020,06,202006,대구,남성,90,646
2020,06,202006,대구,여성,10,121
2020,06,202006,대구,여성,20,8483
2020,06,202006,대구,여성,30,40353
2020,06,202006,대구,여성,40,71788
2020,06,202006,대구,여성,50,86268
2020,06,202006,대구,여성,60,50801
2020,06,202006,대구,여성,70,10706
2020,06,202006,대구,여성,80,2241
2020,06,202006,대구,여성,90,433
2020,06,202006,인천,남성,10,397
2020,06,202006,인천,남성,20,23094
2020,06,202006,인천,남성,30,131525
2020,06,202006,인천,남성,40,215717
2020,06,202006,인천,남성,50,230624
2020,06,202006,인천,남성,60,162378
2020,06,202006,인천,남성,70,39977
2020,06,202006,인천,남성,80,5787
2020,06,202006,인천,남성,90,563
2020,06,202006,인천,여성,10,255
2020,06,202006,인천,여성,20,10757
2020,06,202006,인천,여성,30,50077
2020,06,202006,인천,여성,40,79773
2020,06,202006,인천,여성,50,87948
2020,06,202006,인천,여성,60,49352
2020,06,202006,인천,여성,70,8507
2020,06,202006,인천,여성,80,1891
2020,06,202006,인천,여성,90,431
2020,06,202006,광주,남성,10,174
2020,06,202006,광주,남성,20,12533
2020,06,202006,광주,남성,30,66395
2020,06,202006,광주,남성,40,118335
2020,06,202006,광주,남성,50,128668
2020,06,202006,광주,남성,60,80723
2020,06,202006,광주,남성,70,25298
2020,06,202006,광주,남성,80,3815
2020,06,202006,광주,남성,90,376
2020,06,202006,광주,여성,10,88
2020,06,202006,광주,여성,20,7646
2020,06,202006,광주,여성,30,31535
2020,06,202006,광주,여성,40,49343
2020,06,202006,광주,여성,50,51557
2020,06,202006,광주,여성,60,26286
2020,06,202006,광주,여성,70,5579
2020,06,202006,광주,여성,80,1319
2020,06,202006,광주,여성,90,347
2020,06,202006,대전,남성,10,336
2020,06,202006,대전,남성,20,12036
2020,06,202006,대전,남성,30,68165
2020,06,202006,대전,남성,40,115695
2020,06,202006,대전,남성,50,129801
2020,06,202006,대전,남성,60,92550
2020,06,202006,대전,남성,70,26219
2020,06,202006,대전,남성,80,4129
2020,06,202006,대전,남성,90,373
2020,06,202006,대전,여성,10,178
2020,06,202006,대전,여성,20,6570
2020,06,202006,대전,여성,30,28120
2020,06,202006,대전,여성,40,46217
2020,06,202006,대전,여성,50,50740
2020,06,202006,대전,여성,60,28229
2020,06,202006,대전,여성,70,5549
2020,06,202006,대전,여성,80,1453
2020,06,202006,대전,여성,90,342
2020,06,202006,울산,남성,10,217
2020,06,202006,울산,남성,20,8991
2020,06,202006,울산,남성,30,56128
2020,06,202006,울산,남성,40,100180
2020,06,202006,울산,남성,50,129029
2020,06,202006,울산,남성,60,90375
2020,06,202006,울산,남성,70,21331
2020,06,202006,울산,남성,80,2328
2020,06,202006,울산,남성,90,195
2020,06,202006,울산,여성,10,88
2020,06,202006,울산,여성,20,3964
2020,06,202006,울산,여성,30,19235
2020,06,202006,울산,여성,40,32158
2020,06,202006,울산,여성,50,35728
2020,06,202006,울산,여성,60,20297
2020,06,202006,울산,여성,70,3422
2020,06,202006,울산,여성,80,742
2020,06,202006,울산,여성,90,172
2020,06,202006,세종,남성,10,74
2020,06,202006,세종,남성,20,2078
2020,06,202006,세종,남성,30,22475
2020,06,202006,세종,남성,40,39797
2020,06,202006,세종,남성,50,28775
2020,06,202006,세종,남성,60,17967
2020,06,202006,세종,남성,70,4580
2020,06,202006,세종,남성,80,698
2020,06,202006,세종,남성,90,58
2020,06,202006,세종,여성,10,39
2020,06,202006,세종,여성,20,1489
2020,06,202006,세종,여성,30,10327
2020,06,202006,세종,여성,40,14407
2020,06,202006,세종,여성,50,10225
2020,06,202006,세종,여성,60,5485
2020,06,202006,세종,여성,70,925
2020,06,202006,세종,여성,80,240
2020,06,202006,세종,여성,90,54
2020,06,202006,경기,남성,10,2164
2020,06,202006,경기,남성,20,96984
2020,06,202006,경기,남성,30,631575
2020,06,202006,경기,남성,40,1084968
2020,06,202006,경기,남성,50,1109667
2020,06,202006,경기,남성,60,730759
2020,06,202006,경기,남성,70,195082
2020,06,202006,경기,남성,80,36068
2020,06,202006,경기,남성,90,3087
2020,06,202006,경기,여성,10,1040
2020,06,202006,경기,여성,20,47051
2020,06,202006,경기,여성,30,235722
2020,06,202006,경기,여성,40,391109
2020,06,202006,경기,여성,50,419660
2020,06,202006,경기,여성,60,233865
2020,06,202006,경기,여성,70,47712
2020,06,202006,경기,여성,80,10832
2020,06,202006,경기,여성,90,2026
2020,06,202006,강원,남성,10,184
2020,06,202006,강원,남성,20,14066
2020,06,202006,강원,남성,30,64776
2020,06,202006,강원,남성,40,120723
2020,06,202006,강원,남성,50,155273
2020,06,202006,강원,남성,60,136168
2020,06,202006,강원,남성,70,42186
2020,06,202006,강원,남성,80,9038
2020,06,202006,강원,남성,90,615
2020,06,202006,강원,여성,10,108
2020,06,202006,강원,여성,20,6574
2020,06,202006,강원,여성,30,27246
2020,06,202006,강원,여성,40,47378
2020,06,202006,강원,여성,50,60145
2020,06,202006,강원,여성,60,41674
2020,06,202006,강원,여성,70,8066
2020,06,202006,강원,여성,80,1737
2020,06,202006,강원,여성,90,519
2020,06,202006,충북,남성,10,292
2020,06,202006,충북,남성,20,16319
2020,06,202006,충북,남성,30,78597
2020,06,202006,충북,남성,40,132797
2020,06,202006,충북,남성,50,167829
2020,06,202006,충북,남성,60,133367
2020,06,202006,충북,남성,70,38384
2020,06,202006,충북,남성,80,6591
2020,06,202006,충북,남성,90,467
2020,06,202006,충북,여성,10,161
2020,06,202006,충북,여성,20,8096
2020,06,202006,충북,여성,30,31341
2020,06,202006,충북,여성,40,48913
2020,06,202006,충북,여성,50,60155
2020,06,202006,충북,여성,60,36780
2020,06,202006,충북,여성,70,6720
2020,06,202006,충북,여성,80,1779
2020,06,202006,충북,여성,90,291
2020,06,202006,충남,남성,10,276
2020,06,202006,충남,남성,20,20591
2020,06,202006,충남,남성,30,115995
2020,06,202006,충남,남성,40,196193
2020,06,202006,충남,남성,50,217951
2020,06,202006,충남,남성,60,167221
2020,06,202006,충남,남성,70,55951
2020,06,202006,충남,남성,80,9450
2020,06,202006,충남,남성,90,774
2020,06,202006,충남,여성,10,163
2020,06,202006,충남,여성,20,10253
2020,06,202006,충남,여성,30,41729
2020,06,202006,충남,여성,40,64204
2020,06,202006,충남,여성,50,75739
2020,06,202006,충남,여성,60,47726
2020,06,202006,충남,여성,70,9541
2020,06,202006,충남,여성,80,2567
2020,06,202006,충남,여성,90,503
2020,06,202006,전북,남성,10,308
2020,06,202006,전북,남성,20,14048
2020,06,202006,전북,남성,30,70499
2020,06,202006,전북,남성,40,145135
2020,06,202006,전북,남성,50,182585
2020,06,202006,전북,남성,60,144685
2020,06,202006,전북,남성,70,53075
2020,06,202006,전북,남성,80,9006
2020,06,202006,전북,남성,90,877
2020,06,202006,전북,여성,10,151
2020,06,202006,전북,여성,20,8025
2020,06,202006,전북,여성,30,32104
2020,06,202006,전북,여성,40,54794
2020,06,202006,전북,여성,50,67004
2020,06,202006,전북,여성,60,43005
2020,06,202006,전북,여성,70,10050
2020,06,202006,전북,여성,80,3107
2020,06,202006,전북,여성,90,832
2020,06,202006,전남,남성,10,306
2020,06,202006,전남,남성,20,15335
2020,06,202006,전남,남성,30,74378
2020,06,202006,전남,남성,40,147311
2020,06,202006,전남,남성,50,201230
2020,06,202006,전남,남성,60,157472
2020,06,202006,전남,남성,70,58125
2020,06,202006,전남,남성,80,8844
2020,06,202006,전남,남성,90,892
2020,06,202006,전남,여성,10,169
2020,06,202006,전남,여성,20,7714
2020,06,202006,전남,여성,30,30943
2020,06,202006,전남,여성,40,51662
2020,06,202006,전남,여성,50,65716
2020,06,202006,전남,여성,60,41841
2020,06,202006,전남,여성,70,9327
2020,06,202006,전남,여성,80,3116
2020,06,202006,전남,여성,90,759
2020,06,202006,경북,남성,10,220
2020,06,202006,경북,남성,20,20625
2020,06,202006,경북,남성,30,117684
2020,06,202006,경북,남성,40,225081
2020,06,202006,경북,남성,50,301767
2020,06,202006,경북,남성,60,258917
2020,06,202006,경북,남성,70,87446
2020,06,202006,경북,남성,80,14213
2020,06,202006,경북,남성,90,1011
2020,06,202006,경북,여성,10,127
2020,06,202006,경북,여성,20,10482
2020,06,202006,경북,여성,30,45002
2020,06,202006,경북,여성,40,76742
2020,06,202006,경북,여성,50,98529
2020,06,202006,경북,여성,60,66498
2020,06,202006,경북,여성,70,13260
2020,06,202006,경북,여성,80,3222
2020,06,202006,경북,여성,90,650
2020,06,202006,경남,남성,10,591
2020,06,202006,경남,남성,20,24432
2020,06,202006,경남,남성,30,151880
2020,06,202006,경남,남성,40,288183
2020,06,202006,경남,남성,50,340569
2020,06,202006,경남,남성,60,262307
2020,06,202006,경남,남성,70,75309
2020,06,202006,경남,남성,80,11111
2020,06,202006,경남,남성,90,893
2020,06,202006,경남,여성,10,313
2020,06,202006,경남,여성,20,11995
2020,06,202006,경남,여성,30,59047
2020,06,202006,경남,여성,40,101474
2020,06,202006,경남,여성,50,119158
2020,06,202006,경남,여성,60,70959
2020,06,202006,경남,여성,70,12762
2020,06,202006,경남,여성,80,3269
2020,06,202006,경남,여성,90,738
2020,06,202006,제주,남성,10,168
2020,06,202006,제주,남성,20,5275
2020,06,202006,제주,남성,30,29241
2020,06,202006,제주,남성,40,61055
2020,06,202006,제주,남성,50,68576
2020,06,202006,제주,남성,60,46441
2020,06,202006,제주,남성,70,16687
2020,06,202006,제주,남성,80,3429
2020,06,202006,제주,남성,90,228
2020,06,202006,제주,여성,10,77
2020,06,202006,제주,여성,20,3480
2020,06,202006,제주,여성,30,15719
2020,06,202006,제주,여성,40,27354
2020,06,202006,제주,여성,50,31144
2020,06,202006,제주,여성,60,18155
2020,06,202006,제주,여성,70,3994
2020,06,202006,제주,여성,80,785
2020,06,202006,제주,여성,90,203
2020,07,202007,서울,남성,10,1329
2020,07,202007,서울,남성,20,36906
2020,07,202007,서울,남성,30,318635
2020,07,202007,서울,남성,40,513081
2020,07,202007,서울,남성,50,533249
2020,07,202007,서울,남성,60,422390
2020,07,202007,서울,남성,70,146627
2020,07,202007,서울,남성,80,26624
2020,07,202007,서울,남성,90,3051
2020,07,202007,서울,여성,10,609
2020,07,202007,서울,여성,20,18373
2020,07,202007,서울,여성,30,117963
2020,07,202007,서울,여성,40,186529
2020,07,202007,서울,여성,50,193230
2020,07,202007,서울,여성,60,129375
2020,07,202007,서울,여성,70,33446
2020,07,202007,서울,여성,80,7329
2020,07,202007,서울,여성,90,1840
2020,07,202007,부산,남성,10,441
2020,07,202007,부산,남성,20,18963
2020,07,202007,부산,남성,30,122522
2020,07,202007,부산,남성,40,209464
2020,07,202007,부산,남성,50,226728
2020,07,202007,부산,남성,60,196084
2020,07,202007,부산,남성,70,61869
2020,07,202007,부산,남성,80,8965
2020,07,202007,부산,남성,90,894
2020,07,202007,부산,여성,10,243
2020,07,202007,부산,여성,20,8762
2020,07,202007,부산,여성,30,45216
2020,07,202007,부산,여성,40,76788
2020,07,202007,부산,여성,50,86389
2020,07,202007,부산,여성,60,57178
2020,07,202007,부산,여성,70,12118
2020,07,202007,부산,여성,80,2548
2020,07,202007,부산,여성,90,523
2020,07,202007,대구,남성,10,252
2020,07,202007,대구,남성,20,18010
2020,07,202007,대구,남성,30,106936
2020,07,202007,대구,남성,40,193399
2020,07,202007,대구,남성,50,229103
2020,07,202007,대구,남성,60,166888
2020,07,202007,대구,남성,70,51740
2020,07,202007,대구,남성,80,8386
2020,07,202007,대구,남성,90,639
2020,07,202007,대구,여성,10,121
2020,07,202007,대구,여성,20,8791
2020,07,202007,대구,여성,30,40768
2020,07,202007,대구,여성,40,72121
2020,07,202007,대구,여성,50,86693
2020,07,202007,대구,여성,60,50714
2020,07,202007,대구,여성,70,10647
2020,07,202007,대구,여성,80,2220
2020,07,202007,대구,여성,90,425
2020,07,202007,인천,남성,10,402
2020,07,202007,인천,남성,20,23718
2020,07,202007,인천,남성,30,132293
2020,07,202007,인천,남성,40,216059
2020,07,202007,인천,남성,50,230973
2020,07,202007,인천,남성,60,162104
2020,07,202007,인천,남성,70,39761
2020,07,202007,인천,남성,80,5725
2020,07,202007,인천,남성,90,560
2020,07,202007,인천,여성,10,254
2020,07,202007,인천,여성,20,11101
2020,07,202007,인천,여성,30,50384
2020,07,202007,인천,여성,40,79965
2020,07,202007,인천,여성,50,88061
2020,07,202007,인천,여성,60,49300
2020,07,202007,인천,여성,70,8452
2020,07,202007,인천,여성,80,1866
2020,07,202007,인천,여성,90,426
2020,07,202007,광주,남성,10,175
2020,07,202007,광주,남성,20,12917
2020,07,202007,광주,남성,30,66825
2020,07,202007,광주,남성,40,118689
2020,07,202007,광주,남성,50,128925
2020,07,202007,광주,남성,60,80626
2020,07,202007,광주,남성,70,25177
2020,07,202007,광주,남성,80,3772
2020,07,202007,광주,남성,90,369
2020,07,202007,광주,여성,10,89
2020,07,202007,광주,여성,20,7861
2020,07,202007,광주,여성,30,31746
2020,07,202007,광주,여성,40,49543
2020,07,202007,광주,여성,50,51731
2020,07,202007,광주,여성,60,26251
2020,07,202007,광주,여성,70,5541
2020,07,202007,광주,여성,80,1297
2020,07,202007,광주,여성,90,342
2020,07,202007,대전,남성,10,334
2020,07,202007,대전,남성,20,12437
2020,07,202007,대전,남성,30,68657
2020,07,202007,대전,남성,40,115940
2020,07,202007,대전,남성,50,130011
2020,07,202007,대전,남성,60,92349
2020,07,202007,대전,남성,70,26110
2020,07,202007,대전,남성,80,4086
2020,07,202007,대전,남성,90,364
2020,07,202007,대전,여성,10,178
2020,07,202007,대전,여성,20,6790
2020,07,202007,대전,여성,30,28448
2020,07,202007,대전,여성,40,46457
2020,07,202007,대전,여성,50,50854
2020,07,202007,대전,여성,60,28177
2020,07,202007,대전,여성,70,5524
2020,07,202007,대전,여성,80,1437
2020,07,202007,대전,여성,90,334
2020,07,202007,울산,남성,10,215
2020,07,202007,울산,남성,20,9262
2020,07,202007,울산,남성,30,56564
2020,07,202007,울산,남성,40,100568
2020,07,202007,울산,남성,50,129666
2020,07,202007,울산,남성,60,90388
2020,07,202007,울산,남성,70,21244
2020,07,202007,울산,남성,80,2311
2020,07,202007,울산,남성,90,195
2020,07,202007,울산,여성,10,89
2020,07,202007,울산,여성,20,4064
2020,07,202007,울산,여성,30,19358
2020,07,202007,울산,여성,40,32285
2020,07,202007,울산,여성,50,35853
2020,07,202007,울산,여성,60,20247
2020,07,202007,울산,여성,70,3396
2020,07,202007,울산,여성,80,735
2020,07,202007,울산,여성,90,172
2020,07,202007,세종,남성,10,75
2020,07,202007,세종,남성,20,2154
2020,07,202007,세종,남성,30,22750
2020,07,202007,세종,남성,40,39971
2020,07,202007,세종,남성,50,28861
2020,07,202007,세종,남성,60,17981
2020,07,202007,세종,남성,70,4580
2020,07,202007,세종,남성,80,688
2020,07,202007,세종,남성,90,58
2020,07,202007,세종,여성,10,38
2020,07,202007,세종,여성,20,1534
2020,07,202007,세종,여성,30,10415
2020,07,202007,세종,여성,40,14435
2020,07,202007,세종,여성,50,10310
2020,07,202007,세종,여성,60,5493
2020,07,202007,세종,여성,70,915
2020,07,202007,세종,여성,80,236
2020,07,202007,세종,여성,90,52
2020,07,202007,경기,남성,10,2181
2020,07,202007,경기,남성,20,100345
2020,07,202007,경기,남성,30,637594
2020,07,202007,경기,남성,40,1088233
2020,07,202007,경기,남성,50,1111729
2020,07,202007,경기,남성,60,730161
2020,07,202007,경기,남성,70,194220
2020,07,202007,경기,남성,80,35673
2020,07,202007,경기,남성,90,3054
2020,07,202007,경기,여성,10,1052
2020,07,202007,경기,여성,20,48652
2020,07,202007,경기,여성,30,238328
2020,07,202007,경기,여성,40,393083
2020,07,202007,경기,여성,50,421366
2020,07,202007,경기,여성,60,233759
2020,07,202007,경기,여성,70,47457
2020,07,202007,경기,여성,80,10729
2020,07,202007,경기,여성,90,2012
2020,07,202007,강원,남성,10,185
2020,07,202007,강원,남성,20,14549
2020,07,202007,강원,남성,30,65474
2020,07,202007,강원,남성,40,121094
2020,07,202007,강원,남성,50,155898
2020,07,202007,강원,남성,60,136398
2020,07,202007,강원,남성,70,42032
2020,07,202007,강원,남성,80,8961
2020,07,202007,강원,남성,90,604
2020,07,202007,강원,여성,10,107
2020,07,202007,강원,여성,20,6815
2020,07,202007,강원,여성,30,27500
2020,07,202007,강원,여성,40,47686
2020,07,202007,강원,여성,50,60383
2020,07,202007,강원,여성,60,41731
2020,07,202007,강원,여성,70,8043
2020,07,202007,강원,여성,80,1728
2020,07,202007,강원,여성,90,518
2020,07,202007,충북,남성,10,294
2020,07,202007,충북,남성,20,16865
2020,07,202007,충북,남성,30,79072
2020,07,202007,충북,남성,40,133068
2020,07,202007,충북,남성,50,168219
2020,07,202007,충북,남성,60,133294
2020,07,202007,충북,남성,70,38205
2020,07,202007,충북,남성,80,6518
2020,07,202007,충북,남성,90,457
2020,07,202007,충북,여성,10,162
2020,07,202007,충북,여성,20,8363
2020,07,202007,충북,여성,30,31667
2020,07,202007,충북,여성,40,49202
2020,07,202007,충북,여성,50,60307
2020,07,202007,충북,여성,60,36772
2020,07,202007,충북,여성,70,6685
2020,07,202007,충북,여성,80,1753
2020,07,202007,충북,여성,90,285
2020,07,202007,충남,남성,10,274
2020,07,202007,충남,남성,20,21292
2020,07,202007,충남,남성,30,116812
2020,07,202007,충남,남성,40,196801
2020,07,202007,충남,남성,50,218595
2020,07,202007,충남,남성,60,167404
2020,07,202007,충남,남성,70,55765
2020,07,202007,충남,남성,80,9356
2020,07,202007,충남,남성,90,764
2020,07,202007,충남,여성,10,161
2020,07,202007,충남,여성,20,10597
2020,07,202007,충남,여성,30,42120
2020,07,202007,충남,여성,40,64442
2020,07,202007,충남,여성,50,75954
2020,07,202007,충남,여성,60,47751
2020,07,202007,충남,여성,70,9501
2020,07,202007,충남,여성,80,2536
2020,07,202007,충남,여성,90,496
2020,07,202007,전북,남성,10,310
2020,07,202007,전북,남성,20,14472
2020,07,202007,전북,남성,30,70925
2020,07,202007,전북,남성,40,145490
2020,07,202007,전북,남성,50,183054
2020,07,202007,전북,남성,60,144621
2020,07,202007,전북,남성,70,52868
2020,07,202007,전북,남성,80,8924
2020,07,202007,전북,남성,90,867
2020,07,202007,전북,여성,10,152
2020,07,202007,전북,여성,20,8284
2020,07,202007,전북,여성,30,32351
2020,07,202007,전북,여성,40,55025
2020,07,202007,전북,여성,50,67326
2020,07,202007,전북,여성,60,42938
2020,07,202007,전북,여성,70,9995
2020,07,202007,전북,여성,80,3065
2020,07,202007,전북,여성,90,828
2020,07,202007,전남,남성,10,311
2020,07,202007,전남,남성,20,15755
2020,07,202007,전남,남성,30,74920
2020,07,202007,전남,남성,40,147791
2020,07,202007,전남,남성,50,201914
2020,07,202007,전남,남성,60,157522
2020,07,202007,전남,남성,70,57957
2020,07,202007,전남,남성,80,8743
2020,07,202007,전남,남성,90,879
2020,07,202007,전남,여성,10,168
2020,07,202007,전남,여성,20,7949
2020,07,202007,전남,여성,30,31183
2020,07,202007,전남,여성,40,51887
2020,07,202007,전남,여성,50,66082
2020,07,202007,전남,여성,60,41841
2020,07,202007,전남,여성,70,9279
2020,07,202007,전남,여성,80,3070
2020,07,202007,전남,여성,90,738
2020,07,202007,경북,남성,10,222
2020,07,202007,경북,남성,20,21205
2020,07,202007,경북,남성,30,118349
2020,07,202007,경북,남성,40,225607
2020,07,202007,경북,남성,50,302345
2020,07,202007,경북,남성,60,258819
2020,07,202007,경북,남성,70,87137
2020,07,202007,경북,남성,80,14050
2020,07,202007,경북,남성,90,1001
2020,07,202007,경북,여성,10,125
2020,07,202007,경북,여성,20,10787
2020,07,202007,경북,여성,30,45308
2020,07,202007,경북,여성,40,77098
2020,07,202007,경북,여성,50,98890
2020,07,202007,경북,여성,60,66581
2020,07,202007,경북,여성,70,13177
2020,07,202007,경북,여성,80,3197
2020,07,202007,경북,여성,90,631
2020,07,202007,경남,남성,10,594
2020,07,202007,경남,남성,20,25138
2020,07,202007,경남,남성,30,152832
2020,07,202007,경남,남성,40,288835
2020,07,202007,경남,남성,50,341195
2020,07,202007,경남,남성,60,262053
2020,07,202007,경남,남성,70,74929
2020,07,202007,경남,남성,80,10985
2020,07,202007,경남,남성,90,885
2020,07,202007,경남,여성,10,316
2020,07,202007,경남,여성,20,12357
2020,07,202007,경남,여성,30,59515
2020,07,202007,경남,여성,40,101862
2020,07,202007,경남,여성,50,119404
2020,07,202007,경남,여성,60,70839
2020,07,202007,경남,여성,70,12687
2020,07,202007,경남,여성,80,3227
2020,07,202007,경남,여성,90,728
2020,07,202007,제주,남성,10,169
2020,07,202007,제주,남성,20,5408
2020,07,202007,제주,남성,30,29440
2020,07,202007,제주,남성,40,61136
2020,07,202007,제주,남성,50,68627
2020,07,202007,제주,남성,60,46390
2020,07,202007,제주,남성,70,16601
2020,07,202007,제주,남성,80,3396
2020,07,202007,제주,남성,90,226
2020,07,202007,제주,여성,10,79
2020,07,202007,제주,여성,20,3608
2020,07,202007,제주,여성,30,15850
2020,07,202007,제주,여성,40,27474
2020,07,202007,제주,여성,50,31238
2020,07,202007,제주,여성,60,18182
2020,07,202007,제주,여성,70,3967
2020,07,202007,제주,여성,80,780
2020,07,202007,제주,여성,90,197
2020,08,202008,서울,남성,10,1327
2020,08,202008,서울,남성,20,37857
2020,08,202008,서울,남성,30,320074
2020,08,202008,서울,남성,40,513248
2020,08,202008,서울,남성,50,533243
2020,08,202008,서울,남성,60,421365
2020,08,202008,서울,남성,70,145728
2020,08,202008,서울,남성,80,26362
2020,08,202008,서울,남성,90,3013
2020,08,202008,서울,여성,10,610
2020,08,202008,서울,여성,20,18930
2020,08,202008,서울,여성,30,118702
2020,08,202008,서울,여성,40,186751
2020,08,202008,서울,여성,50,193179
2020,08,202008,서울,여성,60,128924
2020,08,202008,서울,여성,70,33236
2020,08,202008,서울,여성,80,7276
2020,08,202008,서울,여성,90,1822
2020,08,202008,부산,남성,10,445
2020,08,202008,부산,남성,20,19395
2020,08,202008,부산,남성,30,123291
2020,08,202008,부산,남성,40,209760
2020,08,202008,부산,남성,50,226655
2020,08,202008,부산,남성,60,195619
2020,08,202008,부산,남성,70,61458
2020,08,202008,부산,남성,80,8848
2020,08,202008,부산,남성,90,885
2020,08,202008,부산,여성,10,243
2020,08,202008,부산,여성,20,8987
2020,08,202008,부산,여성,30,45606
2020,08,202008,부산,여성,40,76958
2020,08,202008,부산,여성,50,86495
2020,08,202008,부산,여성,60,57058
2020,08,202008,부산,여성,70,12004
2020,08,202008,부산,여성,80,2506
2020,08,202008,부산,여성,90,520
2020,08,202008,대구,남성,10,250
2020,08,202008,대구,남성,20,18490
2020,08,202008,대구,남성,30,107431
2020,08,202008,대구,남성,40,193381
2020,08,202008,대구,남성,50,229174
2020,08,202008,대구,남성,60,166648
2020,08,202008,대구,남성,70,51480
2020,08,202008,대구,남성,80,8272
2020,08,202008,대구,남성,90,628
2020,08,202008,대구,여성,10,121
2020,08,202008,대구,여성,20,9006
2020,08,202008,대구,여성,30,41061
2020,08,202008,대구,여성,40,72435
2020,08,202008,대구,여성,50,86838
2020,08,202008,대구,여성,60,50604
2020,08,202008,대구,여성,70,10569
2020,08,202008,대구,여성,80,2188
2020,08,202008,대구,여성,90,421
2020,08,202008,인천,남성,10,405
2020,08,202008,인천,남성,20,24325
2020,08,202008,인천,남성,30,132845
2020,08,202008,인천,남성,40,216131
2020,08,202008,인천,남성,50,230856
2020,08,202008,인천,남성,60,161667
2020,08,202008,인천,남성,70,39531
2020,08,202008,인천,남성,80,5663
2020,08,202008,인천,남성,90,555
2020,08,202008,인천,여성,10,252
2020,08,202008,인천,여성,20,11379
2020,08,202008,인천,여성,30,50660
2020,08,202008,인천,여성,40,80084
2020,08,202008,인천,여성,50,88162
2020,08,202008,인천,여성,60,49128
2020,08,202008,인천,여성,70,8372
2020,08,202008,인천,여성,80,1851
2020,08,202008,인천,여성,90,421
2020,08,202008,광주,남성,10,174
2020,08,202008,광주,남성,20,13210
2020,08,202008,광주,남성,30,67110
2020,08,202008,광주,남성,40,118758
2020,08,202008,광주,남성,50,128895
2020,08,202008,광주,남성,60,80415
2020,08,202008,광주,남성,70,25005
2020,08,202008,광주,남성,80,3723
2020,08,202008,광주,남성,90,363
2020,08,202008,광주,여성,10,91
2020,08,202008,광주,여성,20,8036
2020,08,202008,광주,여성,30,31984
2020,08,202008,광주,여성,40,49603
2020,08,202008,광주,여성,50,51775
2020,08,202008,광주,여성,60,26193
2020,08,202008,광주,여성,70,5525
2020,08,202008,광주,여성,80,1282
2020,08,202008,광주,여성,90,339
2020,08,202008,대전,남성,10,330
2020,08,202008,대전,남성,20,12759
2020,08,202008,대전,남성,30,68984
2020,08,202008,대전,남성,40,115881
2020,08,202008,대전,남성,50,129962
2020,08,202008,대전,남성,60,92012
2020,08,202008,대전,남성,70,25919
2020,08,202008,대전,남성,80,4041
2020,08,202008,대전,남성,90,355
2020,08,202008,대전,여성,10,177
2020,08,202008,대전,여성,20,6983
2020,08,202008,대전,여성,30,28565
2020,08,202008,대전,여성,40,46536
2020,08,202008,대전,여성,50,50928
2020,08,202008,대전,여성,60,28106
2020,08,202008,대전,여성,70,5482
2020,08,202008,대전,여성,80,1422
2020,08,202008,대전,여성,90,333
2020,08,202008,울산,남성,10,220
2020,08,202008,울산,남성,20,9452
2020,08,202008,울산,남성,30,56775
2020,08,202008,울산,남성,40,100417
2020,08,202008,울산,남성,50,129522
2020,08,202008,울산,남성,60,90068
2020,08,202008,울산,남성,70,21120
2020,08,202008,울산,남성,80,2275
2020,08,202008,울산,남성,90,189
2020,08,202008,울산,여성,10,90
2020,08,202008,울산,여성,20,4155
2020,08,202008,울산,여성,30,19500
2020,08,202008,울산,여성,40,32343
2020,08,202008,울산,여성,50,35812
2020,08,202008,울산,여성,60,20184
2020,08,202008,울산,여성,70,3371
2020,08,202008,울산,여성,80,726
2020,08,202008,울산,여성,90,166
2020,08,202008,세종,남성,10,74
2020,08,202008,세종,남성,20,2201
2020,08,202008,세종,남성,30,22987
2020,08,202008,세종,남성,40,40096
2020,08,202008,세종,남성,50,29026
2020,08,202008,세종,남성,60,17981
2020,08,202008,세종,남성,70,4541
2020,08,202008,세종,남성,80,678
2020,08,202008,세종,남성,90,57
2020,08,202008,세종,여성,10,38
2020,08,202008,세종,여성,20,1580
2020,08,202008,세종,여성,30,10547
2020,08,202008,세종,여성,40,14504
2020,08,202008,세종,여성,50,10349
2020,08,202008,세종,여성,60,5496
2020,08,202008,세종,여성,70,912
2020,08,202008,세종,여성,80,237
2020,08,202008,세종,여성,90,50
2020,08,202008,경기,남성,10,2198
2020,08,202008,경기,남성,20,103070
2020,08,202008,경기,남성,30,642641
2020,08,202008,경기,남성,40,1090333
2020,08,202008,경기,남성,50,1112584
2020,08,202008,경기,남성,60,729490
2020,08,202008,경기,남성,70,193498
2020,08,202008,경기,남성,80,35312
2020,08,202008,경기,남성,90,3007
2020,08,202008,경기,여성,10,1056
2020,08,202008,경기,여성,20,49969
2020,08,202008,경기,여성,30,240614
2020,08,202008,경기,여성,40,394529
2020,08,202008,경기,여성,50,422552
2020,08,202008,경기,여성,60,233558
2020,08,202008,경기,여성,70,47249
2020,08,202008,경기,여성,80,10638
2020,08,202008,경기,여성,90,2006
2020,08,202008,강원,남성,10,185
2020,08,202008,강원,남성,20,14926
2020,08,202008,강원,남성,30,65973
2020,08,202008,강원,남성,40,121353
2020,08,202008,강원,남성,50,156110
2020,08,202008,강원,남성,60,136254
2020,08,202008,강원,남성,70,41828
2020,08,202008,강원,남성,80,8862
2020,08,202008,강원,남성,90,597
2020,08,202008,강원,여성,10,107
2020,08,202008,강원,여성,20,6972
2020,08,202008,강원,여성,30,27699
2020,08,202008,강원,여성,40,47798
2020,08,202008,강원,여성,50,60529
2020,08,202008,강원,여성,60,41745
2020,08,202008,강원,여성,70,8019
2020,08,202008,강원,여성,80,1714
2020,08,202008,강원,여성,90,515
2020,08,202008,충북,남성,10,297
2020,08,202008,충북,남성,20,17341
2020,08,202008,충북,남성,30,79450
2020,08,202008,충북,남성,40,133268
2020,08,202008,충북,남성,50,168207
2020,08,202008,충북,남성,60,133143
2020,08,202008,충북,남성,70,38009
2020,08,202008,충북,남성,80,6425
2020,08,202008,충북,남성,90,454
2020,08,202008,충북,여성,10,160
2020,08,202008,충북,여성,20,8616
2020,08,202008,충북,여성,30,31805
2020,08,202008,충북,여성,40,49249
2020,08,202008,충북,여성,50,60460
2020,08,202008,충북,여성,60,36738
2020,08,202008,충북,여성,70,6640
2020,08,202008,충북,여성,80,1736
2020,08,202008,충북,여성,90,281
2020,08,202008,충남,남성,10,280
2020,08,202008,충남,남성,20,21801
2020,08,202008,충남,남성,30,117203
2020,08,202008,충남,남성,40,196981
2020,08,202008,충남,남성,50,218741
2020,08,202008,충남,남성,60,167262
2020,08,202008,충남,남성,70,55556
2020,08,202008,충남,남성,80,9251
2020,08,202008,충남,남성,90,756
2020,08,202008,충남,여성,10,163
2020,08,202008,충남,여성,20,10839
2020,08,202008,충남,여성,30,42359
2020,08,202008,충남,여성,40,64627
2020,08,202008,충남,여성,50,76126
2020,08,202008,충남,여성,60,47744
2020,08,202008,충남,여성,70,9486
2020,08,202008,충남,여성,80,2506
2020,08,202008,충남,여성,90,488
2020,08,202008,전북,남성,10,311
2020,08,202008,전북,남성,20,14805
2020,08,202008,전북,남성,30,71254
2020,08,202008,전북,남성,40,145654
2020,08,202008,전북,남성,50,183236
2020,08,202008,전북,남성,60,144444
2020,08,202008,전북,남성,70,52577
2020,08,202008,전북,남성,80,8819
2020,08,202008,전북,남성,90,860
2020,08,202008,전북,여성,10,158
2020,08,202008,전북,여성,20,8484
2020,08,202008,전북,여성,30,32509
2020,08,202008,전북,여성,40,55091
2020,08,202008,전북,여성,50,67484
2020,08,202008,전북,여성,60,42865
2020,08,202008,전북,여성,70,9944
2020,08,202008,전북,여성,80,3014
2020,08,202008,전북,여성,90,821
2020,08,202008,전남,남성,10,306
2020,08,202008,전남,남성,20,16105
2020,08,202008,전남,남성,30,75153
2020,08,202008,전남,남성,40,147943
2020,08,202008,전남,남성,50,201956
2020,08,202008,전남,남성,60,157242
2020,08,202008,전남,남성,70,57681
2020,08,202008,전남,남성,80,8637
2020,08,202008,전남,남성,90,868
2020,08,202008,전남,여성,10,168
2020,08,202008,전남,여성,20,8122
2020,08,202008,전남,여성,30,31325
2020,08,202008,전남,여성,40,52030
2020,08,202008,전남,여성,50,66208
2020,08,202008,전남,여성,60,41832
2020,08,202008,전남,여성,70,9212
2020,08,202008,전남,여성,80,3029
2020,08,202008,전남,여성,90,729
2020,08,202008,경북,남성,10,226
2020,08,202008,경북,남성,20,21679
2020,08,202008,경북,남성,30,118846
2020,08,202008,경북,남성,40,225825
2020,08,202008,경북,남성,50,302651
2020,08,202008,경북,남성,60,258534
2020,08,202008,경북,남성,70,86719
2020,08,202008,경북,남성,80,13904
2020,08,202008,경북,남성,90,990
2020,08,202008,경북,여성,10,124
2020,08,202008,경북,여성,20,11015
2020,08,202008,경북,여성,30,45580
2020,08,202008,경북,여성,40,77216
2020,08,202008,경북,여성,50,99121
2020,08,202008,경북,여성,60,66477
2020,08,202008,경북,여성,70,13104
2020,08,202008,경북,여성,80,3188
2020,08,202008,경북,여성,90,627
2020,08,202008,경남,남성,10,596
2020,08,202008,경남,남성,20,25714
2020,08,202008,경남,남성,30,153399
2020,08,202008,경남,남성,40,288995
2020,08,202008,경남,남성,50,341305
2020,08,202008,경남,남성,60,261621
2020,08,202008,경남,남성,70,74501
2020,08,202008,경남,남성,80,10863
2020,08,202008,경남,남성,90,878
2020,08,202008,경남,여성,10,318
2020,08,202008,경남,여성,20,12651
2020,08,202008,경남,여성,30,59894
2020,08,202008,경남,여성,40,102170
2020,08,202008,경남,여성,50,119618
2020,08,202008,경남,여성,60,70724
2020,08,202008,경남,여성,70,12621
2020,08,202008,경남,여성,80,3195
2020,08,202008,경남,여성,90,723
2020,08,202008,제주,남성,10,169
2020,08,202008,제주,남성,20,5540
2020,08,202008,제주,남성,30,29598
2020,08,202008,제주,남성,40,61200
2020,08,202008,제주,남성,50,68714
2020,08,202008,제주,남성,60,46414
2020,08,202008,제주,남성,70,16550
2020,08,202008,제주,남성,80,3364
2020,08,202008,제주,남성,90,223
2020,08,202008,제주,여성,10,80
2020,08,202008,제주,여성,20,3729
2020,08,202008,제주,여성,30,15930
2020,08,202008,제주,여성,40,27583
2020,08,202008,제주,여성,50,31355
2020,08,202008,제주,여성,60,18160
2020,08,202008,제주,여성,70,3938
2020,08,202008,제주,여성,80,772
2020,08,202008,제주,여성,90,193
2020,09,202009,서울,남성,10,1368
2020,09,202009,서울,남성,20,38925
2020,09,202009,서울,남성,30,321715
2020,09,202009,서울,남성,40,513388
2020,09,202009,서울,남성,50,533251
2020,09,202009,서울,남성,60,420290
2020,09,202009,서울,남성,70,144845
2020,09,202009,서울,남성,80,26070
2020,09,202009,서울,남성,90,3010
2020,09,202009,서울,여성,10,614
2020,09,202009,서울,여성,20,19513
2020,09,202009,서울,여성,30,119617
2020,09,202009,서울,여성,40,187134
2020,09,202009,서울,여성,50,193285
2020,09,202009,서울,여성,60,128410
2020,09,202009,서울,여성,70,33114
2020,09,202009,서울,여성,80,7209
2020,09,202009,서울,여성,90,1831
2020,09,202009,부산,남성,10,456
2020,09,202009,부산,남성,20,19927
2020,09,202009,부산,남성,30,124169
2020,09,202009,부산,남성,40,210091
2020,09,202009,부산,남성,50,226948
2020,09,202009,부산,남성,60,195247
2020,09,202009,부산,남성,70,61059
2020,09,202009,부산,남성,80,8748
2020,09,202009,부산,남성,90,877
2020,09,202009,부산,여성,10,243
2020,09,202009,부산,여성,20,9228
2020,09,202009,부산,여성,30,46007
2020,09,202009,부산,여성,40,77198
2020,09,202009,부산,여성,50,86714
2020,09,202009,부산,여성,60,56931
2020,09,202009,부산,여성,70,11940
2020,09,202009,부산,여성,80,2484
2020,09,202009,부산,여성,90,517
2020,09,202009,대구,남성,10,251
2020,09,202009,대구,남성,20,18931
2020,09,202009,대구,남성,30,108258
2020,09,202009,대구,남성,40,193956
2020,09,202009,대구,남성,50,229575
2020,09,202009,대구,남성,60,166350
2020,09,202009,대구,남성,70,51249
2020,09,202009,대구,남성,80,8169
2020,09,202009,대구,남성,90,620
2020,09,202009,대구,여성,10,122
2020,09,202009,대구,여성,20,9271
2020,09,202009,대구,여성,30,41419
2020,09,202009,대구,여성,40,72729
2020,09,202009,대구,여성,50,87054
2020,09,202009,대구,여성,60,50443
2020,09,202009,대구,여성,70,10526
2020,09,202009,대구,여성,80,2148
2020,09,202009,대구,여성,90,416
2020,09,202009,인천,남성,10,407
2020,09,202009,인천,남성,20,24946
2020,09,202009,인천,남성,30,133670
2020,09,202009,인천,남성,40,216378
2020,09,202009,인천,남성,50,230985
2020,09,202009,인천,남성,60,161500
2020,09,202009,인천,남성,70,39361
2020,09,202009,인천,남성,80,5596
2020,09,202009,인천,남성,90,559
2020,09,202009,인천,여성,10,255
2020,09,202009,인천,여성,20,11680
2020,09,202009,인천,여성,30,50973
2020,09,202009,인천,여성,40,80368
2020,09,202009,인천,여성,50,88249
2020,09,202009,인천,여성,60,48926
2020,09,202009,인천,여성,70,8320
2020,09,202009,인천,여성,80,1824
2020,09,202009,인천,여성,90,417
2020,09,202009,광주,남성,10,175
2020,09,202009,광주,남성,20,13636
2020,09,202009,광주,남성,30,67589
2020,09,202009,광주,남성,40,119044
2020,09,202009,광주,남성,50,129136
2020,09,202009,광주,남성,60,80334
2020,09,202009,광주,남성,70,24891
2020,09,202009,광주,남성,80,3675
2020,09,202009,광주,남성,90,358
2020,09,202009,광주,여성,10,88
2020,09,202009,광주,여성,20,8281
2020,09,202009,광주,여성,30,32140
2020,09,202009,광주,여성,40,49739
2020,09,202009,광주,여성,50,51906
2020,09,202009,광주,여성,60,26175
2020,09,202009,광주,여성,70,5495
2020,09,202009,광주,여성,80,1265
2020,09,202009,광주,여성,90,331
2020,09,202009,대전,남성,10,331
2020,09,202009,대전,남성,20,13161
2020,09,202009,대전,남성,30,69478
2020,09,202009,대전,남성,40,116114
2020,09,202009,대전,남성,50,130255
2020,09,202009,대전,남성,60,91933
2020,09,202009,대전,남성,70,25763
2020,09,202009,대전,남성,80,3990
2020,09,202009,대전,남성,90,351
2020,09,202009,대전,여성,10,172
2020,09,202009,대전,여성,20,7216
2020,09,202009,대전,여성,30,28809
2020,09,202009,대전,여성,40,46614
2020,09,202009,대전,여성,50,51092
2020,09,202009,대전,여성,60,28055
2020,09,202009,대전,여성,70,5481
2020,09,202009,대전,여성,80,1396
2020,09,202009,대전,여성,90,331
2020,09,202009,울산,남성,10,218
2020,09,202009,울산,남성,20,9708
2020,09,202009,울산,남성,30,57059
2020,09,202009,울산,남성,40,100440
2020,09,202009,울산,남성,50,129578
2020,09,202009,울산,남성,60,89812
2020,09,202009,울산,남성,70,20971
2020,09,202009,울산,남성,80,2241
2020,09,202009,울산,남성,90,189
2020,09,202009,울산,여성,10,89
2020,09,202009,울산,여성,20,4294
2020,09,202009,울산,여성,30,19616
2020,09,202009,울산,여성,40,32389
2020,09,202009,울산,여성,50,35820
2020,09,202009,울산,여성,60,20081
2020,09,202009,울산,여성,70,3347
2020,09,202009,울산,여성,80,714
2020,09,202009,울산,여성,90,166
2020,09,202009,세종,남성,10,72
2020,09,202009,세종,남성,20,2286
2020,09,202009,세종,남성,30,23194
2020,09,202009,세종,남성,40,40199
2020,09,202009,세종,남성,50,29139
2020,09,202009,세종,남성,60,17971
2020,09,202009,세종,남성,70,4531
2020,09,202009,세종,남성,80,674
2020,09,202009,세종,남성,90,56
2020,09,202009,세종,여성,10,38
2020,09,202009,세종,여성,20,1619
2020,09,202009,세종,여성,30,10660
2020,09,202009,세종,여성,40,14575
2020,09,202009,세종,여성,50,10369
2020,09,202009,세종,여성,60,5492
2020,09,202009,세종,여성,70,910
2020,09,202009,세종,여성,80,232
2020,09,202009,세종,여성,90,51
2020,09,202009,경기,남성,10,2230
2020,09,202009,경기,남성,20,106304
2020,09,202009,경기,남성,30,648995
2020,09,202009,경기,남성,40,1094481
2020,09,202009,경기,남성,50,1114615
2020,09,202009,경기,남성,60,729196
2020,09,202009,경기,남성,70,192760
2020,09,202009,경기,남성,80,34927
2020,09,202009,경기,남성,90,2974
2020,09,202009,경기,여성,10,1075
2020,09,202009,경기,여성,20,51420
2020,09,202009,경기,여성,30,242948
2020,09,202009,경기,여성,40,396135
2020,09,202009,경기,여성,50,424174
2020,09,202009,경기,여성,60,233538
2020,09,202009,경기,여성,70,46983
2020,09,202009,경기,여성,80,10573
2020,09,202009,경기,여성,90,1989
2020,09,202009,강원,남성,10,189
2020,09,202009,강원,남성,20,15352
2020,09,202009,강원,남성,30,66349
2020,09,202009,강원,남성,40,121667
2020,09,202009,강원,남성,50,156511
2020,09,202009,강원,남성,60,136336
2020,09,202009,강원,남성,70,41703
2020,09,202009,강원,남성,80,8774
2020,09,202009,강원,남성,90,585
2020,09,202009,강원,여성,10,107
2020,09,202009,강원,여성,20,7139
2020,09,202009,강원,여성,30,27926
2020,09,202009,강원,여성,40,48025
2020,09,202009,강원,여성,50,60735
2020,09,202009,강원,여성,60,41795
2020,09,202009,강원,여성,70,7990
2020,09,202009,강원,여성,80,1684
2020,09,202009,강원,여성,90,509
2020,09,202009,충북,남성,10,297
2020,09,202009,충북,남성,20,17789
2020,09,202009,충북,남성,30,79944
2020,09,202009,충북,남성,40,133662
2020,09,202009,충북,남성,50,168576
2020,09,202009,충북,남성,60,133142
2020,09,202009,충북,남성,70,37837
2020,09,202009,충북,남성,80,6351
2020,09,202009,충북,남성,90,450
2020,09,202009,충북,여성,10,163
2020,09,202009,충북,여성,20,8875
2020,09,202009,충북,여성,30,32082
2020,09,202009,충북,여성,40,49456
2020,09,202009,충북,여성,50,60618
2020,09,202009,충북,여성,60,36760
2020,09,202009,충북,여성,70,6600
2020,09,202009,충북,여성,80,1715
2020,09,202009,충북,여성,90,276
2020,09,202009,충남,남성,10,286
2020,09,202009,충남,남성,20,22357
2020,09,202009,충남,남성,30,117958
2020,09,202009,충남,남성,40,197466
2020,09,202009,충남,남성,50,219033
2020,09,202009,충남,남성,60,167145
2020,09,202009,충남,남성,70,55341
2020,09,202009,충남,남성,80,9139
2020,09,202009,충남,남성,90,746
2020,09,202009,충남,여성,10,162
2020,09,202009,충남,여성,20,11170
2020,09,202009,충남,여성,30,42599
2020,09,202009,충남,여성,40,64824
2020,09,202009,충남,여성,50,76419
2020,09,202009,충남,여성,60,47756
2020,09,202009,충남,여성,70,9423
2020,09,202009,충남,여성,80,2490
2020,09,202009,충남,여성,90,485
2020,09,202009,전북,남성,10,312
2020,09,202009,전북,남성,20,15198
2020,09,202009,전북,남성,30,71643
2020,09,202009,전북,남성,40,146004
2020,09,202009,전북,남성,50,183656
2020,09,202009,전북,남성,60,144351
2020,09,202009,전북,남성,70,52372
2020,09,202009,전북,남성,80,8739
2020,09,202009,전북,남성,90,847
2020,09,202009,전북,여성,10,159
2020,09,202009,전북,여성,20,8701
2020,09,202009,전북,여성,30,32758
2020,09,202009,전북,여성,40,55219
2020,09,202009,전북,여성,50,67729
2020,09,202009,전북,여성,60,42778
2020,09,202009,전북,여성,70,9901
2020,09,202009,전북,여성,80,2970
2020,09,202009,전북,여성,90,805
2020,09,202009,전남,남성,10,309
2020,09,202009,전남,남성,20,16485
2020,09,202009,전남,남성,30,75566
2020,09,202009,전남,남성,40,148351
2020,09,202009,전남,남성,50,202371
2020,09,202009,전남,남성,60,157184
2020,09,202009,전남,남성,70,57483
2020,09,202009,전남,남성,80,8543
2020,09,202009,전남,남성,90,865
2020,09,202009,전남,여성,10,168
2020,09,202009,전남,여성,20,8331
2020,09,202009,전남,여성,30,31502
2020,09,202009,전남,여성,40,52278
2020,09,202009,전남,여성,50,66399
2020,09,202009,전남,여성,60,41810
2020,09,202009,전남,여성,70,9136
2020,09,202009,전남,여성,80,2989
2020,09,202009,전남,여성,90,714
2020,09,202009,경북,남성,10,223
2020,09,202009,경북,남성,20,22206
2020,09,202009,경북,남성,30,119471
2020,09,202009,경북,남성,40,226089
2020,09,202009,경북,남성,50,303291
2020,09,202009,경북,남성,60,258290
2020,09,202009,경북,남성,70,86319
2020,09,202009,경북,남성,80,13756
2020,09,202009,경북,남성,90,974
2020,09,202009,경북,여성,10,128
2020,09,202009,경북,여성,20,11289
2020,09,202009,경북,여성,30,45881
2020,09,202009,경북,여성,40,77512
2020,09,202009,경북,여성,50,99451
2020,09,202009,경북,여성,60,66389
2020,09,202009,경북,여성,70,13056
2020,09,202009,경북,여성,80,3150
2020,09,202009,경북,여성,90,623
2020,09,202009,경남,남성,10,599
2020,09,202009,경남,남성,20,26354
2020,09,202009,경남,남성,30,154111
2020,09,202009,경남,남성,40,289592
2020,09,202009,경남,남성,50,341944
2020,09,202009,경남,남성,60,261360
2020,09,202009,경남,남성,70,74212
2020,09,202009,경남,남성,80,10737
2020,09,202009,경남,남성,90,876
2020,09,202009,경남,여성,10,318
2020,09,202009,경남,여성,20,13015
2020,09,202009,경남,여성,30,60239
2020,09,202009,경남,여성,40,102518
2020,09,202009,경남,여성,50,119942
2020,09,202009,경남,여성,60,70748
2020,09,202009,경남,여성,70,12549
2020,09,202009,경남,여성,80,3160
2020,09,202009,경남,여성,90,715
2020,09,202009,제주,남성,10,171
2020,09,202009,제주,남성,20,5690
2020,09,202009,제주,남성,30,29730
2020,09,202009,제주,남성,40,61352
2020,09,202009,제주,남성,50,68867
2020,09,202009,제주,남성,60,46458
2020,09,202009,제주,남성,70,16494
2020,09,202009,제주,남성,80,3324
2020,09,202009,제주,남성,90,218
2020,09,202009,제주,여성,10,80
2020,09,202009,제주,여성,20,3832
2020,09,202009,제주,여성,30,16081
2020,09,202009,제주,여성,40,27693
2020,09,202009,제주,여성,50,31425
2020,09,202009,제주,여성,60,18138
2020,09,202009,제주,여성,70,3929
2020,09,202009,제주,여성,80,756
2020,09,202009,제주,여성,90,192
2020,10,202010,서울,남성,10,1391
2020,10,202010,서울,남성,20,39868
2020,10,202010,서울,남성,30,323450
2020,10,202010,서울,남성,40,513586
2020,10,202010,서울,남성,50,533319
2020,10,202010,서울,남성,60,419436
2020,10,202010,서울,남성,70,143972
2020,10,202010,서울,남성,80,25761
2020,10,202010,서울,남성,90,2976
2020,10,202010,서울,여성,10,621
2020,10,202010,서울,여성,20,20027
2020,10,202010,서울,여성,30,120403
2020,10,202010,서울,여성,40,187370
2020,10,202010,서울,여성,50,193360
2020,10,202010,서울,여성,60,128145
2020,10,202010,서울,여성,70,32936
2020,10,202010,서울,여성,80,7145
2020,10,202010,서울,여성,90,1821
2020,10,202010,부산,남성,10,457
2020,10,202010,부산,남성,20,20363
2020,10,202010,부산,남성,30,124831
2020,10,202010,부산,남성,40,210464
2020,10,202010,부산,남성,50,227231
2020,10,202010,부산,남성,60,194957
2020,10,202010,부산,남성,70,60701
2020,10,202010,부산,남성,80,8642
2020,10,202010,부산,남성,90,862
2020,10,202010,부산,여성,10,243
2020,10,202010,부산,여성,20,9460
2020,10,202010,부산,여성,30,46398
2020,10,202010,부산,여성,40,77547
2020,10,202010,부산,여성,50,86839
2020,10,202010,부산,여성,60,56899
2020,10,202010,부산,여성,70,11856
2020,10,202010,부산,여성,80,2468
2020,10,202010,부산,여성,90,510
2020,10,202010,대구,남성,10,249
2020,10,202010,대구,남성,20,19372
2020,10,202010,대구,남성,30,108620
2020,10,202010,대구,남성,40,193751
2020,10,202010,대구,남성,50,228890
2020,10,202010,대구,남성,60,165268
2020,10,202010,대구,남성,70,50756
2020,10,202010,대구,남성,80,8023
2020,10,202010,대구,남성,90,602
2020,10,202010,대구,여성,10,122
2020,10,202010,대구,여성,20,9566
2020,10,202010,대구,여성,30,41643
2020,10,202010,대구,여성,40,72721
2020,10,202010,대구,여성,50,86964
2020,10,202010,대구,여성,60,50163
2020,10,202010,대구,여성,70,10441
2020,10,202010,대구,여성,80,2105
2020,10,202010,대구,여성,90,406
2020,10,202010,인천,남성,10,412
2020,10,202010,인천,남성,20,25495
2020,10,202010,인천,남성,30,134284
2020,10,202010,인천,남성,40,216619
2020,10,202010,인천,남성,50,231149
2020,10,202010,인천,남성,60,161214
2020,10,202010,인천,남성,70,39102
2020,10,202010,인천,남성,80,5521
2020,10,202010,인천,남성,90,547
2020,10,202010,인천,여성,10,255
2020,10,202010,인천,여성,20,11967
2020,10,202010,인천,여성,30,51325
2020,10,202010,인천,여성,40,80521
2020,10,202010,인천,여성,50,88432
2020,10,202010,인천,여성,60,48866
2020,10,202010,인천,여성,70,8259
2020,10,202010,인천,여성,80,1813
2020,10,202010,인천,여성,90,411
2020,10,202010,광주,남성,10,173
2020,10,202010,광주,남성,20,13935
2020,10,202010,광주,남성,30,67886
2020,10,202010,광주,남성,40,119088
2020,10,202010,광주,남성,50,129102
2020,10,202010,광주,남성,60,80102
2020,10,202010,광주,남성,70,24687
2020,10,202010,광주,남성,80,3609
2020,10,202010,광주,남성,90,353
2020,10,202010,광주,여성,10,89
2020,10,202010,광주,여성,20,8502
2020,10,202010,광주,여성,30,32331
2020,10,202010,광주,여성,40,49918
2020,10,202010,광주,여성,50,51960
2020,10,202010,광주,여성,60,26133
2020,10,202010,광주,여성,70,5462
2020,10,202010,광주,여성,80,1243
2020,10,202010,광주,여성,90,330
2020,10,202010,대전,남성,10,329
2020,10,202010,대전,남성,20,13482
2020,10,202010,대전,남성,30,69735
2020,10,202010,대전,남성,40,115900
2020,10,202010,대전,남성,50,130027
2020,10,202010,대전,남성,60,91568
2020,10,202010,대전,남성,70,25506
2020,10,202010,대전,남성,80,3933
2020,10,202010,대전,남성,90,348
2020,10,202010,대전,여성,10,168
2020,10,202010,대전,여성,20,7431
2020,10,202010,대전,여성,30,28946
2020,10,202010,대전,여성,40,46641
2020,10,202010,대전,여성,50,51150
2020,10,202010,대전,여성,60,27931
2020,10,202010,대전,여성,70,5423
2020,10,202010,대전,여성,80,1375
2020,10,202010,대전,여성,90,325
2020,10,202010,울산,남성,10,214
2020,10,202010,울산,남성,20,9960
2020,10,202010,울산,남성,30,57341
2020,10,202010,울산,남성,40,100456
2020,10,202010,울산,남성,50,129492
2020,10,202010,울산,남성,60,89482
2020,10,202010,울산,남성,70,20830
2020,10,202010,울산,남성,80,2224
2020,10,202010,울산,남성,90,189
2020,10,202010,울산,여성,10,88
2020,10,202010,울산,여성,20,4411
2020,10,202010,울산,여성,30,19720
2020,10,202010,울산,여성,40,32455
2020,10,202010,울산,여성,50,35837
2020,10,202010,울산,여성,60,20040
2020,10,202010,울산,여성,70,3304
2020,10,202010,울산,여성,80,701
2020,10,202010,울산,여성,90,164
2020,10,202010,세종,남성,10,72
2020,10,202010,세종,남성,20,2378
2020,10,202010,세종,남성,30,23562
2020,10,202010,세종,남성,40,40561
2020,10,202010,세종,남성,50,29338
2020,10,202010,세종,남성,60,18058
2020,10,202010,세종,남성,70,4536
2020,10,202010,세종,남성,80,668
2020,10,202010,세종,남성,90,56
2020,10,202010,세종,여성,10,39
2020,10,202010,세종,여성,20,1696
2020,10,202010,세종,여성,30,10810
2020,10,202010,세종,여성,40,14730
2020,10,202010,세종,여성,50,10447
2020,10,202010,세종,여성,60,5481
2020,10,202010,세종,여성,70,910
2020,10,202010,세종,여성,80,231
2020,10,202010,세종,여성,90,50
2020,10,202010,경기,남성,10,2244
2020,10,202010,경기,남성,20,109112
2020,10,202010,경기,남성,30,654699
2020,10,202010,경기,남성,40,1098015
2020,10,202010,경기,남성,50,1116221
2020,10,202010,경기,남성,60,728517
2020,10,202010,경기,남성,70,191969
2020,10,202010,경기,남성,80,34532
2020,10,202010,경기,남성,90,2943
2020,10,202010,경기,여성,10,1090
2020,10,202010,경기,여성,20,52816
2020,10,202010,경기,여성,30,245116
2020,10,202010,경기,여성,40,397570
2020,10,202010,경기,여성,50,425161
2020,10,202010,경기,여성,60,233301
2020,10,202010,경기,여성,70,46752
2020,10,202010,경기,여성,80,10457
2020,10,202010,경기,여성,90,1965
2020,10,202010,강원,남성,10,193
2020,10,202010,강원,남성,20,15724
2020,10,202010,강원,남성,30,66704
2020,10,202010,강원,남성,40,122068
2020,10,202010,강원,남성,50,156841
2020,10,202010,강원,남성,60,136343
2020,10,202010,강원,남성,70,41567
2020,10,202010,강원,남성,80,8680
2020,10,202010,강원,남성,90,579
2020,10,202010,강원,여성,10,108
2020,10,202010,강원,여성,20,7306
2020,10,202010,강원,여성,30,28169
2020,10,202010,강원,여성,40,48236
2020,10,202010,강원,여성,50,60911
2020,10,202010,강원,여성,60,41827
2020,10,202010,강원,여성,70,7924
2020,10,202010,강원,여성,80,1669
2020,10,202010,강원,여성,90,507
2020,10,202010,충북,남성,10,301
2020,10,202010,충북,남성,20,18226
2020,10,202010,충북,남성,30,80468
2020,10,202010,충북,남성,40,133950
2020,10,202010,충북,남성,50,168919
2020,10,202010,충북,남성,60,133092
2020,10,202010,충북,남성,70,37654
2020,10,202010,충북,남성,80,6268
2020,10,202010,충북,남성,90,443
2020,10,202010,충북,여성,10,164
2020,10,202010,충북,여성,20,9064
2020,10,202010,충북,여성,30,32269
2020,10,202010,충북,여성,40,49542
2020,10,202010,충북,여성,50,60787
2020,10,202010,충북,여성,60,36795
2020,10,202010,충북,여성,70,6576
2020,10,202010,충북,여성,80,1704
2020,10,202010,충북,여성,90,272
2020,10,202010,충남,남성,10,292
2020,10,202010,충남,남성,20,22792
2020,10,202010,충남,남성,30,118560
2020,10,202010,충남,남성,40,197614
2020,10,202010,충남,남성,50,219344
2020,10,202010,충남,남성,60,166936
2020,10,202010,충남,남성,70,55092
2020,10,202010,충남,남성,80,9022
2020,10,202010,충남,남성,90,736
2020,10,202010,충남,여성,10,162
2020,10,202010,충남,여성,20,11389
2020,10,202010,충남,여성,30,42943
2020,10,202010,충남,여성,40,65001
2020,10,202010,충남,여성,50,76595
2020,10,202010,충남,여성,60,47717
2020,10,202010,충남,여성,70,9372
2020,10,202010,충남,여성,80,2458
2020,10,202010,충남,여성,90,485
2020,10,202010,전북,남성,10,321
2020,10,202010,전북,남성,20,15548
2020,10,202010,전북,남성,30,72025
2020,10,202010,전북,남성,40,146190
2020,10,202010,전북,남성,50,183964
2020,10,202010,전북,남성,60,144086
2020,10,202010,전북,남성,70,52144
2020,10,202010,전북,남성,80,8665
2020,10,202010,전북,남성,90,835
2020,10,202010,전북,여성,10,158
2020,10,202010,전북,여성,20,8929
2020,10,202010,전북,여성,30,32921
2020,10,202010,전북,여성,40,55447
2020,10,202010,전북,여성,50,67948
2020,10,202010,전북,여성,60,42757
2020,10,202010,전북,여성,70,9842
2020,10,202010,전북,여성,80,2935
2020,10,202010,전북,여성,90,802
2020,10,202010,전남,남성,10,313
2020,10,202010,전남,남성,20,16839
2020,10,202010,전남,남성,30,76088
2020,10,202010,전남,남성,40,148615
2020,10,202010,전남,남성,50,202830
2020,10,202010,전남,남성,60,157091
2020,10,202010,전남,남성,70,57264
2020,10,202010,전남,남성,80,8445
2020,10,202010,전남,남성,90,856
2020,10,202010,전남,여성,10,169
2020,10,202010,전남,여성,20,8531
2020,10,202010,전남,여성,30,31745
2020,10,202010,전남,여성,40,52495
2020,10,202010,전남,여성,50,66614
2020,10,202010,전남,여성,60,41780
2020,10,202010,전남,여성,70,9087
2020,10,202010,전남,여성,80,2956
2020,10,202010,전남,여성,90,704
2020,10,202010,경북,남성,10,225
2020,10,202010,경북,남성,20,22653
2020,10,202010,경북,남성,30,120249
2020,10,202010,경북,남성,40,226545
2020,10,202010,경북,남성,50,303970
2020,10,202010,경북,남성,60,258184
2020,10,202010,경북,남성,70,85897
2020,10,202010,경북,남성,80,13584
2020,10,202010,경북,남성,90,962
2020,10,202010,경북,여성,10,129
2020,10,202010,경북,여성,20,11541
2020,10,202010,경북,여성,30,46164
2020,10,202010,경북,여성,40,77787
2020,10,202010,경북,여성,50,99841
2020,10,202010,경북,여성,60,66369
2020,10,202010,경북,여성,70,12983
2020,10,202010,경북,여성,80,3103
2020,10,202010,경북,여성,90,615
2020,10,202010,경남,남성,10,600
2020,10,202010,경남,남성,20,27035
2020,10,202010,경남,남성,30,154865
2020,10,202010,경남,남성,40,289799
2020,10,202010,경남,남성,50,341980
2020,10,202010,경남,남성,60,260742
2020,10,202010,경남,남성,70,73785
2020,10,202010,경남,남성,80,10568
2020,10,202010,경남,남성,90,868
2020,10,202010,경남,여성,10,323
2020,10,202010,경남,여성,20,13366
2020,10,202010,경남,여성,30,60635
2020,10,202010,경남,여성,40,102842
2020,10,202010,경남,여성,50,120154
2020,10,202010,경남,여성,60,70740
2020,10,202010,경남,여성,70,12459
2020,10,202010,경남,여성,80,3111
2020,10,202010,경남,여성,90,705
2020,10,202010,제주,남성,10,173
2020,10,202010,제주,남성,20,5798
2020,10,202010,제주,남성,30,29833
2020,10,202010,제주,남성,40,61352
2020,10,202010,제주,남성,50,68906
2020,10,202010,제주,남성,60,46276
2020,10,202010,제주,남성,70,16420
2020,10,202010,제주,남성,80,3282
2020,10,202010,제주,남성,90,213
2020,10,202010,제주,여성,10,79
2020,10,202010,제주,여성,20,3912
2020,10,202010,제주,여성,30,16159
2020,10,202010,제주,여성,40,27727
2020,10,202010,제주,여성,50,31426
2020,10,202010,제주,여성,60,18118
2020,10,202010,제주,여성,70,3892
2020,10,202010,제주,여성,80,756
2020,10,202010,제주,여성,90,187
2020,11,202011,서울,남성,10,1389
2020,11,202011,서울,남성,20,41089
2020,11,202011,서울,남성,30,325516
2020,11,202011,서울,남성,40,513882
2020,11,202011,서울,남성,50,533179
2020,11,202011,서울,남성,60,418571
2020,11,202011,서울,남성,70,143137
2020,11,202011,서울,남성,80,25474
2020,11,202011,서울,남성,90,2965
2020,11,202011,서울,여성,10,626
2020,11,202011,서울,여성,20,20510
2020,11,202011,서울,여성,30,121380
2020,11,202011,서울,여성,40,187757
2020,11,202011,서울,여성,50,193350
2020,11,202011,서울,여성,60,127897
2020,11,202011,서울,여성,70,32714
2020,11,202011,서울,여성,80,7081
2020,11,202011,서울,여성,90,1834
2020,11,202011,부산,남성,10,462
2020,11,202011,부산,남성,20,21002
2020,11,202011,부산,남성,30,125800
2020,11,202011,부산,남성,40,211077
2020,11,202011,부산,남성,50,227467
2020,11,202011,부산,남성,60,194607
2020,11,202011,부산,남성,70,60386
2020,11,202011,부산,남성,80,8517
2020,11,202011,부산,남성,90,856
2020,11,202011,부산,여성,10,247
2020,11,202011,부산,여성,20,9731
2020,11,202011,부산,여성,30,46782
2020,11,202011,부산,여성,40,77795
2020,11,202011,부산,여성,50,87037
2020,11,202011,부산,여성,60,56781
2020,11,202011,부산,여성,70,11796
2020,11,202011,부산,여성,80,2431
2020,11,202011,부산,여성,90,499
2020,11,202011,대구,남성,10,247
2020,11,202011,대구,남성,20,19939
2020,11,202011,대구,남성,30,109245
2020,11,202011,대구,남성,40,193903
2020,11,202011,대구,남성,50,229020
2020,11,202011,대구,남성,60,164690
2020,11,202011,대구,남성,70,50375
2020,11,202011,대구,남성,80,7905
2020,11,202011,대구,남성,90,595
2020,11,202011,대구,여성,10,121
2020,11,202011,대구,여성,20,9844
2020,11,202011,대구,여성,30,41968
2020,11,202011,대구,여성,40,73030
2020,11,202011,대구,여성,50,87088
2020,11,202011,대구,여성,60,50046
2020,11,202011,대구,여성,70,10344
2020,11,202011,대구,여성,80,2080
2020,11,202011,대구,여성,90,401
2020,11,202011,인천,남성,10,415
2020,11,202011,인천,남성,20,26100
2020,11,202011,인천,남성,30,135124
2020,11,202011,인천,남성,40,216972
2020,11,202011,인천,남성,50,231501
2020,11,202011,인천,남성,60,160959
2020,11,202011,인천,남성,70,38905
2020,11,202011,인천,남성,80,5424
2020,11,202011,인천,남성,90,533
2020,11,202011,인천,여성,10,257
2020,11,202011,인천,여성,20,12247
2020,11,202011,인천,여성,30,51654
2020,11,202011,인천,여성,40,80743
2020,11,202011,인천,여성,50,88619
2020,11,202011,인천,여성,60,48836
2020,11,202011,인천,여성,70,8245
2020,11,202011,인천,여성,80,1787
2020,11,202011,인천,여성,90,412
2020,11,202011,광주,남성,10,172
2020,11,202011,광주,남성,20,14304
2020,11,202011,광주,남성,30,68312
2020,11,202011,광주,남성,40,119245
2020,11,202011,광주,남성,50,129071
2020,11,202011,광주,남성,60,79891
2020,11,202011,광주,남성,70,24491
2020,11,202011,광주,남성,80,3564
2020,11,202011,광주,남성,90,345
2020,11,202011,광주,여성,10,92
2020,11,202011,광주,여성,20,8737
2020,11,202011,광주,여성,30,32531
2020,11,202011,광주,여성,40,50147
2020,11,202011,광주,여성,50,52050
2020,11,202011,광주,여성,60,26025
2020,11,202011,광주,여성,70,5417
2020,11,202011,광주,여성,80,1227
2020,11,202011,광주,여성,90,322
2020,11,202011,대전,남성,10,326
2020,11,202011,대전,남성,20,13853
2020,11,202011,대전,남성,30,70160
2020,11,202011,대전,남성,40,115929
2020,11,202011,대전,남성,50,129939
2020,11,202011,대전,남성,60,91227
2020,11,202011,대전,남성,70,25348
2020,11,202011,대전,남성,80,3899
2020,11,202011,대전,남성,90,344
2020,11,202011,대전,여성,10,168
2020,11,202011,대전,여성,20,7634
2020,11,202011,대전,여성,30,29131
2020,11,202011,대전,여성,40,46700
2020,11,202011,대전,여성,50,51169
2020,11,202011,대전,여성,60,27840
2020,11,202011,대전,여성,70,5382
2020,11,202011,대전,여성,80,1362
2020,11,202011,대전,여성,90,322
2020,11,202011,울산,남성,10,214
2020,11,202011,울산,남성,20,10252
2020,11,202011,울산,남성,30,57633
2020,11,202011,울산,남성,40,100611
2020,11,202011,울산,남성,50,129720
2020,11,202011,울산,남성,60,89270
2020,11,202011,울산,남성,70,20701
2020,11,202011,울산,남성,80,2191
2020,11,202011,울산,남성,90,186
2020,11,202011,울산,여성,10,90
2020,11,202011,울산,여성,20,4537
2020,11,202011,울산,여성,30,19882
2020,11,202011,울산,여성,40,32566
2020,11,202011,울산,여성,50,35911
2020,11,202011,울산,여성,60,19987
2020,11,202011,울산,여성,70,3284
2020,11,202011,울산,여성,80,687
2020,11,202011,울산,여성,90,161
2020,11,202011,세종,남성,10,74
2020,11,202011,세종,남성,20,2456
2020,11,202011,세종,남성,30,23941
2020,11,202011,세종,남성,40,40895
2020,11,202011,세종,남성,50,29542
2020,11,202011,세종,남성,60,18109
2020,11,202011,세종,남성,70,4517
2020,11,202011,세종,남성,80,660
2020,11,202011,세종,남성,90,55
2020,11,202011,세종,여성,10,40
2020,11,202011,세종,여성,20,1770
2020,11,202011,세종,여성,30,10992
2020,11,202011,세종,여성,40,14891
2020,11,202011,세종,여성,50,10549
2020,11,202011,세종,여성,60,5530
2020,11,202011,세종,여성,70,914
2020,11,202011,세종,여성,80,230
2020,11,202011,세종,여성,90,49
2020,11,202011,경기,남성,10,2255
2020,11,202011,경기,남성,20,112190
2020,11,202011,경기,남성,30,660985
2020,11,202011,경기,남성,40,1101838
2020,11,202011,경기,남성,50,1118085
2020,11,202011,경기,남성,60,727747
2020,11,202011,경기,남성,70,191068
2020,11,202011,경기,남성,80,34163
2020,11,202011,경기,남성,90,2913
2020,11,202011,경기,여성,10,1092
2020,11,202011,경기,여성,20,54356
2020,11,202011,경기,여성,30,247430
2020,11,202011,경기,여성,40,399147
2020,11,202011,경기,여성,50,426859
2020,11,202011,경기,여성,60,233177
2020,11,202011,경기,여성,70,46536
2020,11,202011,경기,여성,80,10366
2020,11,202011,경기,여성,90,1955
2020,11,202011,강원,남성,10,201
2020,11,202011,강원,남성,20,16199
2020,11,202011,강원,남성,30,67195
2020,11,202011,강원,남성,40,122365
2020,11,202011,강원,남성,50,157297
2020,11,202011,강원,남성,60,136370
2020,11,202011,강원,남성,70,41387
2020,11,202011,강원,남성,80,8572
2020,11,202011,강원,남성,90,568
2020,11,202011,강원,여성,10,110
2020,11,202011,강원,여성,20,7489
2020,11,202011,강원,여성,30,28423
2020,11,202011,강원,여성,40,48422
2020,11,202011,강원,여성,50,61142
2020,11,202011,강원,여성,60,41823
2020,11,202011,강원,여성,70,7879
2020,11,202011,강원,여성,80,1656
2020,11,202011,강원,여성,90,508
2020,11,202011,충북,남성,10,305
2020,11,202011,충북,남성,20,18690
2020,11,202011,충북,남성,30,81031
2020,11,202011,충북,남성,40,134296
2020,11,202011,충북,남성,50,169224
2020,11,202011,충북,남성,60,132930
2020,11,202011,충북,남성,70,37455
2020,11,202011,충북,남성,80,6179
2020,11,202011,충북,남성,90,436
2020,11,202011,충북,여성,10,167
2020,11,202011,충북,여성,20,9325
2020,11,202011,충북,여성,30,32475
2020,11,202011,충북,여성,40,49681
2020,11,202011,충북,여성,50,60980
2020,11,202011,충북,여성,60,36794
2020,11,202011,충북,여성,70,6552
2020,11,202011,충북,여성,80,1673
2020,11,202011,충북,여성,90,264
2020,11,202011,충남,남성,10,295
2020,11,202011,충남,남성,20,23388
2020,11,202011,충남,남성,30,119202
2020,11,202011,충남,남성,40,198041
2020,11,202011,충남,남성,50,219684
2020,11,202011,충남,남성,60,166714
2020,11,202011,충남,남성,70,54741
2020,11,202011,충남,남성,80,8923
2020,11,202011,충남,남성,90,723
2020,11,202011,충남,여성,10,165
2020,11,202011,충남,여성,20,11681
2020,11,202011,충남,여성,30,43207
2020,11,202011,충남,여성,40,65211
2020,11,202011,충남,여성,50,76766
2020,11,202011,충남,여성,60,47687
2020,11,202011,충남,여성,70,9327
2020,11,202011,충남,여성,80,2411
2020,11,202011,충남,여성,90,480
2020,11,202011,전북,남성,10,320
2020,11,202011,전북,남성,20,15914
2020,11,202011,전북,남성,30,72347
2020,11,202011,전북,남성,40,146813
2020,11,202011,전북,남성,50,184330
2020,11,202011,전북,남성,60,143929
2020,11,202011,전북,남성,70,51912
2020,11,202011,전북,남성,80,8560
2020,11,202011,전북,남성,90,817
2020,11,202011,전북,여성,10,159
2020,11,202011,전북,여성,20,9162
2020,11,202011,전북,여성,30,33199
2020,11,202011,전북,여성,40,55601
2020,11,202011,전북,여성,50,68166
2020,11,202011,전북,여성,60,42730
2020,11,202011,전북,여성,70,9777
2020,11,202011,전북,여성,80,2899
2020,11,202011,전북,여성,90,793
2020,11,202011,전남,남성,10,319
2020,11,202011,전남,남성,20,17251
2020,11,202011,전남,남성,30,76588
2020,11,202011,전남,남성,40,149090
2020,11,202011,전남,남성,50,203434
2020,11,202011,전남,남성,60,157129
2020,11,202011,전남,남성,70,57003
2020,11,202011,전남,남성,80,8325
2020,11,202011,전남,남성,90,844
2020,11,202011,전남,여성,10,170
2020,11,202011,전남,여성,20,8760
2020,11,202011,전남,여성,30,31972
2020,11,202011,전남,여성,40,52689
2020,11,202011,전남,여성,50,66854
2020,11,202011,전남,여성,60,41840
2020,11,202011,전남,여성,70,9040
2020,11,202011,전남,여성,80,2914
2020,11,202011,전남,여성,90,697
2020,11,202011,경북,남성,10,225
2020,11,202011,경북,남성,20,23251
2020,11,202011,경북,남성,30,120968
2020,11,202011,경북,남성,40,227133
2020,11,202011,경북,남성,50,304699
2020,11,202011,경북,남성,60,258046
2020,11,202011,경북,남성,70,85452
2020,11,202011,경북,남성,80,13444
2020,11,202011,경북,남성,90,958
2020,11,202011,경북,여성,10,129
2020,11,202011,경북,여성,20,11839
2020,11,202011,경북,여성,30,46490
2020,11,202011,경북,여성,40,78079
2020,11,202011,경북,여성,50,100250
2020,11,202011,경북,여성,60,66389
2020,11,202011,경북,여성,70,12936
2020,11,202011,경북,여성,80,3066
2020,11,202011,경북,여성,90,603
2020,11,202011,경남,남성,10,601
2020,11,202011,경남,남성,20,27756
2020,11,202011,경남,남성,30,155790
2020,11,202011,경남,남성,40,290047
2020,11,202011,경남,남성,50,342265
2020,11,202011,경남,남성,60,260272
2020,11,202011,경남,남성,70,73390
2020,11,202011,경남,남성,80,10401
2020,11,202011,경남,남성,90,859
2020,11,202011,경남,여성,10,323
2020,11,202011,경남,여성,20,13715
2020,11,202011,경남,여성,30,61008
2020,11,202011,경남,여성,40,103218
2020,11,202011,경남,여성,50,120461
2020,11,202011,경남,여성,60,70628
2020,11,202011,경남,여성,70,12386
2020,11,202011,경남,여성,80,3038
2020,11,202011,경남,여성,90,687
2020,11,202011,제주,남성,10,171
2020,11,202011,제주,남성,20,5932
2020,11,202011,제주,남성,30,29963
2020,11,202011,제주,남성,40,61468
2020,11,202011,제주,남성,50,68891
2020,11,202011,제주,남성,60,46166
2020,11,202011,제주,남성,70,16325
2020,11,202011,제주,남성,80,3243
2020,11,202011,제주,남성,90,214
2020,11,202011,제주,여성,10,81
2020,11,202011,제주,여성,20,4004
2020,11,202011,제주,여성,30,16311
2020,11,202011,제주,여성,40,27809
2020,11,202011,제주,여성,50,31469
2020,11,202011,제주,여성,60,18118
2020,11,202011,제주,여성,70,3879
2020,11,202011,제주,여성,80,754
2020,11,202011,제주,여성,90,184
2020,12,202012,서울,남성,10,1425
2020,12,202012,서울,남성,20,42173
2020,12,202012,서울,남성,30,327305
2020,12,202012,서울,남성,40,513225
2020,12,202012,서울,남성,50,532158
2020,12,202012,서울,남성,60,417002
2020,12,202012,서울,남성,70,141974
2020,12,202012,서울,남성,80,25094
2020,12,202012,서울,남성,90,2942
2020,12,202012,서울,여성,10,633
2020,12,202012,서울,여성,20,21103
2020,12,202012,서울,여성,30,122165
2020,12,202012,서울,여성,40,187804
2020,12,202012,서울,여성,50,193226
2020,12,202012,서울,여성,60,127197
2020,12,202012,서울,여성,70,32445
2020,12,202012,서울,여성,80,6984
2020,12,202012,서울,여성,90,1828
2020,12,202012,부산,남성,10,460
2020,12,202012,부산,남성,20,21591
2020,12,202012,부산,남성,30,126511
2020,12,202012,부산,남성,40,211371
2020,12,202012,부산,남성,50,227517
2020,12,202012,부산,남성,60,194092
2020,12,202012,부산,남성,70,59931
2020,12,202012,부산,남성,80,8399
2020,12,202012,부산,남성,90,847
2020,12,202012,부산,여성,10,249
2020,12,202012,부산,여성,20,9970
2020,12,202012,부산,여성,30,47167
2020,12,202012,부산,여성,40,78131
2020,12,202012,부산,여성,50,87178
2020,12,202012,부산,여성,60,56580
2020,12,202012,부산,여성,70,11716
2020,12,202012,부산,여성,80,2402
2020,12,202012,부산,여성,90,489
2020,12,202012,대구,남성,10,252
2020,12,202012,대구,남성,20,20388
2020,12,202012,대구,남성,30,109968
2020,12,202012,대구,남성,40,194187
2020,12,202012,대구,남성,50,228886
2020,12,202012,대구,남성,60,163987
2020,12,202012,대구,남성,70,49989
2020,12,202012,대구,남성,80,7772
2020,12,202012,대구,남성,90,587
2020,12,202012,대구,여성,10,119
2020,12,202012,대구,여성,20,10115
2020,12,202012,대구,여성,30,42327
2020,12,202012,대구,여성,40,73259
2020,12,202012,대구,여성,50,87192
2020,12,202012,대구,여성,60,49831
2020,12,202012,대구,여성,70,10282
2020,12,202012,대구,여성,80,2043
2020,12,202012,대구,여성,90,398
2020,12,202012,인천,남성,10,417
2020,12,202012,인천,남성,20,26726
2020,12,202012,인천,남성,30,135908
2020,12,202012,인천,남성,40,217145
2020,12,202012,인천,남성,50,231581
2020,12,202012,인천,남성,60,160589
2020,12,202012,인천,남성,70,38578
2020,12,202012,인천,남성,80,5354
2020,12,202012,인천,남성,90,525
2020,12,202012,인천,여성,10,258
2020,12,202012,인천,여성,20,12535
2020,12,202012,인천,여성,30,52089
2020,12,202012,인천,여성,40,80920
2020,12,202012,인천,여성,50,88651
2020,12,202012,인천,여성,60,48661
2020,12,202012,인천,여성,70,8186
2020,12,202012,인천,여성,80,1762
2020,12,202012,인천,여성,90,404
2020,12,202012,광주,남성,10,176
2020,12,202012,광주,남성,20,14679
2020,12,202012,광주,남성,30,68522
2020,12,202012,광주,남성,40,119197
2020,12,202012,광주,남성,50,128866
2020,12,202012,광주,남성,60,79458
2020,12,202012,광주,남성,70,24276
2020,12,202012,광주,남성,80,3505
2020,12,202012,광주,남성,90,336
2020,12,202012,광주,여성,10,88
2020,12,202012,광주,여성,20,8892
2020,12,202012,광주,여성,30,32706
2020,12,202012,광주,여성,40,50225
2020,12,202012,광주,여성,50,52081
2020,12,202012,광주,여성,60,25912
2020,12,202012,광주,여성,70,5364
2020,12,202012,광주,여성,80,1211
2020,12,202012,광주,여성,90,318
2020,12,202012,대전,남성,10,325
2020,12,202012,대전,남성,20,14197
2020,12,202012,대전,남성,30,70470
2020,12,202012,대전,남성,40,115912
2020,12,202012,대전,남성,50,129865
2020,12,202012,대전,남성,60,90888
2020,12,202012,대전,남성,70,25179
2020,12,202012,대전,남성,80,3852
2020,12,202012,대전,남성,90,340
2020,12,202012,대전,여성,10,169
2020,12,202012,대전,여성,20,7875
2020,12,202012,대전,여성,30,29333
2020,12,202012,대전,여성,40,46711
2020,12,202012,대전,여성,50,51194
2020,12,202012,대전,여성,60,27792
2020,12,202012,대전,여성,70,5348
2020,12,202012,대전,여성,80,1336
2020,12,202012,대전,여성,90,318
2020,12,202012,울산,남성,10,214
2020,12,202012,울산,남성,20,10502
2020,12,202012,울산,남성,30,57988
2020,12,202012,울산,남성,40,100776
2020,12,202012,울산,남성,50,129998
2020,12,202012,울산,남성,60,88932
2020,12,202012,울산,남성,70,20574
2020,12,202012,울산,남성,80,2155
2020,12,202012,울산,남성,90,182
2020,12,202012,울산,여성,10,88
2020,12,202012,울산,여성,20,4662
2020,12,202012,울산,여성,30,19966
2020,12,202012,울산,여성,40,32581
2020,12,202012,울산,여성,50,35942
2020,12,202012,울산,여성,60,19983
2020,12,202012,울산,여성,70,3247
2020,12,202012,울산,여성,80,677
2020,12,202012,울산,여성,90,155
2020,12,202012,세종,남성,10,75
2020,12,202012,세종,남성,20,2571
2020,12,202012,세종,남성,30,24215
2020,12,202012,세종,남성,40,41146
2020,12,202012,세종,남성,50,29770
2020,12,202012,세종,남성,60,18162
2020,12,202012,세종,남성,70,4525
2020,12,202012,세종,남성,80,656
2020,12,202012,세종,남성,90,53
2020,12,202012,세종,여성,10,41
2020,12,202012,세종,여성,20,1826
2020,12,202012,세종,여성,30,11153
2020,12,202012,세종,여성,40,14993
2020,12,202012,세종,여성,50,10615
2020,12,202012,세종,여성,60,5548
2020,12,202012,세종,여성,70,913
2020,12,202012,세종,여성,80,226
2020,12,202012,세종,여성,90,48
2020,12,202012,경기,남성,10,2276
2020,12,202012,경기,남성,20,115366
2020,12,202012,경기,남성,30,666598
2020,12,202012,경기,남성,40,1105256
2020,12,202012,경기,남성,50,1119920
2020,12,202012,경기,남성,60,726331
2020,12,202012,경기,남성,70,189866
2020,12,202012,경기,남성,80,33750
2020,12,202012,경기,남성,90,2878
2020,12,202012,경기,여성,10,1099
2020,12,202012,경기,여성,20,55967
2020,12,202012,경기,여성,30,249777
2020,12,202012,경기,여성,40,400530
2020,12,202012,경기,여성,50,427730
2020,12,202012,경기,여성,60,232775
2020,12,202012,경기,여성,70,46203
2020,12,202012,경기,여성,80,10257
2020,12,202012,경기,여성,90,1935
2020,12,202012,강원,남성,10,200
2020,12,202012,강원,남성,20,16530
2020,12,202012,강원,남성,30,67700
2020,12,202012,강원,남성,40,122526
2020,12,202012,강원,남성,50,157488
2020,12,202012,강원,남성,60,136295
2020,12,202012,강원,남성,70,41175
2020,12,202012,강원,남성,80,8458
2020,12,202012,강원,남성,90,558
2020,12,202012,강원,여성,10,112
2020,12,202012,강원,여성,20,7686
2020,12,202012,강원,여성,30,28555
2020,12,202012,강원,여성,40,48551
2020,12,202012,강원,여성,50,61327
2020,12,202012,강원,여성,60,41767
2020,12,202012,강원,여성,70,7822
2020,12,202012,강원,여성,80,1635
2020,12,202012,강원,여성,90,501
2020,12,202012,충북,남성,10,305
2020,12,202012,충북,남성,20,19138
2020,12,202012,충북,남성,30,81548
2020,12,202012,충북,남성,40,134630
2020,12,202012,충북,남성,50,169317
2020,12,202012,충북,남성,60,132604
2020,12,202012,충북,남성,70,37233
2020,12,202012,충북,남성,80,6080
2020,12,202012,충북,남성,90,433
2020,12,202012,충북,여성,10,169
2020,12,202012,충북,여성,20,9570
2020,12,202012,충북,여성,30,32745
2020,12,202012,충북,여성,40,49877
2020,12,202012,충북,여성,50,61089
2020,12,202012,충북,여성,60,36721
2020,12,202012,충북,여성,70,6520
2020,12,202012,충북,여성,80,1649
2020,12,202012,충북,여성,90,263
2020,12,202012,충남,남성,10,300
2020,12,202012,충남,남성,20,23913
2020,12,202012,충남,남성,30,119808
2020,12,202012,충남,남성,40,198306
2020,12,202012,충남,남성,50,219969
2020,12,202012,충남,남성,60,166544
2020,12,202012,충남,남성,70,54411
2020,12,202012,충남,남성,80,8802
2020,12,202012,충남,남성,90,717
2020,12,202012,충남,여성,10,168
2020,12,202012,충남,여성,20,11937
2020,12,202012,충남,여성,30,43375
2020,12,202012,충남,여성,40,65305
2020,12,202012,충남,여성,50,76963
2020,12,202012,충남,여성,60,47652
2020,12,202012,충남,여성,70,9244
2020,12,202012,충남,여성,80,2381
2020,12,202012,충남,여성,90,475
2020,12,202012,전북,남성,10,329
2020,12,202012,전북,남성,20,16294
2020,12,202012,전북,남성,30,72617
2020,12,202012,전북,남성,40,147007
2020,12,202012,전북,남성,50,184404
2020,12,202012,전북,남성,60,143616
2020,12,202012,전북,남성,70,51624
2020,12,202012,전북,남성,80,8423
2020,12,202012,전북,남성,90,802
2020,12,202012,전북,여성,10,158
2020,12,202012,전북,여성,20,9381
2020,12,202012,전북,여성,30,33327
2020,12,202012,전북,여성,40,55707
2020,12,202012,전북,여성,50,68277
2020,12,202012,전북,여성,60,42693
2020,12,202012,전북,여성,70,9678
2020,12,202012,전북,여성,80,2856
2020,12,202012,전북,여성,90,775
2020,12,202012,전남,남성,10,318
2020,12,202012,전남,남성,20,17681
2020,12,202012,전남,남성,30,76968
2020,12,202012,전남,남성,40,149452
2020,12,202012,전남,남성,50,203990
2020,12,202012,전남,남성,60,157286
2020,12,202012,전남,남성,70,56713
2020,12,202012,전남,남성,80,8220
2020,12,202012,전남,남성,90,835
2020,12,202012,전남,여성,10,173
2020,12,202012,전남,여성,20,8979
2020,12,202012,전남,여성,30,32181
2020,12,202012,전남,여성,40,52897
2020,12,202012,전남,여성,50,67198
2020,12,202012,전남,여성,60,41835
2020,12,202012,전남,여성,70,8989
2020,12,202012,전남,여성,80,2868
2020,12,202012,전남,여성,90,687
2020,12,202012,경북,남성,10,229
2020,12,202012,경북,남성,20,23871
2020,12,202012,경북,남성,30,121652
2020,12,202012,경북,남성,40,227657
2020,12,202012,경북,남성,50,305348
2020,12,202012,경북,남성,60,257808
2020,12,202012,경북,남성,70,84978
2020,12,202012,경북,남성,80,13254
2020,12,202012,경북,남성,90,947
2020,12,202012,경북,여성,10,129
2020,12,202012,경북,여성,20,12142
2020,12,202012,경북,여성,30,46809
2020,12,202012,경북,여성,40,78341
2020,12,202012,경북,여성,50,100582
2020,12,202012,경북,여성,60,66330
2020,12,202012,경북,여성,70,12797
2020,12,202012,경북,여성,80,3008
2020,12,202012,경북,여성,90,595
2020,12,202012,경남,남성,10,605
2020,12,202012,경남,남성,20,28480
2020,12,202012,경남,남성,30,156605
2020,12,202012,경남,남성,40,290589
2020,12,202012,경남,남성,50,342642
2020,12,202012,경남,남성,60,259783
2020,12,202012,경남,남성,70,72976
2020,12,202012,경남,남성,80,10262
2020,12,202012,경남,남성,90,844
2020,12,202012,경남,여성,10,323
2020,12,202012,경남,여성,20,14057
2020,12,202012,경남,여성,30,61352
2020,12,202012,경남,여성,40,103543
2020,12,202012,경남,여성,50,120698
2020,12,202012,경남,여성,60,70546
2020,12,202012,경남,여성,70,12320
2020,12,202012,경남,여성,80,2986
2020,12,202012,경남,여성,90,670
2020,12,202012,제주,남성,10,172
2020,12,202012,제주,남성,20,6056
2020,12,202012,제주,남성,30,30122
2020,12,202012,제주,남성,40,61691
2020,12,202012,제주,남성,50,68947
2020,12,202012,제주,남성,60,46092
2020,12,202012,제주,남성,70,16267
2020,12,202012,제주,남성,80,3196
2020,12,202012,제주,남성,90,203
2020,12,202012,제주,여성,10,80
2020,12,202012,제주,여성,20,4104
2020,12,202012,제주,여성,30,16409
2020,12,202012,제주,여성,40,27836
2020,12,202012,제주,여성,50,31552
2020,12,202012,제주,여성,60,18094
2020,12,202012,제주,여성,70,3850
2020,12,202012,제주,여성,80,738
2020,12,202012,제주,여성,90,182
2021,01,202101,서울,남성,10,1311
2021,01,202101,서울,남성,20,29064
2021,01,202101,서울,남성,30,292987
2021,01,202101,서울,남성,40,507415
2021,01,202101,서울,남성,50,536264
2021,01,202101,서울,남성,60,438973
2021,01,202101,서울,남성,70,162683
2021,01,202101,서울,남성,80,32242
2021,01,202101,서울,남성,90,3553
2021,01,202101,서울,여성,10,581
2021,01,202101,서울,여성,20,15449
2021,01,202101,서울,여성,30,111289
2021,01,202101,서울,여성,40,185413
2021,01,202101,서울,여성,50,196133
2021,01,202101,서울,여성,60,137250
2021,01,202101,서울,여성,70,37964
2021,01,202101,서울,여성,80,8380
2021,01,202101,서울,여성,90,2099
2021,01,202101,부산,남성,10,411
2021,01,202101,부산,남성,20,15575
2021,01,202101,부산,남성,30,113859
2021,01,202101,부산,남성,40,209563
2021,01,202101,부산,남성,50,225472
2021,01,202101,부산,남성,60,206101
2021,01,202101,부산,남성,70,69171
2021,01,202101,부산,남성,80,11070
2021,01,202101,부산,남성,90,1072
2021,01,202101,부산,여성,10,234
2021,01,202101,부산,여성,20,7433
2021,01,202101,부산,여성,30,43240
2021,01,202101,부산,여성,40,76986
2021,01,202101,부산,여성,50,87475
2021,01,202101,부산,여성,60,62105
2021,01,202101,부산,여성,70,13877
2021,01,202101,부산,여성,80,2846
2021,01,202101,부산,여성,90,584
2021,01,202101,대구,남성,10,207
2021,01,202101,대구,남성,20,14824
2021,01,202101,대구,남성,30,99260
2021,01,202101,대구,남성,40,189886
2021,01,202101,대구,남성,50,227988
2021,01,202101,대구,남성,60,176427
2021,01,202101,대구,남성,70,57391
2021,01,202101,대구,남성,80,10192
2021,01,202101,대구,남성,90,789
2021,01,202101,대구,여성,10,98
2021,01,202101,대구,여성,20,7636
2021,01,202101,대구,여성,30,38838
2021,01,202101,대구,여성,40,71237
2021,01,202101,대구,여성,50,88053
2021,01,202101,대구,여성,60,55098
2021,01,202101,대구,여성,70,12467
2021,01,202101,대구,여성,80,2441
2021,01,202101,대구,여성,90,466
2021,01,202101,인천,남성,10,376
2021,01,202101,인천,남성,20,19572
2021,01,202101,인천,남성,30,123802
2021,01,202101,인천,남성,40,214708
2021,01,202101,인천,남성,50,231371
2021,01,202101,인천,남성,60,175277
2021,01,202101,인천,남성,70,45714
2021,01,202101,인천,남성,80,7048
2021,01,202101,인천,남성,90,649
2021,01,202101,인천,여성,10,231
2021,01,202101,인천,여성,20,9437
2021,01,202101,인천,여성,30,48418
2021,01,202101,인천,여성,40,79843
2021,01,202101,인천,여성,50,89385
2021,01,202101,인천,여성,60,54732
2021,01,202101,인천,여성,70,9963
2021,01,202101,인천,여성,80,2071
2021,01,202101,인천,여성,90,478
2021,01,202101,광주,남성,10,154
2021,01,202101,광주,남성,20,10900
2021,01,202101,광주,남성,30,62036
2021,01,202101,광주,남성,40,117189
2021,01,202101,광주,남성,50,130673
2021,01,202101,광주,남성,60,86361
2021,01,202101,광주,남성,70,27514
2021,01,202101,광주,남성,80,4724
2021,01,202101,광주,남성,90,411
2021,01,202101,광주,여성,10,77
2021,01,202101,광주,여성,20,6837
2021,01,202101,광주,여성,30,30332
2021,01,202101,광주,여성,40,49654
2021,01,202101,광주,여성,50,53458
2021,01,202101,광주,여성,60,28900
2021,01,202101,광주,여성,70,6241
2021,01,202101,광주,여성,80,1404
2021,01,202101,광주,여성,90,372
2021,01,202101,대전,남성,10,278
2021,01,202101,대전,남성,20,10455
2021,01,202101,대전,남성,30,64756
2021,01,202101,대전,남성,40,113416
2021,01,202101,대전,남성,50,130156
2021,01,202101,대전,남성,60,98340
2021,01,202101,대전,남성,70,29118
2021,01,202101,대전,남성,80,5138
2021,01,202101,대전,남성,90,431
2021,01,202101,대전,여성,10,153
2021,01,202101,대전,여성,20,6030
2021,01,202101,대전,여성,30,27284
2021,01,202101,대전,여성,40,46090
2021,01,202101,대전,여성,50,51194
2021,01,202101,대전,여성,60,31472
2021,01,202101,대전,여성,70,6324
2021,01,202101,대전,여성,80,1528
2021,01,202101,대전,여성,90,385
2021,01,202101,울산,남성,10,187
2021,01,202101,울산,남성,20,7771
2021,01,202101,울산,남성,30,51968
2021,01,202101,울산,남성,40,99522
2021,01,202101,울산,남성,50,126735
2021,01,202101,울산,남성,60,98740
2021,01,202101,울산,남성,70,24350
2021,01,202101,울산,남성,80,2992
2021,01,202101,울산,남성,90,235
2021,01,202101,울산,여성,10,82
2021,01,202101,울산,여성,20,3560
2021,01,202101,울산,여성,30,18180
2021,01,202101,울산,여성,40,32121
2021,01,202101,울산,여성,50,36566
2021,01,202101,울산,여성,60,22173
2021,01,202101,울산,여성,70,3971
2021,01,202101,울산,여성,80,785
2021,01,202101,울산,여성,90,192
2021,01,202101,세종,남성,10,71
2021,01,202101,세종,남성,20,1817
2021,01,202101,세종,남성,30,21135
2021,01,202101,세종,남성,40,41778
2021,01,202101,세종,남성,50,31226
2021,01,202101,세종,남성,60,19885
2021,01,202101,세종,남성,70,5271
2021,01,202101,세종,남성,80,890
2021,01,202101,세종,남성,90,70
2021,01,202101,세종,여성,10,38
2021,01,202101,세종,여성,20,1295
2021,01,202101,세종,여성,30,10175
2021,01,202101,세종,여성,40,15597
2021,01,202101,세종,여성,50,11064
2021,01,202101,세종,여성,60,6177
2021,01,202101,세종,여성,70,1109
2021,01,202101,세종,여성,80,253
2021,01,202101,세종,여성,90,59
2021,01,202101,경기,남성,10,2024
2021,01,202101,경기,남성,20,83604
2021,01,202101,경기,남성,30,601464
2021,01,202101,경기,남성,40,1096931
2021,01,202101,경기,남성,50,1132882
2021,01,202101,경기,남성,60,792358
2021,01,202101,경기,남성,70,222035
2021,01,202101,경기,남성,80,43428
2021,01,202101,경기,남성,90,3738
2021,01,202101,경기,여성,10,977
2021,01,202101,경기,여성,20,42072
2021,01,202101,경기,여성,30,230723
2021,01,202101,경기,여성,40,394799
2021,01,202101,경기,여성,50,435596
2021,01,202101,경기,여성,60,259238
2021,01,202101,경기,여성,70,55398
2021,01,202101,경기,여성,80,11967
2021,01,202101,경기,여성,90,2598
2021,01,202101,강원,남성,10,173
2021,01,202101,강원,남성,20,12607
2021,01,202101,강원,남성,30,61903
2021,01,202101,강원,남성,40,117917
2021,01,202101,강원,남성,50,156201
2021,01,202101,강원,남성,60,143524
2021,01,202101,강원,남성,70,48403
2021,01,202101,강원,남성,80,10846
2021,01,202101,강원,남성,90,698
2021,01,202101,강원,여성,10,102
2021,01,202101,강원,여성,20,6024
2021,01,202101,강원,여성,30,26272
2021,01,202101,강원,여성,40,47449
2021,01,202101,강원,여성,50,61085
2021,01,202101,강원,여성,60,45505
2021,01,202101,강원,여성,70,9750
2021,01,202101,강원,여성,80,1976
2021,01,202101,강원,여성,90,562
2021,01,202101,충북,남성,10,259
2021,01,202101,충북,남성,20,14370
2021,01,202101,충북,남성,30,74896
2021,01,202101,충북,남성,40,131711
2021,01,202101,충북,남성,50,166643
2021,01,202101,충북,남성,60,142252
2021,01,202101,충북,남성,70,43306
2021,01,202101,충북,남성,80,8321
2021,01,202101,충북,남성,90,553
2021,01,202101,충북,여성,10,140
2021,01,202101,충북,여성,20,7432
2021,01,202101,충북,여성,30,30506
2021,01,202101,충북,여성,40,49269
2021,01,202101,충북,여성,50,61199
2021,01,202101,충북,여성,60,40509
2021,01,202101,충북,여성,70,8042
2021,01,202101,충북,여성,80,1925
2021,01,202101,충북,여성,90,328
2021,01,202101,충남,남성,10,266
2021,01,202101,충남,남성,20,17833
2021,01,202101,충남,남성,30,108250
2021,01,202101,충남,남성,40,196292
2021,01,202101,충남,남성,50,218851
2021,01,202101,충남,남성,60,179341
2021,01,202101,충남,남성,70,61474
2021,01,202101,충남,남성,80,11717
2021,01,202101,충남,남성,90,925
2021,01,202101,충남,여성,10,152
2021,01,202101,충남,여성,20,9119
2021,01,202101,충남,여성,30,40326
2021,01,202101,충남,여성,40,64964
2021,01,202101,충남,여성,50,76962
2021,01,202101,충남,여성,60,52589
2021,01,202101,충남,여성,70,11091
2021,01,202101,충남,여성,80,2712
2021,01,202101,충남,여성,90,581
2021,01,202101,전북,남성,10,280
2021,01,202101,전북,남성,20,12487
2021,01,202101,전북,남성,30,65259
2021,01,202101,전북,남성,40,141623
2021,01,202101,전북,남성,50,183231
2021,01,202101,전북,남성,60,154023
2021,01,202101,전북,남성,70,57502
2021,01,202101,전북,남성,80,11149
2021,01,202101,전북,남성,90,1031
2021,01,202101,전북,여성,10,138
2021,01,202101,전북,여성,20,7192
2021,01,202101,전북,여성,30,31030
2021,01,202101,전북,여성,40,54328
2021,01,202101,전북,여성,50,68385
2021,01,202101,전북,여성,60,47071
2021,01,202101,전북,여성,70,11203
2021,01,202101,전북,여성,80,3281
2021,01,202101,전북,여성,90,903
2021,01,202101,전남,남성,10,279
2021,01,202101,전남,남성,20,13589
2021,01,202101,전남,남성,30,68901
2021,01,202101,전남,남성,40,144836
2021,01,202101,전남,남성,50,202248
2021,01,202101,전남,남성,60,167945
2021,01,202101,전남,남성,70,63754
2021,01,202101,전남,남성,80,11060
2021,01,202101,전남,남성,90,1042
2021,01,202101,전남,여성,10,147
2021,01,202101,전남,여성,20,6968
2021,01,202101,전남,여성,30,30064
2021,01,202101,전남,여성,40,51674
2021,01,202101,전남,여성,50,67316
2021,01,202101,전남,여성,60,46130
2021,01,202101,전남,여성,70,10543
2021,01,202101,전남,여성,80,3288
2021,01,202101,전남,여성,90,816
2021,01,202101,경북,남성,10,186
2021,01,202101,경북,남성,20,17921
2021,01,202101,경북,남성,30,108985
2021,01,202101,경북,남성,40,220557
2021,01,202101,경북,남성,50,299856
2021,01,202101,경북,남성,60,274687
2021,01,202101,경북,남성,70,97227
2021,01,202101,경북,남성,80,17582
2021,01,202101,경북,남성,90,1249
2021,01,202101,경북,여성,10,114
2021,01,202101,경북,여성,20,9430
2021,01,202101,경북,여성,30,42936
2021,01,202101,경북,여성,40,76844
2021,01,202101,경북,여성,50,100093
2021,01,202101,경북,여성,60,72910
2021,01,202101,경북,여성,70,15497
2021,01,202101,경북,여성,80,3524
2021,01,202101,경북,여성,90,726
2021,01,202101,경남,남성,10,552
2021,01,202101,경남,남성,20,21288
2021,01,202101,경남,남성,30,139007
2021,01,202101,경남,남성,40,284820
2021,01,202101,경남,남성,50,340032
2021,01,202101,경남,남성,60,279947
2021,01,202101,경남,남성,70,85444
2021,01,202101,경남,남성,80,13248
2021,01,202101,경남,남성,90,1050
2021,01,202101,경남,여성,10,274
2021,01,202101,경남,여성,20,10773
2021,01,202101,경남,여성,30,55817
2021,01,202101,경남,여성,40,101923
2021,01,202101,경남,여성,50,121194
2021,01,202101,경남,여성,60,78784
2021,01,202101,경남,여성,70,14954
2021,01,202101,경남,여성,80,3430
2021,01,202101,경남,여성,90,800
2021,01,202101,제주,남성,10,151
2021,01,202101,제주,남성,20,4499
2021,01,202101,제주,남성,30,26729
2021,01,202101,제주,남성,40,59747
2021,01,202101,제주,남성,50,69908
2021,01,202101,제주,남성,60,49684
2021,01,202101,제주,남성,70,18117
2021,01,202101,제주,남성,80,3982
2021,01,202101,제주,남성,90,276
2021,01,202101,제주,여성,10,69
2021,01,202101,제주,여성,20,3144
2021,01,202101,제주,여성,30,14878
2021,01,202101,제주,여성,40,27381
2021,01,202101,제주,여성,50,32056
2021,01,202101,제주,여성,60,19878
2021,01,202101,제주,여성,70,4579
2021,01,202101,제주,여성,80,870
2021,01,202101,제주,여성,90,216
2021,02,202102,서울,남성,10,1328
2021,02,202102,서울,남성,20,29974
2021,02,202102,서울,남성,30,294366
2021,02,202102,서울,남성,40,507201
2021,02,202102,서울,남성,50,536009
2021,02,202102,서울,남성,60,438047
2021,02,202102,서울,남성,70,161921
2021,02,202102,서울,남성,80,31961
2021,02,202102,서울,남성,90,3536
2021,02,202102,서울,여성,10,583
2021,02,202102,서울,여성,20,15958
2021,02,202102,서울,여성,30,111915
2021,02,202102,서울,여성,40,185392
2021,02,202102,서울,여성,50,196175
2021,02,202102,서울,여성,60,136893
2021,02,202102,서울,여성,70,37748
2021,02,202102,서울,여성,80,8292
2021,02,202102,서울,여성,90,2092
2021,02,202102,부산,남성,10,416
2021,02,202102,부산,남성,20,16027
2021,02,202102,부산,남성,30,114604
2021,02,202102,부산,남성,40,210037
2021,02,202102,부산,남성,50,225676
2021,02,202102,부산,남성,60,205658
2021,02,202102,부산,남성,70,68827
2021,02,202102,부산,남성,80,10947
2021,02,202102,부산,남성,90,1061
2021,02,202102,부산,여성,10,236
2021,02,202102,부산,여성,20,7669
2021,02,202102,부산,여성,30,43533
2021,02,202102,부산,여성,40,77263
2021,02,202102,부산,여성,50,87492
2021,02,202102,부산,여성,60,61873
2021,02,202102,부산,여성,70,13803
2021,02,202102,부산,여성,80,2811
2021,02,202102,부산,여성,90,574
2021,02,202102,대구,남성,10,209
2021,02,202102,대구,남성,20,15246
2021,02,202102,대구,남성,30,99762
2021,02,202102,대구,남성,40,189845
2021,02,202102,대구,남성,50,228136
2021,02,202102,대구,남성,60,176149
2021,02,202102,대구,남성,70,57088
2021,02,202102,대구,남성,80,10082
2021,02,202102,대구,남성,90,785
2021,02,202102,대구,여성,10,101
2021,02,202102,대구,여성,20,7865
2021,02,202102,대구,여성,30,39146
2021,02,202102,대구,여성,40,71330
2021,02,202102,대구,여성,50,88158
2021,02,202102,대구,여성,60,54921
2021,02,202102,대구,여성,70,12395
2021,02,202102,대구,여성,80,2403
2021,02,202102,대구,여성,90,464
2021,02,202102,인천,남성,10,377
2021,02,202102,인천,남성,20,19971
2021,02,202102,인천,남성,30,124410
2021,02,202102,인천,남성,40,214969
2021,02,202102,인천,남성,50,231311
2021,02,202102,인천,남성,60,175123
2021,02,202102,인천,남성,70,45534
2021,02,202102,인천,남성,80,6972
2021,02,202102,인천,남성,90,643
2021,02,202102,인천,여성,10,230
2021,02,202102,인천,여성,20,9659
2021,02,202102,인천,여성,30,48786
2021,02,202102,인천,여성,40,80094
2021,02,202102,인천,여성,50,89528
2021,02,202102,인천,여성,60,54479
2021,02,202102,인천,여성,70,9841
2021,02,202102,인천,여성,80,2058
2021,02,202102,인천,여성,90,467
2021,02,202102,광주,남성,10,152
2021,02,202102,광주,남성,20,11197
2021,02,202102,광주,남성,30,62361
2021,02,202102,광주,남성,40,117377
2021,02,202102,광주,남성,50,130703
2021,02,202102,광주,남성,60,86172
2021,02,202102,광주,남성,70,27400
2021,02,202102,광주,남성,80,4672
2021,02,202102,광주,남성,90,407
2021,02,202102,광주,여성,10,76
2021,02,202102,광주,여성,20,7099
2021,02,202102,광주,여성,30,30555
2021,02,202102,광주,여성,40,49772
2021,02,202102,광주,여성,50,53506
2021,02,202102,광주,여성,60,28860
2021,02,202102,광주,여성,70,6212
2021,02,202102,광주,여성,80,1385
2021,02,202102,광주,여성,90,369
2021,02,202102,대전,남성,10,281
2021,02,202102,대전,남성,20,10759
2021,02,202102,대전,남성,30,65093
2021,02,202102,대전,남성,40,113390
2021,02,202102,대전,남성,50,130106
2021,02,202102,대전,남성,60,98106
2021,02,202102,대전,남성,70,28976
2021,02,202102,대전,남성,80,5092
2021,02,202102,대전,남성,90,418
2021,02,202102,대전,여성,10,153
2021,02,202102,대전,여성,20,6217
2021,02,202102,대전,여성,30,27404
2021,02,202102,대전,여성,40,46124
2021,02,202102,대전,여성,50,51223
2021,02,202102,대전,여성,60,31413
2021,02,202102,대전,여성,70,6284
2021,02,202102,대전,여성,80,1509
2021,02,202102,대전,여성,90,379
2021,02,202102,울산,남성,10,187
2021,02,202102,울산,남성,20,7966
2021,02,202102,울산,남성,30,52259
2021,02,202102,울산,남성,40,99529
2021,02,202102,울산,남성,50,126828
2021,02,202102,울산,남성,60,98509
2021,02,202102,울산,남성,70,24259
2021,02,202102,울산,남성,80,2963
2021,02,202102,울산,남성,90,232
2021,02,202102,울산,여성,10,83
2021,02,202102,울산,여성,20,3687
2021,02,202102,울산,여성,30,18297
2021,02,202102,울산,여성,40,32140
2021,02,202102,울산,여성,50,36610
2021,02,202102,울산,여성,60,22132
2021,02,202102,울산,여성,70,3954
2021,02,202102,울산,여성,80,775
2021,02,202102,울산,여성,90,190
2021,02,202102,세종,남성,10,72
2021,02,202102,세종,남성,20,1895
2021,02,202102,세종,남성,30,21408
2021,02,202102,세종,남성,40,41969
2021,02,202102,세종,남성,50,31407
2021,02,202102,세종,남성,60,19920
2021,02,202102,세종,남성,70,5248
2021,02,202102,세종,남성,80,880
2021,02,202102,세종,남성,90,70
2021,02,202102,세종,여성,10,37
2021,02,202102,세종,여성,20,1339
2021,02,202102,세종,여성,30,10285
2021,02,202102,세종,여성,40,15654
2021,02,202102,세종,여성,50,11098
2021,02,202102,세종,여성,60,6180
2021,02,202102,세종,여성,70,1102
2021,02,202102,세종,여성,80,251
2021,02,202102,세종,여성,90,61
2021,02,202102,경기,남성,10,2050
2021,02,202102,경기,남성,20,86123
2021,02,202102,경기,남성,30,607558
2021,02,202102,경기,남성,40,1099690
2021,02,202102,경기,남성,50,1133767
2021,02,202102,경기,남성,60,792088
2021,02,202102,경기,남성,70,221388
2021,02,202102,경기,남성,80,43066
2021,02,202102,경기,남성,90,3695
2021,02,202102,경기,여성,10,989
2021,02,202102,경기,여성,20,43378
2021,02,202102,경기,여성,30,232766
2021,02,202102,경기,여성,40,396224
2021,02,202102,경기,여성,50,436877
2021,02,202102,경기,여성,60,259094
2021,02,202102,경기,여성,70,55180
2021,02,202102,경기,여성,80,11853
2021,02,202102,경기,여성,90,2563
2021,02,202102,강원,남성,10,173
2021,02,202102,강원,남성,20,12893
2021,02,202102,강원,남성,30,62225
2021,02,202102,강원,남성,40,118189
2021,02,202102,강원,남성,50,156537
2021,02,202102,강원,남성,60,143715
2021,02,202102,강원,남성,70,48343
2021,02,202102,강원,남성,80,10761
2021,02,202102,강원,남성,90,693
2021,02,202102,강원,여성,10,104
2021,02,202102,강원,여성,20,6162
2021,02,202102,강원,여성,30,26397
2021,02,202102,강원,여성,40,47623
2021,02,202102,강원,여성,50,61245
2021,02,202102,강원,여성,60,45576
2021,02,202102,강원,여성,70,9727
2021,02,202102,강원,여성,80,1963
2021,02,202102,강원,여성,90,560
2021,02,202102,충북,남성,10,257
2021,02,202102,충북,남성,20,14794
2021,02,202102,충북,남성,30,75303
2021,02,202102,충북,남성,40,131946
2021,02,202102,충북,남성,50,167039
2021,02,202102,충북,남성,60,142419
2021,02,202102,충북,남성,70,43198
2021,02,202102,충북,남성,80,8276
2021,02,202102,충북,남성,90,544
2021,02,202102,충북,여성,10,140
2021,02,202102,충북,여성,20,7662
2021,02,202102,충북,여성,30,30750
2021,02,202102,충북,여성,40,49441
2021,02,202102,충북,여성,50,61414
2021,02,202102,충북,여성,60,40504
2021,02,202102,충북,여성,70,8029
2021,02,202102,충북,여성,80,1913
2021,02,202102,충북,여성,90,327
2021,02,202102,충남,남성,10,267
2021,02,202102,충남,남성,20,18338
2021,02,202102,충남,남성,30,108696
2021,02,202102,충남,남성,40,196728
2021,02,202102,충남,남성,50,219249
2021,02,202102,충남,남성,60,179360
2021,02,202102,충남,남성,70,61369
2021,02,202102,충남,남성,80,11646
2021,02,202102,충남,남성,90,915
2021,02,202102,충남,여성,10,150
2021,02,202102,충남,여성,20,9402
2021,02,202102,충남,여성,30,40665
2021,02,202102,충남,여성,40,65190
2021,02,202102,충남,여성,50,77173
2021,02,202102,충남,여성,60,52672
2021,02,202102,충남,여성,70,11040
2021,02,202102,충남,여성,80,2671
2021,02,202102,충남,여성,90,577
2021,02,202102,전북,남성,10,283
2021,02,202102,전북,남성,20,12824
2021,02,202102,전북,남성,30,65607
2021,02,202102,전북,남성,40,141739
2021,02,202102,전북,남성,50,183599
2021,02,202102,전북,남성,60,154014
2021,02,202102,전북,남성,70,57326
2021,02,202102,전북,남성,80,11039
2021,02,202102,전북,남성,90,1020
2021,02,202102,전북,여성,10,141
2021,02,202102,전북,여성,20,7408
2021,02,202102,전북,여성,30,31222
2021,02,202102,전북,여성,40,54471
2021,02,202102,전북,여성,50,68578
2021,02,202102,전북,여성,60,47037
2021,02,202102,전북,여성,70,11163
2021,02,202102,전북,여성,80,3238
2021,02,202102,전북,여성,90,885
2021,02,202102,전남,남성,10,284
2021,02,202102,전남,남성,20,13936
2021,02,202102,전남,남성,30,69276
2021,02,202102,전남,남성,40,145175
2021,02,202102,전남,남성,50,202884
2021,02,202102,전남,남성,60,168165
2021,02,202102,전남,남성,70,63615
2021,02,202102,전남,남성,80,10951
2021,02,202102,전남,남성,90,1034
2021,02,202102,전남,여성,10,148
2021,02,202102,전남,여성,20,7141
2021,02,202102,전남,여성,30,30250
2021,02,202102,전남,여성,40,51945
2021,02,202102,전남,여성,50,67590
2021,02,202102,전남,여성,60,46193
2021,02,202102,전남,여성,70,10509
2021,02,202102,전남,여성,80,3241
2021,02,202102,전남,여성,90,809
2021,02,202102,경북,남성,10,186
2021,02,202102,경북,남성,20,18423
2021,02,202102,경북,남성,30,109652
2021,02,202102,경북,남성,40,220952
2021,02,202102,경북,남성,50,300695
2021,02,202102,경북,남성,60,274970
2021,02,202102,경북,남성,70,96995
2021,02,202102,경북,남성,80,17462
2021,02,202102,경북,남성,90,1228
2021,02,202102,경북,여성,10,112
2021,02,202102,경북,여성,20,9764
2021,02,202102,경북,여성,30,43240
2021,02,202102,경북,여성,40,77074
2021,02,202102,경북,여성,50,100404
2021,02,202102,경북,여성,60,72967
2021,02,202102,경북,여성,70,15455
2021,02,202102,경북,여성,80,3475
2021,02,202102,경북,여성,90,712
2021,02,202102,경남,남성,10,556
2021,02,202102,경남,남성,20,21902
2021,02,202102,경남,남성,30,139856
2021,02,202102,경남,남성,40,285282
2021,02,202102,경남,남성,50,340871
2021,02,202102,경남,남성,60,279907
2021,02,202102,경남,남성,70,85188
2021,02,202102,경남,남성,80,13129
2021,02,202102,경남,남성,90,1034
2021,02,202102,경남,여성,10,276
2021,02,202102,경남,여성,20,11091
2021,02,202102,경남,여성,30,56271
2021,02,202102,경남,여성,40,102263
2021,02,202102,경남,여성,50,121514
2021,02,202102,경남,여성,60,78793
2021,02,202102,경남,여성,70,14907
2021,02,202102,경남,여성,80,3396
2021,02,202102,경남,여성,90,784
2021,02,202102,제주,남성,10,151
2021,02,202102,제주,남성,20,4602
2021,02,202102,제주,남성,30,26898
2021,02,202102,제주,남성,40,59884
2021,02,202102,제주,남성,50,70001
2021,02,202102,제주,남성,60,49695
2021,02,202102,제주,남성,70,18064
2021,02,202102,제주,남성,80,3946
2021,02,202102,제주,남성,90,270
2021,02,202102,제주,여성,10,71
2021,02,202102,제주,여성,20,3211
2021,02,202102,제주,여성,30,14962
2021,02,202102,제주,여성,40,27563
2021,02,202102,제주,여성,50,32120
2021,02,202102,제주,여성,60,19866
2021,02,202102,제주,여성,70,4563
2021,02,202102,제주,여성,80,861
2021,02,202102,제주,여성,90,212
2021,03,202103,서울,남성,10,1302
2021,03,202103,서울,남성,20,31095
2021,03,202103,서울,남성,30,296708
2021,03,202103,서울,남성,40,507467
2021,03,202103,서울,남성,50,535669
2021,03,202103,서울,남성,60,437012
2021,03,202103,서울,남성,70,160935
2021,03,202103,서울,남성,80,31584
2021,03,202103,서울,남성,90,3492
2021,03,202103,서울,여성,10,583
2021,03,202103,서울,여성,20,16589
2021,03,202103,서울,여성,30,112934
2021,03,202103,서울,여성,40,185688
2021,03,202103,서울,여성,50,196170
2021,03,202103,서울,여성,60,136460
2021,03,202103,서울,여성,70,37483
2021,03,202103,서울,여성,80,8219
2021,03,202103,서울,여성,90,2074
2021,03,202103,부산,남성,10,419
2021,03,202103,부산,남성,20,16574
2021,03,202103,부산,남성,30,115654
2021,03,202103,부산,남성,40,210382
2021,03,202103,부산,남성,50,225657
2021,03,202103,부산,남성,60,204919
2021,03,202103,부산,남성,70,68309
2021,03,202103,부산,남성,80,10811
2021,03,202103,부산,남성,90,1044
2021,03,202103,부산,여성,10,239
2021,03,202103,부산,여성,20,7950
2021,03,202103,부산,여성,30,43976
2021,03,202103,부산,여성,40,77382
2021,03,202103,부산,여성,50,87574
2021,03,202103,부산,여성,60,61711
2021,03,202103,부산,여성,70,13675
2021,03,202103,부산,여성,80,2783
2021,03,202103,부산,여성,90,571
2021,03,202103,대구,남성,10,206
2021,03,202103,대구,남성,20,15694
2021,03,202103,대구,남성,30,100489
2021,03,202103,대구,남성,40,189993
2021,03,202103,대구,남성,50,228332
2021,03,202103,대구,남성,60,175686
2021,03,202103,대구,남성,70,56773
2021,03,202103,대구,남성,80,9970
2021,03,202103,대구,남성,90,779
2021,03,202103,대구,여성,10,103
2021,03,202103,대구,여성,20,8181
2021,03,202103,대구,여성,30,39505
2021,03,202103,대구,여성,40,71436
2021,03,202103,대구,여성,50,88347
2021,03,202103,대구,여성,60,54798
2021,03,202103,대구,여성,70,12291
2021,03,202103,대구,여성,80,2356
2021,03,202103,대구,여성,90,457
2021,03,202103,인천,남성,10,376
2021,03,202103,인천,남성,20,20589
2021,03,202103,인천,남성,30,125330
2021,03,202103,인천,남성,40,215030
2021,03,202103,인천,남성,50,231238
2021,03,202103,인천,남성,60,174689
2021,03,202103,인천,남성,70,45212
2021,03,202103,인천,남성,80,6893
2021,03,202103,인천,남성,90,642
2021,03,202103,인천,여성,10,231
2021,03,202103,인천,여성,20,10005
2021,03,202103,인천,여성,30,49169
2021,03,202103,인천,여성,40,80205
2021,03,202103,인천,여성,50,89796
2021,03,202103,인천,여성,60,54399
2021,03,202103,인천,여성,70,9747
2021,03,202103,인천,여성,80,2037
2021,03,202103,인천,여성,90,462
2021,03,202103,광주,남성,10,149
2021,03,202103,광주,남성,20,11599
2021,03,202103,광주,남성,30,62804
2021,03,202103,광주,남성,40,117585
2021,03,202103,광주,남성,50,130858
2021,03,202103,광주,남성,60,86046
2021,03,202103,광주,남성,70,27298
2021,03,202103,광주,남성,80,4611
2021,03,202103,광주,남성,90,400
2021,03,202103,광주,여성,10,77
2021,03,202103,광주,여성,20,7336
2021,03,202103,광주,여성,30,30808
2021,03,202103,광주,여성,40,49914
2021,03,202103,광주,여성,50,53583
2021,03,202103,광주,여성,60,28813
2021,03,202103,광주,여성,70,6172
2021,03,202103,광주,여성,80,1358
2021,03,202103,광주,여성,90,363
2021,03,202103,대전,남성,10,281
2021,03,202103,대전,남성,20,11114
2021,03,202103,대전,남성,30,65575
2021,03,202103,대전,남성,40,113520
2021,03,202103,대전,남성,50,130270
2021,03,202103,대전,남성,60,97968
2021,03,202103,대전,남성,70,28780
2021,03,202103,대전,남성,80,5030
2021,03,202103,대전,남성,90,410
2021,03,202103,대전,여성,10,152
2021,03,202103,대전,여성,20,6439
2021,03,202103,대전,여성,30,27690
2021,03,202103,대전,여성,40,46239
2021,03,202103,대전,여성,50,51369
2021,03,202103,대전,여성,60,31304
2021,03,202103,대전,여성,70,6237
2021,03,202103,대전,여성,80,1488
2021,03,202103,대전,여성,90,373
2021,03,202103,울산,남성,10,186
2021,03,202103,울산,남성,20,8218
2021,03,202103,울산,남성,30,52622
2021,03,202103,울산,남성,40,99683
2021,03,202103,울산,남성,50,127109
2021,03,202103,울산,남성,60,98222
2021,03,202103,울산,남성,70,24106
2021,03,202103,울산,남성,80,2932
2021,03,202103,울산,남성,90,229
2021,03,202103,울산,여성,10,83
2021,03,202103,울산,여성,20,3832
2021,03,202103,울산,여성,30,18478
2021,03,202103,울산,여성,40,32208
2021,03,202103,울산,여성,50,36659
2021,03,202103,울산,여성,60,22078
2021,03,202103,울산,여성,70,3921
2021,03,202103,울산,여성,80,761
2021,03,202103,울산,여성,90,187
2021,03,202103,세종,남성,10,75
2021,03,202103,세종,남성,20,1962
2021,03,202103,세종,남성,30,21683
2021,03,202103,세종,남성,40,42186
2021,03,202103,세종,남성,50,31560
2021,03,202103,세종,남성,60,19970
2021,03,202103,세종,남성,70,5253
2021,03,202103,세종,남성,80,872
2021,03,202103,세종,남성,90,66
2021,03,202103,세종,여성,10,37
2021,03,202103,세종,여성,20,1384
2021,03,202103,세종,여성,30,10411
2021,03,202103,세종,여성,40,15712
2021,03,202103,세종,여성,50,11117
2021,03,202103,세종,여성,60,6201
2021,03,202103,세종,여성,70,1095
2021,03,202103,세종,여성,80,248
2021,03,202103,세종,여성,90,59
2021,03,202103,경기,남성,10,2083
2021,03,202103,경기,남성,20,89412
2021,03,202103,경기,남성,30,613336
2021,03,202103,경기,남성,40,1101302
2021,03,202103,경기,남성,50,1133207
2021,03,202103,경기,남성,60,789936
2021,03,202103,경기,남성,70,219938
2021,03,202103,경기,남성,80,42538
2021,03,202103,경기,남성,90,3640
2021,03,202103,경기,여성,10,1003
2021,03,202103,경기,여성,20,44891
2021,03,202103,경기,여성,30,235375
2021,03,202103,경기,여성,40,397649
2021,03,202103,경기,여성,50,437728
2021,03,202103,경기,여성,60,258450
2021,03,202103,경기,여성,70,54834
2021,03,202103,경기,여성,80,11701
2021,03,202103,경기,여성,90,2541
2021,03,202103,강원,남성,10,174
2021,03,202103,강원,남성,20,13270
2021,03,202103,강원,남성,30,62614
2021,03,202103,강원,남성,40,118488
2021,03,202103,강원,남성,50,156771
2021,03,202103,강원,남성,60,143747
2021,03,202103,강원,남성,70,48150
2021,03,202103,강원,남성,80,10619
2021,03,202103,강원,남성,90,681
2021,03,202103,강원,여성,10,104
2021,03,202103,강원,여성,20,6393
2021,03,202103,강원,여성,30,26670
2021,03,202103,강원,여성,40,47793
2021,03,202103,강원,여성,50,61502
2021,03,202103,강원,여성,60,45670
2021,03,202103,강원,여성,70,9694
2021,03,202103,강원,여성,80,1934
2021,03,202103,강원,여성,90,555
2021,03,202103,충북,남성,10,260
2021,03,202103,충북,남성,20,15276
2021,03,202103,충북,남성,30,75806
2021,03,202103,충북,남성,40,132271
2021,03,202103,충북,남성,50,167452
2021,03,202103,충북,남성,60,142456
2021,03,202103,충북,남성,70,43016
2021,03,202103,충북,남성,80,8184
2021,03,202103,충북,남성,90,535
2021,03,202103,충북,여성,10,142
2021,03,202103,충북,여성,20,7917
2021,03,202103,충북,여성,30,31060
2021,03,202103,충북,여성,40,49625
2021,03,202103,충북,여성,50,61548
2021,03,202103,충북,여성,60,40435
2021,03,202103,충북,여성,70,8004
2021,03,202103,충북,여성,80,1877
2021,03,202103,충북,여성,90,320
2021,03,202103,충남,남성,10,269
2021,03,202103,충남,남성,20,18981
2021,03,202103,충남,남성,30,109353
2021,03,202103,충남,남성,40,197299
2021,03,202103,충남,남성,50,219819
2021,03,202103,충남,남성,60,179567
2021,03,202103,충남,남성,70,61283
2021,03,202103,충남,남성,80,11518
2021,03,202103,충남,남성,90,902
2021,03,202103,충남,여성,10,153
2021,03,202103,충남,여성,20,9722
2021,03,202103,충남,여성,30,41015
2021,03,202103,충남,여성,40,65452
2021,03,202103,충남,여성,50,77527
2021,03,202103,충남,여성,60,52714
2021,03,202103,충남,여성,70,11013
2021,03,202103,충남,여성,80,2653
2021,03,202103,충남,여성,90,569
2021,03,202103,전북,남성,10,284
2021,03,202103,전북,남성,20,13284
2021,03,202103,전북,남성,30,66111
2021,03,202103,전북,남성,40,142161
2021,03,202103,전북,남성,50,184043
2021,03,202103,전북,남성,60,154282
2021,03,202103,전북,남성,70,57170
2021,03,202103,전북,남성,80,10930
2021,03,202103,전북,남성,90,1002
2021,03,202103,전북,여성,10,141
2021,03,202103,전북,여성,20,7665
2021,03,202103,전북,여성,30,31433
2021,03,202103,전북,여성,40,54691
2021,03,202103,전북,여성,50,68896
2021,03,202103,전북,여성,60,47023
2021,03,202103,전북,여성,70,11073
2021,03,202103,전북,여성,80,3204
2021,03,202103,전북,여성,90,866
2021,03,202103,전남,남성,10,283
2021,03,202103,전남,남성,20,14379
2021,03,202103,전남,남성,30,69738
2021,03,202103,전남,남성,40,145645
2021,03,202103,전남,남성,50,203340
2021,03,202103,전남,남성,60,168179
2021,03,202103,전남,남성,70,63326
2021,03,202103,전남,남성,80,10790
2021,03,202103,전남,남성,90,1016
2021,03,202103,전남,여성,10,146
2021,03,202103,전남,여성,20,7383
2021,03,202103,전남,여성,30,30527
2021,03,202103,전남,여성,40,52035
2021,03,202103,전남,여성,50,67899
2021,03,202103,전남,여성,60,46140
2021,03,202103,전남,여성,70,10434
2021,03,202103,전남,여성,80,3188
2021,03,202103,전남,여성,90,794
2021,03,202103,경북,남성,10,185
2021,03,202103,경북,남성,20,19071
2021,03,202103,경북,남성,30,110614
2021,03,202103,경북,남성,40,221686
2021,03,202103,경북,남성,50,301829
2021,03,202103,경북,남성,60,275586
2021,03,202103,경북,남성,70,96761
2021,03,202103,경북,남성,80,17303
2021,03,202103,경북,남성,90,1209
2021,03,202103,경북,여성,10,116
2021,03,202103,경북,여성,20,10120
2021,03,202103,경북,여성,30,43555
2021,03,202103,경북,여성,40,77467
2021,03,202103,경북,여성,50,100854
2021,03,202103,경북,여성,60,72987
2021,03,202103,경북,여성,70,15405
2021,03,202103,경북,여성,80,3424
2021,03,202103,경북,여성,90,702
2021,03,202103,경남,남성,10,560
2021,03,202103,경남,남성,20,22587
2021,03,202103,경남,남성,30,141072
2021,03,202103,경남,남성,40,285549
2021,03,202103,경남,남성,50,341165
2021,03,202103,경남,남성,60,279380
2021,03,202103,경남,남성,70,84687
2021,03,202103,경남,남성,80,12922
2021,03,202103,경남,남성,90,1017
2021,03,202103,경남,여성,10,276
2021,03,202103,경남,여성,20,11495
2021,03,202103,경남,여성,30,56708
2021,03,202103,경남,여성,40,102570
2021,03,202103,경남,여성,50,121681
2021,03,202103,경남,여성,60,78643
2021,03,202103,경남,여성,70,14812
2021,03,202103,경남,여성,80,3364
2021,03,202103,경남,여성,90,764
2021,03,202103,제주,남성,10,151
2021,03,202103,제주,남성,20,4735
2021,03,202103,제주,남성,30,27205
2021,03,202103,제주,남성,40,60094
2021,03,202103,제주,남성,50,70238
2021,03,202103,제주,남성,60,49713
2021,03,202103,제주,남성,70,18041
2021,03,202103,제주,남성,80,3897
2021,03,202103,제주,남성,90,265
2021,03,202103,제주,여성,10,71
2021,03,202103,제주,여성,20,3292
2021,03,202103,제주,여성,30,15108
2021,03,202103,제주,여성,40,27684
2021,03,202103,제주,여성,50,32203
2021,03,202103,제주,여성,60,19879
2021,03,202103,제주,여성,70,4532
2021,03,202103,제주,여성,80,850
2021,03,202103,제주,여성,90,209
2021,04,202104,서울,남성,10,1348
2021,04,202104,서울,남성,20,32030
2021,04,202104,서울,남성,30,298643
2021,04,202104,서울,남성,40,507656
2021,04,202104,서울,남성,50,535662
2021,04,202104,서울,남성,60,435949
2021,04,202104,서울,남성,70,159957
2021,04,202104,서울,남성,80,31198
2021,04,202104,서울,남성,90,3454
2021,04,202104,서울,여성,10,588
2021,04,202104,서울,여성,20,17091
2021,04,202104,서울,여성,30,113747
2021,04,202104,서울,여성,40,185877
2021,04,202104,서울,여성,50,196202
2021,04,202104,서울,여성,60,135969
2021,04,202104,서울,여성,70,37287
2021,04,202104,서울,여성,80,8141
2021,04,202104,서울,여성,90,2067
2021,04,202104,부산,남성,10,428
2021,04,202104,부산,남성,20,17066
2021,04,202104,부산,남성,30,116458
2021,04,202104,부산,남성,40,210590
2021,04,202104,부산,남성,50,225573
2021,04,202104,부산,남성,60,204248
2021,04,202104,부산,남성,70,67900
2021,04,202104,부산,남성,80,10677
2021,04,202104,부산,남성,90,1031
2021,04,202104,부산,여성,10,241
2021,04,202104,부산,여성,20,8203
2021,04,202104,부산,여성,30,44333
2021,04,202104,부산,여성,40,77589
2021,04,202104,부산,여성,50,87621
2021,04,202104,부산,여성,60,61508
2021,04,202104,부산,여성,70,13588
2021,04,202104,부산,여성,80,2741
2021,04,202104,부산,여성,90,559
2021,04,202104,대구,남성,10,201
2021,04,202104,대구,남성,20,16114
2021,04,202104,대구,남성,30,101123
2021,04,202104,대구,남성,40,190077
2021,04,202104,대구,남성,50,228132
2021,04,202104,대구,남성,60,175032
2021,04,202104,대구,남성,70,56302
2021,04,202104,대구,남성,80,9846
2021,04,202104,대구,남성,90,770
2021,04,202104,대구,여성,10,102
2021,04,202104,대구,여성,20,8411
2021,04,202104,대구,여성,30,39793
2021,04,202104,대구,여성,40,71596
2021,04,202104,대구,여성,50,88569
2021,04,202104,대구,여성,60,54649
2021,04,202104,대구,여성,70,12186
2021,04,202104,대구,여성,80,2329
2021,04,202104,대구,여성,90,451
2021,04,202104,인천,남성,10,381
2021,04,202104,인천,남성,20,21195
2021,04,202104,인천,남성,30,126120
2021,04,202104,인천,남성,40,215338
2021,04,202104,인천,남성,50,231256
2021,04,202104,인천,남성,60,174449
2021,04,202104,인천,남성,70,45018
2021,04,202104,인천,남성,80,6804
2021,04,202104,인천,남성,90,636
2021,04,202104,인천,여성,10,232
2021,04,202104,인천,여성,20,10297
2021,04,202104,인천,여성,30,49591
2021,04,202104,인천,여성,40,80510
2021,04,202104,인천,여성,50,90038
2021,04,202104,인천,여성,60,54352
2021,04,202104,인천,여성,70,9672
2021,04,202104,인천,여성,80,2025
2021,04,202104,인천,여성,90,454
2021,04,202104,광주,남성,10,151
2021,04,202104,광주,남성,20,11962
2021,04,202104,광주,남성,30,63199
2021,04,202104,광주,남성,40,117695
2021,04,202104,광주,남성,50,130586
2021,04,202104,광주,남성,60,85511
2021,04,202104,광주,남성,70,27027
2021,04,202104,광주,남성,80,4543
2021,04,202104,광주,남성,90,394
2021,04,202104,광주,여성,10,76
2021,04,202104,광주,여성,20,7614
2021,04,202104,광주,여성,30,31003
2021,04,202104,광주,여성,40,50012
2021,04,202104,광주,여성,50,53534
2021,04,202104,광주,여성,60,28718
2021,04,202104,광주,여성,70,6103
2021,04,202104,광주,여성,80,1334
2021,04,202104,광주,여성,90,356
2021,04,202104,대전,남성,10,281
2021,04,202104,대전,남성,20,11463
2021,04,202104,대전,남성,30,66040
2021,04,202104,대전,남성,40,113713
2021,04,202104,대전,남성,50,130444
2021,04,202104,대전,남성,60,97765
2021,04,202104,대전,남성,70,28640
2021,04,202104,대전,남성,80,4984
2021,04,202104,대전,남성,90,406
2021,04,202104,대전,여성,10,153
2021,04,202104,대전,여성,20,6603
2021,04,202104,대전,여성,30,27863
2021,04,202104,대전,여성,40,46408
2021,04,202104,대전,여성,50,51484
2021,04,202104,대전,여성,60,31228
2021,04,202104,대전,여성,70,6197
2021,04,202104,대전,여성,80,1469
2021,04,202104,대전,여성,90,362
2021,04,202104,울산,남성,10,187
2021,04,202104,울산,남성,20,8484
2021,04,202104,울산,남성,30,52930
2021,04,202104,울산,남성,40,99813
2021,04,202104,울산,남성,50,126993
2021,04,202104,울산,남성,60,97792
2021,04,202104,울산,남성,70,23873
2021,04,202104,울산,남성,80,2886
2021,04,202104,울산,남성,90,231
2021,04,202104,울산,여성,10,82
2021,04,202104,울산,여성,20,3941
2021,04,202104,울산,여성,30,18580
2021,04,202104,울산,여성,40,32295
2021,04,202104,울산,여성,50,36589
2021,04,202104,울산,여성,60,21987
2021,04,202104,울산,여성,70,3906
2021,04,202104,울산,여성,80,754
2021,04,202104,울산,여성,90,185
2021,04,202104,세종,남성,10,75
2021,04,202104,세종,남성,20,2042
2021,04,202104,세종,남성,30,21852
2021,04,202104,세종,남성,40,42250
2021,04,202104,세종,남성,50,31574
2021,04,202104,세종,남성,60,19943
2021,04,202104,세종,남성,70,5222
2021,04,202104,세종,남성,80,860
2021,04,202104,세종,남성,90,65
2021,04,202104,세종,여성,10,38
2021,04,202104,세종,여성,20,1433
2021,04,202104,세종,여성,30,10475
2021,04,202104,세종,여성,40,15758
2021,04,202104,세종,여성,50,11141
2021,04,202104,세종,여성,60,6180
2021,04,202104,세종,여성,70,1090
2021,04,202104,세종,여성,80,242
2021,04,202104,세종,여성,90,58
2021,04,202104,경기,남성,10,2094
2021,04,202104,경기,남성,20,92215
2021,04,202104,경기,남성,30,618873
2021,04,202104,경기,남성,40,1103906
2021,04,202104,경기,남성,50,1134505
2021,04,202104,경기,남성,60,789026
2021,04,202104,경기,남성,70,218897
2021,04,202104,경기,남성,80,42078
2021,04,202104,경기,남성,90,3587
2021,04,202104,경기,여성,10,1012
2021,04,202104,경기,여성,20,46321
2021,04,202104,경기,여성,30,237664
2021,04,202104,경기,여성,40,399097
2021,04,202104,경기,여성,50,438830
2021,04,202104,경기,여성,60,258107
2021,04,202104,경기,여성,70,54558
2021,04,202104,경기,여성,80,11601
2021,04,202104,경기,여성,90,2518
2021,04,202104,강원,남성,10,178
2021,04,202104,강원,남성,20,13620
2021,04,202104,강원,남성,30,62845
2021,04,202104,강원,남성,40,118346
2021,04,202104,강원,남성,50,156303
2021,04,202104,강원,남성,60,142988
2021,04,202104,강원,남성,70,47702
2021,04,202104,강원,남성,80,10448
2021,04,202104,강원,남성,90,672
2021,04,202104,강원,여성,10,106
2021,04,202104,강원,여성,20,6610
2021,04,202104,강원,여성,30,26912
2021,04,202104,강원,여성,40,47859
2021,04,202104,강원,여성,50,61547
2021,04,202104,강원,여성,60,45551
2021,04,202104,강원,여성,70,9594
2021,04,202104,강원,여성,80,1908
2021,04,202104,강원,여성,90,553
2021,04,202104,충북,남성,10,262
2021,04,202104,충북,남성,20,15724
2021,04,202104,충북,남성,30,76217
2021,04,202104,충북,남성,40,132336
2021,04,202104,충북,남성,50,166949
2021,04,202104,충북,남성,60,141693
2021,04,202104,충북,남성,70,42616
2021,04,202104,충북,남성,80,8053
2021,04,202104,충북,남성,90,526
2021,04,202104,충북,여성,10,143
2021,04,202104,충북,여성,20,8157
2021,04,202104,충북,여성,30,31271
2021,04,202104,충북,여성,40,49784
2021,04,202104,충북,여성,50,61599
2021,04,202104,충북,여성,60,40307
2021,04,202104,충북,여성,70,7923
2021,04,202104,충북,여성,80,1845
2021,04,202104,충북,여성,90,313
2021,04,202104,충남,남성,10,272
2021,04,202104,충남,남성,20,19535
2021,04,202104,충남,남성,30,110012
2021,04,202104,충남,남성,40,197223
2021,04,202104,충남,남성,50,219412
2021,04,202104,충남,남성,60,178734
2021,04,202104,충남,남성,70,60754
2021,04,202104,충남,남성,80,11314
2021,04,202104,충남,남성,90,890
2021,04,202104,충남,여성,10,152
2021,04,202104,충남,여성,20,9999
2021,04,202104,충남,여성,30,41352
2021,04,202104,충남,여성,40,65578
2021,04,202104,충남,여성,50,77635
2021,04,202104,충남,여성,60,52587
2021,04,202104,충남,여성,70,10932
2021,04,202104,충남,여성,80,2619
2021,04,202104,충남,여성,90,565
2021,04,202104,전북,남성,10,288
2021,04,202104,전북,남성,20,13620
2021,04,202104,전북,남성,30,66341
2021,04,202104,전북,남성,40,142123
2021,04,202104,전북,남성,50,183535
2021,04,202104,전북,남성,60,153521
2021,04,202104,전북,남성,70,56603
2021,04,202104,전북,남성,80,10759
2021,04,202104,전북,남성,90,984
2021,04,202104,전북,여성,10,141
2021,04,202104,전북,여성,20,7839
2021,04,202104,전북,여성,30,31679
2021,04,202104,전북,여성,40,54762
2021,04,202104,전북,여성,50,68920
2021,04,202104,전북,여성,60,46818
2021,04,202104,전북,여성,70,10989
2021,04,202104,전북,여성,80,3159
2021,04,202104,전북,여성,90,847
2021,04,202104,전남,남성,10,278
2021,04,202104,전남,남성,20,14785
2021,04,202104,전남,남성,30,70150
2021,04,202104,전남,남성,40,145612
2021,04,202104,전남,남성,50,203028
2021,04,202104,전남,남성,60,167349
2021,04,202104,전남,남성,70,62757
2021,04,202104,전남,남성,80,10582
2021,04,202104,전남,남성,90,1000
2021,04,202104,전남,여성,10,146
2021,04,202104,전남,여성,20,7637
2021,04,202104,전남,여성,30,30690
2021,04,202104,전남,여성,40,52184
2021,04,202104,전남,여성,50,67991
2021,04,202104,전남,여성,60,45940
2021,04,202104,전남,여성,70,10331
2021,04,202104,전남,여성,80,3151
2021,04,202104,전남,여성,90,775
2021,04,202104,경북,남성,10,183
2021,04,202104,경북,남성,20,19638
2021,04,202104,경북,남성,30,111374
2021,04,202104,경북,남성,40,221743
2021,04,202104,경북,남성,50,301503
2021,04,202104,경북,남성,60,274424
2021,04,202104,경북,남성,70,95880
2021,04,202104,경북,남성,80,17015
2021,04,202104,경북,남성,90,1196
2021,04,202104,경북,여성,10,119
2021,04,202104,경북,여성,20,10448
2021,04,202104,경북,여성,30,43901
2021,04,202104,경북,여성,40,77540
2021,04,202104,경북,여성,50,100905
2021,04,202104,경북,여성,60,72819
2021,04,202104,경북,여성,70,15239
2021,04,202104,경북,여성,80,3361
2021,04,202104,경북,여성,90,693
2021,04,202104,경남,남성,10,558
2021,04,202104,경남,남성,20,23270
2021,04,202104,경남,남성,30,141853
2021,04,202104,경남,남성,40,285604
2021,04,202104,경남,남성,50,340715
2021,04,202104,경남,남성,60,278506
2021,04,202104,경남,남성,70,84101
2021,04,202104,경남,남성,80,12739
2021,04,202104,경남,남성,90,1011
2021,04,202104,경남,여성,10,278
2021,04,202104,경남,여성,20,11826
2021,04,202104,경남,여성,30,56995
2021,04,202104,경남,여성,40,102874
2021,04,202104,경남,여성,50,121826
2021,04,202104,경남,여성,60,78472
2021,04,202104,경남,여성,70,14722
2021,04,202104,경남,여성,80,3309
2021,04,202104,경남,여성,90,750
2021,04,202104,제주,남성,10,152
2021,04,202104,제주,남성,20,4871
2021,04,202104,제주,남성,30,27349
2021,04,202104,제주,남성,40,59932
2021,04,202104,제주,남성,50,69825
2021,04,202104,제주,남성,60,49292
2021,04,202104,제주,남성,70,17817
2021,04,202104,제주,남성,80,3809
2021,04,202104,제주,남성,90,261
2021,04,202104,제주,여성,10,71
2021,04,202104,제주,여성,20,3394
2021,04,202104,제주,여성,30,15254
2021,04,202104,제주,여성,40,27761
2021,04,202104,제주,여성,50,32146
2021,04,202104,제주,여성,60,19790
2021,04,202104,제주,여성,70,4498
2021,04,202104,제주,여성,80,837
2021,04,202104,제주,여성,90,204
2021,05,202105,서울,남성,10,1352
2021,05,202105,서울,남성,20,33018
2021,05,202105,서울,남성,30,300629
2021,05,202105,서울,남성,40,507848
2021,05,202105,서울,남성,50,535435
2021,05,202105,서울,남성,60,434764
2021,05,202105,서울,남성,70,159180
2021,05,202105,서울,남성,80,30854
2021,05,202105,서울,남성,90,3431
2021,05,202105,서울,여성,10,589
2021,05,202105,서울,여성,20,17637
2021,05,202105,서울,여성,30,114575
2021,05,202105,서울,여성,40,186166
2021,05,202105,서울,여성,50,196237
2021,05,202105,서울,여성,60,135514
2021,05,202105,서울,여성,70,37056
2021,05,202105,서울,여성,80,8052
2021,05,202105,서울,여성,90,2056
2021,05,202105,부산,남성,10,436
2021,05,202105,부산,남성,20,17558
2021,05,202105,부산,남성,30,117274
2021,05,202105,부산,남성,40,210810
2021,05,202105,부산,남성,50,225536
2021,05,202105,부산,남성,60,203748
2021,05,202105,부산,남성,70,67528
2021,05,202105,부산,남성,80,10543
2021,05,202105,부산,남성,90,1022
2021,05,202105,부산,여성,10,243
2021,05,202105,부산,여성,20,8448
2021,05,202105,부산,여성,30,44682
2021,05,202105,부산,여성,40,77729
2021,05,202105,부산,여성,50,87649
2021,05,202105,부산,여성,60,61308
2021,05,202105,부산,여성,70,13490
2021,05,202105,부산,여성,80,2705
2021,05,202105,부산,여성,90,557
2021,05,202105,대구,남성,10,201
2021,05,202105,대구,남성,20,16482
2021,05,202105,대구,남성,30,101402
2021,05,202105,대구,남성,40,189474
2021,05,202105,대구,남성,50,227003
2021,05,202105,대구,남성,60,173759
2021,05,202105,대구,남성,70,55814
2021,05,202105,대구,남성,80,9682
2021,05,202105,대구,남성,90,759
2021,05,202105,대구,여성,10,101
2021,05,202105,대구,여성,20,8639
2021,05,202105,대구,여성,30,39955
2021,05,202105,대구,여성,40,71650
2021,05,202105,대구,여성,50,88384
2021,05,202105,대구,여성,60,54358
2021,05,202105,대구,여성,70,12053
2021,05,202105,대구,여성,80,2291
2021,05,202105,대구,여성,90,447
2021,05,202105,인천,남성,10,389
2021,05,202105,인천,남성,20,21734
2021,05,202105,인천,남성,30,126982
2021,05,202105,인천,남성,40,215434
2021,05,202105,인천,남성,50,231464
2021,05,202105,인천,남성,60,174226
2021,05,202105,인천,남성,70,44801
2021,05,202105,인천,남성,80,6738
2021,05,202105,인천,남성,90,631
2021,05,202105,인천,여성,10,234
2021,05,202105,인천,여성,20,10565
2021,05,202105,인천,여성,30,49936
2021,05,202105,인천,여성,40,80718
2021,05,202105,인천,여성,50,90157
2021,05,202105,인천,여성,60,54255
2021,05,202105,인천,여성,70,9603
2021,05,202105,인천,여성,80,1994
2021,05,202105,인천,여성,90,447
2021,05,202105,광주,남성,10,151
2021,05,202105,광주,남성,20,12266
2021,05,202105,광주,남성,30,63561
2021,05,202105,광주,남성,40,117477
2021,05,202105,광주,남성,50,130401
2021,05,202105,광주,남성,60,85056
2021,05,202105,광주,남성,70,26797
2021,05,202105,광주,남성,80,4472
2021,05,202105,광주,남성,90,386
2021,05,202105,광주,여성,10,75
2021,05,202105,광주,여성,20,7836
2021,05,202105,광주,여성,30,31210
2021,05,202105,광주,여성,40,50086
2021,05,202105,광주,여성,50,53525
2021,05,202105,광주,여성,60,28559
2021,05,202105,광주,여성,70,6051
2021,05,202105,광주,여성,80,1306
2021,05,202105,광주,여성,90,353
2021,05,202105,대전,남성,10,277
2021,05,202105,대전,남성,20,11793
2021,05,202105,대전,남성,30,66363
2021,05,202105,대전,남성,40,113322
2021,05,202105,대전,남성,50,129681
2021,05,202105,대전,남성,60,96858
2021,05,202105,대전,남성,70,28279
2021,05,202105,대전,남성,80,4874
2021,05,202105,대전,남성,90,396
2021,05,202105,대전,여성,10,151
2021,05,202105,대전,여성,20,6737
2021,05,202105,대전,여성,30,28056
2021,05,202105,대전,여성,40,46448
2021,05,202105,대전,여성,50,51375
2021,05,202105,대전,여성,60,30989
2021,05,202105,대전,여성,70,6118
2021,05,202105,대전,여성,80,1454
2021,05,202105,대전,여성,90,356
2021,05,202105,울산,남성,10,189
2021,05,202105,울산,남성,20,8693
2021,05,202105,울산,남성,30,53117
2021,05,202105,울산,남성,40,99710
2021,05,202105,울산,남성,50,126758
2021,05,202105,울산,남성,60,97337
2021,05,202105,울산,남성,70,23690
2021,05,202105,울산,남성,80,2838
2021,05,202105,울산,남성,90,229
2021,05,202105,울산,여성,10,83
2021,05,202105,울산,여성,20,4066
2021,05,202105,울산,여성,30,18675
2021,05,202105,울산,여성,40,32341
2021,05,202105,울산,여성,50,36553
2021,05,202105,울산,여성,60,21860
2021,05,202105,울산,여성,70,3876
2021,05,202105,울산,여성,80,747
2021,05,202105,울산,여성,90,186
2021,05,202105,세종,남성,10,75
2021,05,202105,세종,남성,20,2127
2021,05,202105,세종,남성,30,22039
2021,05,202105,세종,남성,40,42292
2021,05,202105,세종,남성,50,31637
2021,05,202105,세종,남성,60,19869
2021,05,202105,세종,남성,70,5185
2021,05,202105,세종,남성,80,848
2021,05,202105,세종,남성,90,64
2021,05,202105,세종,여성,10,39
2021,05,202105,세종,여성,20,1475
2021,05,202105,세종,여성,30,10533
2021,05,202105,세종,여성,40,15795
2021,05,202105,세종,여성,50,11187
2021,05,202105,세종,여성,60,6185
2021,05,202105,세종,여성,70,1088
2021,05,202105,세종,여성,80,244
2021,05,202105,세종,여성,90,57
2021,05,202105,경기,남성,10,2111
2021,05,202105,경기,남성,20,94916
2021,05,202105,경기,남성,30,623794
2021,05,202105,경기,남성,40,1106046
2021,05,202105,경기,남성,50,1136026
2021,05,202105,경기,남성,60,788584
2021,05,202105,경기,남성,70,218001
2021,05,202105,경기,남성,80,41663
2021,05,202105,경기,남성,90,3545
2021,05,202105,경기,여성,10,1008
2021,05,202105,경기,여성,20,47643
2021,05,202105,경기,여성,30,240314
2021,05,202105,경기,여성,40,400509
2021,05,202105,경기,여성,50,440048
2021,05,202105,경기,여성,60,257937
2021,05,202105,경기,여성,70,54281
2021,05,202105,경기,여성,80,11475
2021,05,202105,경기,여성,90,2494
2021,05,202105,강원,남성,10,178
2021,05,202105,강원,남성,20,13999
2021,05,202105,강원,남성,30,63248
2021,05,202105,강원,남성,40,118523
2021,05,202105,강원,남성,50,156392
2021,05,202105,강원,남성,60,142729
2021,05,202105,강원,남성,70,47409
2021,05,202105,강원,남성,80,10336
2021,05,202105,강원,남성,90,664
2021,05,202105,강원,여성,10,105
2021,05,202105,강원,여성,20,6770
2021,05,202105,강원,여성,30,27107
2021,05,202105,강원,여성,40,48061
2021,05,202105,강원,여성,50,61689
2021,05,202105,강원,여성,60,45510
2021,05,202105,강원,여성,70,9553
2021,05,202105,강원,여성,80,1889
2021,05,202105,강원,여성,90,545
2021,05,202105,충북,남성,10,264
2021,05,202105,충북,남성,20,16119
2021,05,202105,충북,남성,30,76723
2021,05,202105,충북,남성,40,132569
2021,05,202105,충북,남성,50,166894
2021,05,202105,충북,남성,60,141262
2021,05,202105,충북,남성,70,42353
2021,05,202105,충북,남성,80,7966
2021,05,202105,충북,남성,90,513
2021,05,202105,충북,여성,10,145
2021,05,202105,충북,여성,20,8412
2021,05,202105,충북,여성,30,31529
2021,05,202105,충북,여성,40,49973
2021,05,202105,충북,여성,50,61681
2021,05,202105,충북,여성,60,40233
2021,05,202105,충북,여성,70,7848
2021,05,202105,충북,여성,80,1819
2021,05,202105,충북,여성,90,308
2021,05,202105,충남,남성,10,273
2021,05,202105,충남,남성,20,19998
2021,05,202105,충남,남성,30,110495
2021,05,202105,충남,남성,40,197191
2021,05,202105,충남,남성,50,219176
2021,05,202105,충남,남성,60,178045
2021,05,202105,충남,남성,70,60349
2021,05,202105,충남,남성,80,11182
2021,05,202105,충남,남성,90,870
2021,05,202105,충남,여성,10,152
2021,05,202105,충남,여성,20,10252
2021,05,202105,충남,여성,30,41565
2021,05,202105,충남,여성,40,65756
2021,05,202105,충남,여성,50,77769
2021,05,202105,충남,여성,60,52553
2021,05,202105,충남,여성,70,10858
2021,05,202105,충남,여성,80,2593
2021,05,202105,충남,여성,90,551
2021,05,202105,전북,남성,10,290
2021,05,202105,전북,남성,20,14009
2021,05,202105,전북,남성,30,66637
2021,05,202105,전북,남성,40,142193
2021,05,202105,전북,남성,50,183339
2021,05,202105,전북,남성,60,153083
2021,05,202105,전북,남성,70,56245
2021,05,202105,전북,남성,80,10620
2021,05,202105,전북,남성,90,975
2021,05,202105,전북,여성,10,141
2021,05,202105,전북,여성,20,8038
2021,05,202105,전북,여성,30,31857
2021,05,202105,전북,여성,40,54834
2021,05,202105,전북,여성,50,68958
2021,05,202105,전북,여성,60,46722
2021,05,202105,전북,여성,70,10925
2021,05,202105,전북,여성,80,3103
2021,05,202105,전북,여성,90,837
2021,05,202105,전남,남성,10,279
2021,05,202105,전남,남성,20,15186
2021,05,202105,전남,남성,30,70521
2021,05,202105,전남,남성,40,145730
2021,05,202105,전남,남성,50,202903
2021,05,202105,전남,남성,60,167059
2021,05,202105,전남,남성,70,62437
2021,05,202105,전남,남성,80,10454
2021,05,202105,전남,남성,90,993
2021,05,202105,전남,여성,10,147
2021,05,202105,전남,여성,20,7830
2021,05,202105,전남,여성,30,30864
2021,05,202105,전남,여성,40,52217
2021,05,202105,전남,여성,50,68126
2021,05,202105,전남,여성,60,45879
2021,05,202105,전남,여성,70,10241
2021,05,202105,전남,여성,80,3114
2021,05,202105,전남,여성,90,763
2021,05,202105,경북,남성,10,181
2021,05,202105,경북,남성,20,20155
2021,05,202105,경북,남성,30,111985
2021,05,202105,경북,남성,40,221736
2021,05,202105,경북,남성,50,300958
2021,05,202105,경북,남성,60,273377
2021,05,202105,경북,남성,70,95107
2021,05,202105,경북,남성,80,16780
2021,05,202105,경북,남성,90,1180
2021,05,202105,경북,여성,10,119
2021,05,202105,경북,여성,20,10741
2021,05,202105,경북,여성,30,44172
2021,05,202105,경북,여성,40,77721
2021,05,202105,경북,여성,50,101002
2021,05,202105,경북,여성,60,72687
2021,05,202105,경북,여성,70,15144
2021,05,202105,경북,여성,80,3303
2021,05,202105,경북,여성,90,679
2021,05,202105,경남,남성,10,561
2021,05,202105,경남,남성,20,23813
2021,05,202105,경남,남성,30,142542
2021,05,202105,경남,남성,40,285746
2021,05,202105,경남,남성,50,340778
2021,05,202105,경남,남성,60,278035
2021,05,202105,경남,남성,70,83659
2021,05,202105,경남,남성,80,12566
2021,05,202105,경남,남성,90,993
2021,05,202105,경남,여성,10,278
2021,05,202105,경남,여성,20,12076
2021,05,202105,경남,여성,30,57348
2021,05,202105,경남,여성,40,103036
2021,05,202105,경남,여성,50,122074
2021,05,202105,경남,여성,60,78338
2021,05,202105,경남,여성,70,14659
2021,05,202105,경남,여성,80,3268
2021,05,202105,경남,여성,90,744
2021,05,202105,제주,남성,10,152
2021,05,202105,제주,남성,20,4972
2021,05,202105,제주,남성,30,27526
2021,05,202105,제주,남성,40,60019
2021,05,202105,제주,남성,50,69710
2021,05,202105,제주,남성,60,49009
2021,05,202105,제주,남성,70,17654
2021,05,202105,제주,남성,80,3740
2021,05,202105,제주,남성,90,257
2021,05,202105,제주,여성,10,70
2021,05,202105,제주,여성,20,3474
2021,05,202105,제주,여성,30,15416
2021,05,202105,제주,여성,40,27824
2021,05,202105,제주,여성,50,32156
2021,05,202105,제주,여성,60,19766
2021,05,202105,제주,여성,70,4456
2021,05,202105,제주,여성,80,831
2021,05,202105,제주,여성,90,204
2021,06,202106,서울,남성,10,1371
2021,06,202106,서울,남성,20,34205
2021,06,202106,서울,남성,30,302499
2021,06,202106,서울,남성,40,508214
2021,06,202106,서울,남성,50,535067
2021,06,202106,서울,남성,60,433997
2021,06,202106,서울,남성,70,158200
2021,06,202106,서울,남성,80,30506
2021,06,202106,서울,남성,90,3403
2021,06,202106,서울,여성,10,587
2021,06,202106,서울,여성,20,18187
2021,06,202106,서울,여성,30,115444
2021,06,202106,서울,여성,40,186445
2021,06,202106,서울,여성,50,196321
2021,06,202106,서울,여성,60,135119
2021,06,202106,서울,여성,70,36810
2021,06,202106,서울,여성,80,7952
2021,06,202106,서울,여성,90,2041
2021,06,202106,부산,남성,10,446
2021,06,202106,부산,남성,20,18101
2021,06,202106,부산,남성,30,118012
2021,06,202106,부산,남성,40,211040
2021,06,202106,부산,남성,50,225506
2021,06,202106,부산,남성,60,203219
2021,06,202106,부산,남성,70,67062
2021,06,202106,부산,남성,80,10403
2021,06,202106,부산,남성,90,1012
2021,06,202106,부산,여성,10,242
2021,06,202106,부산,여성,20,8703
2021,06,202106,부산,여성,30,45062
2021,06,202106,부산,여성,40,77937
2021,06,202106,부산,여성,50,87790
2021,06,202106,부산,여성,60,61218
2021,06,202106,부산,여성,70,13412
2021,06,202106,부산,여성,80,2672
2021,06,202106,부산,여성,90,547
2021,06,202106,대구,남성,10,198
2021,06,202106,대구,남성,20,16904
2021,06,202106,대구,남성,30,101979
2021,06,202106,대구,남성,40,189715
2021,06,202106,대구,남성,50,226919
2021,06,202106,대구,남성,60,172957
2021,06,202106,대구,남성,70,55435
2021,06,202106,대구,남성,80,9524
2021,06,202106,대구,남성,90,746
2021,06,202106,대구,여성,10,102
2021,06,202106,대구,여성,20,8861
2021,06,202106,대구,여성,30,40177
2021,06,202106,대구,여성,40,71816
2021,06,202106,대구,여성,50,88535
2021,06,202106,대구,여성,60,54153
2021,06,202106,대구,여성,70,11973
2021,06,202106,대구,여성,80,2254
2021,06,202106,대구,여성,90,441
2021,06,202106,인천,남성,10,389
2021,06,202106,인천,남성,20,22269
2021,06,202106,인천,남성,30,127869
2021,06,202106,인천,남성,40,215684
2021,06,202106,인천,남성,50,231824
2021,06,202106,인천,남성,60,173957
2021,06,202106,인천,남성,70,44577
2021,06,202106,인천,남성,80,6641
2021,06,202106,인천,남성,90,627
2021,06,202106,인천,여성,10,234
2021,06,202106,인천,여성,20,10915
2021,06,202106,인천,여성,30,50428
2021,06,202106,인천,여성,40,80957
2021,06,202106,인천,여성,50,90322
2021,06,202106,인천,여성,60,54169
2021,06,202106,인천,여성,70,9511
2021,06,202106,인천,여성,80,1984
2021,06,202106,인천,여성,90,442
2021,06,202106,광주,남성,10,153
2021,06,202106,광주,남성,20,12628
2021,06,202106,광주,남성,30,63873
2021,06,202106,광주,남성,40,117530
2021,06,202106,광주,남성,50,130177
2021,06,202106,광주,남성,60,84641
2021,06,202106,광주,남성,70,26622
2021,06,202106,광주,남성,80,4423
2021,06,202106,광주,남성,90,382
2021,06,202106,광주,여성,10,75
2021,06,202106,광주,여성,20,8067
2021,06,202106,광주,여성,30,31412
2021,06,202106,광주,여성,40,50143
2021,06,202106,광주,여성,50,53551
2021,06,202106,광주,여성,60,28490
2021,06,202106,광주,여성,70,6005
2021,06,202106,광주,여성,80,1288
2021,06,202106,광주,여성,90,344
2021,06,202106,대전,남성,10,276
2021,06,202106,대전,남성,20,12114
2021,06,202106,대전,남성,30,66700
2021,06,202106,대전,남성,40,113270
2021,06,202106,대전,남성,50,129276
2021,06,202106,대전,남성,60,96344
2021,06,202106,대전,남성,70,28079
2021,06,202106,대전,남성,80,4795
2021,06,202106,대전,남성,90,384
2021,06,202106,대전,여성,10,148
2021,06,202106,대전,여성,20,6911
2021,06,202106,대전,여성,30,28244
2021,06,202106,대전,여성,40,46477
2021,06,202106,대전,여성,50,51328
2021,06,202106,대전,여성,60,30836
2021,06,202106,대전,여성,70,6061
2021,06,202106,대전,여성,80,1431
2021,06,202106,대전,여성,90,352
2021,06,202106,울산,남성,10,189
2021,06,202106,울산,남성,20,8930
2021,06,202106,울산,남성,30,53399
2021,06,202106,울산,남성,40,99745
2021,06,202106,울산,남성,50,126736
2021,06,202106,울산,남성,60,97069
2021,06,202106,울산,남성,70,23543
2021,06,202106,울산,남성,80,2808
2021,06,202106,울산,남성,90,222
2021,06,202106,울산,여성,10,83
2021,06,202106,울산,여성,20,4183
2021,06,202106,울산,여성,30,18743
2021,06,202106,울산,여성,40,32357
2021,06,202106,울산,여성,50,36518
2021,06,202106,울산,여성,60,21786
2021,06,202106,울산,여성,70,3856
2021,06,202106,울산,여성,80,733
2021,06,202106,울산,여성,90,187
2021,06,202106,세종,남성,10,75
2021,06,202106,세종,남성,20,2209
2021,06,202106,세종,남성,30,22189
2021,06,202106,세종,남성,40,42365
2021,06,202106,세종,남성,50,31715
2021,06,202106,세종,남성,60,19851
2021,06,202106,세종,남성,70,5163
2021,06,202106,세종,남성,80,837
2021,06,202106,세종,남성,90,65
2021,06,202106,세종,여성,10,39
2021,06,202106,세종,여성,20,1542
2021,06,202106,세종,여성,30,10623
2021,06,202106,세종,여성,40,15840
2021,06,202106,세종,여성,50,11214
2021,06,202106,세종,여성,60,6202
2021,06,202106,세종,여성,70,1092
2021,06,202106,세종,여성,80,245
2021,06,202106,세종,여성,90,55
2021,06,202106,경기,남성,10,2140
2021,06,202106,경기,남성,20,97857
2021,06,202106,경기,남성,30,629142
2021,06,202106,경기,남성,40,1109019
2021,06,202106,경기,남성,50,1138075
2021,06,202106,경기,남성,60,788009
2021,06,202106,경기,남성,70,217137
2021,06,202106,경기,남성,80,41212
2021,06,202106,경기,남성,90,3482
2021,06,202106,경기,여성,10,1023
2021,06,202106,경기,여성,20,49210
2021,06,202106,경기,여성,30,242719
2021,06,202106,경기,여성,40,401853
2021,06,202106,경기,여성,50,441516
2021,06,202106,경기,여성,60,257824
2021,06,202106,경기,여성,70,54033
2021,06,202106,경기,여성,80,11378
2021,06,202106,경기,여성,90,2464
2021,06,202106,강원,남성,10,181
2021,06,202106,강원,남성,20,14409
2021,06,202106,강원,남성,30,63712
2021,06,202106,강원,남성,40,118716
2021,06,202106,강원,남성,50,156776
2021,06,202106,강원,남성,60,142611
2021,06,202106,강원,남성,70,47229
2021,06,202106,강원,남성,80,10213
2021,06,202106,강원,남성,90,658
2021,06,202106,강원,여성,10,106
2021,06,202106,강원,여성,20,6969
2021,06,202106,강원,여성,30,27253
2021,06,202106,강원,여성,40,48248
2021,06,202106,강원,여성,50,61910
2021,06,202106,강원,여성,60,45510
2021,06,202106,강원,여성,70,9526
2021,06,202106,강원,여성,80,1856
2021,06,202106,강원,여성,90,538
2021,06,202106,충북,남성,10,267
2021,06,202106,충북,남성,20,16590
2021,06,202106,충북,남성,30,77251
2021,06,202106,충북,남성,40,132873
2021,06,202106,충북,남성,50,167229
2021,06,202106,충북,남성,60,141150
2021,06,202106,충북,남성,70,42168
2021,06,202106,충북,남성,80,7868
2021,06,202106,충북,남성,90,504
2021,06,202106,충북,여성,10,144
2021,06,202106,충북,여성,20,8661
2021,06,202106,충북,여성,30,31771
2021,06,202106,충북,여성,40,50214
2021,06,202106,충북,여성,50,61846
2021,06,202106,충북,여성,60,40241
2021,06,202106,충북,여성,70,7796
2021,06,202106,충북,여성,80,1789
2021,06,202106,충북,여성,90,304
2021,06,202106,충남,남성,10,277
2021,06,202106,충남,남성,20,20507
2021,06,202106,충남,남성,30,111205
2021,06,202106,충남,남성,40,197513
2021,06,202106,충남,남성,50,219242
2021,06,202106,충남,남성,60,177831
2021,06,202106,충남,남성,70,60042
2021,06,202106,충남,남성,80,11054
2021,06,202106,충남,남성,90,859
2021,06,202106,충남,여성,10,152
2021,06,202106,충남,여성,20,10559
2021,06,202106,충남,여성,30,41818
2021,06,202106,충남,여성,40,66009
2021,06,202106,충남,여성,50,77996
2021,06,202106,충남,여성,60,52508
2021,06,202106,충남,여성,70,10799
2021,06,202106,충남,여성,80,2558
2021,06,202106,충남,여성,90,544
2021,06,202106,전북,남성,10,294
2021,06,202106,전북,남성,20,14402
2021,06,202106,전북,남성,30,67031
2021,06,202106,전북,남성,40,142332
2021,06,202106,전북,남성,50,183433
2021,06,202106,전북,남성,60,152936
2021,06,202106,전북,남성,70,55916
2021,06,202106,전북,남성,80,10473
2021,06,202106,전북,남성,90,957
2021,06,202106,전북,여성,10,142
2021,06,202106,전북,여성,20,8249
2021,06,202106,전북,여성,30,32167
2021,06,202106,전북,여성,40,55040
2021,06,202106,전북,여성,50,69142
2021,06,202106,전북,여성,60,46671
2021,06,202106,전북,여성,70,10853
2021,06,202106,전북,여성,80,3077
2021,06,202106,전북,여성,90,824
2021,06,202106,전남,남성,10,280
2021,06,202106,전남,남성,20,15546
2021,06,202106,전남,남성,30,70872
2021,06,202106,전남,남성,40,145890
2021,06,202106,전남,남성,50,203100
2021,06,202106,전남,남성,60,166940
2021,06,202106,전남,남성,70,62158
2021,06,202106,전남,남성,80,10352
2021,06,202106,전남,남성,90,978
2021,06,202106,전남,여성,10,148
2021,06,202106,전남,여성,20,8015
2021,06,202106,전남,여성,30,31064
2021,06,202106,전남,여성,40,52420
2021,06,202106,전남,여성,50,68341
2021,06,202106,전남,여성,60,45864
2021,06,202106,전남,여성,70,10175
2021,06,202106,전남,여성,80,3053
2021,06,202106,전남,여성,90,754
2021,06,202106,경북,남성,10,184
2021,06,202106,경북,남성,20,20746
2021,06,202106,경북,남성,30,112663
2021,06,202106,경북,남성,40,221831
2021,06,202106,경북,남성,50,300922
2021,06,202106,경북,남성,60,272794
2021,06,202106,경북,남성,70,94595
2021,06,202106,경북,남성,80,16589
2021,06,202106,경북,남성,90,1165
2021,06,202106,경북,여성,10,117
2021,06,202106,경북,여성,20,11038
2021,06,202106,경북,여성,30,44449
2021,06,202106,경북,여성,40,77929
2021,06,202106,경북,여성,50,101304
2021,06,202106,경북,여성,60,72637
2021,06,202106,경북,여성,70,15019
2021,06,202106,경북,여성,80,3274
2021,06,202106,경북,여성,90,665
2021,06,202106,경남,남성,10,564
2021,06,202106,경남,남성,20,24485
2021,06,202106,경남,남성,30,143393
2021,06,202106,경남,남성,40,286281
2021,06,202106,경남,남성,50,341419
2021,06,202106,경남,남성,60,277696
2021,06,202106,경남,남성,70,83319
2021,06,202106,경남,남성,80,12406
2021,06,202106,경남,남성,90,971
2021,06,202106,경남,여성,10,276
2021,06,202106,경남,여성,20,12403
2021,06,202106,경남,여성,30,57703
2021,06,202106,경남,여성,40,103389
2021,06,202106,경남,여성,50,122361
2021,06,202106,경남,여성,60,78265
2021,06,202106,경남,여성,70,14601
2021,06,202106,경남,여성,80,3241
2021,06,202106,경남,여성,90,734
2021,06,202106,제주,남성,10,153
2021,06,202106,제주,남성,20,5090
2021,06,202106,제주,남성,30,27747
2021,06,202106,제주,남성,40,60246
2021,06,202106,제주,남성,50,69683
2021,06,202106,제주,남성,60,48895
2021,06,202106,제주,남성,70,17534
2021,06,202106,제주,남성,80,3686
2021,06,202106,제주,남성,90,256
2021,06,202106,제주,여성,10,71
2021,06,202106,제주,여성,20,3575
2021,06,202106,제주,여성,30,15524
2021,06,202106,제주,여성,40,27896
2021,06,202106,제주,여성,50,32226
2021,06,202106,제주,여성,60,19704
2021,06,202106,제주,여성,70,4414
2021,06,202106,제주,여성,80,817
2021,06,202106,제주,여성,90,204
2021,07,202107,서울,남성,10,1451
2021,07,202107,서울,남성,20,35279
2021,07,202107,서울,남성,30,304407
2021,07,202107,서울,남성,40,508384
2021,07,202107,서울,남성,50,534722
2021,07,202107,서울,남성,60,433002
2021,07,202107,서울,남성,70,157179
2021,07,202107,서울,남성,80,30150
2021,07,202107,서울,남성,90,3408
2021,07,202107,서울,여성,10,590
2021,07,202107,서울,여성,20,18761
2021,07,202107,서울,여성,30,116329
2021,07,202107,서울,여성,40,186781
2021,07,202107,서울,여성,50,196423
2021,07,202107,서울,여성,60,134655
2021,07,202107,서울,여성,70,36577
2021,07,202107,서울,여성,80,7858
2021,07,202107,서울,여성,90,2000
2021,07,202107,부산,남성,10,453
2021,07,202107,부산,남성,20,18568
2021,07,202107,부산,남성,30,118713
2021,07,202107,부산,남성,40,211333
2021,07,202107,부산,남성,50,225592
2021,07,202107,부산,남성,60,202695
2021,07,202107,부산,남성,70,66636
2021,07,202107,부산,남성,80,10261
2021,07,202107,부산,남성,90,1006
2021,07,202107,부산,여성,10,244
2021,07,202107,부산,여성,20,8947
2021,07,202107,부산,여성,30,45424
2021,07,202107,부산,여성,40,78197
2021,07,202107,부산,여성,50,87975
2021,07,202107,부산,여성,60,61050
2021,07,202107,부산,여성,70,13324
2021,07,202107,부산,여성,80,2643
2021,07,202107,부산,여성,90,540
2021,07,202107,대구,남성,10,198
2021,07,202107,대구,남성,20,17317
2021,07,202107,대구,남성,30,102675
2021,07,202107,대구,남성,40,190284
2021,07,202107,대구,남성,50,227252
2021,07,202107,대구,남성,60,172672
2021,07,202107,대구,남성,70,55195
2021,07,202107,대구,남성,80,9390
2021,07,202107,대구,남성,90,740
2021,07,202107,대구,여성,10,101
2021,07,202107,대구,여성,20,9122
2021,07,202107,대구,여성,30,40368
2021,07,202107,대구,여성,40,72047
2021,07,202107,대구,여성,50,88724
2021,07,202107,대구,여성,60,53983
2021,07,202107,대구,여성,70,11916
2021,07,202107,대구,여성,80,2224
2021,07,202107,대구,여성,90,438
2021,07,202107,인천,남성,10,395
2021,07,202107,인천,남성,20,22977
2021,07,202107,인천,남성,30,128867
2021,07,202107,인천,남성,40,216263
2021,07,202107,인천,남성,50,232004
2021,07,202107,인천,남성,60,173766
2021,07,202107,인천,남성,70,44321
2021,07,202107,인천,남성,80,6549
2021,07,202107,인천,남성,90,619
2021,07,202107,인천,여성,10,238
2021,07,202107,인천,여성,20,11190
2021,07,202107,인천,여성,30,50910
2021,07,202107,인천,여성,40,81126
2021,07,202107,인천,여성,50,90482
2021,07,202107,인천,여성,60,54078
2021,07,202107,인천,여성,70,9480
2021,07,202107,인천,여성,80,1966
2021,07,202107,인천,여성,90,437
2021,07,202107,광주,남성,10,154
2021,07,202107,광주,남성,20,13034
2021,07,202107,광주,남성,30,64209
2021,07,202107,광주,남성,40,117753
2021,07,202107,광주,남성,50,130286
2021,07,202107,광주,남성,60,84421
2021,07,202107,광주,남성,70,26506
2021,07,202107,광주,남성,80,4354
2021,07,202107,광주,남성,90,375
2021,07,202107,광주,여성,10,76
2021,07,202107,광주,여성,20,8303
2021,07,202107,광주,여성,30,31627
2021,07,202107,광주,여성,40,50302
2021,07,202107,광주,여성,50,53685
2021,07,202107,광주,여성,60,28403
2021,07,202107,광주,여성,70,5950
2021,07,202107,광주,여성,80,1262
2021,07,202107,광주,여성,90,341
2021,07,202107,대전,남성,10,273
2021,07,202107,대전,남성,20,12463
2021,07,202107,대전,남성,30,67090
2021,07,202107,대전,남성,40,113498
2021,07,202107,대전,남성,50,129412
2021,07,202107,대전,남성,60,96114
2021,07,202107,대전,남성,70,27941
2021,07,202107,대전,남성,80,4721
2021,07,202107,대전,남성,90,378
2021,07,202107,대전,여성,10,148
2021,07,202107,대전,여성,20,7095
2021,07,202107,대전,여성,30,28369
2021,07,202107,대전,여성,40,46572
2021,07,202107,대전,여성,50,51407
2021,07,202107,대전,여성,60,30808
2021,07,202107,대전,여성,70,6019
2021,07,202107,대전,여성,80,1414
2021,07,202107,대전,여성,90,342
2021,07,202107,울산,남성,10,192
2021,07,202107,울산,남성,20,9191
2021,07,202107,울산,남성,30,53722
2021,07,202107,울산,남성,40,99933
2021,07,202107,울산,남성,50,126774
2021,07,202107,울산,남성,60,96789
2021,07,202107,울산,남성,70,23411
2021,07,202107,울산,남성,80,2781
2021,07,202107,울산,남성,90,218
2021,07,202107,울산,여성,10,84
2021,07,202107,울산,여성,20,4317
2021,07,202107,울산,여성,30,18889
2021,07,202107,울산,여성,40,32394
2021,07,202107,울산,여성,50,36585
2021,07,202107,울산,여성,60,21723
2021,07,202107,울산,여성,70,3830
2021,07,202107,울산,여성,80,725
2021,07,202107,울산,여성,90,186
2021,07,202107,세종,남성,10,77
2021,07,202107,세종,남성,20,2270
2021,07,202107,세종,남성,30,22383
2021,07,202107,세종,남성,40,42492
2021,07,202107,세종,남성,50,31862
2021,07,202107,세종,남성,60,19839
2021,07,202107,세종,남성,70,5143
2021,07,202107,세종,남성,80,827
2021,07,202107,세종,남성,90,65
2021,07,202107,세종,여성,10,39
2021,07,202107,세종,여성,20,1620
2021,07,202107,세종,여성,30,10743
2021,07,202107,세종,여성,40,15910
2021,07,202107,세종,여성,50,11246
2021,07,202107,세종,여성,60,6197
2021,07,202107,세종,여성,70,1087
2021,07,202107,세종,여성,80,238
2021,07,202107,세종,여성,90,55
2021,07,202107,경기,남성,10,2159
2021,07,202107,경기,남성,20,100869
2021,07,202107,경기,남성,30,634636
2021,07,202107,경기,남성,40,1111869
2021,07,202107,경기,남성,50,1139927
2021,07,202107,경기,남성,60,787397
2021,07,202107,경기,남성,70,216289
2021,07,202107,경기,남성,80,40803
2021,07,202107,경기,남성,90,3448
2021,07,202107,경기,여성,10,1037
2021,07,202107,경기,여성,20,50692
2021,07,202107,경기,여성,30,244938
2021,07,202107,경기,여성,40,403131
2021,07,202107,경기,여성,50,442628
2021,07,202107,경기,여성,60,257653
2021,07,202107,경기,여성,70,53766
2021,07,202107,경기,여성,80,11249
2021,07,202107,경기,여성,90,2444
2021,07,202107,강원,남성,10,181
2021,07,202107,강원,남성,20,14775
2021,07,202107,강원,남성,30,64100
2021,07,202107,강원,남성,40,118960
2021,07,202107,강원,남성,50,157176
2021,07,202107,강원,남성,60,142538
2021,07,202107,강원,남성,70,47058
2021,07,202107,강원,남성,80,10114
2021,07,202107,강원,남성,90,647
2021,07,202107,강원,여성,10,108
2021,07,202107,강원,여성,20,7203
2021,07,202107,강원,여성,30,27546
2021,07,202107,강원,여성,40,48431
2021,07,202107,강원,여성,50,62129
2021,07,202107,강원,여성,60,45511
2021,07,202107,강원,여성,70,9463
2021,07,202107,강원,여성,80,1820
2021,07,202107,강원,여성,90,533
2021,07,202107,충북,남성,10,269
2021,07,202107,충북,남성,20,17053
2021,07,202107,충북,남성,30,77744
2021,07,202107,충북,남성,40,133347
2021,07,202107,충북,남성,50,167586
2021,07,202107,충북,남성,60,141132
2021,07,202107,충북,남성,70,42041
2021,07,202107,충북,남성,80,7783
2021,07,202107,충북,남성,90,495
2021,07,202107,충북,여성,10,145
2021,07,202107,충북,여성,20,8884
2021,07,202107,충북,여성,30,31930
2021,07,202107,충북,여성,40,50460
2021,07,202107,충북,여성,50,62060
2021,07,202107,충북,여성,60,40253
2021,07,202107,충북,여성,70,7747
2021,07,202107,충북,여성,80,1777
2021,07,202107,충북,여성,90,309
2021,07,202107,충남,남성,10,283
2021,07,202107,충남,남성,20,21084
2021,07,202107,충남,남성,30,111883
2021,07,202107,충남,남성,40,197937
2021,07,202107,충남,남성,50,219834
2021,07,202107,충남,남성,60,177820
2021,07,202107,충남,남성,70,59817
2021,07,202107,충남,남성,80,10956
2021,07,202107,충남,남성,90,842
2021,07,202107,충남,여성,10,153
2021,07,202107,충남,여성,20,10865
2021,07,202107,충남,여성,30,42029
2021,07,202107,충남,여성,40,66222
2021,07,202107,충남,여성,50,78181
2021,07,202107,충남,여성,60,52552
2021,07,202107,충남,여성,70,10715
2021,07,202107,충남,여성,80,2522
2021,07,202107,충남,여성,90,535
2021,07,202107,전북,남성,10,297
2021,07,202107,전북,남성,20,14888
2021,07,202107,전북,남성,30,67454
2021,07,202107,전북,남성,40,142591
2021,07,202107,전북,남성,50,183837
2021,07,202107,전북,남성,60,152874
2021,07,202107,전북,남성,70,55739
2021,07,202107,전북,남성,80,10378
2021,07,202107,전북,남성,90,949
2021,07,202107,전북,여성,10,144
2021,07,202107,전북,여성,20,8508
2021,07,202107,전북,여성,30,32384
2021,07,202107,전북,여성,40,55191
2021,07,202107,전북,여성,50,69340
2021,07,202107,전북,여성,60,46656
2021,07,202107,전북,여성,70,10806
2021,07,202107,전북,여성,80,3033
2021,07,202107,전북,여성,90,812
2021,07,202107,전남,남성,10,284
2021,07,202107,전남,남성,20,15926
2021,07,202107,전남,남성,30,71364
2021,07,202107,전남,남성,40,146157
2021,07,202107,전남,남성,50,203517
2021,07,202107,전남,남성,60,166904
2021,07,202107,전남,남성,70,61935
2021,07,202107,전남,남성,80,10222
2021,07,202107,전남,남성,90,965
2021,07,202107,전남,여성,10,150
2021,07,202107,전남,여성,20,8230
2021,07,202107,전남,여성,30,31323
2021,07,202107,전남,여성,40,52588
2021,07,202107,전남,여성,50,68472
2021,07,202107,전남,여성,60,45887
2021,07,202107,전남,여성,70,10130
2021,07,202107,전남,여성,80,3018
2021,07,202107,전남,여성,90,745
2021,07,202107,경북,남성,10,183
2021,07,202107,경북,남성,20,21351
2021,07,202107,경북,남성,30,113257
2021,07,202107,경북,남성,40,222168
2021,07,202107,경북,남성,50,301616
2021,07,202107,경북,남성,60,272551
2021,07,202107,경북,남성,70,94166
2021,07,202107,경북,남성,80,16450
2021,07,202107,경북,남성,90,1150
2021,07,202107,경북,여성,10,116
2021,07,202107,경북,여성,20,11314
2021,07,202107,경북,여성,30,44759
2021,07,202107,경북,여성,40,78195
2021,07,202107,경북,여성,50,101592
2021,07,202107,경북,여성,60,72607
2021,07,202107,경북,여성,70,14959
2021,07,202107,경북,여성,80,3240
2021,07,202107,경북,여성,90,654
2021,07,202107,경남,남성,10,567
2021,07,202107,경남,남성,20,25218
2021,07,202107,경남,남성,30,144135
2021,07,202107,경남,남성,40,286754
2021,07,202107,경남,남성,50,341641
2021,07,202107,경남,남성,60,277286
2021,07,202107,경남,남성,70,82980
2021,07,202107,경남,남성,80,12253
2021,07,202107,경남,남성,90,952
2021,07,202107,경남,여성,10,281
2021,07,202107,경남,여성,20,12723
2021,07,202107,경남,여성,30,58104
2021,07,202107,경남,여성,40,103648
2021,07,202107,경남,여성,50,122561
2021,07,202107,경남,여성,60,78218
2021,07,202107,경남,여성,70,14509
2021,07,202107,경남,여성,80,3205
2021,07,202107,경남,여성,90,728
2021,07,202107,제주,남성,10,154
2021,07,202107,제주,남성,20,5195
2021,07,202107,제주,남성,30,27956
2021,07,202107,제주,남성,40,60496
2021,07,202107,제주,남성,50,69873
2021,07,202107,제주,남성,60,48854
2021,07,202107,제주,남성,70,17497
2021,07,202107,제주,남성,80,3637
2021,07,202107,제주,남성,90,254
2021,07,202107,제주,여성,10,71
2021,07,202107,제주,여성,20,3677
2021,07,202107,제주,여성,30,15643
2021,07,202107,제주,여성,40,28080
2021,07,202107,제주,여성,50,32326
2021,07,202107,제주,여성,60,19706
2021,07,202107,제주,여성,70,4379
2021,07,202107,제주,여성,80,804
2021,07,202107,제주,여성,90,201
2021,08,202108,서울,남성,10,1495
2021,08,202108,서울,남성,20,36361
2021,08,202108,서울,남성,30,305922
2021,08,202108,서울,남성,40,508227
2021,08,202108,서울,남성,50,534306
2021,08,202108,서울,남성,60,431784
2021,08,202108,서울,남성,70,156286
2021,08,202108,서울,남성,80,29761
2021,08,202108,서울,남성,90,3414
2021,08,202108,서울,여성,10,589
2021,08,202108,서울,여성,20,19342
2021,08,202108,서울,여성,30,117074
2021,08,202108,서울,여성,40,186879
2021,08,202108,서울,여성,50,196254
2021,08,202108,서울,여성,60,134295
2021,08,202108,서울,여성,70,36349
2021,08,202108,서울,여성,80,7761
2021,08,202108,서울,여성,90,2003
2021,08,202108,부산,남성,10,459
2021,08,202108,부산,남성,20,19096
2021,08,202108,부산,남성,30,119302
2021,08,202108,부산,남성,40,211655
2021,08,202108,부산,남성,50,225692
2021,08,202108,부산,남성,60,202326
2021,08,202108,부산,남성,70,66274
2021,08,202108,부산,남성,80,10123
2021,08,202108,부산,남성,90,992
2021,08,202108,부산,여성,10,247
2021,08,202108,부산,여성,20,9184
2021,08,202108,부산,여성,30,45638
2021,08,202108,부산,여성,40,78402
2021,08,202108,부산,여성,50,88042
2021,08,202108,부산,여성,60,60886
2021,08,202108,부산,여성,70,13238
2021,08,202108,부산,여성,80,2619
2021,08,202108,부산,여성,90,534
2021,08,202108,대구,남성,10,199
2021,08,202108,대구,남성,20,17791
2021,08,202108,대구,남성,30,103190
2021,08,202108,대구,남성,40,190282
2021,08,202108,대구,남성,50,227319
2021,08,202108,대구,남성,60,172322
2021,08,202108,대구,남성,70,54917
2021,08,202108,대구,남성,80,9265
2021,08,202108,대구,남성,90,727
2021,08,202108,대구,여성,10,99
2021,08,202108,대구,여성,20,9303
2021,08,202108,대구,여성,30,40643
2021,08,202108,대구,여성,40,72211
2021,08,202108,대구,여성,50,88832
2021,08,202108,대구,여성,60,53829
2021,08,202108,대구,여성,70,11876
2021,08,202108,대구,여성,80,2202
2021,08,202108,대구,여성,90,430
2021,08,202108,인천,남성,10,393
2021,08,202108,인천,남성,20,23594
2021,08,202108,인천,남성,30,129725
2021,08,202108,인천,남성,40,216594
2021,08,202108,인천,남성,50,231979
2021,08,202108,인천,남성,60,173414
2021,08,202108,인천,남성,70,44104
2021,08,202108,인천,남성,80,6472
2021,08,202108,인천,남성,90,611
2021,08,202108,인천,여성,10,239
2021,08,202108,인천,여성,20,11452
2021,08,202108,인천,여성,30,51191
2021,08,202108,인천,여성,40,81317
2021,08,202108,인천,여성,50,90521
2021,08,202108,인천,여성,60,53986
2021,08,202108,인천,여성,70,9431
2021,08,202108,인천,여성,80,1948
2021,08,202108,인천,여성,90,424
2021,08,202108,광주,남성,10,155
2021,08,202108,광주,남성,20,13378
2021,08,202108,광주,남성,30,64543
2021,08,202108,광주,남성,40,117873
2021,08,202108,광주,남성,50,130262
2021,08,202108,광주,남성,60,84264
2021,08,202108,광주,남성,70,26359
2021,08,202108,광주,남성,80,4302
2021,08,202108,광주,남성,90,374
2021,08,202108,광주,여성,10,77
2021,08,202108,광주,여성,20,8537
2021,08,202108,광주,여성,30,31794
2021,08,202108,광주,여성,40,50392
2021,08,202108,광주,여성,50,53773
2021,08,202108,광주,여성,60,28355
2021,08,202108,광주,여성,70,5912
2021,08,202108,광주,여성,80,1247
2021,08,202108,광주,여성,90,338
2021,08,202108,대전,남성,10,276
2021,08,202108,대전,남성,20,12735
2021,08,202108,대전,남성,30,67462
2021,08,202108,대전,남성,40,113620
2021,08,202108,대전,남성,50,129382
2021,08,202108,대전,남성,60,95866
2021,08,202108,대전,남성,70,27779
2021,08,202108,대전,남성,80,4652
2021,08,202108,대전,남성,90,371
2021,08,202108,대전,여성,10,149
2021,08,202108,대전,여성,20,7274
2021,08,202108,대전,여성,30,28512
2021,08,202108,대전,여성,40,46717
2021,08,202108,대전,여성,50,51484
2021,08,202108,대전,여성,60,30721
2021,08,202108,대전,여성,70,6001
2021,08,202108,대전,여성,80,1397
2021,08,202108,대전,여성,90,336
2021,08,202108,울산,남성,10,191
2021,08,202108,울산,남성,20,9386
2021,08,202108,울산,남성,30,53887
2021,08,202108,울산,남성,40,99925
2021,08,202108,울산,남성,50,126718
2021,08,202108,울산,남성,60,96543
2021,08,202108,울산,남성,70,23270
2021,08,202108,울산,남성,80,2743
2021,08,202108,울산,남성,90,216
2021,08,202108,울산,여성,10,83
2021,08,202108,울산,여성,20,4412
2021,08,202108,울산,여성,30,18974
2021,08,202108,울산,여성,40,32467
2021,08,202108,울산,여성,50,36653
2021,08,202108,울산,여성,60,21639
2021,08,202108,울산,여성,70,3806
2021,08,202108,울산,여성,80,717
2021,08,202108,울산,여성,90,182
2021,08,202108,세종,남성,10,79
2021,08,202108,세종,남성,20,2335
2021,08,202108,세종,남성,30,22556
2021,08,202108,세종,남성,40,42485
2021,08,202108,세종,남성,50,31871
2021,08,202108,세종,남성,60,19839
2021,08,202108,세종,남성,70,5114
2021,08,202108,세종,남성,80,810
2021,08,202108,세종,남성,90,65
2021,08,202108,세종,여성,10,39
2021,08,202108,세종,여성,20,1668
2021,08,202108,세종,여성,30,10798
2021,08,202108,세종,여성,40,15961
2021,08,202108,세종,여성,50,11317
2021,08,202108,세종,여성,60,6208
2021,08,202108,세종,여성,70,1083
2021,08,202108,세종,여성,80,237
2021,08,202108,세종,여성,90,55
2021,08,202108,경기,남성,10,2198
2021,08,202108,경기,남성,20,103697
2021,08,202108,경기,남성,30,639665
2021,08,202108,경기,남성,40,1113363
2021,08,202108,경기,남성,50,1141444
2021,08,202108,경기,남성,60,786782
2021,08,202108,경기,남성,70,215513
2021,08,202108,경기,남성,80,40427
2021,08,202108,경기,남성,90,3431
2021,08,202108,경기,여성,10,1041
2021,08,202108,경기,여성,20,52022
2021,08,202108,경기,여성,30,247093
2021,08,202108,경기,여성,40,404533
2021,08,202108,경기,여성,50,443756
2021,08,202108,경기,여성,60,257462
2021,08,202108,경기,여성,70,53529
2021,08,202108,경기,여성,80,11134
2021,08,202108,경기,여성,90,2413
2021,08,202108,강원,남성,10,184
2021,08,202108,강원,남성,20,15078
2021,08,202108,강원,남성,30,64464
2021,08,202108,강원,남성,40,119049
2021,08,202108,강원,남성,50,157321
2021,08,202108,강원,남성,60,142445
2021,08,202108,강원,남성,70,46915
2021,08,202108,강원,남성,80,10013
2021,08,202108,강원,남성,90,638
2021,08,202108,강원,여성,10,105
2021,08,202108,강원,여성,20,7373
2021,08,202108,강원,여성,30,27692
2021,08,202108,강원,여성,40,48502
2021,08,202108,강원,여성,50,62166
2021,08,202108,강원,여성,60,45418
2021,08,202108,강원,여성,70,9424
2021,08,202108,강원,여성,80,1787
2021,08,202108,강원,여성,90,529
2021,08,202108,충북,남성,10,273
2021,08,202108,충북,남성,20,17468
2021,08,202108,충북,남성,30,78213
2021,08,202108,충북,남성,40,133595
2021,08,202108,충북,남성,50,167629
2021,08,202108,충북,남성,60,141060
2021,08,202108,충북,남성,70,41906
2021,08,202108,충북,남성,80,7714
2021,08,202108,충북,남성,90,485
2021,08,202108,충북,여성,10,148
2021,08,202108,충북,여성,20,9050
2021,08,202108,충북,여성,30,32138
2021,08,202108,충북,여성,40,50567
2021,08,202108,충북,여성,50,62172
2021,08,202108,충북,여성,60,40168
2021,08,202108,충북,여성,70,7711
2021,08,202108,충북,여성,80,1755
2021,08,202108,충북,여성,90,305
2021,08,202108,충남,남성,10,287
2021,08,202108,충남,남성,20,21691
2021,08,202108,충남,남성,30,112295
2021,08,202108,충남,남성,40,198045
2021,08,202108,충남,남성,50,219896
2021,08,202108,충남,남성,60,177668
2021,08,202108,충남,남성,70,59629
2021,08,202108,충남,남성,80,10840
2021,08,202108,충남,남성,90,825
2021,08,202108,충남,여성,10,154
2021,08,202108,충남,여성,20,11101
2021,08,202108,충남,여성,30,42362
2021,08,202108,충남,여성,40,66351
2021,08,202108,충남,여성,50,78300
2021,08,202108,충남,여성,60,52494
2021,08,202108,충남,여성,70,10666
2021,08,202108,충남,여성,80,2496
2021,08,202108,충남,여성,90,531
2021,08,202108,전북,남성,10,295
2021,08,202108,전북,남성,20,15244
2021,08,202108,전북,남성,30,67779
2021,08,202108,전북,남성,40,142669
2021,08,202108,전북,남성,50,183944
2021,08,202108,전북,남성,60,152728
2021,08,202108,전북,남성,70,55484
2021,08,202108,전북,남성,80,10290
2021,08,202108,전북,남성,90,939
2021,08,202108,전북,여성,10,144
2021,08,202108,전북,여성,20,8745
2021,08,202108,전북,여성,30,32567
2021,08,202108,전북,여성,40,55395
2021,08,202108,전북,여성,50,69415
2021,08,202108,전북,여성,60,46621
2021,08,202108,전북,여성,70,10745
2021,08,202108,전북,여성,80,3003
2021,08,202108,전북,여성,90,803
2021,08,202108,전남,남성,10,284
2021,08,202108,전남,남성,20,16324
2021,08,202108,전남,남성,30,71693
2021,08,202108,전남,남성,40,146330
2021,08,202108,전남,남성,50,203762
2021,08,202108,전남,남성,60,166730
2021,08,202108,전남,남성,70,61741
2021,08,202108,전남,남성,80,10144
2021,08,202108,전남,남성,90,945
2021,08,202108,전남,여성,10,149
2021,08,202108,전남,여성,20,8468
2021,08,202108,전남,여성,30,31469
2021,08,202108,전남,여성,40,52739
2021,08,202108,전남,여성,50,68641
2021,08,202108,전남,여성,60,45828
2021,08,202108,전남,여성,70,10040
2021,08,202108,전남,여성,80,2977
2021,08,202108,전남,여성,90,739
2021,08,202108,경북,남성,10,186
2021,08,202108,경북,남성,20,21861
2021,08,202108,경북,남성,30,113803
2021,08,202108,경북,남성,40,222336
2021,08,202108,경북,남성,50,301789
2021,08,202108,경북,남성,60,272128
2021,08,202108,경북,남성,70,93878
2021,08,202108,경북,남성,80,16268
2021,08,202108,경북,남성,90,1124
2021,08,202108,경북,여성,10,116
2021,08,202108,경북,여성,20,11632
2021,08,202108,경북,여성,30,45008
2021,08,202108,경북,여성,40,78419
2021,08,202108,경북,여성,50,101761
2021,08,202108,경북,여성,60,72481
2021,08,202108,경북,여성,70,14853
2021,08,202108,경북,여성,80,3209
2021,08,202108,경북,여성,90,642
2021,08,202108,경남,남성,10,572
2021,08,202108,경남,남성,20,25779
2021,08,202108,경남,남성,30,144801
2021,08,202108,경남,남성,40,286714
2021,08,202108,경남,남성,50,341666
2021,08,202108,경남,남성,60,276630
2021,08,202108,경남,남성,70,82549
2021,08,202108,경남,남성,80,12147
2021,08,202108,경남,남성,90,935
2021,08,202108,경남,여성,10,280
2021,08,202108,경남,여성,20,13038
2021,08,202108,경남,여성,30,58475
2021,08,202108,경남,여성,40,103735
2021,08,202108,경남,여성,50,122701
2021,08,202108,경남,여성,60,78101
2021,08,202108,경남,여성,70,14419
2021,08,202108,경남,여성,80,3155
2021,08,202108,경남,여성,90,716
2021,08,202108,제주,남성,10,156
2021,08,202108,제주,남성,20,5329
2021,08,202108,제주,남성,30,28109
2021,08,202108,제주,남성,40,60658
2021,08,202108,제주,남성,50,69918
2021,08,202108,제주,남성,60,48822
2021,08,202108,제주,남성,70,17428
2021,08,202108,제주,남성,80,3608
2021,08,202108,제주,남성,90,252
2021,08,202108,제주,여성,10,73
2021,08,202108,제주,여성,20,3789
2021,08,202108,제주,여성,30,15735
2021,08,202108,제주,여성,40,28150
2021,08,202108,제주,여성,50,32415
2021,08,202108,제주,여성,60,19664
2021,08,202108,제주,여성,70,4367
2021,08,202108,제주,여성,80,806
2021,08,202108,제주,여성,90,197
2021,09,202109,서울,남성,10,1536
2021,09,202109,서울,남성,20,37385
2021,09,202109,서울,남성,30,307208
2021,09,202109,서울,남성,40,508143
2021,09,202109,서울,남성,50,533957
2021,09,202109,서울,남성,60,430671
2021,09,202109,서울,남성,70,155522
2021,09,202109,서울,남성,80,29471
2021,09,202109,서울,남성,90,3398
2021,09,202109,서울,여성,10,594
2021,09,202109,서울,여성,20,19860
2021,09,202109,서울,여성,30,117626
2021,09,202109,서울,여성,40,187079
2021,09,202109,서울,여성,50,196283
2021,09,202109,서울,여성,60,133833
2021,09,202109,서울,여성,70,36072
2021,09,202109,서울,여성,80,7682
2021,09,202109,서울,여성,90,1994
2021,09,202109,부산,남성,10,462
2021,09,202109,부산,남성,20,19564
2021,09,202109,부산,남성,30,119986
2021,09,202109,부산,남성,40,211935
2021,09,202109,부산,남성,50,225785
2021,09,202109,부산,남성,60,201969
2021,09,202109,부산,남성,70,65938
2021,09,202109,부산,남성,80,10023
2021,09,202109,부산,남성,90,983
2021,09,202109,부산,여성,10,246
2021,09,202109,부산,여성,20,9381
2021,09,202109,부산,여성,30,45989
2021,09,202109,부산,여성,40,78546
2021,09,202109,부산,여성,50,88172
2021,09,202109,부산,여성,60,60676
2021,09,202109,부산,여성,70,13183
2021,09,202109,부산,여성,80,2588
2021,09,202109,부산,여성,90,529
2021,09,202109,대구,남성,10,196
2021,09,202109,대구,남성,20,18206
2021,09,202109,대구,남성,30,103685
2021,09,202109,대구,남성,40,190049
2021,09,202109,대구,남성,50,226884
2021,09,202109,대구,남성,60,171501
2021,09,202109,대구,남성,70,54532
2021,09,202109,대구,남성,80,9130
2021,09,202109,대구,남성,90,718
2021,09,202109,대구,여성,10,99
2021,09,202109,대구,여성,20,9521
2021,09,202109,대구,여성,30,40803
2021,09,202109,대구,여성,40,72340
2021,09,202109,대구,여성,50,88746
2021,09,202109,대구,여성,60,53577
2021,09,202109,대구,여성,70,11799
2021,09,202109,대구,여성,80,2182
2021,09,202109,대구,여성,90,421
2021,09,202109,인천,남성,10,394
2021,09,202109,인천,남성,20,24104
2021,09,202109,인천,남성,30,130728
2021,09,202109,인천,남성,40,216914
2021,09,202109,인천,남성,50,232079
2021,09,202109,인천,남성,60,173143
2021,09,202109,인천,남성,70,43943
2021,09,202109,인천,남성,80,6420
2021,09,202109,인천,남성,90,601
2021,09,202109,인천,여성,10,240
2021,09,202109,인천,여성,20,11713
2021,09,202109,인천,여성,30,51575
2021,09,202109,인천,여성,40,81546
2021,09,202109,인천,여성,50,90732
2021,09,202109,인천,여성,60,53984
2021,09,202109,인천,여성,70,9395
2021,09,202109,인천,여성,80,1944
2021,09,202109,인천,여성,90,418
2021,09,202109,광주,남성,10,157
2021,09,202109,광주,남성,20,13678
2021,09,202109,광주,남성,30,64876
2021,09,202109,광주,남성,40,118075
2021,09,202109,광주,남성,50,130342
2021,09,202109,광주,남성,60,84118
2021,09,202109,광주,남성,70,26252
2021,09,202109,광주,남성,80,4246
2021,09,202109,광주,남성,90,370
2021,09,202109,광주,여성,10,78
2021,09,202109,광주,여성,20,8753
2021,09,202109,광주,여성,30,31933
2021,09,202109,광주,여성,40,50464
2021,09,202109,광주,여성,50,53870
2021,09,202109,광주,여성,60,28308
2021,09,202109,광주,여성,70,5876
2021,09,202109,광주,여성,80,1237
2021,09,202109,광주,여성,90,335
2021,09,202109,대전,남성,10,273
2021,09,202109,대전,남성,20,13096
2021,09,202109,대전,남성,30,67802
2021,09,202109,대전,남성,40,113782
2021,09,202109,대전,남성,50,129343
2021,09,202109,대전,남성,60,95654
2021,09,202109,대전,남성,70,27621
2021,09,202109,대전,남성,80,4611
2021,09,202109,대전,남성,90,364
2021,09,202109,대전,여성,10,150
2021,09,202109,대전,여성,20,7441
2021,09,202109,대전,여성,30,28716
2021,09,202109,대전,여성,40,46785
2021,09,202109,대전,여성,50,51480
2021,09,202109,대전,여성,60,30631
2021,09,202109,대전,여성,70,5968
2021,09,202109,대전,여성,80,1383
2021,09,202109,대전,여성,90,331
2021,09,202109,울산,남성,10,194
2021,09,202109,울산,남성,20,9573
2021,09,202109,울산,남성,30,54044
2021,09,202109,울산,남성,40,99934
2021,09,202109,울산,남성,50,126812
2021,09,202109,울산,남성,60,96314
2021,09,202109,울산,남성,70,23141
2021,09,202109,울산,남성,80,2712
2021,09,202109,울산,남성,90,211
2021,09,202109,울산,여성,10,82
2021,09,202109,울산,여성,20,4490
2021,09,202109,울산,여성,30,19055
2021,09,202109,울산,여성,40,32558
2021,09,202109,울산,여성,50,36672
2021,09,202109,울산,여성,60,21594
2021,09,202109,울산,여성,70,3790
2021,09,202109,울산,여성,80,703
2021,09,202109,울산,여성,90,180
2021,09,202109,세종,남성,10,81
2021,09,202109,세종,남성,20,2399
2021,09,202109,세종,남성,30,22722
2021,09,202109,세종,남성,40,42592
2021,09,202109,세종,남성,50,31966
2021,09,202109,세종,남성,60,19841
2021,09,202109,세종,남성,70,5075
2021,09,202109,세종,남성,80,796
2021,09,202109,세종,남성,90,61
2021,09,202109,세종,여성,10,39
2021,09,202109,세종,여성,20,1697
2021,09,202109,세종,여성,30,10898
2021,09,202109,세종,여성,40,15995
2021,09,202109,세종,여성,50,11335
2021,09,202109,세종,여성,60,6211
2021,09,202109,세종,여성,70,1071
2021,09,202109,세종,여성,80,239
2021,09,202109,세종,여성,90,55
2021,09,202109,경기,남성,10,2221
2021,09,202109,경기,남성,20,106419
2021,09,202109,경기,남성,30,644324
2021,09,202109,경기,남성,40,1115165
2021,09,202109,경기,남성,50,1142461
2021,09,202109,경기,남성,60,786351
2021,09,202109,경기,남성,70,214812
2021,09,202109,경기,남성,80,40050
2021,09,202109,경기,남성,90,3406
2021,09,202109,경기,여성,10,1043
2021,09,202109,경기,여성,20,53202
2021,09,202109,경기,여성,30,248797
2021,09,202109,경기,여성,40,405565
2021,09,202109,경기,여성,50,444812
2021,09,202109,경기,여성,60,257267
2021,09,202109,경기,여성,70,53319
2021,09,202109,경기,여성,80,11044
2021,09,202109,경기,여성,90,2397
2021,09,202109,강원,남성,10,185
2021,09,202109,강원,남성,20,15475
2021,09,202109,강원,남성,30,64831
2021,09,202109,강원,남성,40,119247
2021,09,202109,강원,남성,50,157520
2021,09,202109,강원,남성,60,142431
2021,09,202109,강원,남성,70,46749
2021,09,202109,강원,남성,80,9903
2021,09,202109,강원,남성,90,635
2021,09,202109,강원,여성,10,107
2021,09,202109,강원,여성,20,7565
2021,09,202109,강원,여성,30,27856
2021,09,202109,강원,여성,40,48650
2021,09,202109,강원,여성,50,62316
2021,09,202109,강원,여성,60,45417
2021,09,202109,강원,여성,70,9395
2021,09,202109,강원,여성,80,1764
2021,09,202109,강원,여성,90,524
2021,09,202109,충북,남성,10,276
2021,09,202109,충북,남성,20,17943
2021,09,202109,충북,남성,30,78592
2021,09,202109,충북,남성,40,133815
2021,09,202109,충북,남성,50,167743
2021,09,202109,충북,남성,60,140979
2021,09,202109,충북,남성,70,41759
2021,09,202109,충북,남성,80,7668
2021,09,202109,충북,남성,90,480
2021,09,202109,충북,여성,10,149
2021,09,202109,충북,여성,20,9280
2021,09,202109,충북,여성,30,32338
2021,09,202109,충북,여성,40,50741
2021,09,202109,충북,여성,50,62335
2021,09,202109,충북,여성,60,40113
2021,09,202109,충북,여성,70,7688
2021,09,202109,충북,여성,80,1744
2021,09,202109,충북,여성,90,297
2021,09,202109,충남,남성,10,287
2021,09,202109,충남,남성,20,22068
2021,09,202109,충남,남성,30,112783
2021,09,202109,충남,남성,40,198265
2021,09,202109,충남,남성,50,220255
2021,09,202109,충남,남성,60,177630
2021,09,202109,충남,남성,70,59454
2021,09,202109,충남,남성,80,10744
2021,09,202109,충남,남성,90,815
2021,09,202109,충남,여성,10,153
2021,09,202109,충남,여성,20,11338
2021,09,202109,충남,여성,30,42516
2021,09,202109,충남,여성,40,66568
2021,09,202109,충남,여성,50,78569
2021,09,202109,충남,여성,60,52492
2021,09,202109,충남,여성,70,10617
2021,09,202109,충남,여성,80,2480
2021,09,202109,충남,여성,90,522
2021,09,202109,전북,남성,10,293
2021,09,202109,전북,남성,20,15538
2021,09,202109,전북,남성,30,68012
2021,09,202109,전북,남성,40,142765
2021,09,202109,전북,남성,50,184123
2021,09,202109,전북,남성,60,152533
2021,09,202109,전북,남성,70,55263
2021,09,202109,전북,남성,80,10181
2021,09,202109,전북,남성,90,931
2021,09,202109,전북,여성,10,146
2021,09,202109,전북,여성,20,8936
2021,09,202109,전북,여성,30,32728
2021,09,202109,전북,여성,40,55554
2021,09,202109,전북,여성,50,69550
2021,09,202109,전북,여성,60,46574
2021,09,202109,전북,여성,70,10692
2021,09,202109,전북,여성,80,2982
2021,09,202109,전북,여성,90,795
2021,09,202109,전남,남성,10,283
2021,09,202109,전남,남성,20,16612
2021,09,202109,전남,남성,30,72026
2021,09,202109,전남,남성,40,146478
2021,09,202109,전남,남성,50,203915
2021,09,202109,전남,남성,60,166703
2021,09,202109,전남,남성,70,61469
2021,09,202109,전남,남성,80,10034
2021,09,202109,전남,남성,90,938
2021,09,202109,전남,여성,10,149
2021,09,202109,전남,여성,20,8618
2021,09,202109,전남,여성,30,31634
2021,09,202109,전남,여성,40,52847
2021,09,202109,전남,여성,50,68801
2021,09,202109,전남,여성,60,45835
2021,09,202109,전남,여성,70,9996
2021,09,202109,전남,여성,80,2919
2021,09,202109,전남,여성,90,730
2021,09,202109,경북,남성,10,184
2021,09,202109,경북,남성,20,22326
2021,09,202109,경북,남성,30,114335
2021,09,202109,경북,남성,40,222519
2021,09,202109,경북,남성,50,302128
2021,09,202109,경북,남성,60,271955
2021,09,202109,경북,남성,70,93570
2021,09,202109,경북,남성,80,16131
2021,09,202109,경북,남성,90,1110
2021,09,202109,경북,여성,10,118
2021,09,202109,경북,여성,20,11863
2021,09,202109,경북,여성,30,45193
2021,09,202109,경북,여성,40,78581
2021,09,202109,경북,여성,50,101925
2021,09,202109,경북,여성,60,72392
2021,09,202109,경북,여성,70,14790
2021,09,202109,경북,여성,80,3184
2021,09,202109,경북,여성,90,634
2021,09,202109,경남,남성,10,575
2021,09,202109,경남,남성,20,26414
2021,09,202109,경남,남성,30,145420
2021,09,202109,경남,남성,40,286881
2021,09,202109,경남,남성,50,341524
2021,09,202109,경남,남성,60,276255
2021,09,202109,경남,남성,70,82216
2021,09,202109,경남,남성,80,12026
2021,09,202109,경남,남성,90,929
2021,09,202109,경남,여성,10,279
2021,09,202109,경남,여성,20,13310
2021,09,202109,경남,여성,30,58751
2021,09,202109,경남,여성,40,103930
2021,09,202109,경남,여성,50,122748
2021,09,202109,경남,여성,60,78082
2021,09,202109,경남,여성,70,14338
2021,09,202109,경남,여성,80,3125
2021,09,202109,경남,여성,90,710
2021,09,202109,제주,남성,10,156
2021,09,202109,제주,남성,20,5447
2021,09,202109,제주,남성,30,28199
2021,09,202109,제주,남성,40,60853
2021,09,202109,제주,남성,50,69972
2021,09,202109,제주,남성,60,48791
2021,09,202109,제주,남성,70,17378
2021,09,202109,제주,남성,80,3577
2021,09,202109,제주,남성,90,251
2021,09,202109,제주,여성,10,75
2021,09,202109,제주,여성,20,3863
2021,09,202109,제주,여성,30,15868
2021,09,202109,제주,여성,40,28212
2021,09,202109,제주,여성,50,32448
2021,09,202109,제주,여성,60,19645
2021,09,202109,제주,여성,70,4353
2021,09,202109,제주,여성,80,793
2021,09,202109,제주,여성,90,193
2021,10,202110,서울,남성,10,1529
2021,10,202110,서울,남성,20,38183
2021,10,202110,서울,남성,30,308072
2021,10,202110,서울,남성,40,508052
2021,10,202110,서울,남성,50,533572
2021,10,202110,서울,남성,60,429409
2021,10,202110,서울,남성,70,154571
2021,10,202110,서울,남성,80,29111
2021,10,202110,서울,남성,90,3365
2021,10,202110,서울,여성,10,599
2021,10,202110,서울,여성,20,20254
2021,10,202110,서울,여성,30,118147
2021,10,202110,서울,여성,40,187326
2021,10,202110,서울,여성,50,196363
2021,10,202110,서울,여성,60,133466
2021,10,202110,서울,여성,70,35824
2021,10,202110,서울,여성,80,7592
2021,10,202110,서울,여성,90,1957
2021,10,202110,부산,남성,10,458
2021,10,202110,부산,남성,20,20005
2021,10,202110,부산,남성,30,120639
2021,10,202110,부산,남성,40,212176
2021,10,202110,부산,남성,50,225809
2021,10,202110,부산,남성,60,201567
2021,10,202110,부산,남성,70,65510
2021,10,202110,부산,남성,80,9888
2021,10,202110,부산,남성,90,965
2021,10,202110,부산,여성,10,246
2021,10,202110,부산,여성,20,9598
2021,10,202110,부산,여성,30,46135
2021,10,202110,부산,여성,40,78762
2021,10,202110,부산,여성,50,88288
2021,10,202110,부산,여성,60,60525
2021,10,202110,부산,여성,70,13082
2021,10,202110,부산,여성,80,2555
2021,10,202110,부산,여성,90,519
2021,10,202110,대구,남성,10,195
2021,10,202110,대구,남성,20,18631
2021,10,202110,대구,남성,30,104327
2021,10,202110,대구,남성,40,189964
2021,10,202110,대구,남성,50,226655
2021,10,202110,대구,남성,60,170895
2021,10,202110,대구,남성,70,54169
2021,10,202110,대구,남성,80,8989
2021,10,202110,대구,남성,90,711
2021,10,202110,대구,여성,10,99
2021,10,202110,대구,여성,20,9734
2021,10,202110,대구,여성,30,40948
2021,10,202110,대구,여성,40,72406
2021,10,202110,대구,여성,50,88729
2021,10,202110,대구,여성,60,53364
2021,10,202110,대구,여성,70,11716
2021,10,202110,대구,여성,80,2138
2021,10,202110,대구,여성,90,422
2021,10,202110,인천,남성,10,401
2021,10,202110,인천,남성,20,24614
2021,10,202110,인천,남성,30,131740
2021,10,202110,인천,남성,40,217438
2021,10,202110,인천,남성,50,232344
2021,10,202110,인천,남성,60,172971
2021,10,202110,인천,남성,70,43698
2021,10,202110,인천,남성,80,6333
2021,10,202110,인천,남성,90,590
2021,10,202110,인천,여성,10,238
2021,10,202110,인천,여성,20,11990
2021,10,202110,인천,여성,30,52049
2021,10,202110,인천,여성,40,81858
2021,10,202110,인천,여성,50,90948
2021,10,202110,인천,여성,60,53947
2021,10,202110,인천,여성,70,9337
2021,10,202110,인천,여성,80,1924
2021,10,202110,인천,여성,90,411
2021,10,202110,광주,남성,10,158
2021,10,202110,광주,남성,20,14012
2021,10,202110,광주,남성,30,65307
2021,10,202110,광주,남성,40,118209
2021,10,202110,광주,남성,50,130348
2021,10,202110,광주,남성,60,83923
2021,10,202110,광주,남성,70,26077
2021,10,202110,광주,남성,80,4182
2021,10,202110,광주,남성,90,366
2021,10,202110,광주,여성,10,77
2021,10,202110,광주,여성,20,8961
2021,10,202110,광주,여성,30,32206
2021,10,202110,광주,여성,40,50553
2021,10,202110,광주,여성,50,53955
2021,10,202110,광주,여성,60,28248
2021,10,202110,광주,여성,70,5842
2021,10,202110,광주,여성,80,1220
2021,10,202110,광주,여성,90,331
2021,10,202110,대전,남성,10,278
2021,10,202110,대전,남성,20,13373
2021,10,202110,대전,남성,30,68166
2021,10,202110,대전,남성,40,113835
2021,10,202110,대전,남성,50,129379
2021,10,202110,대전,남성,60,95402
2021,10,202110,대전,남성,70,27456
2021,10,202110,대전,남성,80,4553
2021,10,202110,대전,남성,90,364
2021,10,202110,대전,여성,10,150
2021,10,202110,대전,여성,20,7625
2021,10,202110,대전,여성,30,28847
2021,10,202110,대전,여성,40,46861
2021,10,202110,대전,여성,50,51450
2021,10,202110,대전,여성,60,30571
2021,10,202110,대전,여성,70,5935
2021,10,202110,대전,여성,80,1359
2021,10,202110,대전,여성,90,322
2021,10,202110,울산,남성,10,199
2021,10,202110,울산,남성,20,9769
2021,10,202110,울산,남성,30,54284
2021,10,202110,울산,남성,40,100075
2021,10,202110,울산,남성,50,126889
2021,10,202110,울산,남성,60,95963
2021,10,202110,울산,남성,70,23028
2021,10,202110,울산,남성,80,2677
2021,10,202110,울산,남성,90,208
2021,10,202110,울산,여성,10,82
2021,10,202110,울산,여성,20,4598
2021,10,202110,울산,여성,30,19147
2021,10,202110,울산,여성,40,32638
2021,10,202110,울산,여성,50,36734
2021,10,202110,울산,여성,60,21540
2021,10,202110,울산,여성,70,3768
2021,10,202110,울산,여성,80,696
2021,10,202110,울산,여성,90,180
2021,10,202110,세종,남성,10,80
2021,10,202110,세종,남성,20,2474
2021,10,202110,세종,남성,30,22932
2021,10,202110,세종,남성,40,42830
2021,10,202110,세종,남성,50,32153
2021,10,202110,세종,남성,60,19886
2021,10,202110,세종,남성,70,5075
2021,10,202110,세종,남성,80,786
2021,10,202110,세종,남성,90,59
2021,10,202110,세종,여성,10,38
2021,10,202110,세종,여성,20,1730
2021,10,202110,세종,여성,30,10994
2021,10,202110,세종,여성,40,16061
2021,10,202110,세종,여성,50,11401
2021,10,202110,세종,여성,60,6202
2021,10,202110,세종,여성,70,1079
2021,10,202110,세종,여성,80,233
2021,10,202110,세종,여성,90,54
2021,10,202110,경기,남성,10,2229
2021,10,202110,경기,남성,20,109135
2021,10,202110,경기,남성,30,648877
2021,10,202110,경기,남성,40,1116406
2021,10,202110,경기,남성,50,1143286
2021,10,202110,경기,남성,60,785649
2021,10,202110,경기,남성,70,214016
2021,10,202110,경기,남성,80,39642
2021,10,202110,경기,남성,90,3360
2021,10,202110,경기,여성,10,1053
2021,10,202110,경기,여성,20,54551
2021,10,202110,경기,여성,30,250583
2021,10,202110,경기,여성,40,406749
2021,10,202110,경기,여성,50,445529
2021,10,202110,경기,여성,60,256996
2021,10,202110,경기,여성,70,53122
2021,10,202110,경기,여성,80,10943
2021,10,202110,경기,여성,90,2388
2021,10,202110,강원,남성,10,186
2021,10,202110,강원,남성,20,15795
2021,10,202110,강원,남성,30,65220
2021,10,202110,강원,남성,40,119507
2021,10,202110,강원,남성,50,157878
2021,10,202110,강원,남성,60,142510
2021,10,202110,강원,남성,70,46555
2021,10,202110,강원,남성,80,9772
2021,10,202110,강원,남성,90,627
2021,10,202110,강원,여성,10,108
2021,10,202110,강원,여성,20,7729
2021,10,202110,강원,여성,30,28082
2021,10,202110,강원,여성,40,48822
2021,10,202110,강원,여성,50,62486
2021,10,202110,강원,여성,60,45454
2021,10,202110,강원,여성,70,9375
2021,10,202110,강원,여성,80,1758
2021,10,202110,강원,여성,90,519
2021,10,202110,충북,남성,10,282
2021,10,202110,충북,남성,20,18428
2021,10,202110,충북,남성,30,79022
2021,10,202110,충북,남성,40,134145
2021,10,202110,충북,남성,50,167717
2021,10,202110,충북,남성,60,140707
2021,10,202110,충북,남성,70,41542
2021,10,202110,충북,남성,80,7582
2021,10,202110,충북,남성,90,473
2021,10,202110,충북,여성,10,150
2021,10,202110,충북,여성,20,9464
2021,10,202110,충북,여성,30,32500
2021,10,202110,충북,여성,40,50865
2021,10,202110,충북,여성,50,62410
2021,10,202110,충북,여성,60,40087
2021,10,202110,충북,여성,70,7689
2021,10,202110,충북,여성,80,1722
2021,10,202110,충북,여성,90,292
2021,10,202110,충남,남성,10,288
2021,10,202110,충남,남성,20,22597
2021,10,202110,충남,남성,30,113256
2021,10,202110,충남,남성,40,198530
2021,10,202110,충남,남성,50,220666
2021,10,202110,충남,남성,60,177481
2021,10,202110,충남,남성,70,59208
2021,10,202110,충남,남성,80,10625
2021,10,202110,충남,남성,90,802
2021,10,202110,충남,여성,10,153
2021,10,202110,충남,여성,20,11545
2021,10,202110,충남,여성,30,42831
2021,10,202110,충남,여성,40,66732
2021,10,202110,충남,여성,50,78780
2021,10,202110,충남,여성,60,52466
2021,10,202110,충남,여성,70,10585
2021,10,202110,충남,여성,80,2461
2021,10,202110,충남,여성,90,515
2021,10,202110,전북,남성,10,292
2021,10,202110,전북,남성,20,15844
2021,10,202110,전북,남성,30,68381
2021,10,202110,전북,남성,40,143074
2021,10,202110,전북,남성,50,184249
2021,10,202110,전북,남성,60,152420
2021,10,202110,전북,남성,70,55024
2021,10,202110,전북,남성,80,10064
2021,10,202110,전북,남성,90,919
2021,10,202110,전북,여성,10,144
2021,10,202110,전북,여성,20,9131
2021,10,202110,전북,여성,30,32849
2021,10,202110,전북,여성,40,55725
2021,10,202110,전북,여성,50,69729
2021,10,202110,전북,여성,60,46569
2021,10,202110,전북,여성,70,10619
2021,10,202110,전북,여성,80,2916
2021,10,202110,전북,여성,90,778
2021,10,202110,전남,남성,10,286
2021,10,202110,전남,남성,20,16931
2021,10,202110,전남,남성,30,72328
2021,10,202110,전남,남성,40,146628
2021,10,202110,전남,남성,50,204212
2021,10,202110,전남,남성,60,166733
2021,10,202110,전남,남성,70,61300
2021,10,202110,전남,남성,80,9929
2021,10,202110,전남,남성,90,931
2021,10,202110,전남,여성,10,150
2021,10,202110,전남,여성,20,8783
2021,10,202110,전남,여성,30,31785
2021,10,202110,전남,여성,40,52913
2021,10,202110,전남,여성,50,68978
2021,10,202110,전남,여성,60,45859
2021,10,202110,전남,여성,70,9946
2021,10,202110,전남,여성,80,2869
2021,10,202110,전남,여성,90,719
2021,10,202110,경북,남성,10,188
2021,10,202110,경북,남성,20,22858
2021,10,202110,경북,남성,30,114920
2021,10,202110,경북,남성,40,222795
2021,10,202110,경북,남성,50,302426
2021,10,202110,경북,남성,60,271618
2021,10,202110,경북,남성,70,93221
2021,10,202110,경북,남성,80,15950
2021,10,202110,경북,남성,90,1095
2021,10,202110,경북,여성,10,117
2021,10,202110,경북,여성,20,12074
2021,10,202110,경북,여성,30,45438
2021,10,202110,경북,여성,40,78740
2021,10,202110,경북,여성,50,102168
2021,10,202110,경북,여성,60,72410
2021,10,202110,경북,여성,70,14698
2021,10,202110,경북,여성,80,3147
2021,10,202110,경북,여성,90,630
2021,10,202110,경남,남성,10,576
2021,10,202110,경남,남성,20,26865
2021,10,202110,경남,남성,30,146102
2021,10,202110,경남,남성,40,287122
2021,10,202110,경남,남성,50,341851
2021,10,202110,경남,남성,60,275992
2021,10,202110,경남,남성,70,81867
2021,10,202110,경남,남성,80,11891
2021,10,202110,경남,남성,90,920
2021,10,202110,경남,여성,10,282
2021,10,202110,경남,여성,20,13590
2021,10,202110,경남,여성,30,59037
2021,10,202110,경남,여성,40,104166
2021,10,202110,경남,여성,50,123009
2021,10,202110,경남,여성,60,77965
2021,10,202110,경남,여성,70,14272
2021,10,202110,경남,여성,80,3098
2021,10,202110,경남,여성,90,694
2021,10,202110,제주,남성,10,155
2021,10,202110,제주,남성,20,5593
2021,10,202110,제주,남성,30,28367
2021,10,202110,제주,남성,40,61014
2021,10,202110,제주,남성,50,70156
2021,10,202110,제주,남성,60,48752
2021,10,202110,제주,남성,70,17285
2021,10,202110,제주,남성,80,3538
2021,10,202110,제주,남성,90,248
2021,10,202110,제주,여성,10,75
2021,10,202110,제주,여성,20,3953
2021,10,202110,제주,여성,30,15974
2021,10,202110,제주,여성,40,28313
2021,10,202110,제주,여성,50,32537
2021,10,202110,제주,여성,60,19618
2021,10,202110,제주,여성,70,4343
2021,10,202110,제주,여성,80,786
2021,10,202110,제주,여성,90,192
2021,11,202111,서울,남성,10,1518
2021,11,202111,서울,남성,20,39397
2021,11,202111,서울,남성,30,309879
2021,11,202111,서울,남성,40,507818
2021,11,202111,서울,남성,50,533398
2021,11,202111,서울,남성,60,428242
2021,11,202111,서울,남성,70,153561
2021,11,202111,서울,남성,80,28731
2021,11,202111,서울,남성,90,3335
2021,11,202111,서울,여성,10,607
2021,11,202111,서울,여성,20,20872
2021,11,202111,서울,여성,30,119008
2021,11,202111,서울,여성,40,187521
2021,11,202111,서울,여성,50,196408
2021,11,202111,서울,여성,60,132993
2021,11,202111,서울,여성,70,35620
2021,11,202111,서울,여성,80,7536
2021,11,202111,서울,여성,90,1919
2021,11,202111,부산,남성,10,462
2021,11,202111,부산,남성,20,20623
2021,11,202111,부산,남성,30,121281
2021,11,202111,부산,남성,40,212429
2021,11,202111,부산,남성,50,226044
2021,11,202111,부산,남성,60,201133
2021,11,202111,부산,남성,70,65180
2021,11,202111,부산,남성,80,9772
2021,11,202111,부산,남성,90,955
2021,11,202111,부산,여성,10,254
2021,11,202111,부산,여성,20,9899
2021,11,202111,부산,여성,30,46446
2021,11,202111,부산,여성,40,78970
2021,11,202111,부산,여성,50,88353
2021,11,202111,부산,여성,60,60448
2021,11,202111,부산,여성,70,12995
2021,11,202111,부산,여성,80,2532
2021,11,202111,부산,여성,90,512
2021,11,202111,대구,남성,10,199
2021,11,202111,대구,남성,20,19134
2021,11,202111,대구,남성,30,104828
2021,11,202111,대구,남성,40,190112
2021,11,202111,대구,남성,50,226773
2021,11,202111,대구,남성,60,170361
2021,11,202111,대구,남성,70,53877
2021,11,202111,대구,남성,80,8853
2021,11,202111,대구,남성,90,700
2021,11,202111,대구,여성,10,98
2021,11,202111,대구,여성,20,10028
2021,11,202111,대구,여성,30,41255
2021,11,202111,대구,여성,40,72535
2021,11,202111,대구,여성,50,88820
2021,11,202111,대구,여성,60,53211
2021,11,202111,대구,여성,70,11620
2021,11,202111,대구,여성,80,2111
2021,11,202111,대구,여성,90,419
2021,11,202111,인천,남성,10,403
2021,11,202111,인천,남성,20,25339
2021,11,202111,인천,남성,30,132711
2021,11,202111,인천,남성,40,217903
2021,11,202111,인천,남성,50,232487
2021,11,202111,인천,남성,60,172698
2021,11,202111,인천,남성,70,43428
2021,11,202111,인천,남성,80,6237
2021,11,202111,인천,남성,90,586
2021,11,202111,인천,여성,10,235
2021,11,202111,인천,여성,20,12313
2021,11,202111,인천,여성,30,52534
2021,11,202111,인천,여성,40,82219
2021,11,202111,인천,여성,50,91093
2021,11,202111,인천,여성,60,53903
2021,11,202111,인천,여성,70,9285
2021,11,202111,인천,여성,80,1920
2021,11,202111,인천,여성,90,408
2021,11,202111,광주,남성,10,157
2021,11,202111,광주,남성,20,14383
2021,11,202111,광주,남성,30,65639
2021,11,202111,광주,남성,40,118343
2021,11,202111,광주,남성,50,130347
2021,11,202111,광주,남성,60,83755
2021,11,202111,광주,남성,70,25944
2021,11,202111,광주,남성,80,4134
2021,11,202111,광주,남성,90,362
2021,11,202111,광주,여성,10,76
2021,11,202111,광주,여성,20,9177
2021,11,202111,광주,여성,30,32477
2021,11,202111,광주,여성,40,50702
2021,11,202111,광주,여성,50,54036
2021,11,202111,광주,여성,60,28218
2021,11,202111,광주,여성,70,5807
2021,11,202111,광주,여성,80,1205
2021,11,202111,광주,여성,90,324
2021,11,202111,대전,남성,10,279
2021,11,202111,대전,남성,20,13746
2021,11,202111,대전,남성,30,68508
2021,11,202111,대전,남성,40,113980
2021,11,202111,대전,남성,50,129382
2021,11,202111,대전,남성,60,95245
2021,11,202111,대전,남성,70,27332
2021,11,202111,대전,남성,80,4496
2021,11,202111,대전,남성,90,358
2021,11,202111,대전,여성,10,151
2021,11,202111,대전,여성,20,7836
2021,11,202111,대전,여성,30,29005
2021,11,202111,대전,여성,40,46900
2021,11,202111,대전,여성,50,51494
2021,11,202111,대전,여성,60,30503
2021,11,202111,대전,여성,70,5884
2021,11,202111,대전,여성,80,1350
2021,11,202111,대전,여성,90,321
2021,11,202111,울산,남성,10,198
2021,11,202111,울산,남성,20,10043
2021,11,202111,울산,남성,30,54530
2021,11,202111,울산,남성,40,100181
2021,11,202111,울산,남성,50,127142
2021,11,202111,울산,남성,60,95761
2021,11,202111,울산,남성,70,22928
2021,11,202111,울산,남성,80,2656
2021,11,202111,울산,남성,90,203
2021,11,202111,울산,여성,10,83
2021,11,202111,울산,여성,20,4728
2021,11,202111,울산,여성,30,19272
2021,11,202111,울산,여성,40,32735
2021,11,202111,울산,여성,50,36871
2021,11,202111,울산,여성,60,21465
2021,11,202111,울산,여성,70,3753
2021,11,202111,울산,여성,80,684
2021,11,202111,울산,여성,90,179
2021,11,202111,세종,남성,10,81
2021,11,202111,세종,남성,20,2544
2021,11,202111,세종,남성,30,23160
2021,11,202111,세종,남성,40,42960
2021,11,202111,세종,남성,50,32252
2021,11,202111,세종,남성,60,19858
2021,11,202111,세종,남성,70,5039
2021,11,202111,세종,남성,80,773
2021,11,202111,세종,남성,90,58
2021,11,202111,세종,여성,10,37
2021,11,202111,세종,여성,20,1782
2021,11,202111,세종,여성,30,11096
2021,11,202111,세종,여성,40,16150
2021,11,202111,세종,여성,50,11463
2021,11,202111,세종,여성,60,6179
2021,11,202111,세종,여성,70,1084
2021,11,202111,세종,여성,80,227
2021,11,202111,세종,여성,90,52
2021,11,202111,경기,남성,10,2246
2021,11,202111,경기,남성,20,112259
2021,11,202111,경기,남성,30,653651
2021,11,202111,경기,남성,40,1119051
2021,11,202111,경기,남성,50,1144442
2021,11,202111,경기,남성,60,784948
2021,11,202111,경기,남성,70,213063
2021,11,202111,경기,남성,80,39156
2021,11,202111,경기,남성,90,3325
2021,11,202111,경기,여성,10,1063
2021,11,202111,경기,여성,20,56047
2021,11,202111,경기,여성,30,252725
2021,11,202111,경기,여성,40,407880
2021,11,202111,경기,여성,50,446402
2021,11,202111,경기,여성,60,256782
2021,11,202111,경기,여성,70,52902
2021,11,202111,경기,여성,80,10853
2021,11,202111,경기,여성,90,2370
2021,11,202111,강원,남성,10,189
2021,11,202111,강원,남성,20,16187
2021,11,202111,강원,남성,30,65669
2021,11,202111,강원,남성,40,119804
2021,11,202111,강원,남성,50,158165
2021,11,202111,강원,남성,60,142406
2021,11,202111,강원,남성,70,46313
2021,11,202111,강원,남성,80,9664
2021,11,202111,강원,남성,90,621
2021,11,202111,강원,여성,10,107
2021,11,202111,강원,여성,20,7909
2021,11,202111,강원,여성,30,28339
2021,11,202111,강원,여성,40,48970
2021,11,202111,강원,여성,50,62714
2021,11,202111,강원,여성,60,45483
2021,11,202111,강원,여성,70,9328
2021,11,202111,강원,여성,80,1740
2021,11,202111,강원,여성,90,514
2021,11,202111,충북,남성,10,286
2021,11,202111,충북,남성,20,18903
2021,11,202111,충북,남성,30,79438
2021,11,202111,충북,남성,40,134267
2021,11,202111,충북,남성,50,167926
2021,11,202111,충북,남성,60,140604
2021,11,202111,충북,남성,70,41338
2021,11,202111,충북,남성,80,7481
2021,11,202111,충북,남성,90,469
2021,11,202111,충북,여성,10,154
2021,11,202111,충북,여성,20,9695
2021,11,202111,충북,여성,30,32654
2021,11,202111,충북,여성,40,50974
2021,11,202111,충북,여성,50,62513
2021,11,202111,충북,여성,60,40071
2021,11,202111,충북,여성,70,7643
2021,11,202111,충북,여성,80,1690
2021,11,202111,충북,여성,90,292
2021,11,202111,충남,남성,10,297
2021,11,202111,충남,남성,20,23163
2021,11,202111,충남,남성,30,113803
2021,11,202111,충남,남성,40,198879
2021,11,202111,충남,남성,50,221031
2021,11,202111,충남,남성,60,177323
2021,11,202111,충남,남성,70,58921
2021,11,202111,충남,남성,80,10477
2021,11,202111,충남,남성,90,786
2021,11,202111,충남,여성,10,155
2021,11,202111,충남,여성,20,11820
2021,11,202111,충남,여성,30,43062
2021,11,202111,충남,여성,40,67074
2021,11,202111,충남,여성,50,79033
2021,11,202111,충남,여성,60,52447
2021,11,202111,충남,여성,70,10523
2021,11,202111,충남,여성,80,2431
2021,11,202111,충남,여성,90,511
2021,11,202111,전북,남성,10,294
2021,11,202111,전북,남성,20,16269
2021,11,202111,전북,남성,30,68725
2021,11,202111,전북,남성,40,143343
2021,11,202111,전북,남성,50,184722
2021,11,202111,전북,남성,60,152335
2021,11,202111,전북,남성,70,54817
2021,11,202111,전북,남성,80,9942
2021,11,202111,전북,남성,90,912
2021,11,202111,전북,여성,10,149
2021,11,202111,전북,여성,20,9364
2021,11,202111,전북,여성,30,33027
2021,11,202111,전북,여성,40,55842
2021,11,202111,전북,여성,50,69978
2021,11,202111,전북,여성,60,46491
2021,11,202111,전북,여성,70,10564
2021,11,202111,전북,여성,80,2882
2021,11,202111,전북,여성,90,772
2021,11,202111,전남,남성,10,291
2021,11,202111,전남,남성,20,17319
2021,11,202111,전남,남성,30,72708
2021,11,202111,전남,남성,40,146853
2021,11,202111,전남,남성,50,204534
2021,11,202111,전남,남성,60,166627
2021,11,202111,전남,남성,70,60953
2021,11,202111,전남,남성,80,9803
2021,11,202111,전남,남성,90,916
2021,11,202111,전남,여성,10,151
2021,11,202111,전남,여성,20,9019
2021,11,202111,전남,여성,30,31982
2021,11,202111,전남,여성,40,53099
2021,11,202111,전남,여성,50,69231
2021,11,202111,전남,여성,60,45820
2021,11,202111,전남,여성,70,9898
2021,11,202111,전남,여성,80,2824
2021,11,202111,전남,여성,90,705
2021,11,202111,경북,남성,10,188
2021,11,202111,경북,남성,20,23458
2021,11,202111,경북,남성,30,115502
2021,11,202111,경북,남성,40,223221
2021,11,202111,경북,남성,50,302848
2021,11,202111,경북,남성,60,271499
2021,11,202111,경북,남성,70,92764
2021,11,202111,경북,남성,80,15742
2021,11,202111,경북,남성,90,1081
2021,11,202111,경북,여성,10,116
2021,11,202111,경북,여성,20,12371
2021,11,202111,경북,여성,30,45724
2021,11,202111,경북,여성,40,79081
2021,11,202111,경북,여성,50,102446
2021,11,202111,경북,여성,60,72449
2021,11,202111,경북,여성,70,14626
2021,11,202111,경북,여성,80,3099
2021,11,202111,경북,여성,90,625
2021,11,202111,경남,남성,10,580
2021,11,202111,경남,남성,20,27576
2021,11,202111,경남,남성,30,146919
2021,11,202111,경남,남성,40,287450
2021,11,202111,경남,남성,50,342218
2021,11,202111,경남,남성,60,275572
2021,11,202111,경남,남성,70,81497
2021,11,202111,경남,남성,80,11735
2021,11,202111,경남,남성,90,911
2021,11,202111,경남,여성,10,279
2021,11,202111,경남,여성,20,13938
2021,11,202111,경남,여성,30,59391
2021,11,202111,경남,여성,40,104404
2021,11,202111,경남,여성,50,123308
2021,11,202111,경남,여성,60,77854
2021,11,202111,경남,여성,70,14190
2021,11,202111,경남,여성,80,3055
2021,11,202111,경남,여성,90,679
2021,11,202111,제주,남성,10,158
2021,11,202111,제주,남성,20,5749
2021,11,202111,제주,남성,30,28585
2021,11,202111,제주,남성,40,61227
2021,11,202111,제주,남성,50,70322
2021,11,202111,제주,남성,60,48733
2021,11,202111,제주,남성,70,17199
2021,11,202111,제주,남성,80,3493
2021,11,202111,제주,남성,90,246
2021,11,202111,제주,여성,10,75
2021,11,202111,제주,여성,20,4094
2021,11,202111,제주,여성,30,16143
2021,11,202111,제주,여성,40,28371
2021,11,202111,제주,여성,50,32653
2021,11,202111,제주,여성,60,19597
2021,11,202111,제주,여성,70,4333
2021,11,202111,제주,여성,80,773
2021,11,202111,제주,여성,90,193
2021,12,202112,서울,남성,10,1517
2021,12,202112,서울,남성,20,40367
2021,12,202112,서울,남성,30,311110
2021,12,202112,서울,남성,40,507002
2021,12,202112,서울,남성,50,532509
2021,12,202112,서울,남성,60,426762
2021,12,202112,서울,남성,70,152554
2021,12,202112,서울,남성,80,28351
2021,12,202112,서울,남성,90,3298
2021,12,202112,서울,여성,10,613
2021,12,202112,서울,여성,20,21446
2021,12,202112,서울,여성,30,119728
2021,12,202112,서울,여성,40,187503
2021,12,202112,서울,여성,50,196358
2021,12,202112,서울,여성,60,132486
2021,12,202112,서울,여성,70,35342
2021,12,202112,서울,여성,80,7449
2021,12,202112,서울,여성,90,1906
2021,12,202112,부산,남성,10,467
2021,12,202112,부산,남성,20,21182
2021,12,202112,부산,남성,30,121920
2021,12,202112,부산,남성,40,212557
2021,12,202112,부산,남성,50,226029
2021,12,202112,부산,남성,60,200552
2021,12,202112,부산,남성,70,64729
2021,12,202112,부산,남성,80,9617
2021,12,202112,부산,남성,90,944
2021,12,202112,부산,여성,10,251
2021,12,202112,부산,여성,20,10173
2021,12,202112,부산,여성,30,46764
2021,12,202112,부산,여성,40,79042
2021,12,202112,부산,여성,50,88413
2021,12,202112,부산,여성,60,60148
2021,12,202112,부산,여성,70,12901
2021,12,202112,부산,여성,80,2484
2021,12,202112,부산,여성,90,507
2021,12,202112,대구,남성,10,198
2021,12,202112,대구,남성,20,19531
2021,12,202112,대구,남성,30,105432
2021,12,202112,대구,남성,40,190330
2021,12,202112,대구,남성,50,226949
2021,12,202112,대구,남성,60,169601
2021,12,202112,대구,남성,70,53469
2021,12,202112,대구,남성,80,8709
2021,12,202112,대구,남성,90,689
2021,12,202112,대구,여성,10,99
2021,12,202112,대구,여성,20,10251
2021,12,202112,대구,여성,30,41535
2021,12,202112,대구,여성,40,72690
2021,12,202112,대구,여성,50,88879
2021,12,202112,대구,여성,60,53043
2021,12,202112,대구,여성,70,11557
2021,12,202112,대구,여성,80,2079
2021,12,202112,대구,여성,90,415
2021,12,202112,인천,남성,10,408
2021,12,202112,인천,남성,20,25943
2021,12,202112,인천,남성,30,133598
2021,12,202112,인천,남성,40,218285
2021,12,202112,인천,남성,50,232443
2021,12,202112,인천,남성,60,172409
2021,12,202112,인천,남성,70,43114
2021,12,202112,인천,남성,80,6147
2021,12,202112,인천,남성,90,579
2021,12,202112,인천,여성,10,236
2021,12,202112,인천,여성,20,12655
2021,12,202112,인천,여성,30,52881
2021,12,202112,인천,여성,40,82431
2021,12,202112,인천,여성,50,91231
2021,12,202112,인천,여성,60,53727
2021,12,202112,인천,여성,70,9244
2021,12,202112,인천,여성,80,1891
2021,12,202112,인천,여성,90,406
2021,12,202112,광주,남성,10,156
2021,12,202112,광주,남성,20,14726
2021,12,202112,광주,남성,30,65921
2021,12,202112,광주,남성,40,118444
2021,12,202112,광주,남성,50,130363
2021,12,202112,광주,남성,60,83451
2021,12,202112,광주,남성,70,25788
2021,12,202112,광주,남성,80,4064
2021,12,202112,광주,남성,90,355
2021,12,202112,광주,여성,10,80
2021,12,202112,광주,여성,20,9368
2021,12,202112,광주,여성,30,32676
2021,12,202112,광주,여성,40,50740
2021,12,202112,광주,여성,50,54089
2021,12,202112,광주,여성,60,28126
2021,12,202112,광주,여성,70,5786
2021,12,202112,광주,여성,80,1180
2021,12,202112,광주,여성,90,316
2021,12,202112,대전,남성,10,279
2021,12,202112,대전,남성,20,14106
2021,12,202112,대전,남성,30,68688
2021,12,202112,대전,남성,40,113951
2021,12,202112,대전,남성,50,129414
2021,12,202112,대전,남성,60,94978
2021,12,202112,대전,남성,70,27156
2021,12,202112,대전,남성,80,4415
2021,12,202112,대전,남성,90,351
2021,12,202112,대전,여성,10,153
2021,12,202112,대전,여성,20,8010
2021,12,202112,대전,여성,30,29114
2021,12,202112,대전,여성,40,46876
2021,12,202112,대전,여성,50,51478
2021,12,202112,대전,여성,60,30423
2021,12,202112,대전,여성,70,5820
2021,12,202112,대전,여성,80,1317
2021,12,202112,대전,여성,90,317
2021,12,202112,울산,남성,10,196
2021,12,202112,울산,남성,20,10331
2021,12,202112,울산,남성,30,54868
2021,12,202112,울산,남성,40,100343
2021,12,202112,울산,남성,50,127236
2021,12,202112,울산,남성,60,95378
2021,12,202112,울산,남성,70,22743
2021,12,202112,울산,남성,80,2627
2021,12,202112,울산,남성,90,201
2021,12,202112,울산,여성,10,85
2021,12,202112,울산,여성,20,4838
2021,12,202112,울산,여성,30,19355
2021,12,202112,울산,여성,40,32813
2021,12,202112,울산,여성,50,36893
2021,12,202112,울산,여성,60,21401
2021,12,202112,울산,여성,70,3726
2021,12,202112,울산,여성,80,677
2021,12,202112,울산,여성,90,176
2021,12,202112,세종,남성,10,80
2021,12,202112,세종,남성,20,2627
2021,12,202112,세종,남성,30,23574
2021,12,202112,세종,남성,40,43277
2021,12,202112,세종,남성,50,32391
2021,12,202112,세종,남성,60,19828
2021,12,202112,세종,남성,70,5005
2021,12,202112,세종,남성,80,758
2021,12,202112,세종,남성,90,56
2021,12,202112,세종,여성,10,38
2021,12,202112,세종,여성,20,1843
2021,12,202112,세종,여성,30,11247
2021,12,202112,세종,여성,40,16277
2021,12,202112,세종,여성,50,11569
2021,12,202112,세종,여성,60,6164
2021,12,202112,세종,여성,70,1089
2021,12,202112,세종,여성,80,223
2021,12,202112,세종,여성,90,50
2021,12,202112,경기,남성,10,2246
2021,12,202112,경기,남성,20,115235
2021,12,202112,경기,남성,30,658543
2021,12,202112,경기,남성,40,1121182
2021,12,202112,경기,남성,50,1145302
2021,12,202112,경기,남성,60,783619
2021,12,202112,경기,남성,70,211892
2021,12,202112,경기,남성,80,38620
2021,12,202112,경기,남성,90,3283
2021,12,202112,경기,여성,10,1063
2021,12,202112,경기,여성,20,57460
2021,12,202112,경기,여성,30,254638
2021,12,202112,경기,여성,40,409097
2021,12,202112,경기,여성,50,446947
2021,12,202112,경기,여성,60,256337
2021,12,202112,경기,여성,70,52526
2021,12,202112,경기,여성,80,10711
2021,12,202112,경기,여성,90,2347
2021,12,202112,강원,남성,10,191
2021,12,202112,강원,남성,20,16554
2021,12,202112,강원,남성,30,66006
2021,12,202112,강원,남성,40,119926
2021,12,202112,강원,남성,50,158456
2021,12,202112,강원,남성,60,142267
2021,12,202112,강원,남성,70,46152
2021,12,202112,강원,남성,80,9556
2021,12,202112,강원,남성,90,611
2021,12,202112,강원,여성,10,107
2021,12,202112,강원,여성,20,8142
2021,12,202112,강원,여성,30,28508
2021,12,202112,강원,여성,40,49102
2021,12,202112,강원,여성,50,62873
2021,12,202112,강원,여성,60,45403
2021,12,202112,강원,여성,70,9289
2021,12,202112,강원,여성,80,1731
2021,12,202112,강원,여성,90,507
2021,12,202112,충북,남성,10,288
2021,12,202112,충북,남성,20,19372
2021,12,202112,충북,남성,30,79674
2021,12,202112,충북,남성,40,134324
2021,12,202112,충북,남성,50,168104
2021,12,202112,충북,남성,60,140578
2021,12,202112,충북,남성,70,41163
2021,12,202112,충북,남성,80,7390
2021,12,202112,충북,남성,90,468
2021,12,202112,충북,여성,10,159
2021,12,202112,충북,여성,20,9921
2021,12,202112,충북,여성,30,32730
2021,12,202112,충북,여성,40,51190
2021,12,202112,충북,여성,50,62679
2021,12,202112,충북,여성,60,40060
2021,12,202112,충북,여성,70,7606
2021,12,202112,충북,여성,80,1676
2021,12,202112,충북,여성,90,293
2021,12,202112,충남,남성,10,303
2021,12,202112,충남,남성,20,23691
2021,12,202112,충남,남성,30,114178
2021,12,202112,충남,남성,40,199041
2021,12,202112,충남,남성,50,221209
2021,12,202112,충남,남성,60,177179
2021,12,202112,충남,남성,70,58643
2021,12,202112,충남,남성,80,10343
2021,12,202112,충남,남성,90,774
2021,12,202112,충남,여성,10,158
2021,12,202112,충남,여성,20,12093
2021,12,202112,충남,여성,30,43288
2021,12,202112,충남,여성,40,67189
2021,12,202112,충남,여성,50,79136
2021,12,202112,충남,여성,60,52355
2021,12,202112,충남,여성,70,10507
2021,12,202112,충남,여성,80,2398
2021,12,202112,충남,여성,90,507
2021,12,202112,전북,남성,10,297
2021,12,202112,전북,남성,20,16669
2021,12,202112,전북,남성,30,68929
2021,12,202112,전북,남성,40,143440
2021,12,202112,전북,남성,50,184749
2021,12,202112,전북,남성,60,152168
2021,12,202112,전북,남성,70,54562
2021,12,202112,전북,남성,80,9789
2021,12,202112,전북,남성,90,900
2021,12,202112,전북,여성,10,150
2021,12,202112,전북,여성,20,9550
2021,12,202112,전북,여성,30,33130
2021,12,202112,전북,여성,40,55914
2021,12,202112,전북,여성,50,69962
2021,12,202112,전북,여성,60,46429
2021,12,202112,전북,여성,70,10468
2021,12,202112,전북,여성,80,2826
2021,12,202112,전북,여성,90,752
2021,12,202112,전남,남성,10,297
2021,12,202112,전남,남성,20,17769
2021,12,202112,전남,남성,30,73022
2021,12,202112,전남,남성,40,147022
2021,12,202112,전남,남성,50,204601
2021,12,202112,전남,남성,60,166428
2021,12,202112,전남,남성,70,60618
2021,12,202112,전남,남성,80,9645
2021,12,202112,전남,남성,90,905
2021,12,202112,전남,여성,10,154
2021,12,202112,전남,여성,20,9231
2021,12,202112,전남,여성,30,32133
2021,12,202112,전남,여성,40,53288
2021,12,202112,전남,여성,50,69340
2021,12,202112,전남,여성,60,45828
2021,12,202112,전남,여성,70,9844
2021,12,202112,전남,여성,80,2781
2021,12,202112,전남,여성,90,691
2021,12,202112,경북,남성,10,194
2021,12,202112,경북,남성,20,24098
2021,12,202112,경북,남성,30,115895
2021,12,202112,경북,남성,40,223386
2021,12,202112,경북,남성,50,303384
2021,12,202112,경북,남성,60,271206
2021,12,202112,경북,남성,70,92282
2021,12,202112,경북,남성,80,15505
2021,12,202112,경북,남성,90,1063
2021,12,202112,경북,여성,10,116
2021,12,202112,경북,여성,20,12637
2021,12,202112,경북,여성,30,45946
2021,12,202112,경북,여성,40,79281
2021,12,202112,경북,여성,50,102583
2021,12,202112,경북,여성,60,72378
2021,12,202112,경북,여성,70,14519
2021,12,202112,경북,여성,80,3052
2021,12,202112,경북,여성,90,605
2021,12,202112,경남,남성,10,587
2021,12,202112,경남,남성,20,28218
2021,12,202112,경남,남성,30,147670
2021,12,202112,경남,남성,40,287636
2021,12,202112,경남,남성,50,342508
2021,12,202112,경남,남성,60,275004
2021,12,202112,경남,남성,70,81099
2021,12,202112,경남,남성,80,11524
2021,12,202112,경남,남성,90,898
2021,12,202112,경남,여성,10,281
2021,12,202112,경남,여성,20,14288
2021,12,202112,경남,여성,30,59790
2021,12,202112,경남,여성,40,104772
2021,12,202112,경남,여성,50,123562
2021,12,202112,경남,여성,60,77781
2021,12,202112,경남,여성,70,14096
2021,12,202112,경남,여성,80,2998
2021,12,202112,경남,여성,90,665
2021,12,202112,제주,남성,10,162
2021,12,202112,제주,남성,20,5902
2021,12,202112,제주,남성,30,28766
2021,12,202112,제주,남성,40,61320
2021,12,202112,제주,남성,50,70464
2021,12,202112,제주,남성,60,48587
2021,12,202112,제주,남성,70,17080
2021,12,202112,제주,남성,80,3449
2021,12,202112,제주,남성,90,235
2021,12,202112,제주,여성,10,76
2021,12,202112,제주,여성,20,4171
2021,12,202112,제주,여성,30,16231
2021,12,202112,제주,여성,40,28437
2021,12,202112,제주,여성,50,32710
2021,12,202112,제주,여성,60,19631
2021,12,202112,제주,여성,70,4324
2021,12,202112,제주,여성,80,764
2021,12,202112,제주,여성,90,190
2022,01,202201,서울,남성,10,1436
2022,01,202201,서울,남성,20,28443
2022,01,202201,서울,남성,30,279439
2022,01,202201,서울,남성,40,499481
2022,01,202201,서울,남성,50,538452
2022,01,202201,서울,남성,60,446779
2022,01,202201,서울,남성,70,171780
2022,01,202201,서울,남성,80,34410
2022,01,202201,서울,남성,90,3953
2022,01,202201,서울,여성,10,541
2022,01,202201,서울,여성,20,15741
2022,01,202201,서울,여성,30,110277
2022,01,202201,서울,여성,40,184029
2022,01,202201,서울,여성,50,200110
2022,01,202201,서울,여성,60,141734
2022,01,202201,서울,여성,70,40862
2022,01,202201,서울,여성,80,8601
2022,01,202201,서울,여성,90,2209
2022,01,202201,부산,남성,10,419
2022,01,202201,부산,남성,20,15266
2022,01,202201,부산,남성,30,110614
2022,01,202201,부산,남성,40,208898
2022,01,202201,부산,남성,50,226914
2022,01,202201,부산,남성,60,210552
2022,01,202201,부산,남성,70,73082
2022,01,202201,부산,남성,80,12030
2022,01,202201,부산,남성,90,1175
2022,01,202201,부산,여성,10,229
2022,01,202201,부산,여성,20,7590
2022,01,202201,부산,여성,30,43245
2022,01,202201,부산,여성,40,77102
2022,01,202201,부산,여성,50,89565
2022,01,202201,부산,여성,60,64927
2022,01,202201,부산,여성,70,15253
2022,01,202201,부산,여성,80,2863
2022,01,202201,부산,여성,90,607
2022,01,202201,대구,남성,10,158
2022,01,202201,대구,남성,20,14369
2022,01,202201,대구,남성,30,95657
2022,01,202201,대구,남성,40,185306
2022,01,202201,대구,남성,50,227601
2022,01,202201,대구,남성,60,180506
2022,01,202201,대구,남성,70,60334
2022,01,202201,대구,남성,80,10816
2022,01,202201,대구,남성,90,875
2022,01,202201,대구,여성,10,91
2022,01,202201,대구,여성,20,7702
2022,01,202201,대구,여성,30,38686
2022,01,202201,대구,여성,40,70144
2022,01,202201,대구,여성,50,90015
2022,01,202201,대구,여성,60,58005
2022,01,202201,대구,여성,70,13574
2022,01,202201,대구,여성,80,2419
2022,01,202201,대구,여성,90,493
2022,01,202201,인천,남성,10,356
2022,01,202201,인천,남성,20,18950
2022,01,202201,인천,남성,30,122570
2022,01,202201,인천,남성,40,215098
2022,01,202201,인천,남성,50,233718
2022,01,202201,인천,남성,60,185721
2022,01,202201,인천,남성,70,49632
2022,01,202201,인천,남성,80,7688
2022,01,202201,인천,남성,90,685
2022,01,202201,인천,여성,10,210
2022,01,202201,인천,여성,20,9575
2022,01,202201,인천,여성,30,49597
2022,01,202201,인천,여성,40,80485
2022,01,202201,인천,여성,50,93050
2022,01,202201,인천,여성,60,59213
2022,01,202201,인천,여성,70,11014
2022,01,202201,인천,여성,80,2155
2022,01,202201,인천,여성,90,482
2022,01,202201,광주,남성,10,135
2022,01,202201,광주,남성,20,11102
2022,01,202201,광주,남성,30,60249
2022,01,202201,광주,남성,40,115831
2022,01,202201,광주,남성,50,131826
2022,01,202201,광주,남성,60,90573
2022,01,202201,광주,남성,70,28915
2022,01,202201,광주,남성,80,4985
2022,01,202201,광주,남성,90,418
2022,01,202201,광주,여성,10,63
2022,01,202201,광주,여성,20,7268
2022,01,202201,광주,여성,30,30882
2022,01,202201,광주,여성,40,49457
2022,01,202201,광주,여성,50,55474
2022,01,202201,광주,여성,60,31425
2022,01,202201,광주,여성,70,6741
2022,01,202201,광주,여성,80,1316
2022,01,202201,광주,여성,90,376
2022,01,202201,대전,남성,10,244
2022,01,202201,대전,남성,20,10404
2022,01,202201,대전,남성,30,63185
2022,01,202201,대전,남성,40,110918
2022,01,202201,대전,남성,50,131740
2022,01,202201,대전,남성,60,100623
2022,01,202201,대전,남성,70,30888
2022,01,202201,대전,남성,80,5436
2022,01,202201,대전,남성,90,423
2022,01,202201,대전,여성,10,133
2022,01,202201,대전,여성,20,6057
2022,01,202201,대전,여성,30,27735
2022,01,202201,대전,여성,40,45357
2022,01,202201,대전,여성,50,52845
2022,01,202201,대전,여성,60,33155
2022,01,202201,대전,여성,70,6844
2022,01,202201,대전,여성,80,1454
2022,01,202201,대전,여성,90,367
2022,01,202201,울산,남성,10,172
2022,01,202201,울산,남성,20,7782
2022,01,202201,울산,남성,30,49759
2022,01,202201,울산,남성,40,98476
2022,01,202201,울산,남성,50,125051
2022,01,202201,울산,남성,60,103002
2022,01,202201,울산,남성,70,26631
2022,01,202201,울산,남성,80,3357
2022,01,202201,울산,남성,90,235
2022,01,202201,울산,여성,10,69
2022,01,202201,울산,여성,20,3675
2022,01,202201,울산,여성,30,18128
2022,01,202201,울산,여성,40,31773
2022,01,202201,울산,여성,50,37705
2022,01,202201,울산,여성,60,23560
2022,01,202201,울산,여성,70,4466
2022,01,202201,울산,여성,80,759
2022,01,202201,울산,여성,90,208
2022,01,202201,세종,남성,10,71
2022,01,202201,세종,남성,20,1917
2022,01,202201,세종,남성,30,20942
2022,01,202201,세종,남성,40,43289
2022,01,202201,세종,남성,50,34357
2022,01,202201,세종,남성,60,21373
2022,01,202201,세종,남성,70,5739
2022,01,202201,세종,남성,80,916
2022,01,202201,세종,남성,90,64
2022,01,202201,세종,여성,10,31
2022,01,202201,세종,여성,20,1339
2022,01,202201,세종,여성,30,10400
2022,01,202201,세종,여성,40,16519
2022,01,202201,세종,여성,50,12223
2022,01,202201,세종,여성,60,6866
2022,01,202201,세종,여성,70,1286
2022,01,202201,세종,여성,80,245
2022,01,202201,세종,여성,90,58
2022,01,202201,경기,남성,10,2000
2022,01,202201,경기,남성,20,84194
2022,01,202201,경기,남성,30,597913
2022,01,202201,경기,남성,40,1103039
2022,01,202201,경기,남성,50,1166859
2022,01,202201,경기,남성,60,842779
2022,01,202201,경기,남성,70,241508
2022,01,202201,경기,남성,80,46984
2022,01,202201,경기,남성,90,4060
2022,01,202201,경기,여성,10,956
2022,01,202201,경기,여성,20,43336
2022,01,202201,경기,여성,30,236961
2022,01,202201,경기,여성,40,399153
2022,01,202201,경기,여성,50,457505
2022,01,202201,경기,여성,60,281876
2022,01,202201,경기,여성,70,61465
2022,01,202201,경기,여성,80,12382
2022,01,202201,경기,여성,90,2765
2022,01,202201,강원,남성,10,157
2022,01,202201,강원,남성,20,12718
2022,01,202201,강원,남성,30,61008
2022,01,202201,강원,남성,40,114689
2022,01,202201,강원,남성,50,158866
2022,01,202201,강원,남성,60,149307
2022,01,202201,강원,남성,70,51742
2022,01,202201,강원,남성,80,11866
2022,01,202201,강원,남성,90,742
2022,01,202201,강원,여성,10,90
2022,01,202201,강원,여성,20,6354
2022,01,202201,강원,여성,30,26842
2022,01,202201,강원,여성,40,47376
2022,01,202201,강원,여성,50,63047
2022,01,202201,강원,여성,60,49222
2022,01,202201,강원,여성,70,10923
2022,01,202201,강원,여성,80,2068
2022,01,202201,강원,여성,90,560
2022,01,202201,충북,남성,10,255
2022,01,202201,충북,남성,20,14573
2022,01,202201,충북,남성,30,74011
2022,01,202201,충북,남성,40,130149
2022,01,202201,충북,남성,50,169507
2022,01,202201,충북,남성,60,147595
2022,01,202201,충북,남성,70,46989
2022,01,202201,충북,남성,80,9106
2022,01,202201,충북,남성,90,581
2022,01,202201,충북,여성,10,139
2022,01,202201,충북,여성,20,7703
2022,01,202201,충북,여성,30,31174
2022,01,202201,충북,여성,40,49616
2022,01,202201,충북,여성,50,63770
2022,01,202201,충북,여성,60,43468
2022,01,202201,충북,여성,70,9028
2022,01,202201,충북,여성,80,1847
2022,01,202201,충북,여성,90,371
2022,01,202201,충남,남성,10,263
2022,01,202201,충남,남성,20,18028
2022,01,202201,충남,남성,30,104134
2022,01,202201,충남,남성,40,193931
2022,01,202201,충남,남성,50,224234
2022,01,202201,충남,남성,60,187385
2022,01,202201,충남,남성,70,65654
2022,01,202201,충남,남성,80,12525
2022,01,202201,충남,남성,90,985
2022,01,202201,충남,여성,10,133
2022,01,202201,충남,여성,20,9252
2022,01,202201,충남,여성,30,40951
2022,01,202201,충남,여성,40,65314
2022,01,202201,충남,여성,50,80354
2022,01,202201,충남,여성,60,57062
2022,01,202201,충남,여성,70,12242
2022,01,202201,충남,여성,80,2650
2022,01,202201,충남,여성,90,615
2022,01,202201,전북,남성,10,262
2022,01,202201,전북,남성,20,12934
2022,01,202201,전북,남성,30,62582
2022,01,202201,전북,남성,40,136887
2022,01,202201,전북,남성,50,185946
2022,01,202201,전북,남성,60,160804
2022,01,202201,전북,남성,70,60655
2022,01,202201,전북,남성,80,11739
2022,01,202201,전북,남성,90,1079
2022,01,202201,전북,여성,10,127
2022,01,202201,전북,여성,20,7358
2022,01,202201,전북,여성,30,31191
2022,01,202201,전북,여성,40,53969
2022,01,202201,전북,여성,50,70718
2022,01,202201,전북,여성,60,50396
2022,01,202201,전북,여성,70,12100
2022,01,202201,전북,여성,80,3054
2022,01,202201,전북,여성,90,885
2022,01,202201,전남,남성,10,265
2022,01,202201,전남,남성,20,13815
2022,01,202201,전남,남성,30,66288
2022,01,202201,전남,남성,40,140779
2022,01,202201,전남,남성,50,202998
2022,01,202201,전남,남성,60,178115
2022,01,202201,전남,남성,70,66887
2022,01,202201,전남,남성,80,11772
2022,01,202201,전남,남성,90,1056
2022,01,202201,전남,여성,10,128
2022,01,202201,전남,여성,20,7208
2022,01,202201,전남,여성,30,30140
2022,01,202201,전남,여성,40,51708
2022,01,202201,전남,여성,50,69273
2022,01,202201,전남,여성,60,50449
2022,01,202201,전남,여성,70,11302
2022,01,202201,전남,여성,80,3089
2022,01,202201,전남,여성,90,783
2022,01,202201,경북,남성,10,169
2022,01,202201,경북,남성,20,18392
2022,01,202201,경북,남성,30,105052
2022,01,202201,경북,남성,40,215129
2022,01,202201,경북,남성,50,300534
2022,01,202201,경북,남성,60,284603
2022,01,202201,경북,남성,70,104727
2022,01,202201,경북,남성,80,19204
2022,01,202201,경북,남성,90,1321
2022,01,202201,경북,여성,10,97
2022,01,202201,경북,여성,20,9820
2022,01,202201,경북,여성,30,42906
2022,01,202201,경북,여성,40,76583
2022,01,202201,경북,여성,50,102904
2022,01,202201,경북,여성,60,78339
2022,01,202201,경북,여성,70,17496
2022,01,202201,경북,여성,80,3449
2022,01,202201,경북,여성,90,735
2022,01,202201,경남,남성,10,513
2022,01,202201,경남,남성,20,21229
2022,01,202201,경남,남성,30,132238
2022,01,202201,경남,남성,40,278779
2022,01,202201,경남,남성,50,344578
2022,01,202201,경남,남성,60,291974
2022,01,202201,경남,남성,70,91910
2022,01,202201,경남,남성,80,14465
2022,01,202201,경남,남성,90,1094
2022,01,202201,경남,여성,10,256
2022,01,202201,경남,여성,20,10882
2022,01,202201,경남,여성,30,55207
2022,01,202201,경남,여성,40,101291
2022,01,202201,경남,여성,50,126220
2022,01,202201,경남,여성,60,84621
2022,01,202201,경남,여성,70,16852
2022,01,202201,경남,여성,80,3357
2022,01,202201,경남,여성,90,789
2022,01,202201,제주,남성,10,141
2022,01,202201,제주,남성,20,4453
2022,01,202201,제주,남성,30,25970
2022,01,202201,제주,남성,40,59014
2022,01,202201,제주,남성,50,70653
2022,01,202201,제주,남성,60,52794
2022,01,202201,제주,남성,70,18662
2022,01,202201,제주,남성,80,4168
2022,01,202201,제주,남성,90,301
2022,01,202201,제주,여성,10,59
2022,01,202201,제주,여성,20,3165
2022,01,202201,제주,여성,30,15032
2022,01,202201,제주,여성,40,27552
2022,01,202201,제주,여성,50,33170
2022,01,202201,제주,여성,60,21593
2022,01,202201,제주,여성,70,5098
2022,01,202201,제주,여성,80,874
2022,01,202201,제주,여성,90,224
2022,02,202202,서울,남성,10,1476
2022,02,202202,서울,남성,20,29257
2022,02,202202,서울,남성,30,280956
2022,02,202202,서울,남성,40,499585
2022,02,202202,서울,남성,50,537937
2022,02,202202,서울,남성,60,445913
2022,02,202202,서울,남성,70,170933
2022,02,202202,서울,남성,80,34091
2022,02,202202,서울,남성,90,3954
2022,02,202202,서울,여성,10,544
2022,02,202202,서울,여성,20,16145
2022,02,202202,서울,여성,30,111126
2022,02,202202,서울,여성,40,184320
2022,02,202202,서울,여성,50,200036
2022,02,202202,서울,여성,60,141298
2022,02,202202,서울,여성,70,40671
2022,02,202202,서울,여성,80,8513
2022,02,202202,서울,여성,90,2206
2022,02,202202,부산,남성,10,424
2022,02,202202,부산,남성,20,15666
2022,02,202202,부산,남성,30,111416
2022,02,202202,부산,남성,40,209101
2022,02,202202,부산,남성,50,227072
2022,02,202202,부산,남성,60,210196
2022,02,202202,부산,남성,70,72686
2022,02,202202,부산,남성,80,11885
2022,02,202202,부산,남성,90,1167
2022,02,202202,부산,여성,10,230
2022,02,202202,부산,여성,20,7768
2022,02,202202,부산,여성,30,43512
2022,02,202202,부산,여성,40,77278
2022,02,202202,부산,여성,50,89726
2022,02,202202,부산,여성,60,64797
2022,02,202202,부산,여성,70,15179
2022,02,202202,부산,여성,80,2826
2022,02,202202,부산,여성,90,597
2022,02,202202,대구,남성,10,158
2022,02,202202,대구,남성,20,14771
2022,02,202202,대구,남성,30,96166
2022,02,202202,대구,남성,40,185529
2022,02,202202,대구,남성,50,227627
2022,02,202202,대구,남성,60,180071
2022,02,202202,대구,남성,70,60007
2022,02,202202,대구,남성,80,10707
2022,02,202202,대구,남성,90,864
2022,02,202202,대구,여성,10,93
2022,02,202202,대구,여성,20,7924
2022,02,202202,대구,여성,30,38923
2022,02,202202,대구,여성,40,70225
2022,02,202202,대구,여성,50,90116
2022,02,202202,대구,여성,60,57926
2022,02,202202,대구,여성,70,13490
2022,02,202202,대구,여성,80,2388
2022,02,202202,대구,여성,90,487
2022,02,202202,인천,남성,10,360
2022,02,202202,인천,남성,20,19392
2022,02,202202,인천,남성,30,123326
2022,02,202202,인천,남성,40,215436
2022,02,202202,인천,남성,50,233840
2022,02,202202,인천,남성,60,185368
2022,02,202202,인천,남성,70,49402
2022,02,202202,인천,남성,80,7604
2022,02,202202,인천,남성,90,679
2022,02,202202,인천,여성,10,213
2022,02,202202,인천,여성,20,9798
2022,02,202202,인천,여성,30,50035
2022,02,202202,인천,여성,40,80705
2022,02,202202,인천,여성,50,93212
2022,02,202202,인천,여성,60,59096
2022,02,202202,인천,여성,70,10946
2022,02,202202,인천,여성,80,2132
2022,02,202202,인천,여성,90,482
2022,02,202202,광주,남성,10,135
2022,02,202202,광주,남성,20,11375
2022,02,202202,광주,남성,30,60548
2022,02,202202,광주,남성,40,115949
2022,02,202202,광주,남성,50,131755
2022,02,202202,광주,남성,60,90353
2022,02,202202,광주,남성,70,28755
2022,02,202202,광주,남성,80,4924
2022,02,202202,광주,남성,90,409
2022,02,202202,광주,여성,10,63
2022,02,202202,광주,여성,20,7488
2022,02,202202,광주,여성,30,31007
2022,02,202202,광주,여성,40,49536
2022,02,202202,광주,여성,50,55526
2022,02,202202,광주,여성,60,31311
2022,02,202202,광주,여성,70,6703
2022,02,202202,광주,여성,80,1295
2022,02,202202,광주,여성,90,368
2022,02,202202,대전,남성,10,244
2022,02,202202,대전,남성,20,10718
2022,02,202202,대전,남성,30,63569
2022,02,202202,대전,남성,40,111063
2022,02,202202,대전,남성,50,131788
2022,02,202202,대전,남성,60,100380
2022,02,202202,대전,남성,70,30757
2022,02,202202,대전,남성,80,5376
2022,02,202202,대전,남성,90,416
2022,02,202202,대전,여성,10,132
2022,02,202202,대전,여성,20,6247
2022,02,202202,대전,여성,30,27908
2022,02,202202,대전,여성,40,45431
2022,02,202202,대전,여성,50,52852
2022,02,202202,대전,여성,60,33072
2022,02,202202,대전,여성,70,6813
2022,02,202202,대전,여성,80,1436
2022,02,202202,대전,여성,90,359
2022,02,202202,울산,남성,10,172
2022,02,202202,울산,남성,20,8021
2022,02,202202,울산,남성,30,50015
2022,02,202202,울산,남성,40,98519
2022,02,202202,울산,남성,50,125183
2022,02,202202,울산,남성,60,102803
2022,02,202202,울산,남성,70,26538
2022,02,202202,울산,남성,80,3320
2022,02,202202,울산,남성,90,229
2022,02,202202,울산,여성,10,69
2022,02,202202,울산,여성,20,3783
2022,02,202202,울산,여성,30,18243
2022,02,202202,울산,여성,40,31847
2022,02,202202,울산,여성,50,37781
2022,02,202202,울산,여성,60,23526
2022,02,202202,울산,여성,70,4435
2022,02,202202,울산,여성,80,739
2022,02,202202,울산,여성,90,205
2022,02,202202,세종,남성,10,71
2022,02,202202,세종,남성,20,1974
2022,02,202202,세종,남성,30,21170
2022,02,202202,세종,남성,40,43606
2022,02,202202,세종,남성,50,34454
2022,02,202202,세종,남성,60,21403
2022,02,202202,세종,남성,70,5736
2022,02,202202,세종,남성,80,918
2022,02,202202,세종,남성,90,63
2022,02,202202,세종,여성,10,31
2022,02,202202,세종,여성,20,1394
2022,02,202202,세종,여성,30,10499
2022,02,202202,세종,여성,40,16620
2022,02,202202,세종,여성,50,12278
2022,02,202202,세종,여성,60,6880
2022,02,202202,세종,여성,70,1282
2022,02,202202,세종,여성,80,244
2022,02,202202,세종,여성,90,57
2022,02,202202,경기,남성,10,2007
2022,02,202202,경기,남성,20,86580
2022,02,202202,경기,남성,30,601529
2022,02,202202,경기,남성,40,1104313
2022,02,202202,경기,남성,50,1167697
2022,02,202202,경기,남성,60,841843
2022,02,202202,경기,남성,70,240616
2022,02,202202,경기,남성,80,46588
2022,02,202202,경기,남성,90,4030
2022,02,202202,경기,여성,10,961
2022,02,202202,경기,여성,20,44476
2022,02,202202,경기,여성,30,238741
2022,02,202202,경기,여성,40,399913
2022,02,202202,경기,여성,50,458238
2022,02,202202,경기,여성,60,281574
2022,02,202202,경기,여성,70,61232
2022,02,202202,경기,여성,80,12259
2022,02,202202,경기,여성,90,2749
2022,02,202202,강원,남성,10,161
2022,02,202202,강원,남성,20,13047
2022,02,202202,강원,남성,30,61404
2022,02,202202,강원,남성,40,114890
2022,02,202202,강원,남성,50,159072
2022,02,202202,강원,남성,60,149439
2022,02,202202,강원,남성,70,51595
2022,02,202202,강원,남성,80,11795
2022,02,202202,강원,남성,90,731
2022,02,202202,강원,여성,10,93
2022,02,202202,강원,여성,20,6543
2022,02,202202,강원,여성,30,27015
2022,02,202202,강원,여성,40,47529
2022,02,202202,강원,여성,50,63238
2022,02,202202,강원,여성,60,49222
2022,02,202202,강원,여성,70,10889
2022,02,202202,강원,여성,80,2046
2022,02,202202,강원,여성,90,552
2022,02,202202,충북,남성,10,253
2022,02,202202,충북,남성,20,15044
2022,02,202202,충북,남성,30,74450
2022,02,202202,충북,남성,40,130406
2022,02,202202,충북,남성,50,169858
2022,02,202202,충북,남성,60,147584
2022,02,202202,충북,남성,70,46945
2022,02,202202,충북,남성,80,9036
2022,02,202202,충북,남성,90,570
2022,02,202202,충북,여성,10,141
2022,02,202202,충북,여성,20,7932
2022,02,202202,충북,여성,30,31360
2022,02,202202,충북,여성,40,49752
2022,02,202202,충북,여성,50,63925
2022,02,202202,충북,여성,60,43459
2022,02,202202,충북,여성,70,8992
2022,02,202202,충북,여성,80,1821
2022,02,202202,충북,여성,90,366
2022,02,202202,충남,남성,10,262
2022,02,202202,충남,남성,20,18508
2022,02,202202,충남,남성,30,104671
2022,02,202202,충남,남성,40,194244
2022,02,202202,충남,남성,50,224587
2022,02,202202,충남,남성,60,187409
2022,02,202202,충남,남성,70,65467
2022,02,202202,충남,남성,80,12418
2022,02,202202,충남,남성,90,973
2022,02,202202,충남,여성,10,135
2022,02,202202,충남,여성,20,9479
2022,02,202202,충남,여성,30,41227
2022,02,202202,충남,여성,40,65517
2022,02,202202,충남,여성,50,80575
2022,02,202202,충남,여성,60,57062
2022,02,202202,충남,여성,70,12170
2022,02,202202,충남,여성,80,2626
2022,02,202202,충남,여성,90,611
2022,02,202202,전북,남성,10,263
2022,02,202202,전북,남성,20,13236
2022,02,202202,전북,남성,30,62792
2022,02,202202,전북,남성,40,137163
2022,02,202202,전북,남성,50,186245
2022,02,202202,전북,남성,60,160826
2022,02,202202,전북,남성,70,60484
2022,02,202202,전북,남성,80,11616
2022,02,202202,전북,남성,90,1069
2022,02,202202,전북,여성,10,127
2022,02,202202,전북,여성,20,7583
2022,02,202202,전북,여성,30,31412
2022,02,202202,전북,여성,40,54160
2022,02,202202,전북,여성,50,70867
2022,02,202202,전북,여성,60,50309
2022,02,202202,전북,여성,70,12065
2022,02,202202,전북,여성,80,3028
2022,02,202202,전북,여성,90,878
2022,02,202202,전남,남성,10,271
2022,02,202202,전남,남성,20,14237
2022,02,202202,전남,남성,30,66694
2022,02,202202,전남,남성,40,140989
2022,02,202202,전남,남성,50,203599
2022,02,202202,전남,남성,60,178318
2022,02,202202,전남,남성,70,66787
2022,02,202202,전남,남성,80,11640
2022,02,202202,전남,남성,90,1043
2022,02,202202,전남,여성,10,126
2022,02,202202,전남,여성,20,7424
2022,02,202202,전남,여성,30,30327
2022,02,202202,전남,여성,40,51802
2022,02,202202,전남,여성,50,69517
2022,02,202202,전남,여성,60,50503
2022,02,202202,전남,여성,70,11237
2022,02,202202,전남,여성,80,3045
2022,02,202202,전남,여성,90,771
2022,02,202202,경북,남성,10,168
2022,02,202202,경북,남성,20,18935
2022,02,202202,경북,남성,30,105519
2022,02,202202,경북,남성,40,215301
2022,02,202202,경북,남성,50,301257
2022,02,202202,경북,남성,60,284735
2022,02,202202,경북,남성,70,104447
2022,02,202202,경북,남성,80,19035
2022,02,202202,경북,남성,90,1304
2022,02,202202,경북,여성,10,96
2022,02,202202,경북,여성,20,10083
2022,02,202202,경북,여성,30,43140
2022,02,202202,경북,여성,40,76673
2022,02,202202,경북,여성,50,103236
2022,02,202202,경북,여성,60,78396
2022,02,202202,경북,여성,70,17436
2022,02,202202,경북,여성,80,3411
2022,02,202202,경북,여성,90,725
2022,02,202202,경남,남성,10,517
2022,02,202202,경남,남성,20,21780
2022,02,202202,경남,남성,30,132844
2022,02,202202,경남,남성,40,279181
2022,02,202202,경남,남성,50,345048
2022,02,202202,경남,남성,60,291825
2022,02,202202,경남,남성,70,91631
2022,02,202202,경남,남성,80,14313
2022,02,202202,경남,남성,90,1072
2022,02,202202,경남,여성,10,256
2022,02,202202,경남,여성,20,11183
2022,02,202202,경남,여성,30,55562
2022,02,202202,경남,여성,40,101559
2022,02,202202,경남,여성,50,126475
2022,02,202202,경남,여성,60,84511
2022,02,202202,경남,여성,70,16772
2022,02,202202,경남,여성,80,3293
2022,02,202202,경남,여성,90,779
2022,02,202202,제주,남성,10,145
2022,02,202202,제주,남성,20,4570
2022,02,202202,제주,남성,30,26131
2022,02,202202,제주,남성,40,59183
2022,02,202202,제주,남성,50,70849
2022,02,202202,제주,남성,60,52745
2022,02,202202,제주,남성,70,18586
2022,02,202202,제주,남성,80,4129
2022,02,202202,제주,남성,90,284
2022,02,202202,제주,여성,10,60
2022,02,202202,제주,여성,20,3252
2022,02,202202,제주,여성,30,15149
2022,02,202202,제주,여성,40,27724
2022,02,202202,제주,여성,50,33220
2022,02,202202,제주,여성,60,21582
2022,02,202202,제주,여성,70,5077
2022,02,202202,제주,여성,80,867
2022,02,202202,제주,여성,90,223
2022,03,202203,서울,남성,10,1527
2022,03,202203,서울,남성,20,30046
2022,03,202203,서울,남성,30,282756
2022,03,202203,서울,남성,40,499563
2022,03,202203,서울,남성,50,537595
2022,03,202203,서울,남성,60,444796
2022,03,202203,서울,남성,70,170011
2022,03,202203,서울,남성,80,33708
2022,03,202203,서울,남성,90,3984
2022,03,202203,서울,여성,10,555
2022,03,202203,서울,여성,20,16659
2022,03,202203,서울,여성,30,111843
2022,03,202203,서울,여성,40,184486
2022,03,202203,서울,여성,50,199989
2022,03,202203,서울,여성,60,140749
2022,03,202203,서울,여성,70,40444
2022,03,202203,서울,여성,80,8448
2022,03,202203,서울,여성,90,2197
2022,03,202203,부산,남성,10,428
2022,03,202203,부산,남성,20,16130
2022,03,202203,부산,남성,30,112041
2022,03,202203,부산,남성,40,209032
2022,03,202203,부산,남성,50,226658
2022,03,202203,부산,남성,60,209271
2022,03,202203,부산,남성,70,72053
2022,03,202203,부산,남성,80,11689
2022,03,202203,부산,남성,90,1154
2022,03,202203,부산,여성,10,232
2022,03,202203,부산,여성,20,7931
2022,03,202203,부산,여성,30,43852
2022,03,202203,부산,여성,40,77347
2022,03,202203,부산,여성,50,89704
2022,03,202203,부산,여성,60,64503
2022,03,202203,부산,여성,70,15033
2022,03,202203,부산,여성,80,2789
2022,03,202203,부산,여성,90,587
2022,03,202203,대구,남성,10,159
2022,03,202203,대구,남성,20,15116
2022,03,202203,대구,남성,30,96793
2022,03,202203,대구,남성,40,186196
2022,03,202203,대구,남성,50,227514
2022,03,202203,대구,남성,60,179446
2022,03,202203,대구,남성,70,59634
2022,03,202203,대구,남성,80,10560
2022,03,202203,대구,남성,90,852
2022,03,202203,대구,여성,10,89
2022,03,202203,대구,여성,20,8109
2022,03,202203,대구,여성,30,39117
2022,03,202203,대구,여성,40,70427
2022,03,202203,대구,여성,50,90207
2022,03,202203,대구,여성,60,57713
2022,03,202203,대구,여성,70,13438
2022,03,202203,대구,여성,80,2345
2022,03,202203,대구,여성,90,479
2022,03,202203,인천,남성,10,362
2022,03,202203,인천,남성,20,19928
2022,03,202203,인천,남성,30,124540
2022,03,202203,인천,남성,40,216105
2022,03,202203,인천,남성,50,234143
2022,03,202203,인천,남성,60,185115
2022,03,202203,인천,남성,70,49184
2022,03,202203,인천,남성,80,7506
2022,03,202203,인천,남성,90,675
2022,03,202203,인천,여성,10,214
2022,03,202203,인천,여성,20,10010
2022,03,202203,인천,여성,30,50517
2022,03,202203,인천,여성,40,80943
2022,03,202203,인천,여성,50,93276
2022,03,202203,인천,여성,60,58983
2022,03,202203,인천,여성,70,10871
2022,03,202203,인천,여성,80,2091
2022,03,202203,인천,여성,90,476
2022,03,202203,광주,남성,10,134
2022,03,202203,광주,남성,20,11670
2022,03,202203,광주,남성,30,60820
2022,03,202203,광주,남성,40,116102
2022,03,202203,광주,남성,50,131737
2022,03,202203,광주,남성,60,90104
2022,03,202203,광주,남성,70,28600
2022,03,202203,광주,남성,80,4865
2022,03,202203,광주,남성,90,395
2022,03,202203,광주,여성,10,65
2022,03,202203,광주,여성,20,7681
2022,03,202203,광주,여성,30,31241
2022,03,202203,광주,여성,40,49603
2022,03,202203,광주,여성,50,55583
2022,03,202203,광주,여성,60,31284
2022,03,202203,광주,여성,70,6675
2022,03,202203,광주,여성,80,1274
2022,03,202203,광주,여성,90,362
2022,03,202203,대전,남성,10,247
2022,03,202203,대전,남성,20,11023
2022,03,202203,대전,남성,30,63980
2022,03,202203,대전,남성,40,111126
2022,03,202203,대전,남성,50,131687
2022,03,202203,대전,남성,60,99949
2022,03,202203,대전,남성,70,30555
2022,03,202203,대전,남성,80,5313
2022,03,202203,대전,남성,90,408
2022,03,202203,대전,여성,10,133
2022,03,202203,대전,여성,20,6390
2022,03,202203,대전,여성,30,28059
2022,03,202203,대전,여성,40,45479
2022,03,202203,대전,여성,50,52846
2022,03,202203,대전,여성,60,32957
2022,03,202203,대전,여성,70,6746
2022,03,202203,대전,여성,80,1411
2022,03,202203,대전,여성,90,348
2022,03,202203,울산,남성,10,171
2022,03,202203,울산,남성,20,8240
2022,03,202203,울산,남성,30,50254
2022,03,202203,울산,남성,40,98583
2022,03,202203,울산,남성,50,125153
2022,03,202203,울산,남성,60,102425
2022,03,202203,울산,남성,70,26338
2022,03,202203,울산,남성,80,3268
2022,03,202203,울산,남성,90,228
2022,03,202203,울산,여성,10,69
2022,03,202203,울산,여성,20,3863
2022,03,202203,울산,여성,30,18356
2022,03,202203,울산,여성,40,31888
2022,03,202203,울산,여성,50,37886
2022,03,202203,울산,여성,60,23528
2022,03,202203,울산,여성,70,4417
2022,03,202203,울산,여성,80,730
2022,03,202203,울산,여성,90,200
2022,03,202203,세종,남성,10,71
2022,03,202203,세종,남성,20,2028
2022,03,202203,세종,남성,30,21386
2022,03,202203,세종,남성,40,43694
2022,03,202203,세종,남성,50,34570
2022,03,202203,세종,남성,60,21430
2022,03,202203,세종,남성,70,5725
2022,03,202203,세종,남성,80,909
2022,03,202203,세종,남성,90,62
2022,03,202203,세종,여성,10,29
2022,03,202203,세종,여성,20,1437
2022,03,202203,세종,여성,30,10614
2022,03,202203,세종,여성,40,16738
2022,03,202203,세종,여성,50,12297
2022,03,202203,세종,여성,60,6829
2022,03,202203,세종,여성,70,1275
2022,03,202203,세종,여성,80,244
2022,03,202203,세종,여성,90,57
2022,03,202203,경기,남성,10,2007
2022,03,202203,경기,남성,20,89171
2022,03,202203,경기,남성,30,606076
2022,03,202203,경기,남성,40,1106829
2022,03,202203,경기,남성,50,1169231
2022,03,202203,경기,남성,60,840815
2022,03,202203,경기,남성,70,239514
2022,03,202203,경기,남성,80,46098
2022,03,202203,경기,남성,90,3976
2022,03,202203,경기,여성,10,970
2022,03,202203,경기,여성,20,45637
2022,03,202203,경기,여성,30,240631
2022,03,202203,경기,여성,40,400823
2022,03,202203,경기,여성,50,458768
2022,03,202203,경기,여성,60,281154
2022,03,202203,경기,여성,70,60971
2022,03,202203,경기,여성,80,12112
2022,03,202203,경기,여성,90,2728
2022,03,202203,강원,남성,10,169
2022,03,202203,강원,남성,20,13387
2022,03,202203,강원,남성,30,61804
2022,03,202203,강원,남성,40,115292
2022,03,202203,강원,남성,50,159310
2022,03,202203,강원,남성,60,149558
2022,03,202203,강원,남성,70,51438
2022,03,202203,강원,남성,80,11663
2022,03,202203,강원,남성,90,715
2022,03,202203,강원,여성,10,93
2022,03,202203,강원,여성,20,6746
2022,03,202203,강원,여성,30,27238
2022,03,202203,강원,여성,40,47720
2022,03,202203,강원,여성,50,63470
2022,03,202203,강원,여성,60,49263
2022,03,202203,강원,여성,70,10841
2022,03,202203,강원,여성,80,2026
2022,03,202203,강원,여성,90,548
2022,03,202203,충북,남성,10,258
2022,03,202203,충북,남성,20,15425
2022,03,202203,충북,남성,30,74944
2022,03,202203,충북,남성,40,130625
2022,03,202203,충북,남성,50,170215
2022,03,202203,충북,남성,60,147514
2022,03,202203,충북,남성,70,46848
2022,03,202203,충북,남성,80,8955
2022,03,202203,충북,남성,90,558
2022,03,202203,충북,여성,10,139
2022,03,202203,충북,여성,20,8239
2022,03,202203,충북,여성,30,31626
2022,03,202203,충북,여성,40,49915
2022,03,202203,충북,여성,50,64179
2022,03,202203,충북,여성,60,43484
2022,03,202203,충북,여성,70,8949
2022,03,202203,충북,여성,80,1800
2022,03,202203,충북,여성,90,355
2022,03,202203,충남,남성,10,260
2022,03,202203,충남,남성,20,19044
2022,03,202203,충남,남성,30,105354
2022,03,202203,충남,남성,40,194819
2022,03,202203,충남,남성,50,225175
2022,03,202203,충남,남성,60,187617
2022,03,202203,충남,남성,70,65318
2022,03,202203,충남,남성,80,12314
2022,03,202203,충남,남성,90,957
2022,03,202203,충남,여성,10,135
2022,03,202203,충남,여성,20,9759
2022,03,202203,충남,여성,30,41516
2022,03,202203,충남,여성,40,65776
2022,03,202203,충남,여성,50,80796
2022,03,202203,충남,여성,60,57105
2022,03,202203,충남,여성,70,12125
2022,03,202203,충남,여성,80,2606
2022,03,202203,충남,여성,90,605
2022,03,202203,전북,남성,10,260
2022,03,202203,전북,남성,20,13581
2022,03,202203,전북,남성,30,63257
2022,03,202203,전북,남성,40,137494
2022,03,202203,전북,남성,50,186776
2022,03,202203,전북,남성,60,160787
2022,03,202203,전북,남성,70,60244
2022,03,202203,전북,남성,80,11504
2022,03,202203,전북,남성,90,1054
2022,03,202203,전북,여성,10,130
2022,03,202203,전북,여성,20,7784
2022,03,202203,전북,여성,30,31608
2022,03,202203,전북,여성,40,54367
2022,03,202203,전북,여성,50,71040
2022,03,202203,전북,여성,60,50301
2022,03,202203,전북,여성,70,12023
2022,03,202203,전북,여성,80,2991
2022,03,202203,전북,여성,90,867
2022,03,202203,전남,남성,10,271
2022,03,202203,전남,남성,20,14667
2022,03,202203,전남,남성,30,66955
2022,03,202203,전남,남성,40,141359
2022,03,202203,전남,남성,50,204033
2022,03,202203,전남,남성,60,178497
2022,03,202203,전남,남성,70,66665
2022,03,202203,전남,남성,80,11525
2022,03,202203,전남,남성,90,1027
2022,03,202203,전남,여성,10,124
2022,03,202203,전남,여성,20,7608
2022,03,202203,전남,여성,30,30527
2022,03,202203,전남,여성,40,52006
2022,03,202203,전남,여성,50,69717
2022,03,202203,전남,여성,60,50500
2022,03,202203,전남,여성,70,11209
2022,03,202203,전남,여성,80,3009
2022,03,202203,전남,여성,90,756
2022,03,202203,경북,남성,10,168
2022,03,202203,경북,남성,20,19426
2022,03,202203,경북,남성,30,106234
2022,03,202203,경북,남성,40,215747
2022,03,202203,경북,남성,50,301986
2022,03,202203,경북,남성,60,284854
2022,03,202203,경북,남성,70,104139
2022,03,202203,경북,남성,80,18862
2022,03,202203,경북,남성,90,1285
2022,03,202203,경북,여성,10,95
2022,03,202203,경북,여성,20,10290
2022,03,202203,경북,여성,30,43344
2022,03,202203,경북,여성,40,76775
2022,03,202203,경북,여성,50,103558
2022,03,202203,경북,여성,60,78456
2022,03,202203,경북,여성,70,17404
2022,03,202203,경북,여성,80,3360
2022,03,202203,경북,여성,90,723
2022,03,202203,경남,남성,10,516
2022,03,202203,경남,남성,20,22269
2022,03,202203,경남,남성,30,133567
2022,03,202203,경남,남성,40,279472
2022,03,202203,경남,남성,50,345081
2022,03,202203,경남,남성,60,291305
2022,03,202203,경남,남성,70,91096
2022,03,202203,경남,남성,80,14113
2022,03,202203,경남,남성,90,1061
2022,03,202203,경남,여성,10,258
2022,03,202203,경남,여성,20,11478
2022,03,202203,경남,여성,30,55871
2022,03,202203,경남,여성,40,101850
2022,03,202203,경남,여성,50,126711
2022,03,202203,경남,여성,60,84367
2022,03,202203,경남,여성,70,16643
2022,03,202203,경남,여성,80,3244
2022,03,202203,경남,여성,90,764
2022,03,202203,제주,남성,10,146
2022,03,202203,제주,남성,20,4718
2022,03,202203,제주,남성,30,26387
2022,03,202203,제주,남성,40,59311
2022,03,202203,제주,남성,50,70901
2022,03,202203,제주,남성,60,52715
2022,03,202203,제주,남성,70,18486
2022,03,202203,제주,남성,80,4081
2022,03,202203,제주,남성,90,276
2022,03,202203,제주,여성,10,60
2022,03,202203,제주,여성,20,3341
2022,03,202203,제주,여성,30,15231
2022,03,202203,제주,여성,40,27809
2022,03,202203,제주,여성,50,33310
2022,03,202203,제주,여성,60,21589
2022,03,202203,제주,여성,70,5061
2022,03,202203,제주,여성,80,853
2022,03,202203,제주,여성,90,220
2022,04,202204,서울,남성,10,1528
2022,04,202204,서울,남성,20,30985
2022,04,202204,서울,남성,30,284643
2022,04,202204,서울,남성,40,499981
2022,04,202204,서울,남성,50,537580
2022,04,202204,서울,남성,60,443811
2022,04,202204,서울,남성,70,169206
2022,04,202204,서울,남성,80,33367
2022,04,202204,서울,남성,90,3923
2022,04,202204,서울,여성,10,585
2022,04,202204,서울,여성,20,17168
2022,04,202204,서울,여성,30,112702
2022,04,202204,서울,여성,40,184782
2022,04,202204,서울,여성,50,200273
2022,04,202204,서울,여성,60,140421
2022,04,202204,서울,여성,70,40238
2022,04,202204,서울,여성,80,8369
2022,04,202204,서울,여성,90,2202
2022,04,202204,부산,남성,10,427
2022,04,202204,부산,남성,20,16550
2022,04,202204,부산,남성,30,112708
2022,04,202204,부산,남성,40,209423
2022,04,202204,부산,남성,50,226539
2022,04,202204,부산,남성,60,208712
2022,04,202204,부산,남성,70,71562
2022,04,202204,부산,남성,80,11564
2022,04,202204,부산,남성,90,1141
2022,04,202204,부산,여성,10,231
2022,04,202204,부산,여성,20,8144
2022,04,202204,부산,여성,30,44219
2022,04,202204,부산,여성,40,77482
2022,04,202204,부산,여성,50,89694
2022,04,202204,부산,여성,60,64339
2022,04,202204,부산,여성,70,14956
2022,04,202204,부산,여성,80,2752
2022,04,202204,부산,여성,90,583
2022,04,202204,대구,남성,10,160
2022,04,202204,대구,남성,20,15565
2022,04,202204,대구,남성,30,97475
2022,04,202204,대구,남성,40,186706
2022,04,202204,대구,남성,50,227573
2022,04,202204,대구,남성,60,178948
2022,04,202204,대구,남성,70,59245
2022,04,202204,대구,남성,80,10422
2022,04,202204,대구,남성,90,843
2022,04,202204,대구,여성,10,91
2022,04,202204,대구,여성,20,8326
2022,04,202204,대구,여성,30,39415
2022,04,202204,대구,여성,40,70552
2022,04,202204,대구,여성,50,90341
2022,04,202204,대구,여성,60,57585
2022,04,202204,대구,여성,70,13360
2022,04,202204,대구,여성,80,2311
2022,04,202204,대구,여성,90,478
2022,04,202204,인천,남성,10,369
2022,04,202204,인천,남성,20,20480
2022,04,202204,인천,남성,30,125607
2022,04,202204,인천,남성,40,216698
2022,04,202204,인천,남성,50,234556
2022,04,202204,인천,남성,60,184888
2022,04,202204,인천,남성,70,48963
2022,04,202204,인천,남성,80,7426
2022,04,202204,인천,남성,90,666
2022,04,202204,인천,여성,10,214
2022,04,202204,인천,여성,20,10303
2022,04,202204,인천,여성,30,50984
2022,04,202204,인천,여성,40,81264
2022,04,202204,인천,여성,50,93473
2022,04,202204,인천,여성,60,58976
2022,04,202204,인천,여성,70,10796
2022,04,202204,인천,여성,80,2057
2022,04,202204,인천,여성,90,468
2022,04,202204,광주,남성,10,136
2022,04,202204,광주,남성,20,11970
2022,04,202204,광주,남성,30,61179
2022,04,202204,광주,남성,40,116103
2022,04,202204,광주,남성,50,131515
2022,04,202204,광주,남성,60,89649
2022,04,202204,광주,남성,70,28368
2022,04,202204,광주,남성,80,4765
2022,04,202204,광주,남성,90,389
2022,04,202204,광주,여성,10,66
2022,04,202204,광주,여성,20,7859
2022,04,202204,광주,여성,30,31395
2022,04,202204,광주,여성,40,49665
2022,04,202204,광주,여성,50,55612
2022,04,202204,광주,여성,60,31211
2022,04,202204,광주,여성,70,6610
2022,04,202204,광주,여성,80,1261
2022,04,202204,광주,여성,90,350
2022,04,202204,대전,남성,10,245
2022,04,202204,대전,남성,20,11388
2022,04,202204,대전,남성,30,64376
2022,04,202204,대전,남성,40,111262
2022,04,202204,대전,남성,50,131713
2022,04,202204,대전,남성,60,99619
2022,04,202204,대전,남성,70,30400
2022,04,202204,대전,남성,80,5232
2022,04,202204,대전,남성,90,402
2022,04,202204,대전,여성,10,131
2022,04,202204,대전,여성,20,6549
2022,04,202204,대전,여성,30,28211
2022,04,202204,대전,여성,40,45540
2022,04,202204,대전,여성,50,52902
2022,04,202204,대전,여성,60,32908
2022,04,202204,대전,여성,70,6699
2022,04,202204,대전,여성,80,1395
2022,04,202204,대전,여성,90,345
2022,04,202204,울산,남성,10,176
2022,04,202204,울산,남성,20,8421
2022,04,202204,울산,남성,30,50558
2022,04,202204,울산,남성,40,98601
2022,04,202204,울산,남성,50,125021
2022,04,202204,울산,남성,60,102081
2022,04,202204,울산,남성,70,26190
2022,04,202204,울산,남성,80,3214
2022,04,202204,울산,남성,90,223
2022,04,202204,울산,여성,10,69
2022,04,202204,울산,여성,20,3956
2022,04,202204,울산,여성,30,18457
2022,04,202204,울산,여성,40,31929
2022,04,202204,울산,여성,50,37962
2022,04,202204,울산,여성,60,23479
2022,04,202204,울산,여성,70,4389
2022,04,202204,울산,여성,80,713
2022,04,202204,울산,여성,90,194
2022,04,202204,세종,남성,10,71
2022,04,202204,세종,남성,20,2095
2022,04,202204,세종,남성,30,21653
2022,04,202204,세종,남성,40,43787
2022,04,202204,세종,남성,50,34631
2022,04,202204,세종,남성,60,21400
2022,04,202204,세종,남성,70,5689
2022,04,202204,세종,남성,80,899
2022,04,202204,세종,남성,90,61
2022,04,202204,세종,여성,10,30
2022,04,202204,세종,여성,20,1488
2022,04,202204,세종,여성,30,10732
2022,04,202204,세종,여성,40,16808
2022,04,202204,세종,여성,50,12323
2022,04,202204,세종,여성,60,6810
2022,04,202204,세종,여성,70,1268
2022,04,202204,세종,여성,80,240
2022,04,202204,세종,여성,90,55
2022,04,202204,경기,남성,10,2021
2022,04,202204,경기,남성,20,91933
2022,04,202204,경기,남성,30,610758
2022,04,202204,경기,남성,40,1109431
2022,04,202204,경기,남성,50,1171094
2022,04,202204,경기,남성,60,840299
2022,04,202204,경기,남성,70,238559
2022,04,202204,경기,남성,80,45604
2022,04,202204,경기,남성,90,3921
2022,04,202204,경기,여성,10,979
2022,04,202204,경기,여성,20,46871
2022,04,202204,경기,여성,30,242878
2022,04,202204,경기,여성,40,401934
2022,04,202204,경기,여성,50,459728
2022,04,202204,경기,여성,60,280934
2022,04,202204,경기,여성,70,60731
2022,04,202204,경기,여성,80,11965
2022,04,202204,경기,여성,90,2694
2022,04,202204,강원,남성,10,171
2022,04,202204,강원,남성,20,13792
2022,04,202204,강원,남성,30,62144
2022,04,202204,강원,남성,40,115456
2022,04,202204,강원,남성,50,159483
2022,04,202204,강원,남성,60,149523
2022,04,202204,강원,남성,70,51203
2022,04,202204,강원,남성,80,11513
2022,04,202204,강원,남성,90,699
2022,04,202204,강원,여성,10,91
2022,04,202204,강원,여성,20,6969
2022,04,202204,강원,여성,30,27452
2022,04,202204,강원,여성,40,47873
2022,04,202204,강원,여성,50,63552
2022,04,202204,강원,여성,60,49255
2022,04,202204,강원,여성,70,10788
2022,04,202204,강원,여성,80,2004
2022,04,202204,강원,여성,90,545
2022,04,202204,충북,남성,10,264
2022,04,202204,충북,남성,20,15851
2022,04,202204,충북,남성,30,75421
2022,04,202204,충북,남성,40,130762
2022,04,202204,충북,남성,50,170350
2022,04,202204,충북,남성,60,147497
2022,04,202204,충북,남성,70,46591
2022,04,202204,충북,남성,80,8847
2022,04,202204,충북,남성,90,554
2022,04,202204,충북,여성,10,139
2022,04,202204,충북,여성,20,8469
2022,04,202204,충북,여성,30,31830
2022,04,202204,충북,여성,40,50203
2022,04,202204,충북,여성,50,64374
2022,04,202204,충북,여성,60,43434
2022,04,202204,충북,여성,70,8927
2022,04,202204,충북,여성,80,1777
2022,04,202204,충북,여성,90,341
2022,04,202204,충남,남성,10,258
2022,04,202204,충남,남성,20,19571
2022,04,202204,충남,남성,30,106033
2022,04,202204,충남,남성,40,195139
2022,04,202204,충남,남성,50,225265
2022,04,202204,충남,남성,60,187435
2022,04,202204,충남,남성,70,64936
2022,04,202204,충남,남성,80,12137
2022,04,202204,충남,남성,90,943
2022,04,202204,충남,여성,10,134
2022,04,202204,충남,여성,20,9991
2022,04,202204,충남,여성,30,41799
2022,04,202204,충남,여성,40,65934
2022,04,202204,충남,여성,50,81058
2022,04,202204,충남,여성,60,57064
2022,04,202204,충남,여성,70,12081
2022,04,202204,충남,여성,80,2589
2022,04,202204,충남,여성,90,597
2022,04,202204,전북,남성,10,264
2022,04,202204,전북,남성,20,13895
2022,04,202204,전북,남성,30,63609
2022,04,202204,전북,남성,40,137663
2022,04,202204,전북,남성,50,186949
2022,04,202204,전북,남성,60,160449
2022,04,202204,전북,남성,70,59904
2022,04,202204,전북,남성,80,11339
2022,04,202204,전북,남성,90,1029
2022,04,202204,전북,여성,10,133
2022,04,202204,전북,여성,20,7971
2022,04,202204,전북,여성,30,31850
2022,04,202204,전북,여성,40,54526
2022,04,202204,전북,여성,50,71131
2022,04,202204,전북,여성,60,50236
2022,04,202204,전북,여성,70,11953
2022,04,202204,전북,여성,80,2945
2022,04,202204,전북,여성,90,851
2022,04,202204,전남,남성,10,268
2022,04,202204,전남,남성,20,15134
2022,04,202204,전남,남성,30,67325
2022,04,202204,전남,남성,40,141681
2022,04,202204,전남,남성,50,204140
2022,04,202204,전남,남성,60,178342
2022,04,202204,전남,남성,70,66284
2022,04,202204,전남,남성,80,11369
2022,04,202204,전남,남성,90,1003
2022,04,202204,전남,여성,10,124
2022,04,202204,전남,여성,20,7813
2022,04,202204,전남,여성,30,30707
2022,04,202204,전남,여성,40,52169
2022,04,202204,전남,여성,50,69870
2022,04,202204,전남,여성,60,50479
2022,04,202204,전남,여성,70,11124
2022,04,202204,전남,여성,80,2962
2022,04,202204,전남,여성,90,724
2022,04,202204,경북,남성,10,171
2022,04,202204,경북,남성,20,19969
2022,04,202204,경북,남성,30,106705
2022,04,202204,경북,남성,40,216117
2022,04,202204,경북,남성,50,302369
2022,04,202204,경북,남성,60,284507
2022,04,202204,경북,남성,70,103596
2022,04,202204,경북,남성,80,18653
2022,04,202204,경북,남성,90,1251
2022,04,202204,경북,여성,10,96
2022,04,202204,경북,여성,20,10547
2022,04,202204,경북,여성,30,43643
2022,04,202204,경북,여성,40,76982
2022,04,202204,경북,여성,50,103785
2022,04,202204,경북,여성,60,78390
2022,04,202204,경북,여성,70,17326
2022,04,202204,경북,여성,80,3314
2022,04,202204,경북,여성,90,713
2022,04,202204,경남,남성,10,519
2022,04,202204,경남,남성,20,22917
2022,04,202204,경남,남성,30,134273
2022,04,202204,경남,남성,40,279763
2022,04,202204,경남,남성,50,345177
2022,04,202204,경남,남성,60,290667
2022,04,202204,경남,남성,70,90575
2022,04,202204,경남,남성,80,13916
2022,04,202204,경남,남성,90,1037
2022,04,202204,경남,여성,10,264
2022,04,202204,경남,여성,20,11768
2022,04,202204,경남,여성,30,56217
2022,04,202204,경남,여성,40,102033
2022,04,202204,경남,여성,50,126988
2022,04,202204,경남,여성,60,84217
2022,04,202204,경남,여성,70,16532
2022,04,202204,경남,여성,80,3195
2022,04,202204,경남,여성,90,750
2022,04,202204,제주,남성,10,148
2022,04,202204,제주,남성,20,4836
2022,04,202204,제주,남성,30,26501
2022,04,202204,제주,남성,40,59460
2022,04,202204,제주,남성,50,71050
2022,04,202204,제주,남성,60,52689
2022,04,202204,제주,남성,70,18421
2022,04,202204,제주,남성,80,4033
2022,04,202204,제주,남성,90,271
2022,04,202204,제주,여성,10,60
2022,04,202204,제주,여성,20,3438
2022,04,202204,제주,여성,30,15344
2022,04,202204,제주,여성,40,27931
2022,04,202204,제주,여성,50,33376
2022,04,202204,제주,여성,60,21596
2022,04,202204,제주,여성,70,5050
2022,04,202204,제주,여성,80,845
2022,04,202204,제주,여성,90,221
2022,05,202205,서울,남성,10,1506
2022,05,202205,서울,남성,20,31970
2022,05,202205,서울,남성,30,286398
2022,05,202205,서울,남성,40,500452
2022,05,202205,서울,남성,50,537423
2022,05,202205,서울,남성,60,442991
2022,05,202205,서울,남성,70,168340
2022,05,202205,서울,남성,80,32988
2022,05,202205,서울,남성,90,3881
2022,05,202205,서울,여성,10,627
2022,05,202205,서울,여성,20,17638
2022,05,202205,서울,여성,30,113530
2022,05,202205,서울,여성,40,185124
2022,05,202205,서울,여성,50,200337
2022,05,202205,서울,여성,60,140179
2022,05,202205,서울,여성,70,40013
2022,05,202205,서울,여성,80,8277
2022,05,202205,서울,여성,90,2173
2022,05,202205,부산,남성,10,429
2022,05,202205,부산,남성,20,17017
2022,05,202205,부산,남성,30,113419
2022,05,202205,부산,남성,40,209705
2022,05,202205,부산,남성,50,226459
2022,05,202205,부산,남성,60,208174
2022,05,202205,부산,남성,70,71109
2022,05,202205,부산,남성,80,11369
2022,05,202205,부산,남성,90,1131
2022,05,202205,부산,여성,10,231
2022,05,202205,부산,여성,20,8409
2022,05,202205,부산,여성,30,44612
2022,05,202205,부산,여성,40,77690
2022,05,202205,부산,여성,50,89819
2022,05,202205,부산,여성,60,64193
2022,05,202205,부산,여성,70,14847
2022,05,202205,부산,여성,80,2713
2022,05,202205,부산,여성,90,578
2022,05,202205,대구,남성,10,163
2022,05,202205,대구,남성,20,15969
2022,05,202205,대구,남성,30,98066
2022,05,202205,대구,남성,40,186760
2022,05,202205,대구,남성,50,227462
2022,05,202205,대구,남성,60,178493
2022,05,202205,대구,남성,70,58938
2022,05,202205,대구,남성,80,10278
2022,05,202205,대구,남성,90,836
2022,05,202205,대구,여성,10,90
2022,05,202205,대구,여성,20,8572
2022,05,202205,대구,여성,30,39537
2022,05,202205,대구,여성,40,70763
2022,05,202205,대구,여성,50,90475
2022,05,202205,대구,여성,60,57416
2022,05,202205,대구,여성,70,13263
2022,05,202205,대구,여성,80,2267
2022,05,202205,대구,여성,90,473
2022,05,202205,인천,남성,10,370
2022,05,202205,인천,남성,20,21117
2022,05,202205,인천,남성,30,126662
2022,05,202205,인천,남성,40,217203
2022,05,202205,인천,남성,50,234895
2022,05,202205,인천,남성,60,184585
2022,05,202205,인천,남성,70,48746
2022,05,202205,인천,남성,80,7315
2022,05,202205,인천,남성,90,657
2022,05,202205,인천,여성,10,214
2022,05,202205,인천,여성,20,10577
2022,05,202205,인천,여성,30,51369
2022,05,202205,인천,여성,40,81477
2022,05,202205,인천,여성,50,93707
2022,05,202205,인천,여성,60,58887
2022,05,202205,인천,여성,70,10736
2022,05,202205,인천,여성,80,2033
2022,05,202205,인천,여성,90,463
2022,05,202205,광주,남성,10,135
2022,05,202205,광주,남성,20,12302
2022,05,202205,광주,남성,30,61543
2022,05,202205,광주,남성,40,116125
2022,05,202205,광주,남성,50,131390
2022,05,202205,광주,남성,60,89312
2022,05,202205,광주,남성,70,28155
2022,05,202205,광주,남성,80,4693
2022,05,202205,광주,남성,90,380
2022,05,202205,광주,여성,10,66
2022,05,202205,광주,여성,20,8048
2022,05,202205,광주,여성,30,31586
2022,05,202205,광주,여성,40,49787
2022,05,202205,광주,여성,50,55689
2022,05,202205,광주,여성,60,31076
2022,05,202205,광주,여성,70,6563
2022,05,202205,광주,여성,80,1230
2022,05,202205,광주,여성,90,339
2022,05,202205,대전,남성,10,247
2022,05,202205,대전,남성,20,11727
2022,05,202205,대전,남성,30,64803
2022,05,202205,대전,남성,40,111336
2022,05,202205,대전,남성,50,131803
2022,05,202205,대전,남성,60,99288
2022,05,202205,대전,남성,70,30196
2022,05,202205,대전,남성,80,5182
2022,05,202205,대전,남성,90,396
2022,05,202205,대전,여성,10,130
2022,05,202205,대전,여성,20,6764
2022,05,202205,대전,여성,30,28402
2022,05,202205,대전,여성,40,45622
2022,05,202205,대전,여성,50,52957
2022,05,202205,대전,여성,60,32824
2022,05,202205,대전,여성,70,6650
2022,05,202205,대전,여성,80,1375
2022,05,202205,대전,여성,90,337
2022,05,202205,울산,남성,10,178
2022,05,202205,울산,남성,20,8654
2022,05,202205,울산,남성,30,50775
2022,05,202205,울산,남성,40,98635
2022,05,202205,울산,남성,50,125009
2022,05,202205,울산,남성,60,101820
2022,05,202205,울산,남성,70,26048
2022,05,202205,울산,남성,80,3162
2022,05,202205,울산,남성,90,222
2022,05,202205,울산,여성,10,71
2022,05,202205,울산,여성,20,4063
2022,05,202205,울산,여성,30,18593
2022,05,202205,울산,여성,40,32025
2022,05,202205,울산,여성,50,37998
2022,05,202205,울산,여성,60,23379
2022,05,202205,울산,여성,70,4351
2022,05,202205,울산,여성,80,701
2022,05,202205,울산,여성,90,192
2022,05,202205,세종,남성,10,71
2022,05,202205,세종,남성,20,2176
2022,05,202205,세종,남성,30,21854
2022,05,202205,세종,남성,40,43930
2022,05,202205,세종,남성,50,34676
2022,05,202205,세종,남성,60,21362
2022,05,202205,세종,남성,70,5660
2022,05,202205,세종,남성,80,883
2022,05,202205,세종,남성,90,61
2022,05,202205,세종,여성,10,29
2022,05,202205,세종,여성,20,1530
2022,05,202205,세종,여성,30,10830
2022,05,202205,세종,여성,40,16892
2022,05,202205,세종,여성,50,12379
2022,05,202205,세종,여성,60,6796
2022,05,202205,세종,여성,70,1260
2022,05,202205,세종,여성,80,234
2022,05,202205,세종,여성,90,53
2022,05,202205,경기,남성,10,2038
2022,05,202205,경기,남성,20,94721
2022,05,202205,경기,남성,30,615291
2022,05,202205,경기,남성,40,1111384
2022,05,202205,경기,남성,50,1172612
2022,05,202205,경기,남성,60,839207
2022,05,202205,경기,남성,70,237393
2022,05,202205,경기,남성,80,45078
2022,05,202205,경기,남성,90,3881
2022,05,202205,경기,여성,10,985
2022,05,202205,경기,여성,20,48103
2022,05,202205,경기,여성,30,244959
2022,05,202205,경기,여성,40,402800
2022,05,202205,경기,여성,50,460699
2022,05,202205,경기,여성,60,280723
2022,05,202205,경기,여성,70,60439
2022,05,202205,경기,여성,80,11837
2022,05,202205,경기,여성,90,2657
2022,05,202205,강원,남성,10,174
2022,05,202205,강원,남성,20,14168
2022,05,202205,강원,남성,30,62515
2022,05,202205,강원,남성,40,115683
2022,05,202205,강원,남성,50,159558
2022,05,202205,강원,남성,60,149305
2022,05,202205,강원,남성,70,50890
2022,05,202205,강원,남성,80,11334
2022,05,202205,강원,남성,90,682
2022,05,202205,강원,여성,10,92
2022,05,202205,강원,여성,20,7141
2022,05,202205,강원,여성,30,27652
2022,05,202205,강원,여성,40,48029
2022,05,202205,강원,여성,50,63754
2022,05,202205,강원,여성,60,49237
2022,05,202205,강원,여성,70,10735
2022,05,202205,강원,여성,80,1974
2022,05,202205,강원,여성,90,529
2022,05,202205,충북,남성,10,264
2022,05,202205,충북,남성,20,16226
2022,05,202205,충북,남성,30,75822
2022,05,202205,충북,남성,40,130911
2022,05,202205,충북,남성,50,170522
2022,05,202205,충북,남성,60,147405
2022,05,202205,충북,남성,70,46342
2022,05,202205,충북,남성,80,8739
2022,05,202205,충북,남성,90,539
2022,05,202205,충북,여성,10,139
2022,05,202205,충북,여성,20,8697
2022,05,202205,충북,여성,30,32072
2022,05,202205,충북,여성,40,50353
2022,05,202205,충북,여성,50,64442
2022,05,202205,충북,여성,60,43427
2022,05,202205,충북,여성,70,8861
2022,05,202205,충북,여성,80,1757
2022,05,202205,충북,여성,90,340
2022,05,202205,충남,남성,10,260
2022,05,202205,충남,남성,20,20123
2022,05,202205,충남,남성,30,106711
2022,05,202205,충남,남성,40,195462
2022,05,202205,충남,남성,50,225550
2022,05,202205,충남,남성,60,187201
2022,05,202205,충남,남성,70,64649
2022,05,202205,충남,남성,80,11999
2022,05,202205,충남,남성,90,922
2022,05,202205,충남,여성,10,135
2022,05,202205,충남,여성,20,10214
2022,05,202205,충남,여성,30,42067
2022,05,202205,충남,여성,40,66180
2022,05,202205,충남,여성,50,81302
2022,05,202205,충남,여성,60,57063
2022,05,202205,충남,여성,70,11976
2022,05,202205,충남,여성,80,2541
2022,05,202205,충남,여성,90,596
2022,05,202205,전북,남성,10,260
2022,05,202205,전북,남성,20,14228
2022,05,202205,전북,남성,30,63981
2022,05,202205,전북,남성,40,137668
2022,05,202205,전북,남성,50,187118
2022,05,202205,전북,남성,60,160224
2022,05,202205,전북,남성,70,59665
2022,05,202205,전북,남성,80,11183
2022,05,202205,전북,남성,90,1018
2022,05,202205,전북,여성,10,133
2022,05,202205,전북,여성,20,8154
2022,05,202205,전북,여성,30,32013
2022,05,202205,전북,여성,40,54755
2022,05,202205,전북,여성,50,71247
2022,05,202205,전북,여성,60,50172
2022,05,202205,전북,여성,70,11895
2022,05,202205,전북,여성,80,2919
2022,05,202205,전북,여성,90,829
2022,05,202205,전남,남성,10,270
2022,05,202205,전남,남성,20,15525
2022,05,202205,전남,남성,30,67648
2022,05,202205,전남,남성,40,141835
2022,05,202205,전남,남성,50,204099
2022,05,202205,전남,남성,60,178117
2022,05,202205,전남,남성,70,65990
2022,05,202205,전남,남성,80,11200
2022,05,202205,전남,남성,90,983
2022,05,202205,전남,여성,10,125
2022,05,202205,전남,여성,20,8050
2022,05,202205,전남,여성,30,30938
2022,05,202205,전남,여성,40,52345
2022,05,202205,전남,여성,50,69999
2022,05,202205,전남,여성,60,50413
2022,05,202205,전남,여성,70,11047
2022,05,202205,전남,여성,80,2910
2022,05,202205,전남,여성,90,705
2022,05,202205,경북,남성,10,171
2022,05,202205,경북,남성,20,20531
2022,05,202205,경북,남성,30,107290
2022,05,202205,경북,남성,40,216341
2022,05,202205,경북,남성,50,302155
2022,05,202205,경북,남성,60,283704
2022,05,202205,경북,남성,70,102889
2022,05,202205,경북,남성,80,18362
2022,05,202205,경북,남성,90,1226
2022,05,202205,경북,여성,10,98
2022,05,202205,경북,여성,20,10766
2022,05,202205,경북,여성,30,43897
2022,05,202205,경북,여성,40,77202
2022,05,202205,경북,여성,50,103934
2022,05,202205,경북,여성,60,78237
2022,05,202205,경북,여성,70,17241
2022,05,202205,경북,여성,80,3256
2022,05,202205,경북,여성,90,699
2022,05,202205,경남,남성,10,525
2022,05,202205,경남,남성,20,23497
2022,05,202205,경남,남성,30,135133
2022,05,202205,경남,남성,40,280210
2022,05,202205,경남,남성,50,345443
2022,05,202205,경남,남성,60,290131
2022,05,202205,경남,남성,70,90124
2022,05,202205,경남,남성,80,13726
2022,05,202205,경남,남성,90,1023
2022,05,202205,경남,여성,10,265
2022,05,202205,경남,여성,20,12071
2022,05,202205,경남,여성,30,56572
2022,05,202205,경남,여성,40,102203
2022,05,202205,경남,여성,50,127305
2022,05,202205,경남,여성,60,84171
2022,05,202205,경남,여성,70,16417
2022,05,202205,경남,여성,80,3147
2022,05,202205,경남,여성,90,732
2022,05,202205,제주,남성,10,149
2022,05,202205,제주,남성,20,4955
2022,05,202205,제주,남성,30,26641
2022,05,202205,제주,남성,40,59592
2022,05,202205,제주,남성,50,70875
2022,05,202205,제주,남성,60,52503
2022,05,202205,제주,남성,70,18280
2022,05,202205,제주,남성,80,3960
2022,05,202205,제주,남성,90,268
2022,05,202205,제주,여성,10,59
2022,05,202205,제주,여성,20,3506
2022,05,202205,제주,여성,30,15456
2022,05,202205,제주,여성,40,28033
2022,05,202205,제주,여성,50,33381
2022,05,202205,제주,여성,60,21521
2022,05,202205,제주,여성,70,5015
2022,05,202205,제주,여성,80,834
2022,05,202205,제주,여성,90,217
2022,06,202206,서울,남성,10,1498
2022,06,202206,서울,남성,20,32941
2022,06,202206,서울,남성,30,287990
2022,06,202206,서울,남성,40,500370
2022,06,202206,서울,남성,50,537416
2022,06,202206,서울,남성,60,442019
2022,06,202206,서울,남성,70,167348
2022,06,202206,서울,남성,80,32596
2022,06,202206,서울,남성,90,3826
2022,06,202206,서울,여성,10,628
2022,06,202206,서울,여성,20,18088
2022,06,202206,서울,여성,30,114399
2022,06,202206,서울,여성,40,185420
2022,06,202206,서울,여성,50,200472
2022,06,202206,서울,여성,60,139869
2022,06,202206,서울,여성,70,39806
2022,06,202206,서울,여성,80,8206
2022,06,202206,서울,여성,90,2145
2022,06,202206,부산,남성,10,429
2022,06,202206,부산,남성,20,17502
2022,06,202206,부산,남성,30,114133
2022,06,202206,부산,남성,40,210048
2022,06,202206,부산,남성,50,226783
2022,06,202206,부산,남성,60,207752
2022,06,202206,부산,남성,70,70662
2022,06,202206,부산,남성,80,11185
2022,06,202206,부산,남성,90,1115
2022,06,202206,부산,여성,10,233
2022,06,202206,부산,여성,20,8670
2022,06,202206,부산,여성,30,44912
2022,06,202206,부산,여성,40,77819
2022,06,202206,부산,여성,50,89936
2022,06,202206,부산,여성,60,63985
2022,06,202206,부산,여성,70,14706
2022,06,202206,부산,여성,80,2662
2022,06,202206,부산,여성,90,567
2022,06,202206,대구,남성,10,165
2022,06,202206,대구,남성,20,16385
2022,06,202206,대구,남성,30,98392
2022,06,202206,대구,남성,40,186793
2022,06,202206,대구,남성,50,227509
2022,06,202206,대구,남성,60,177973
2022,06,202206,대구,남성,70,58530
2022,06,202206,대구,남성,80,10137
2022,06,202206,대구,남성,90,829
2022,06,202206,대구,여성,10,92
2022,06,202206,대구,여성,20,8809
2022,06,202206,대구,여성,30,39787
2022,06,202206,대구,여성,40,71058
2022,06,202206,대구,여성,50,90554
2022,06,202206,대구,여성,60,57372
2022,06,202206,대구,여성,70,13205
2022,06,202206,대구,여성,80,2233
2022,06,202206,대구,여성,90,471
2022,06,202206,인천,남성,10,376
2022,06,202206,인천,남성,20,21662
2022,06,202206,인천,남성,30,127692
2022,06,202206,인천,남성,40,217743
2022,06,202206,인천,남성,50,235172
2022,06,202206,인천,남성,60,184362
2022,06,202206,인천,남성,70,48495
2022,06,202206,인천,남성,80,7220
2022,06,202206,인천,남성,90,654
2022,06,202206,인천,여성,10,215
2022,06,202206,인천,여성,20,10825
2022,06,202206,인천,여성,30,51655
2022,06,202206,인천,여성,40,81744
2022,06,202206,인천,여성,50,93945
2022,06,202206,인천,여성,60,58815
2022,06,202206,인천,여성,70,10696
2022,06,202206,인천,여성,80,2004
2022,06,202206,인천,여성,90,456
2022,06,202206,광주,남성,10,135
2022,06,202206,광주,남성,20,12625
2022,06,202206,광주,남성,30,61858
2022,06,202206,광주,남성,40,116255
2022,06,202206,광주,남성,50,131472
2022,06,202206,광주,남성,60,89059
2022,06,202206,광주,남성,70,27969
2022,06,202206,광주,남성,80,4610
2022,06,202206,광주,남성,90,366
2022,06,202206,광주,여성,10,65
2022,06,202206,광주,여성,20,8237
2022,06,202206,광주,여성,30,31773
2022,06,202206,광주,여성,40,49943
2022,06,202206,광주,여성,50,55750
2022,06,202206,광주,여성,60,31001
2022,06,202206,광주,여성,70,6534
2022,06,202206,광주,여성,80,1219
2022,06,202206,광주,여성,90,330
2022,06,202206,대전,남성,10,245
2022,06,202206,대전,남성,20,12038
2022,06,202206,대전,남성,30,65054
2022,06,202206,대전,남성,40,111429
2022,06,202206,대전,남성,50,131762
2022,06,202206,대전,남성,60,99185
2022,06,202206,대전,남성,70,30032
2022,06,202206,대전,남성,80,5103
2022,06,202206,대전,남성,90,392
2022,06,202206,대전,여성,10,128
2022,06,202206,대전,여성,20,6934
2022,06,202206,대전,여성,30,28600
2022,06,202206,대전,여성,40,45676
2022,06,202206,대전,여성,50,53028
2022,06,202206,대전,여성,60,32796
2022,06,202206,대전,여성,70,6615
2022,06,202206,대전,여성,80,1346
2022,06,202206,대전,여성,90,334
2022,06,202206,울산,남성,10,178
2022,06,202206,울산,남성,20,8859
2022,06,202206,울산,남성,30,51067
2022,06,202206,울산,남성,40,98718
2022,06,202206,울산,남성,50,125113
2022,06,202206,울산,남성,60,101529
2022,06,202206,울산,남성,70,25919
2022,06,202206,울산,남성,80,3123
2022,06,202206,울산,남성,90,214
2022,06,202206,울산,여성,10,72
2022,06,202206,울산,여성,20,4167
2022,06,202206,울산,여성,30,18712
2022,06,202206,울산,여성,40,32164
2022,06,202206,울산,여성,50,38098
2022,06,202206,울산,여성,60,23334
2022,06,202206,울산,여성,70,4321
2022,06,202206,울산,여성,80,697
2022,06,202206,울산,여성,90,190
2022,06,202206,세종,남성,10,70
2022,06,202206,세종,남성,20,2242
2022,06,202206,세종,남성,30,22052
2022,06,202206,세종,남성,40,44048
2022,06,202206,세종,남성,50,34716
2022,06,202206,세종,남성,60,21348
2022,06,202206,세종,남성,70,5630
2022,06,202206,세종,남성,80,872
2022,06,202206,세종,남성,90,59
2022,06,202206,세종,여성,10,29
2022,06,202206,세종,여성,20,1581
2022,06,202206,세종,여성,30,10924
2022,06,202206,세종,여성,40,16959
2022,06,202206,세종,여성,50,12408
2022,06,202206,세종,여성,60,6810
2022,06,202206,세종,여성,70,1251
2022,06,202206,세종,여성,80,240
2022,06,202206,세종,여성,90,52
2022,06,202206,경기,남성,10,2045
2022,06,202206,경기,남성,20,97051
2022,06,202206,경기,남성,30,619196
2022,06,202206,경기,남성,40,1112986
2022,06,202206,경기,남성,50,1173301
2022,06,202206,경기,남성,60,838314
2022,06,202206,경기,남성,70,236463
2022,06,202206,경기,남성,80,44590
2022,06,202206,경기,남성,90,3814
2022,06,202206,경기,여성,10,1000
2022,06,202206,경기,여성,20,49347
2022,06,202206,경기,여성,30,247139
2022,06,202206,경기,여성,40,404047
2022,06,202206,경기,여성,50,461797
2022,06,202206,경기,여성,60,280424
2022,06,202206,경기,여성,70,60129
2022,06,202206,경기,여성,80,11714
2022,06,202206,경기,여성,90,2626
2022,06,202206,강원,남성,10,178
2022,06,202206,강원,남성,20,14541
2022,06,202206,강원,남성,30,62830
2022,06,202206,강원,남성,40,115919
2022,06,202206,강원,남성,50,159852
2022,06,202206,강원,남성,60,149188
2022,06,202206,강원,남성,70,50740
2022,06,202206,강원,남성,80,11211
2022,06,202206,강원,남성,90,670
2022,06,202206,강원,여성,10,91
2022,06,202206,강원,여성,20,7288
2022,06,202206,강원,여성,30,27846
2022,06,202206,강원,여성,40,48225
2022,06,202206,강원,여성,50,63925
2022,06,202206,강원,여성,60,49320
2022,06,202206,강원,여성,70,10703
2022,06,202206,강원,여성,80,1953
2022,06,202206,강원,여성,90,517
2022,06,202206,충북,남성,10,265
2022,06,202206,충북,남성,20,16639
2022,06,202206,충북,남성,30,76217
2022,06,202206,충북,남성,40,131247
2022,06,202206,충북,남성,50,170905
2022,06,202206,충북,남성,60,147166
2022,06,202206,충북,남성,70,46221
2022,06,202206,충북,남성,80,8661
2022,06,202206,충북,남성,90,525
2022,06,202206,충북,여성,10,141
2022,06,202206,충북,여성,20,8895
2022,06,202206,충북,여성,30,32266
2022,06,202206,충북,여성,40,50563
2022,06,202206,충북,여성,50,64647
2022,06,202206,충북,여성,60,43417
2022,06,202206,충북,여성,70,8819
2022,06,202206,충북,여성,80,1736
2022,06,202206,충북,여성,90,332
2022,06,202206,충남,남성,10,265
2022,06,202206,충남,남성,20,20612
2022,06,202206,충남,남성,30,107327
2022,06,202206,충남,남성,40,195837
2022,06,202206,충남,남성,50,225882
2022,06,202206,충남,남성,60,187113
2022,06,202206,충남,남성,70,64409
2022,06,202206,충남,남성,80,11874
2022,06,202206,충남,남성,90,906
2022,06,202206,충남,여성,10,138
2022,06,202206,충남,여성,20,10429
2022,06,202206,충남,여성,30,42336
2022,06,202206,충남,여성,40,66387
2022,06,202206,충남,여성,50,81571
2022,06,202206,충남,여성,60,57106
2022,06,202206,충남,여성,70,11910
2022,06,202206,충남,여성,80,2505
2022,06,202206,충남,여성,90,581
2022,06,202206,전북,남성,10,261
2022,06,202206,전북,남성,20,14554
2022,06,202206,전북,남성,30,64409
2022,06,202206,전북,남성,40,137954
2022,06,202206,전북,남성,50,187273
2022,06,202206,전북,남성,60,160113
2022,06,202206,전북,남성,70,59400
2022,06,202206,전북,남성,80,11060
2022,06,202206,전북,남성,90,1004
2022,06,202206,전북,여성,10,132
2022,06,202206,전북,여성,20,8346
2022,06,202206,전북,여성,30,32217
2022,06,202206,전북,여성,40,54903
2022,06,202206,전북,여성,50,71515
2022,06,202206,전북,여성,60,50183
2022,06,202206,전북,여성,70,11838
2022,06,202206,전북,여성,80,2887
2022,06,202206,전북,여성,90,818
2022,06,202206,전남,남성,10,271
2022,06,202206,전남,남성,20,15952
2022,06,202206,전남,남성,30,68025
2022,06,202206,전남,남성,40,142078
2022,06,202206,전남,남성,50,204350
2022,06,202206,전남,남성,60,177921
2022,06,202206,전남,남성,70,65714
2022,06,202206,전남,남성,80,11084
2022,06,202206,전남,남성,90,965
2022,06,202206,전남,여성,10,126
2022,06,202206,전남,여성,20,8232
2022,06,202206,전남,여성,30,31100
2022,06,202206,전남,여성,40,52467
2022,06,202206,전남,여성,50,70139
2022,06,202206,전남,여성,60,50395
2022,06,202206,전남,여성,70,10969
2022,06,202206,전남,여성,80,2871
2022,06,202206,전남,여성,90,680
2022,06,202206,경북,남성,10,174
2022,06,202206,경북,남성,20,21073
2022,06,202206,경북,남성,30,107863
2022,06,202206,경북,남성,40,216600
2022,06,202206,경북,남성,50,302391
2022,06,202206,경북,남성,60,283327
2022,06,202206,경북,남성,70,102467
2022,06,202206,경북,남성,80,18132
2022,06,202206,경북,남성,90,1203
2022,06,202206,경북,여성,10,96
2022,06,202206,경북,여성,20,11011
2022,06,202206,경북,여성,30,44158
2022,06,202206,경북,여성,40,77301
2022,06,202206,경북,여성,50,104082
2022,06,202206,경북,여성,60,78165
2022,06,202206,경북,여성,70,17195
2022,06,202206,경북,여성,80,3220
2022,06,202206,경북,여성,90,683
2022,06,202206,경남,남성,10,523
2022,06,202206,경남,남성,20,24071
2022,06,202206,경남,남성,30,135842
2022,06,202206,경남,남성,40,280676
2022,06,202206,경남,남성,50,345841
2022,06,202206,경남,남성,60,289831
2022,06,202206,경남,남성,70,89701
2022,06,202206,경남,남성,80,13584
2022,06,202206,경남,남성,90,1012
2022,06,202206,경남,여성,10,268
2022,06,202206,경남,여성,20,12365
2022,06,202206,경남,여성,30,56956
2022,06,202206,경남,여성,40,102607
2022,06,202206,경남,여성,50,127498
2022,06,202206,경남,여성,60,84064
2022,06,202206,경남,여성,70,16365
2022,06,202206,경남,여성,80,3115
2022,06,202206,경남,여성,90,717
2022,06,202206,제주,남성,10,147
2022,06,202206,제주,남성,20,5090
2022,06,202206,제주,남성,30,26790
2022,06,202206,제주,남성,40,59653
2022,06,202206,제주,남성,50,70708
2022,06,202206,제주,남성,60,52259
2022,06,202206,제주,남성,70,18139
2022,06,202206,제주,남성,80,3902
2022,06,202206,제주,남성,90,264
2022,06,202206,제주,여성,10,59
2022,06,202206,제주,여성,20,3569
2022,06,202206,제주,여성,30,15554
2022,06,202206,제주,여성,40,28058
2022,06,202206,제주,여성,50,33378
2022,06,202206,제주,여성,60,21445
2022,06,202206,제주,여성,70,4982
2022,06,202206,제주,여성,80,832
2022,06,202206,제주,여성,90,212
2022,07,202207,서울,남성,10,1494
2022,07,202207,서울,남성,20,34089
2022,07,202207,서울,남성,30,289634
2022,07,202207,서울,남성,40,500630
2022,07,202207,서울,남성,50,537354
2022,07,202207,서울,남성,60,441175
2022,07,202207,서울,남성,70,166439
2022,07,202207,서울,남성,80,32263
2022,07,202207,서울,남성,90,3767
2022,07,202207,서울,여성,10,632
2022,07,202207,서울,여성,20,18636
2022,07,202207,서울,여성,30,115251
2022,07,202207,서울,여성,40,185777
2022,07,202207,서울,여성,50,200566
2022,07,202207,서울,여성,60,139435
2022,07,202207,서울,여성,70,39615
2022,07,202207,서울,여성,80,8110
2022,07,202207,서울,여성,90,2133
2022,07,202207,부산,남성,10,431
2022,07,202207,부산,남성,20,17937
2022,07,202207,부산,남성,30,114795
2022,07,202207,부산,남성,40,210498
2022,07,202207,부산,남성,50,226926
2022,07,202207,부산,남성,60,207402
2022,07,202207,부산,남성,70,70287
2022,07,202207,부산,남성,80,11051
2022,07,202207,부산,남성,90,1097
2022,07,202207,부산,여성,10,237
2022,07,202207,부산,여성,20,8824
2022,07,202207,부산,여성,30,45264
2022,07,202207,부산,여성,40,77954
2022,07,202207,부산,여성,50,90115
2022,07,202207,부산,여성,60,63865
2022,07,202207,부산,여성,70,14602
2022,07,202207,부산,여성,80,2633
2022,07,202207,부산,여성,90,558
2022,07,202207,대구,남성,10,165
2022,07,202207,대구,남성,20,16812
2022,07,202207,대구,남성,30,99125
2022,07,202207,대구,남성,40,187390
2022,07,202207,대구,남성,50,227745
2022,07,202207,대구,남성,60,177648
2022,07,202207,대구,남성,70,58185
2022,07,202207,대구,남성,80,10032
2022,07,202207,대구,남성,90,813
2022,07,202207,대구,여성,10,93
2022,07,202207,대구,여성,20,9054
2022,07,202207,대구,여성,30,40080
2022,07,202207,대구,여성,40,71359
2022,07,202207,대구,여성,50,90730
2022,07,202207,대구,여성,60,57300
2022,07,202207,대구,여성,70,13106
2022,07,202207,대구,여성,80,2200
2022,07,202207,대구,여성,90,466
2022,07,202207,인천,남성,10,383
2022,07,202207,인천,남성,20,22212
2022,07,202207,인천,남성,30,128746
2022,07,202207,인천,남성,40,218700
2022,07,202207,인천,남성,50,235675
2022,07,202207,인천,남성,60,184228
2022,07,202207,인천,남성,70,48291
2022,07,202207,인천,남성,80,7156
2022,07,202207,인천,남성,90,647
2022,07,202207,인천,여성,10,215
2022,07,202207,인천,여성,20,11079
2022,07,202207,인천,여성,30,52201
2022,07,202207,인천,여성,40,82066
2022,07,202207,인천,여성,50,94189
2022,07,202207,인천,여성,60,58749
2022,07,202207,인천,여성,70,10615
2022,07,202207,인천,여성,80,1990
2022,07,202207,인천,여성,90,445
2022,07,202207,광주,남성,10,135
2022,07,202207,광주,남성,20,12969
2022,07,202207,광주,남성,30,62154
2022,07,202207,광주,남성,40,116423
2022,07,202207,광주,남성,50,131560
2022,07,202207,광주,남성,60,88968
2022,07,202207,광주,남성,70,27827
2022,07,202207,광주,남성,80,4551
2022,07,202207,광주,남성,90,356
2022,07,202207,광주,여성,10,64
2022,07,202207,광주,여성,20,8398
2022,07,202207,광주,여성,30,31956
2022,07,202207,광주,여성,40,50080
2022,07,202207,광주,여성,50,55828
2022,07,202207,광주,여성,60,30913
2022,07,202207,광주,여성,70,6512
2022,07,202207,광주,여성,80,1207
2022,07,202207,광주,여성,90,324
2022,07,202207,대전,남성,10,246
2022,07,202207,대전,남성,20,12405
2022,07,202207,대전,남성,30,65401
2022,07,202207,대전,남성,40,111685
2022,07,202207,대전,남성,50,131946
2022,07,202207,대전,남성,60,98948
2022,07,202207,대전,남성,70,29821
2022,07,202207,대전,남성,80,5049
2022,07,202207,대전,남성,90,384
2022,07,202207,대전,여성,10,129
2022,07,202207,대전,여성,20,7064
2022,07,202207,대전,여성,30,28804
2022,07,202207,대전,여성,40,45789
2022,07,202207,대전,여성,50,53109
2022,07,202207,대전,여성,60,32806
2022,07,202207,대전,여성,70,6592
2022,07,202207,대전,여성,80,1329
2022,07,202207,대전,여성,90,329
2022,07,202207,울산,남성,10,181
2022,07,202207,울산,남성,20,9087
2022,07,202207,울산,남성,30,51341
2022,07,202207,울산,남성,40,98921
2022,07,202207,울산,남성,50,125221
2022,07,202207,울산,남성,60,101294
2022,07,202207,울산,남성,70,25782
2022,07,202207,울산,남성,80,3071
2022,07,202207,울산,남성,90,212
2022,07,202207,울산,여성,10,72
2022,07,202207,울산,여성,20,4255
2022,07,202207,울산,여성,30,18839
2022,07,202207,울산,여성,40,32188
2022,07,202207,울산,여성,50,38210
2022,07,202207,울산,여성,60,23304
2022,07,202207,울산,여성,70,4298
2022,07,202207,울산,여성,80,688
2022,07,202207,울산,여성,90,188
2022,07,202207,세종,남성,10,70
2022,07,202207,세종,남성,20,2298
2022,07,202207,세종,남성,30,22242
2022,07,202207,세종,남성,40,44124
2022,07,202207,세종,남성,50,34821
2022,07,202207,세종,남성,60,21357
2022,07,202207,세종,남성,70,5605
2022,07,202207,세종,남성,80,867
2022,07,202207,세종,남성,90,56
2022,07,202207,세종,여성,10,29
2022,07,202207,세종,여성,20,1618
2022,07,202207,세종,여성,30,11063
2022,07,202207,세종,여성,40,17040
2022,07,202207,세종,여성,50,12433
2022,07,202207,세종,여성,60,6837
2022,07,202207,세종,여성,70,1247
2022,07,202207,세종,여성,80,237
2022,07,202207,세종,여성,90,51
2022,07,202207,경기,남성,10,2063
2022,07,202207,경기,남성,20,99754
2022,07,202207,경기,남성,30,623431
2022,07,202207,경기,남성,40,1114779
2022,07,202207,경기,남성,50,1174747
2022,07,202207,경기,남성,60,837462
2022,07,202207,경기,남성,70,235528
2022,07,202207,경기,남성,80,44128
2022,07,202207,경기,남성,90,3768
2022,07,202207,경기,여성,10,1015
2022,07,202207,경기,여성,20,50533
2022,07,202207,경기,여성,30,248879
2022,07,202207,경기,여성,40,405192
2022,07,202207,경기,여성,50,462880
2022,07,202207,경기,여성,60,280278
2022,07,202207,경기,여성,70,59886
2022,07,202207,경기,여성,80,11585
2022,07,202207,경기,여성,90,2596
2022,07,202207,강원,남성,10,178
2022,07,202207,강원,남성,20,14877
2022,07,202207,강원,남성,30,63226
2022,07,202207,강원,남성,40,116283
2022,07,202207,강원,남성,50,160221
2022,07,202207,강원,남성,60,149284
2022,07,202207,강원,남성,70,50591
2022,07,202207,강원,남성,80,11092
2022,07,202207,강원,남성,90,661
2022,07,202207,강원,여성,10,91
2022,07,202207,강원,여성,20,7474
2022,07,202207,강원,여성,30,28090
2022,07,202207,강원,여성,40,48419
2022,07,202207,강원,여성,50,64116
2022,07,202207,강원,여성,60,49313
2022,07,202207,강원,여성,70,10662
2022,07,202207,강원,여성,80,1936
2022,07,202207,강원,여성,90,511
2022,07,202207,충북,남성,10,266
2022,07,202207,충북,남성,20,17073
2022,07,202207,충북,남성,30,76698
2022,07,202207,충북,남성,40,131648
2022,07,202207,충북,남성,50,171354
2022,07,202207,충북,남성,60,147225
2022,07,202207,충북,남성,70,46051
2022,07,202207,충북,남성,80,8586
2022,07,202207,충북,남성,90,523
2022,07,202207,충북,여성,10,141
2022,07,202207,충북,여성,20,9096
2022,07,202207,충북,여성,30,32463
2022,07,202207,충북,여성,40,50693
2022,07,202207,충북,여성,50,64853
2022,07,202207,충북,여성,60,43409
2022,07,202207,충북,여성,70,8822
2022,07,202207,충북,여성,80,1713
2022,07,202207,충북,여성,90,327
2022,07,202207,충남,남성,10,264
2022,07,202207,충남,남성,20,21099
2022,07,202207,충남,남성,30,107984
2022,07,202207,충남,남성,40,196350
2022,07,202207,충남,남성,50,226316
2022,07,202207,충남,남성,60,187113
2022,07,202207,충남,남성,70,64274
2022,07,202207,충남,남성,80,11784
2022,07,202207,충남,남성,90,899
2022,07,202207,충남,여성,10,138
2022,07,202207,충남,여성,20,10707
2022,07,202207,충남,여성,30,42617
2022,07,202207,충남,여성,40,66639
2022,07,202207,충남,여성,50,81994
2022,07,202207,충남,여성,60,57130
2022,07,202207,충남,여성,70,11867
2022,07,202207,충남,여성,80,2479
2022,07,202207,충남,여성,90,573
2022,07,202207,전북,남성,10,256
2022,07,202207,전북,남성,20,14849
2022,07,202207,전북,남성,30,64738
2022,07,202207,전북,남성,40,138282
2022,07,202207,전북,남성,50,187716
2022,07,202207,전북,남성,60,160021
2022,07,202207,전북,남성,70,59271
2022,07,202207,전북,남성,80,10960
2022,07,202207,전북,남성,90,986
2022,07,202207,전북,여성,10,134
2022,07,202207,전북,여성,20,8536
2022,07,202207,전북,여성,30,32379
2022,07,202207,전북,여성,40,55026
2022,07,202207,전북,여성,50,71696
2022,07,202207,전북,여성,60,50164
2022,07,202207,전북,여성,70,11759
2022,07,202207,전북,여성,80,2853
2022,07,202207,전북,여성,90,808
2022,07,202207,전남,남성,10,270
2022,07,202207,전남,남성,20,16321
2022,07,202207,전남,남성,30,68503
2022,07,202207,전남,남성,40,142424
2022,07,202207,전남,남성,50,204898
2022,07,202207,전남,남성,60,178097
2022,07,202207,전남,남성,70,65541
2022,07,202207,전남,남성,80,10983
2022,07,202207,전남,남성,90,935
2022,07,202207,전남,여성,10,124
2022,07,202207,전남,여성,20,8428
2022,07,202207,전남,여성,30,31315
2022,07,202207,전남,여성,40,52618
2022,07,202207,전남,여성,50,70473
2022,07,202207,전남,여성,60,50401
2022,07,202207,전남,여성,70,10923
2022,07,202207,전남,여성,80,2828
2022,07,202207,전남,여성,90,687
2022,07,202207,경북,남성,10,173
2022,07,202207,경북,남성,20,21567
2022,07,202207,경북,남성,30,108430
2022,07,202207,경북,남성,40,217162
2022,07,202207,경북,남성,50,303108
2022,07,202207,경북,남성,60,283330
2022,07,202207,경북,남성,70,102169
2022,07,202207,경북,남성,80,17983
2022,07,202207,경북,남성,90,1185
2022,07,202207,경북,여성,10,96
2022,07,202207,경북,여성,20,11255
2022,07,202207,경북,여성,30,44411
2022,07,202207,경북,여성,40,77565
2022,07,202207,경북,여성,50,104470
2022,07,202207,경북,여성,60,78154
2022,07,202207,경북,여성,70,17125
2022,07,202207,경북,여성,80,3192
2022,07,202207,경북,여성,90,674
2022,07,202207,경남,남성,10,527
2022,07,202207,경남,남성,20,24686
2022,07,202207,경남,남성,30,136677
2022,07,202207,경남,남성,40,281133
2022,07,202207,경남,남성,50,346425
2022,07,202207,경남,남성,60,289563
2022,07,202207,경남,남성,70,89392
2022,07,202207,경남,남성,80,13447
2022,07,202207,경남,남성,90,1000
2022,07,202207,경남,여성,10,266
2022,07,202207,경남,여성,20,12644
2022,07,202207,경남,여성,30,57254
2022,07,202207,경남,여성,40,102978
2022,07,202207,경남,여성,50,127783
2022,07,202207,경남,여성,60,84036
2022,07,202207,경남,여성,70,16280
2022,07,202207,경남,여성,80,3070
2022,07,202207,경남,여성,90,707
2022,07,202207,제주,남성,10,148
2022,07,202207,제주,남성,20,5243
2022,07,202207,제주,남성,30,26969
2022,07,202207,제주,남성,40,59896
2022,07,202207,제주,남성,50,70795
2022,07,202207,제주,남성,60,52200
2022,07,202207,제주,남성,70,18071
2022,07,202207,제주,남성,80,3856
2022,07,202207,제주,남성,90,262
2022,07,202207,제주,여성,10,59
2022,07,202207,제주,여성,20,3667
2022,07,202207,제주,여성,30,15654
2022,07,202207,제주,여성,40,28099
2022,07,202207,제주,여성,50,33400
2022,07,202207,제주,여성,60,21450
2022,07,202207,제주,여성,70,4954
2022,07,202207,제주,여성,80,826
2022,07,202207,제주,여성,90,209
2022,08,202208,서울,남성,10,1500
2022,08,202208,서울,남성,20,35129
2022,08,202208,서울,남성,30,291141
2022,08,202208,서울,남성,40,500510
2022,08,202208,서울,남성,50,536784
2022,08,202208,서울,남성,60,440068
2022,08,202208,서울,남성,70,165454
2022,08,202208,서울,남성,80,31898
2022,08,202208,서울,남성,90,3716
2022,08,202208,서울,여성,10,644
2022,08,202208,서울,여성,20,19071
2022,08,202208,서울,여성,30,115938
2022,08,202208,서울,여성,40,185770
2022,08,202208,서울,여성,50,200644
2022,08,202208,서울,여성,60,138980
2022,08,202208,서울,여성,70,39351
2022,08,202208,서울,여성,80,8006
2022,08,202208,서울,여성,90,2107
2022,08,202208,부산,남성,10,436
2022,08,202208,부산,남성,20,18410
2022,08,202208,부산,남성,30,115409
2022,08,202208,부산,남성,40,210727
2022,08,202208,부산,남성,50,226891
2022,08,202208,부산,남성,60,206909
2022,08,202208,부산,남성,70,69868
2022,08,202208,부산,남성,80,10902
2022,08,202208,부산,남성,90,1081
2022,08,202208,부산,여성,10,239
2022,08,202208,부산,여성,20,9044
2022,08,202208,부산,여성,30,45537
2022,08,202208,부산,여성,40,78082
2022,08,202208,부산,여성,50,90165
2022,08,202208,부산,여성,60,63669
2022,08,202208,부산,여성,70,14488
2022,08,202208,부산,여성,80,2590
2022,08,202208,부산,여성,90,552
2022,08,202208,대구,남성,10,166
2022,08,202208,대구,남성,20,17203
2022,08,202208,대구,남성,30,99746
2022,08,202208,대구,남성,40,187605
2022,08,202208,대구,남성,50,227763
2022,08,202208,대구,남성,60,177204
2022,08,202208,대구,남성,70,57882
2022,08,202208,대구,남성,80,9912
2022,08,202208,대구,남성,90,807
2022,08,202208,대구,여성,10,93
2022,08,202208,대구,여성,20,9206
2022,08,202208,대구,여성,30,40315
2022,08,202208,대구,여성,40,71515
2022,08,202208,대구,여성,50,90865
2022,08,202208,대구,여성,60,57169
2022,08,202208,대구,여성,70,13014
2022,08,202208,대구,여성,80,2179
2022,08,202208,대구,여성,90,465
2022,08,202208,인천,남성,10,389
2022,08,202208,인천,남성,20,22863
2022,08,202208,인천,남성,30,129760
2022,08,202208,인천,남성,40,219215
2022,08,202208,인천,남성,50,235911
2022,08,202208,인천,남성,60,183936
2022,08,202208,인천,남성,70,48039
2022,08,202208,인천,남성,80,7078
2022,08,202208,인천,남성,90,645
2022,08,202208,인천,여성,10,218
2022,08,202208,인천,여성,20,11336
2022,08,202208,인천,여성,30,52620
2022,08,202208,인천,여성,40,82359
2022,08,202208,인천,여성,50,94338
2022,08,202208,인천,여성,60,58679
2022,08,202208,인천,여성,70,10554
2022,08,202208,인천,여성,80,1974
2022,08,202208,인천,여성,90,441
2022,08,202208,광주,남성,10,135
2022,08,202208,광주,남성,20,13290
2022,08,202208,광주,남성,30,62494
2022,08,202208,광주,남성,40,116652
2022,08,202208,광주,남성,50,131697
2022,08,202208,광주,남성,60,88853
2022,08,202208,광주,남성,70,27732
2022,08,202208,광주,남성,80,4486
2022,08,202208,광주,남성,90,349
2022,08,202208,광주,여성,10,65
2022,08,202208,광주,여성,20,8610
2022,08,202208,광주,여성,30,32202
2022,08,202208,광주,여성,40,50208
2022,08,202208,광주,여성,50,55949
2022,08,202208,광주,여성,60,30867
2022,08,202208,광주,여성,70,6479
2022,08,202208,광주,여성,80,1194
2022,08,202208,광주,여성,90,316
2022,08,202208,대전,남성,10,245
2022,08,202208,대전,남성,20,12752
2022,08,202208,대전,남성,30,65889
2022,08,202208,대전,남성,40,111782
2022,08,202208,대전,남성,50,131899
2022,08,202208,대전,남성,60,98654
2022,08,202208,대전,남성,70,29653
2022,08,202208,대전,남성,80,4978
2022,08,202208,대전,남성,90,379
2022,08,202208,대전,여성,10,128
2022,08,202208,대전,여성,20,7228
2022,08,202208,대전,여성,30,29030
2022,08,202208,대전,여성,40,45973
2022,08,202208,대전,여성,50,53188
2022,08,202208,대전,여성,60,32791
2022,08,202208,대전,여성,70,6532
2022,08,202208,대전,여성,80,1313
2022,08,202208,대전,여성,90,327
2022,08,202208,울산,남성,10,179
2022,08,202208,울산,남성,20,9278
2022,08,202208,울산,남성,30,51534
2022,08,202208,울산,남성,40,98927
2022,08,202208,울산,남성,50,125095
2022,08,202208,울산,남성,60,101003
2022,08,202208,울산,남성,70,25646
2022,08,202208,울산,남성,80,3038
2022,08,202208,울산,남성,90,211
2022,08,202208,울산,여성,10,72
2022,08,202208,울산,여성,20,4342
2022,08,202208,울산,여성,30,19003
2022,08,202208,울산,여성,40,32275
2022,08,202208,울산,여성,50,38203
2022,08,202208,울산,여성,60,23281
2022,08,202208,울산,여성,70,4269
2022,08,202208,울산,여성,80,680
2022,08,202208,울산,여성,90,183
2022,08,202208,세종,남성,10,70
2022,08,202208,세종,남성,20,2367
2022,08,202208,세종,남성,30,22395
2022,08,202208,세종,남성,40,44160
2022,08,202208,세종,남성,50,34813
2022,08,202208,세종,남성,60,21328
2022,08,202208,세종,남성,70,5580
2022,08,202208,세종,남성,80,864
2022,08,202208,세종,남성,90,56
2022,08,202208,세종,여성,10,29
2022,08,202208,세종,여성,20,1651
2022,08,202208,세종,여성,30,11158
2022,08,202208,세종,여성,40,17074
2022,08,202208,세종,여성,50,12465
2022,08,202208,세종,여성,60,6822
2022,08,202208,세종,여성,70,1235
2022,08,202208,세종,여성,80,235
2022,08,202208,세종,여성,90,48
2022,08,202208,경기,남성,10,2081
2022,08,202208,경기,남성,20,102456
2022,08,202208,경기,남성,30,627214
2022,08,202208,경기,남성,40,1115554
2022,08,202208,경기,남성,50,1174611
2022,08,202208,경기,남성,60,836208
2022,08,202208,경기,남성,70,234443
2022,08,202208,경기,남성,80,43675
2022,08,202208,경기,남성,90,3739
2022,08,202208,경기,여성,10,1020
2022,08,202208,경기,여성,20,51707
2022,08,202208,경기,여성,30,250372
2022,08,202208,경기,여성,40,405884
2022,08,202208,경기,여성,50,463459
2022,08,202208,경기,여성,60,279698
2022,08,202208,경기,여성,70,59570
2022,08,202208,경기,여성,80,11457
2022,08,202208,경기,여성,90,2562
2022,08,202208,강원,남성,10,174
2022,08,202208,강원,남성,20,15248
2022,08,202208,강원,남성,30,63621
2022,08,202208,강원,남성,40,116460
2022,08,202208,강원,남성,50,160608
2022,08,202208,강원,남성,60,149272
2022,08,202208,강원,남성,70,50406
2022,08,202208,강원,남성,80,10978
2022,08,202208,강원,남성,90,655
2022,08,202208,강원,여성,10,92
2022,08,202208,강원,여성,20,7637
2022,08,202208,강원,여성,30,28296
2022,08,202208,강원,여성,40,48525
2022,08,202208,강원,여성,50,64227
2022,08,202208,강원,여성,60,49328
2022,08,202208,강원,여성,70,10625
2022,08,202208,강원,여성,80,1917
2022,08,202208,강원,여성,90,505
2022,08,202208,충북,남성,10,263
2022,08,202208,충북,남성,20,17469
2022,08,202208,충북,남성,30,77194
2022,08,202208,충북,남성,40,131959
2022,08,202208,충북,남성,50,171715
2022,08,202208,충북,남성,60,147123
2022,08,202208,충북,남성,70,45905
2022,08,202208,충북,남성,80,8504
2022,08,202208,충북,남성,90,515
2022,08,202208,충북,여성,10,144
2022,08,202208,충북,여성,20,9289
2022,08,202208,충북,여성,30,32702
2022,08,202208,충북,여성,40,50797
2022,08,202208,충북,여성,50,65000
2022,08,202208,충북,여성,60,43401
2022,08,202208,충북,여성,70,8775
2022,08,202208,충북,여성,80,1694
2022,08,202208,충북,여성,90,324
2022,08,202208,충남,남성,10,266
2022,08,202208,충남,남성,20,21664
2022,08,202208,충남,남성,30,108479
2022,08,202208,충남,남성,40,196737
2022,08,202208,충남,남성,50,226678
2022,08,202208,충남,남성,60,186928
2022,08,202208,충남,남성,70,64034
2022,08,202208,충남,남성,80,11652
2022,08,202208,충남,남성,90,890
2022,08,202208,충남,여성,10,140
2022,08,202208,충남,여성,20,11015
2022,08,202208,충남,여성,30,42923
2022,08,202208,충남,여성,40,66885
2022,08,202208,충남,여성,50,82253
2022,08,202208,충남,여성,60,57140
2022,08,202208,충남,여성,70,11806
2022,08,202208,충남,여성,80,2455
2022,08,202208,충남,여성,90,563
2022,08,202208,전북,남성,10,263
2022,08,202208,전북,남성,20,15196
2022,08,202208,전북,남성,30,65110
2022,08,202208,전북,남성,40,138514
2022,08,202208,전북,남성,50,188064
2022,08,202208,전북,남성,60,160024
2022,08,202208,전북,남성,70,59086
2022,08,202208,전북,남성,80,10848
2022,08,202208,전북,남성,90,976
2022,08,202208,전북,여성,10,136
2022,08,202208,전북,여성,20,8754
2022,08,202208,전북,여성,30,32581
2022,08,202208,전북,여성,40,55191
2022,08,202208,전북,여성,50,71949
2022,08,202208,전북,여성,60,50139
2022,08,202208,전북,여성,70,11690
2022,08,202208,전북,여성,80,2815
2022,08,202208,전북,여성,90,793
2022,08,202208,전남,남성,10,270
2022,08,202208,전남,남성,20,16688
2022,08,202208,전남,남성,30,68819
2022,08,202208,전남,남성,40,142719
2022,08,202208,전남,남성,50,205291
2022,08,202208,전남,남성,60,178060
2022,08,202208,전남,남성,70,65299
2022,08,202208,전남,남성,80,10888
2022,08,202208,전남,남성,90,923
2022,08,202208,전남,여성,10,127
2022,08,202208,전남,여성,20,8666
2022,08,202208,전남,여성,30,31411
2022,08,202208,전남,여성,40,52845
2022,08,202208,전남,여성,50,70674
2022,08,202208,전남,여성,60,50445
2022,08,202208,전남,여성,70,10888
2022,08,202208,전남,여성,80,2793
2022,08,202208,전남,여성,90,677
2022,08,202208,경북,남성,10,176
2022,08,202208,경북,남성,20,22106
2022,08,202208,경북,남성,30,108860
2022,08,202208,경북,남성,40,217422
2022,08,202208,경북,남성,50,303708
2022,08,202208,경북,남성,60,283196
2022,08,202208,경북,남성,70,101827
2022,08,202208,경북,남성,80,17763
2022,08,202208,경북,남성,90,1170
2022,08,202208,경북,여성,10,95
2022,08,202208,경북,여성,20,11514
2022,08,202208,경북,여성,30,44743
2022,08,202208,경북,여성,40,77810
2022,08,202208,경북,여성,50,104742
2022,08,202208,경북,여성,60,78136
2022,08,202208,경북,여성,70,17051
2022,08,202208,경북,여성,80,3161
2022,08,202208,경북,여성,90,659
2022,08,202208,경남,남성,10,530
2022,08,202208,경남,남성,20,25304
2022,08,202208,경남,남성,30,137532
2022,08,202208,경남,남성,40,281575
2022,08,202208,경남,남성,50,346936
2022,08,202208,경남,남성,60,289358
2022,08,202208,경남,남성,70,88993
2022,08,202208,경남,남성,80,13282
2022,08,202208,경남,남성,90,986
2022,08,202208,경남,여성,10,268
2022,08,202208,경남,여성,20,12963
2022,08,202208,경남,여성,30,57602
2022,08,202208,경남,여성,40,103277
2022,08,202208,경남,여성,50,127989
2022,08,202208,경남,여성,60,83905
2022,08,202208,경남,여성,70,16217
2022,08,202208,경남,여성,80,3036
2022,08,202208,경남,여성,90,695
2022,08,202208,제주,남성,10,146
2022,08,202208,제주,남성,20,5397
2022,08,202208,제주,남성,30,27167
2022,08,202208,제주,남성,40,60112
2022,08,202208,제주,남성,50,70876
2022,08,202208,제주,남성,60,52217
2022,08,202208,제주,남성,70,17996
2022,08,202208,제주,남성,80,3811
2022,08,202208,제주,남성,90,258
2022,08,202208,제주,여성,10,58
2022,08,202208,제주,여성,20,3742
2022,08,202208,제주,여성,30,15798
2022,08,202208,제주,여성,40,28201
2022,08,202208,제주,여성,50,33497
2022,08,202208,제주,여성,60,21417
2022,08,202208,제주,여성,70,4949
2022,08,202208,제주,여성,80,822
2022,08,202208,제주,여성,90,204
2022,09,202209,서울,남성,10,1523
2022,09,202209,서울,남성,20,36130
2022,09,202209,서울,남성,30,292729
2022,09,202209,서울,남성,40,500769
2022,09,202209,서울,남성,50,536549
2022,09,202209,서울,남성,60,439303
2022,09,202209,서울,남성,70,164560
2022,09,202209,서울,남성,80,31530
2022,09,202209,서울,남성,90,3686
2022,09,202209,서울,여성,10,646
2022,09,202209,서울,여성,20,19556
2022,09,202209,서울,여성,30,116735
2022,09,202209,서울,여성,40,186106
2022,09,202209,서울,여성,50,200752
2022,09,202209,서울,여성,60,138688
2022,09,202209,서울,여성,70,39160
2022,09,202209,서울,여성,80,7952
2022,09,202209,서울,여성,90,2081
2022,09,202209,부산,남성,10,439
2022,09,202209,부산,남성,20,18870
2022,09,202209,부산,남성,30,116068
2022,09,202209,부산,남성,40,210891
2022,09,202209,부산,남성,50,227056
2022,09,202209,부산,남성,60,206456
2022,09,202209,부산,남성,70,69452
2022,09,202209,부산,남성,80,10775
2022,09,202209,부산,남성,90,1069
2022,09,202209,부산,여성,10,242
2022,09,202209,부산,여성,20,9193
2022,09,202209,부산,여성,30,45814
2022,09,202209,부산,여성,40,78264
2022,09,202209,부산,여성,50,90284
2022,09,202209,부산,여성,60,63590
2022,09,202209,부산,여성,70,14420
2022,09,202209,부산,여성,80,2557
2022,09,202209,부산,여성,90,549
2022,09,202209,대구,남성,10,166
2022,09,202209,대구,남성,20,17548
2022,09,202209,대구,남성,30,100256
2022,09,202209,대구,남성,40,187622
2022,09,202209,대구,남성,50,227941
2022,09,202209,대구,남성,60,176802
2022,09,202209,대구,남성,70,57537
2022,09,202209,대구,남성,80,9775
2022,09,202209,대구,남성,90,800
2022,09,202209,대구,여성,10,93
2022,09,202209,대구,여성,20,9364
2022,09,202209,대구,여성,30,40466
2022,09,202209,대구,여성,40,71650
2022,09,202209,대구,여성,50,91048
2022,09,202209,대구,여성,60,57076
2022,09,202209,대구,여성,70,12963
2022,09,202209,대구,여성,80,2149
2022,09,202209,대구,여성,90,452
2022,09,202209,인천,남성,10,391
2022,09,202209,인천,남성,20,23452
2022,09,202209,인천,남성,30,130592
2022,09,202209,인천,남성,40,219669
2022,09,202209,인천,남성,50,236186
2022,09,202209,인천,남성,60,183819
2022,09,202209,인천,남성,70,47859
2022,09,202209,인천,남성,80,7007
2022,09,202209,인천,남성,90,631
2022,09,202209,인천,여성,10,219
2022,09,202209,인천,여성,20,11605
2022,09,202209,인천,여성,30,53119
2022,09,202209,인천,여성,40,82658
2022,09,202209,인천,여성,50,94506
2022,09,202209,인천,여성,60,58606
2022,09,202209,인천,여성,70,10473
2022,09,202209,인천,여성,80,1950
2022,09,202209,인천,여성,90,434
2022,09,202209,광주,남성,10,136
2022,09,202209,광주,남성,20,13640
2022,09,202209,광주,남성,30,62857
2022,09,202209,광주,남성,40,116840
2022,09,202209,광주,남성,50,131797
2022,09,202209,광주,남성,60,88710
2022,09,202209,광주,남성,70,27595
2022,09,202209,광주,남성,80,4416
2022,09,202209,광주,남성,90,343
2022,09,202209,광주,여성,10,65
2022,09,202209,광주,여성,20,8798
2022,09,202209,광주,여성,30,32430
2022,09,202209,광주,여성,40,50380
2022,09,202209,광주,여성,50,56034
2022,09,202209,광주,여성,60,30825
2022,09,202209,광주,여성,70,6454
2022,09,202209,광주,여성,80,1173
2022,09,202209,광주,여성,90,317
2022,09,202209,대전,남성,10,248
2022,09,202209,대전,남성,20,13072
2022,09,202209,대전,남성,30,66208
2022,09,202209,대전,남성,40,111863
2022,09,202209,대전,남성,50,131955
2022,09,202209,대전,남성,60,98434
2022,09,202209,대전,남성,70,29533
2022,09,202209,대전,남성,80,4911
2022,09,202209,대전,남성,90,374
2022,09,202209,대전,여성,10,128
2022,09,202209,대전,여성,20,7391
2022,09,202209,대전,여성,30,29256
2022,09,202209,대전,여성,40,46112
2022,09,202209,대전,여성,50,53243
2022,09,202209,대전,여성,60,32733
2022,09,202209,대전,여성,70,6490
2022,09,202209,대전,여성,80,1289
2022,09,202209,대전,여성,90,325
2022,09,202209,울산,남성,10,179
2022,09,202209,울산,남성,20,9499
2022,09,202209,울산,남성,30,51801
2022,09,202209,울산,남성,40,98993
2022,09,202209,울산,남성,50,125165
2022,09,202209,울산,남성,60,100811
2022,09,202209,울산,남성,70,25481
2022,09,202209,울산,남성,80,2998
2022,09,202209,울산,남성,90,208
2022,09,202209,울산,여성,10,71
2022,09,202209,울산,여성,20,4425
2022,09,202209,울산,여성,30,19121
2022,09,202209,울산,여성,40,32337
2022,09,202209,울산,여성,50,38264
2022,09,202209,울산,여성,60,23252
2022,09,202209,울산,여성,70,4241
2022,09,202209,울산,여성,80,671
2022,09,202209,울산,여성,90,181
2022,09,202209,세종,남성,10,70
2022,09,202209,세종,남성,20,2443
2022,09,202209,세종,남성,30,22556
2022,09,202209,세종,남성,40,44208
2022,09,202209,세종,남성,50,34842
2022,09,202209,세종,남성,60,21317
2022,09,202209,세종,남성,70,5576
2022,09,202209,세종,남성,80,859
2022,09,202209,세종,남성,90,54
2022,09,202209,세종,여성,10,29
2022,09,202209,세종,여성,20,1695
2022,09,202209,세종,여성,30,11227
2022,09,202209,세종,여성,40,17094
2022,09,202209,세종,여성,50,12463
2022,09,202209,세종,여성,60,6840
2022,09,202209,세종,여성,70,1221
2022,09,202209,세종,여성,80,230
2022,09,202209,세종,여성,90,44
2022,09,202209,경기,남성,10,2100
2022,09,202209,경기,남성,20,104923
2022,09,202209,경기,남성,30,631587
2022,09,202209,경기,남성,40,1116909
2022,09,202209,경기,남성,50,1175626
2022,09,202209,경기,남성,60,835244
2022,09,202209,경기,남성,70,233523
2022,09,202209,경기,남성,80,43228
2022,09,202209,경기,남성,90,3686
2022,09,202209,경기,여성,10,1027
2022,09,202209,경기,여성,20,52871
2022,09,202209,경기,여성,30,252171
2022,09,202209,경기,여성,40,406765
2022,09,202209,경기,여성,50,464360
2022,09,202209,경기,여성,60,279456
2022,09,202209,경기,여성,70,59253
2022,09,202209,경기,여성,80,11331
2022,09,202209,경기,여성,90,2527
2022,09,202209,강원,남성,10,173
2022,09,202209,강원,남성,20,15639
2022,09,202209,강원,남성,30,64007
2022,09,202209,강원,남성,40,116822
2022,09,202209,강원,남성,50,160895
2022,09,202209,강원,남성,60,149279
2022,09,202209,강원,남성,70,50228
2022,09,202209,강원,남성,80,10848
2022,09,202209,강원,남성,90,634
2022,09,202209,강원,여성,10,92
2022,09,202209,강원,여성,20,7853
2022,09,202209,강원,여성,30,28547
2022,09,202209,강원,여성,40,48722
2022,09,202209,강원,여성,50,64429
2022,09,202209,강원,여성,60,49440
2022,09,202209,강원,여성,70,10572
2022,09,202209,강원,여성,80,1893
2022,09,202209,강원,여성,90,500
2022,09,202209,충북,남성,10,271
2022,09,202209,충북,남성,20,17909
2022,09,202209,충북,남성,30,77614
2022,09,202209,충북,남성,40,132131
2022,09,202209,충북,남성,50,171978
2022,09,202209,충북,남성,60,147215
2022,09,202209,충북,남성,70,45727
2022,09,202209,충북,남성,80,8408
2022,09,202209,충북,남성,90,505
2022,09,202209,충북,여성,10,146
2022,09,202209,충북,여성,20,9497
2022,09,202209,충북,여성,30,32906
2022,09,202209,충북,여성,40,51002
2022,09,202209,충북,여성,50,65170
2022,09,202209,충북,여성,60,43383
2022,09,202209,충북,여성,70,8724
2022,09,202209,충북,여성,80,1680
2022,09,202209,충북,여성,90,322
2022,09,202209,충남,남성,10,266
2022,09,202209,충남,남성,20,22200
2022,09,202209,충남,남성,30,109127
2022,09,202209,충남,남성,40,197267
2022,09,202209,충남,남성,50,226958
2022,09,202209,충남,남성,60,187036
2022,09,202209,충남,남성,70,63841
2022,09,202209,충남,남성,80,11506
2022,09,202209,충남,남성,90,879
2022,09,202209,충남,여성,10,142
2022,09,202209,충남,여성,20,11276
2022,09,202209,충남,여성,30,43202
2022,09,202209,충남,여성,40,67141
2022,09,202209,충남,여성,50,82501
2022,09,202209,충남,여성,60,57190
2022,09,202209,충남,여성,70,11769
2022,09,202209,충남,여성,80,2419
2022,09,202209,충남,여성,90,557
2022,09,202209,전북,남성,10,269
2022,09,202209,전북,남성,20,15490
2022,09,202209,전북,남성,30,65501
2022,09,202209,전북,남성,40,138836
2022,09,202209,전북,남성,50,188296
2022,09,202209,전북,남성,60,160019
2022,09,202209,전북,남성,70,58848
2022,09,202209,전북,남성,80,10731
2022,09,202209,전북,남성,90,962
2022,09,202209,전북,여성,10,136
2022,09,202209,전북,여성,20,8960
2022,09,202209,전북,여성,30,32775
2022,09,202209,전북,여성,40,55329
2022,09,202209,전북,여성,50,72123
2022,09,202209,전북,여성,60,50136
2022,09,202209,전북,여성,70,11645
2022,09,202209,전북,여성,80,2774
2022,09,202209,전북,여성,90,778
2022,09,202209,전남,남성,10,268
2022,09,202209,전남,남성,20,17028
2022,09,202209,전남,남성,30,69207
2022,09,202209,전남,남성,40,143007
2022,09,202209,전남,남성,50,205690
2022,09,202209,전남,남성,60,178092
2022,09,202209,전남,남성,70,65102
2022,09,202209,전남,남성,80,10756
2022,09,202209,전남,남성,90,914
2022,09,202209,전남,여성,10,127
2022,09,202209,전남,여성,20,8836
2022,09,202209,전남,여성,30,31616
2022,09,202209,전남,여성,40,52932
2022,09,202209,전남,여성,50,70912
2022,09,202209,전남,여성,60,50509
2022,09,202209,전남,여성,70,10827
2022,09,202209,전남,여성,80,2759
2022,09,202209,전남,여성,90,663
2022,09,202209,경북,남성,10,176
2022,09,202209,경북,남성,20,22500
2022,09,202209,경북,남성,30,109039
2022,09,202209,경북,남성,40,217258
2022,09,202209,경북,남성,50,303248
2022,09,202209,경북,남성,60,282373
2022,09,202209,경북,남성,70,101260
2022,09,202209,경북,남성,80,17532
2022,09,202209,경북,남성,90,1160
2022,09,202209,경북,여성,10,94
2022,09,202209,경북,여성,20,11662
2022,09,202209,경북,여성,30,44817
2022,09,202209,경북,여성,40,77790
2022,09,202209,경북,여성,50,104667
2022,09,202209,경북,여성,60,77895
2022,09,202209,경북,여성,70,16928
2022,09,202209,경북,여성,80,3124
2022,09,202209,경북,여성,90,641
2022,09,202209,경남,남성,10,534
2022,09,202209,경남,남성,20,25846
2022,09,202209,경남,남성,30,138251
2022,09,202209,경남,남성,40,282156
2022,09,202209,경남,남성,50,347370
2022,09,202209,경남,남성,60,289152
2022,09,202209,경남,남성,70,88614
2022,09,202209,경남,남성,80,13153
2022,09,202209,경남,남성,90,977
2022,09,202209,경남,여성,10,271
2022,09,202209,경남,여성,20,13236
2022,09,202209,경남,여성,30,57960
2022,09,202209,경남,여성,40,103469
2022,09,202209,경남,여성,50,128266
2022,09,202209,경남,여성,60,83851
2022,09,202209,경남,여성,70,16136
2022,09,202209,경남,여성,80,2987
2022,09,202209,경남,여성,90,686
2022,09,202209,제주,남성,10,147
2022,09,202209,제주,남성,20,5523
2022,09,202209,제주,남성,30,27315
2022,09,202209,제주,남성,40,60303
2022,09,202209,제주,남성,50,70998
2022,09,202209,제주,남성,60,52284
2022,09,202209,제주,남성,70,17944
2022,09,202209,제주,남성,80,3776
2022,09,202209,제주,남성,90,255
2022,09,202209,제주,여성,10,58
2022,09,202209,제주,여성,20,3826
2022,09,202209,제주,여성,30,15885
2022,09,202209,제주,여성,40,28289
2022,09,202209,제주,여성,50,33599
2022,09,202209,제주,여성,60,21410
2022,09,202209,제주,여성,70,4917
2022,09,202209,제주,여성,80,814
2022,09,202209,제주,여성,90,203
2022,10,202210,서울,남성,10,1520
2022,10,202210,서울,남성,20,37060
2022,10,202210,서울,남성,30,294102
2022,10,202210,서울,남성,40,500774
2022,10,202210,서울,남성,50,536279
2022,10,202210,서울,남성,60,438447
2022,10,202210,서울,남성,70,163646
2022,10,202210,서울,남성,80,31137
2022,10,202210,서울,남성,90,3614
2022,10,202210,서울,여성,10,654
2022,10,202210,서울,여성,20,19914
2022,10,202210,서울,여성,30,117325
2022,10,202210,서울,여성,40,186204
2022,10,202210,서울,여성,50,200819
2022,10,202210,서울,여성,60,138301
2022,10,202210,서울,여성,70,38901
2022,10,202210,서울,여성,80,7873
2022,10,202210,서울,여성,90,2071
2022,10,202210,부산,남성,10,447
2022,10,202210,부산,남성,20,19329
2022,10,202210,부산,남성,30,116740
2022,10,202210,부산,남성,40,211218
2022,10,202210,부산,남성,50,227094
2022,10,202210,부산,남성,60,206067
2022,10,202210,부산,남성,70,69031
2022,10,202210,부산,남성,80,10575
2022,10,202210,부산,남성,90,1066
2022,10,202210,부산,여성,10,241
2022,10,202210,부산,여성,20,9388
2022,10,202210,부산,여성,30,46114
2022,10,202210,부산,여성,40,78449
2022,10,202210,부산,여성,50,90369
2022,10,202210,부산,여성,60,63437
2022,10,202210,부산,여성,70,14346
2022,10,202210,부산,여성,80,2525
2022,10,202210,부산,여성,90,548
2022,10,202210,대구,남성,10,166
2022,10,202210,대구,남성,20,17866
2022,10,202210,대구,남성,30,100711
2022,10,202210,대구,남성,40,188141
2022,10,202210,대구,남성,50,228120
2022,10,202210,대구,남성,60,176434
2022,10,202210,대구,남성,70,57214
2022,10,202210,대구,남성,80,9645
2022,10,202210,대구,남성,90,789
2022,10,202210,대구,여성,10,95
2022,10,202210,대구,여성,20,9520
2022,10,202210,대구,여성,30,40773
2022,10,202210,대구,여성,40,71856
2022,10,202210,대구,여성,50,91186
2022,10,202210,대구,여성,60,57018
2022,10,202210,대구,여성,70,12873
2022,10,202210,대구,여성,80,2126
2022,10,202210,대구,여성,90,449
2022,10,202210,인천,남성,10,394
2022,10,202210,인천,남성,20,23978
2022,10,202210,인천,남성,30,131400
2022,10,202210,인천,남성,40,220139
2022,10,202210,인천,남성,50,236373
2022,10,202210,인천,남성,60,183640
2022,10,202210,인천,남성,70,47618
2022,10,202210,인천,남성,80,6899
2022,10,202210,인천,남성,90,622
2022,10,202210,인천,여성,10,220
2022,10,202210,인천,여성,20,11850
2022,10,202210,인천,여성,30,53553
2022,10,202210,인천,여성,40,82955
2022,10,202210,인천,여성,50,94777
2022,10,202210,인천,여성,60,58559
2022,10,202210,인천,여성,70,10428
2022,10,202210,인천,여성,80,1936
2022,10,202210,인천,여성,90,424
2022,10,202210,광주,남성,10,137
2022,10,202210,광주,남성,20,13964
2022,10,202210,광주,남성,30,63212
2022,10,202210,광주,남성,40,116960
2022,10,202210,광주,남성,50,131851
2022,10,202210,광주,남성,60,88553
2022,10,202210,광주,남성,70,27476
2022,10,202210,광주,남성,80,4360
2022,10,202210,광주,남성,90,341
2022,10,202210,광주,여성,10,64
2022,10,202210,광주,여성,20,8974
2022,10,202210,광주,여성,30,32596
2022,10,202210,광주,여성,40,50472
2022,10,202210,광주,여성,50,56165
2022,10,202210,광주,여성,60,30817
2022,10,202210,광주,여성,70,6413
2022,10,202210,광주,여성,80,1158
2022,10,202210,광주,여성,90,316
2022,10,202210,대전,남성,10,248
2022,10,202210,대전,남성,20,13372
2022,10,202210,대전,남성,30,66562
2022,10,202210,대전,남성,40,111953
2022,10,202210,대전,남성,50,132043
2022,10,202210,대전,남성,60,98282
2022,10,202210,대전,남성,70,29416
2022,10,202210,대전,남성,80,4837
2022,10,202210,대전,남성,90,367
2022,10,202210,대전,여성,10,127
2022,10,202210,대전,여성,20,7538
2022,10,202210,대전,여성,30,29401
2022,10,202210,대전,여성,40,46220
2022,10,202210,대전,여성,50,53343
2022,10,202210,대전,여성,60,32700
2022,10,202210,대전,여성,70,6463
2022,10,202210,대전,여성,80,1276
2022,10,202210,대전,여성,90,319
2022,10,202210,울산,남성,10,178
2022,10,202210,울산,남성,20,9733
2022,10,202210,울산,남성,30,52029
2022,10,202210,울산,남성,40,99032
2022,10,202210,울산,남성,50,125229
2022,10,202210,울산,남성,60,100647
2022,10,202210,울산,남성,70,25379
2022,10,202210,울산,남성,80,2962
2022,10,202210,울산,남성,90,208
2022,10,202210,울산,여성,10,72
2022,10,202210,울산,여성,20,4538
2022,10,202210,울산,여성,30,19252
2022,10,202210,울산,여성,40,32399
2022,10,202210,울산,여성,50,38342
2022,10,202210,울산,여성,60,23222
2022,10,202210,울산,여성,70,4227
2022,10,202210,울산,여성,80,662
2022,10,202210,울산,여성,90,178
2022,10,202210,세종,남성,10,71
2022,10,202210,세종,남성,20,2484
2022,10,202210,세종,남성,30,22732
2022,10,202210,세종,남성,40,44269
2022,10,202210,세종,남성,50,34794
2022,10,202210,세종,남성,60,21264
2022,10,202210,세종,남성,70,5555
2022,10,202210,세종,남성,80,854
2022,10,202210,세종,남성,90,54
2022,10,202210,세종,여성,10,29
2022,10,202210,세종,여성,20,1724
2022,10,202210,세종,여성,30,11270
2022,10,202210,세종,여성,40,17114
2022,10,202210,세종,여성,50,12478
2022,10,202210,세종,여성,60,6838
2022,10,202210,세종,여성,70,1218
2022,10,202210,세종,여성,80,226
2022,10,202210,세종,여성,90,42
2022,10,202210,경기,남성,10,2117
2022,10,202210,경기,남성,20,107392
2022,10,202210,경기,남성,30,635620
2022,10,202210,경기,남성,40,1118030
2022,10,202210,경기,남성,50,1176309
2022,10,202210,경기,남성,60,834353
2022,10,202210,경기,남성,70,232554
2022,10,202210,경기,남성,80,42778
2022,10,202210,경기,남성,90,3629
2022,10,202210,경기,여성,10,1030
2022,10,202210,경기,여성,20,53956
2022,10,202210,경기,여성,30,253604
2022,10,202210,경기,여성,40,407672
2022,10,202210,경기,여성,50,465089
2022,10,202210,경기,여성,60,279230
2022,10,202210,경기,여성,70,59016
2022,10,202210,경기,여성,80,11203
2022,10,202210,경기,여성,90,2496
2022,10,202210,강원,남성,10,170
2022,10,202210,강원,남성,20,15989
2022,10,202210,강원,남성,30,64304
2022,10,202210,강원,남성,40,116994
2022,10,202210,강원,남성,50,161226
2022,10,202210,강원,남성,60,149203
2022,10,202210,강원,남성,70,50041
2022,10,202210,강원,남성,80,10750
2022,10,202210,강원,남성,90,618
2022,10,202210,강원,여성,10,93
2022,10,202210,강원,여성,20,8039
2022,10,202210,강원,여성,30,28694
2022,10,202210,강원,여성,40,48856
2022,10,202210,강원,여성,50,64642
2022,10,202210,강원,여성,60,49439
2022,10,202210,강원,여성,70,10552
2022,10,202210,강원,여성,80,1862
2022,10,202210,강원,여성,90,493
2022,10,202210,충북,남성,10,272
2022,10,202210,충북,남성,20,18378
2022,10,202210,충북,남성,30,77995
2022,10,202210,충북,남성,40,132452
2022,10,202210,충북,남성,50,172182
2022,10,202210,충북,남성,60,147115
2022,10,202210,충북,남성,70,45564
2022,10,202210,충북,남성,80,8288
2022,10,202210,충북,남성,90,498
2022,10,202210,충북,여성,10,146
2022,10,202210,충북,여성,20,9678
2022,10,202210,충북,여성,30,33145
2022,10,202210,충북,여성,40,51134
2022,10,202210,충북,여성,50,65279
2022,10,202210,충북,여성,60,43404
2022,10,202210,충북,여성,70,8672
2022,10,202210,충북,여성,80,1659
2022,10,202210,충북,여성,90,318
2022,10,202210,충남,남성,10,270
2022,10,202210,충남,남성,20,22698
2022,10,202210,충남,남성,30,109773
2022,10,202210,충남,남성,40,197627
2022,10,202210,충남,남성,50,227301
2022,10,202210,충남,남성,60,187121
2022,10,202210,충남,남성,70,63636
2022,10,202210,충남,남성,80,11396
2022,10,202210,충남,남성,90,873
2022,10,202210,충남,여성,10,143
2022,10,202210,충남,여성,20,11549
2022,10,202210,충남,여성,30,43510
2022,10,202210,충남,여성,40,67354
2022,10,202210,충남,여성,50,82859
2022,10,202210,충남,여성,60,57197
2022,10,202210,충남,여성,70,11743
2022,10,202210,충남,여성,80,2386
2022,10,202210,충남,여성,90,548
2022,10,202210,전북,남성,10,266
2022,10,202210,전북,남성,20,15793
2022,10,202210,전북,남성,30,65823
2022,10,202210,전북,남성,40,139006
2022,10,202210,전북,남성,50,188604
2022,10,202210,전북,남성,60,159949
2022,10,202210,전북,남성,70,58637
2022,10,202210,전북,남성,80,10575
2022,10,202210,전북,남성,90,948
2022,10,202210,전북,여성,10,137
2022,10,202210,전북,여성,20,9129
2022,10,202210,전북,여성,30,32896
2022,10,202210,전북,여성,40,55539
2022,10,202210,전북,여성,50,72291
2022,10,202210,전북,여성,60,50147
2022,10,202210,전북,여성,70,11602
2022,10,202210,전북,여성,80,2744
2022,10,202210,전북,여성,90,767
2022,10,202210,전남,남성,10,269
2022,10,202210,전남,남성,20,17397
2022,10,202210,전남,남성,30,69567
2022,10,202210,전남,남성,40,143242
2022,10,202210,전남,남성,50,206118
2022,10,202210,전남,남성,60,178210
2022,10,202210,전남,남성,70,64873
2022,10,202210,전남,남성,80,10632
2022,10,202210,전남,남성,90,893
2022,10,202210,전남,여성,10,127
2022,10,202210,전남,여성,20,9001
2022,10,202210,전남,여성,30,31801
2022,10,202210,전남,여성,40,53083
2022,10,202210,전남,여성,50,71113
2022,10,202210,전남,여성,60,50497
2022,10,202210,전남,여성,70,10773
2022,10,202210,전남,여성,80,2721
2022,10,202210,전남,여성,90,657
2022,10,202210,경북,남성,10,175
2022,10,202210,경북,남성,20,23041
2022,10,202210,경북,남성,30,109611
2022,10,202210,경북,남성,40,217579
2022,10,202210,경북,남성,50,303832
2022,10,202210,경북,남성,60,282531
2022,10,202210,경북,남성,70,100925
2022,10,202210,경북,남성,80,17317
2022,10,202210,경북,남성,90,1143
2022,10,202210,경북,여성,10,92
2022,10,202210,경북,여성,20,11878
2022,10,202210,경북,여성,30,45040
2022,10,202210,경북,여성,40,77964
2022,10,202210,경북,여성,50,104876
2022,10,202210,경북,여성,60,77916
2022,10,202210,경북,여성,70,16836
2022,10,202210,경북,여성,80,3091
2022,10,202210,경북,여성,90,637
2022,10,202210,경남,남성,10,535
2022,10,202210,경남,남성,20,26367
2022,10,202210,경남,남성,30,138929
2022,10,202210,경남,남성,40,282555
2022,10,202210,경남,남성,50,347976
2022,10,202210,경남,남성,60,289014
2022,10,202210,경남,남성,70,88318
2022,10,202210,경남,남성,80,12991
2022,10,202210,경남,남성,90,965
2022,10,202210,경남,여성,10,270
2022,10,202210,경남,여성,20,13459
2022,10,202210,경남,여성,30,58244
2022,10,202210,경남,여성,40,103809
2022,10,202210,경남,여성,50,128478
2022,10,202210,경남,여성,60,83762
2022,10,202210,경남,여성,70,16056
2022,10,202210,경남,여성,80,2955
2022,10,202210,경남,여성,90,676
2022,10,202210,제주,남성,10,147
2022,10,202210,제주,남성,20,5620
2022,10,202210,제주,남성,30,27513
2022,10,202210,제주,남성,40,60419
2022,10,202210,제주,남성,50,70973
2022,10,202210,제주,남성,60,52193
2022,10,202210,제주,남성,70,17790
2022,10,202210,제주,남성,80,3727
2022,10,202210,제주,남성,90,252
2022,10,202210,제주,여성,10,58
2022,10,202210,제주,여성,20,3901
2022,10,202210,제주,여성,30,16012
2022,10,202210,제주,여성,40,28351
2022,10,202210,제주,여성,50,33638
2022,10,202210,제주,여성,60,21403
2022,10,202210,제주,여성,70,4882
2022,10,202210,제주,여성,80,798
2022,10,202210,제주,여성,90,199
2022,11,202211,서울,남성,10,1514
2022,11,202211,서울,남성,20,38079
2022,11,202211,서울,남성,30,295801
2022,11,202211,서울,남성,40,500960
2022,11,202211,서울,남성,50,536205
2022,11,202211,서울,남성,60,437550
2022,11,202211,서울,남성,70,162657
2022,11,202211,서울,남성,80,30794
2022,11,202211,서울,남성,90,3605
2022,11,202211,서울,여성,10,653
2022,11,202211,서울,여성,20,20402
2022,11,202211,서울,여성,30,118073
2022,11,202211,서울,여성,40,186568
2022,11,202211,서울,여성,50,200977
2022,11,202211,서울,여성,60,137920
2022,11,202211,서울,여성,70,38637
2022,11,202211,서울,여성,80,7794
2022,11,202211,서울,여성,90,2068
2022,11,202211,부산,남성,10,455
2022,11,202211,부산,남성,20,19809
2022,11,202211,부산,남성,30,117403
2022,11,202211,부산,남성,40,211456
2022,11,202211,부산,남성,50,227278
2022,11,202211,부산,남성,60,205836
2022,11,202211,부산,남성,70,68608
2022,11,202211,부산,남성,80,10444
2022,11,202211,부산,남성,90,1057
2022,11,202211,부산,여성,10,241
2022,11,202211,부산,여성,20,9594
2022,11,202211,부산,여성,30,46376
2022,11,202211,부산,여성,40,78603
2022,11,202211,부산,여성,50,90555
2022,11,202211,부산,여성,60,63286
2022,11,202211,부산,여성,70,14273
2022,11,202211,부산,여성,80,2481
2022,11,202211,부산,여성,90,535
2022,11,202211,대구,남성,10,166
2022,11,202211,대구,남성,20,18248
2022,11,202211,대구,남성,30,101602
2022,11,202211,대구,남성,40,189175
2022,11,202211,대구,남성,50,228411
2022,11,202211,대구,남성,60,176059
2022,11,202211,대구,남성,70,56868
2022,11,202211,대구,남성,80,9488
2022,11,202211,대구,남성,90,780
2022,11,202211,대구,여성,10,98
2022,11,202211,대구,여성,20,9775
2022,11,202211,대구,여성,30,41072
2022,11,202211,대구,여성,40,72204
2022,11,202211,대구,여성,50,91344
2022,11,202211,대구,여성,60,56898
2022,11,202211,대구,여성,70,12780
2022,11,202211,대구,여성,80,2097
2022,11,202211,대구,여성,90,443
2022,11,202211,인천,남성,10,399
2022,11,202211,인천,남성,20,24558
2022,11,202211,인천,남성,30,132434
2022,11,202211,인천,남성,40,220709
2022,11,202211,인천,남성,50,236791
2022,11,202211,인천,남성,60,183483
2022,11,202211,인천,남성,70,47411
2022,11,202211,인천,남성,80,6826
2022,11,202211,인천,남성,90,611
2022,11,202211,인천,여성,10,221
2022,11,202211,인천,여성,20,12111
2022,11,202211,인천,여성,30,54009
2022,11,202211,인천,여성,40,83234
2022,11,202211,인천,여성,50,95015
2022,11,202211,인천,여성,60,58561
2022,11,202211,인천,여성,70,10375
2022,11,202211,인천,여성,80,1919
2022,11,202211,인천,여성,90,415
2022,11,202211,광주,남성,10,136
2022,11,202211,광주,남성,20,14289
2022,11,202211,광주,남성,30,63569
2022,11,202211,광주,남성,40,117113
2022,11,202211,광주,남성,50,131909
2022,11,202211,광주,남성,60,88378
2022,11,202211,광주,남성,70,27303
2022,11,202211,광주,남성,80,4320
2022,11,202211,광주,남성,90,332
2022,11,202211,광주,여성,10,66
2022,11,202211,광주,여성,20,9183
2022,11,202211,광주,여성,30,32778
2022,11,202211,광주,여성,40,50605
2022,11,202211,광주,여성,50,56230
2022,11,202211,광주,여성,60,30747
2022,11,202211,광주,여성,70,6376
2022,11,202211,광주,여성,80,1138
2022,11,202211,광주,여성,90,309
2022,11,202211,대전,남성,10,249
2022,11,202211,대전,남성,20,13699
2022,11,202211,대전,남성,30,66979
2022,11,202211,대전,남성,40,112194
2022,11,202211,대전,남성,50,132153
2022,11,202211,대전,남성,60,98130
2022,11,202211,대전,남성,70,29272
2022,11,202211,대전,남성,80,4760
2022,11,202211,대전,남성,90,358
2022,11,202211,대전,여성,10,128
2022,11,202211,대전,여성,20,7716
2022,11,202211,대전,여성,30,29560
2022,11,202211,대전,여성,40,46336
2022,11,202211,대전,여성,50,53468
2022,11,202211,대전,여성,60,32660
2022,11,202211,대전,여성,70,6417
2022,11,202211,대전,여성,80,1266
2022,11,202211,대전,여성,90,309
2022,11,202211,울산,남성,10,177
2022,11,202211,울산,남성,20,9962
2022,11,202211,울산,남성,30,52318
2022,11,202211,울산,남성,40,99273
2022,11,202211,울산,남성,50,125462
2022,11,202211,울산,남성,60,100433
2022,11,202211,울산,남성,70,25242
2022,11,202211,울산,남성,80,2910
2022,11,202211,울산,남성,90,205
2022,11,202211,울산,여성,10,73
2022,11,202211,울산,여성,20,4636
2022,11,202211,울산,여성,30,19351
2022,11,202211,울산,여성,40,32447
2022,11,202211,울산,여성,50,38441
2022,11,202211,울산,여성,60,23226
2022,11,202211,울산,여성,70,4205
2022,11,202211,울산,여성,80,653
2022,11,202211,울산,여성,90,178
2022,11,202211,세종,남성,10,69
2022,11,202211,세종,남성,20,2547
2022,11,202211,세종,남성,30,22884
2022,11,202211,세종,남성,40,44332
2022,11,202211,세종,남성,50,34792
2022,11,202211,세종,남성,60,21218
2022,11,202211,세종,남성,70,5526
2022,11,202211,세종,남성,80,845
2022,11,202211,세종,남성,90,52
2022,11,202211,세종,여성,10,31
2022,11,202211,세종,여성,20,1774
2022,11,202211,세종,여성,30,11358
2022,11,202211,세종,여성,40,17134
2022,11,202211,세종,여성,50,12480
2022,11,202211,세종,여성,60,6823
2022,11,202211,세종,여성,70,1201
2022,11,202211,세종,여성,80,218
2022,11,202211,세종,여성,90,41
2022,11,202211,경기,남성,10,2136
2022,11,202211,경기,남성,20,110091
2022,11,202211,경기,남성,30,640060
2022,11,202211,경기,남성,40,1120346
2022,11,202211,경기,남성,50,1178303
2022,11,202211,경기,남성,60,833751
2022,11,202211,경기,남성,70,231625
2022,11,202211,경기,남성,80,42311
2022,11,202211,경기,남성,90,3573
2022,11,202211,경기,여성,10,1032
2022,11,202211,경기,여성,20,55191
2022,11,202211,경기,여성,30,255630
2022,11,202211,경기,여성,40,408851
2022,11,202211,경기,여성,50,466015
2022,11,202211,경기,여성,60,279154
2022,11,202211,경기,여성,70,58783
2022,11,202211,경기,여성,80,11092
2022,11,202211,경기,여성,90,2466
2022,11,202211,강원,남성,10,172
2022,11,202211,강원,남성,20,16407
2022,11,202211,강원,남성,30,64748
2022,11,202211,강원,남성,40,117382
2022,11,202211,강원,남성,50,161623
2022,11,202211,강원,남성,60,149111
2022,11,202211,강원,남성,70,49818
2022,11,202211,강원,남성,80,10594
2022,11,202211,강원,남성,90,605
2022,11,202211,강원,여성,10,94
2022,11,202211,강원,여성,20,8217
2022,11,202211,강원,여성,30,28952
2022,11,202211,강원,여성,40,49045
2022,11,202211,강원,여성,50,64867
2022,11,202211,강원,여성,60,49439
2022,11,202211,강원,여성,70,10498
2022,11,202211,강원,여성,80,1834
2022,11,202211,강원,여성,90,490
2022,11,202211,충북,남성,10,276
2022,11,202211,충북,남성,20,18785
2022,11,202211,충북,남성,30,78420
2022,11,202211,충북,남성,40,132679
2022,11,202211,충북,남성,50,172639
2022,11,202211,충북,남성,60,147208
2022,11,202211,충북,남성,70,45369
2022,11,202211,충북,남성,80,8208
2022,11,202211,충북,남성,90,487
2022,11,202211,충북,여성,10,149
2022,11,202211,충북,여성,20,9898
2022,11,202211,충북,여성,30,33323
2022,11,202211,충북,여성,40,51353
2022,11,202211,충북,여성,50,65490
2022,11,202211,충북,여성,60,43406
2022,11,202211,충북,여성,70,8634
2022,11,202211,충북,여성,80,1644
2022,11,202211,충북,여성,90,318
2022,11,202211,충남,남성,10,271
2022,11,202211,충남,남성,20,23307
2022,11,202211,충남,남성,30,110411
2022,11,202211,충남,남성,40,198325
2022,11,202211,충남,남성,50,227962
2022,11,202211,충남,남성,60,187255
2022,11,202211,충남,남성,70,63423
2022,11,202211,충남,남성,80,11281
2022,11,202211,충남,남성,90,864
2022,11,202211,충남,여성,10,146
2022,11,202211,충남,여성,20,11790
2022,11,202211,충남,여성,30,43833
2022,11,202211,충남,여성,40,67640
2022,11,202211,충남,여성,50,83063
2022,11,202211,충남,여성,60,57321
2022,11,202211,충남,여성,70,11697
2022,11,202211,충남,여성,80,2356
2022,11,202211,충남,여성,90,535
2022,11,202211,전북,남성,10,272
2022,11,202211,전북,남성,20,16087
2022,11,202211,전북,남성,30,66165
2022,11,202211,전북,남성,40,139403
2022,11,202211,전북,남성,50,189073
2022,11,202211,전북,남성,60,159881
2022,11,202211,전북,남성,70,58414
2022,11,202211,전북,남성,80,10448
2022,11,202211,전북,남성,90,944
2022,11,202211,전북,여성,10,139
2022,11,202211,전북,여성,20,9336
2022,11,202211,전북,여성,30,33103
2022,11,202211,전북,여성,40,55714
2022,11,202211,전북,여성,50,72500
2022,11,202211,전북,여성,60,50120
2022,11,202211,전북,여성,70,11562
2022,11,202211,전북,여성,80,2699
2022,11,202211,전북,여성,90,747
2022,11,202211,전남,남성,10,272
2022,11,202211,전남,남성,20,17817
2022,11,202211,전남,남성,30,69946
2022,11,202211,전남,남성,40,143727
2022,11,202211,전남,남성,50,206688
2022,11,202211,전남,남성,60,178276
2022,11,202211,전남,남성,70,64641
2022,11,202211,전남,남성,80,10502
2022,11,202211,전남,남성,90,877
2022,11,202211,전남,여성,10,128
2022,11,202211,전남,여성,20,9252
2022,11,202211,전남,여성,30,31995
2022,11,202211,전남,여성,40,53231
2022,11,202211,전남,여성,50,71293
2022,11,202211,전남,여성,60,50528
2022,11,202211,전남,여성,70,10742
2022,11,202211,전남,여성,80,2694
2022,11,202211,전남,여성,90,646
2022,11,202211,경북,남성,10,180
2022,11,202211,경북,남성,20,23622
2022,11,202211,경북,남성,30,110188
2022,11,202211,경북,남성,40,218208
2022,11,202211,경북,남성,50,304612
2022,11,202211,경북,남성,60,282629
2022,11,202211,경북,남성,70,100552
2022,11,202211,경북,남성,80,17120
2022,11,202211,경북,남성,90,1137
2022,11,202211,경북,여성,10,93
2022,11,202211,경북,여성,20,12128
2022,11,202211,경북,여성,30,45341
2022,11,202211,경북,여성,40,78263
2022,11,202211,경북,여성,50,105194
2022,11,202211,경북,여성,60,77988
2022,11,202211,경북,여성,70,16753
2022,11,202211,경북,여성,80,3047
2022,11,202211,경북,여성,90,634
2022,11,202211,경남,남성,10,542
2022,11,202211,경남,남성,20,27022
2022,11,202211,경남,남성,30,139750
2022,11,202211,경남,남성,40,282902
2022,11,202211,경남,남성,50,348484
2022,11,202211,경남,남성,60,288872
2022,11,202211,경남,남성,70,87909
2022,11,202211,경남,남성,80,12817
2022,11,202211,경남,남성,90,958
2022,11,202211,경남,여성,10,276
2022,11,202211,경남,여성,20,13715
2022,11,202211,경남,여성,30,58614
2022,11,202211,경남,여성,40,104209
2022,11,202211,경남,여성,50,128798
2022,11,202211,경남,여성,60,83737
2022,11,202211,경남,여성,70,15996
2022,11,202211,경남,여성,80,2912
2022,11,202211,경남,여성,90,674
2022,11,202211,제주,남성,10,148
2022,11,202211,제주,남성,20,5745
2022,11,202211,제주,남성,30,27738
2022,11,202211,제주,남성,40,60614
2022,11,202211,제주,남성,50,71154
2022,11,202211,제주,남성,60,52168
2022,11,202211,제주,남성,70,17723
2022,11,202211,제주,남성,80,3687
2022,11,202211,제주,남성,90,249
2022,11,202211,제주,여성,10,60
2022,11,202211,제주,여성,20,3974
2022,11,202211,제주,여성,30,16093
2022,11,202211,제주,여성,40,28495
2022,11,202211,제주,여성,50,33727
2022,11,202211,제주,여성,60,21418
2022,11,202211,제주,여성,70,4858
2022,11,202211,제주,여성,80,792
2022,11,202211,제주,여성,90,195
2022,12,202212,서울,남성,10,1479
2022,12,202212,서울,남성,20,39039
2022,12,202212,서울,남성,30,297173
2022,12,202212,서울,남성,40,500886
2022,12,202212,서울,남성,50,535946
2022,12,202212,서울,남성,60,436431
2022,12,202212,서울,남성,70,161712
2022,12,202212,서울,남성,80,30429
2022,12,202212,서울,남성,90,3563
2022,12,202212,서울,여성,10,653
2022,12,202212,서울,여성,20,20855
2022,12,202212,서울,여성,30,118679
2022,12,202212,서울,여성,40,186798
2022,12,202212,서울,여성,50,200884
2022,12,202212,서울,여성,60,137592
2022,12,202212,서울,여성,70,38389
2022,12,202212,서울,여성,80,7691
2022,12,202212,서울,여성,90,2043
2022,12,202212,부산,남성,10,462
2022,12,202212,부산,남성,20,20310
2022,12,202212,부산,남성,30,117880
2022,12,202212,부산,남성,40,211497
2022,12,202212,부산,남성,50,227164
2022,12,202212,부산,남성,60,205393
2022,12,202212,부산,남성,70,68137
2022,12,202212,부산,남성,80,10289
2022,12,202212,부산,남성,90,1049
2022,12,202212,부산,여성,10,246
2022,12,202212,부산,여성,20,9814
2022,12,202212,부산,여성,30,46667
2022,12,202212,부산,여성,40,78785
2022,12,202212,부산,여성,50,90649
2022,12,202212,부산,여성,60,63115
2022,12,202212,부산,여성,70,14190
2022,12,202212,부산,여성,80,2456
2022,12,202212,부산,여성,90,529
2022,12,202212,대구,남성,10,169
2022,12,202212,대구,남성,20,18664
2022,12,202212,대구,남성,30,102101
2022,12,202212,대구,남성,40,189294
2022,12,202212,대구,남성,50,228517
2022,12,202212,대구,남성,60,175561
2022,12,202212,대구,남성,70,56489
2022,12,202212,대구,남성,80,9357
2022,12,202212,대구,남성,90,770
2022,12,202212,대구,여성,10,99
2022,12,202212,대구,여성,20,9935
2022,12,202212,대구,여성,30,41272
2022,12,202212,대구,여성,40,72344
2022,12,202212,대구,여성,50,91464
2022,12,202212,대구,여성,60,56808
2022,12,202212,대구,여성,70,12720
2022,12,202212,대구,여성,80,2063
2022,12,202212,대구,여성,90,436
2022,12,202212,인천,남성,10,396
2022,12,202212,인천,남성,20,25041
2022,12,202212,인천,남성,30,133360
2022,12,202212,인천,남성,40,221294
2022,12,202212,인천,남성,50,237080
2022,12,202212,인천,남성,60,183141
2022,12,202212,인천,남성,70,47146
2022,12,202212,인천,남성,80,6714
2022,12,202212,인천,남성,90,606
2022,12,202212,인천,여성,10,221
2022,12,202212,인천,여성,20,12367
2022,12,202212,인천,여성,30,54447
2022,12,202212,인천,여성,40,83534
2022,12,202212,인천,여성,50,95119
2022,12,202212,인천,여성,60,58463
2022,12,202212,인천,여성,70,10330
2022,12,202212,인천,여성,80,1896
2022,12,202212,인천,여성,90,413
2022,12,202212,광주,남성,10,139
2022,12,202212,광주,남성,20,14606
2022,12,202212,광주,남성,30,63952
2022,12,202212,광주,남성,40,117268
2022,12,202212,광주,남성,50,131846
2022,12,202212,광주,남성,60,88168
2022,12,202212,광주,남성,70,27185
2022,12,202212,광주,남성,80,4275
2022,12,202212,광주,남성,90,324
2022,12,202212,광주,여성,10,66
2022,12,202212,광주,여성,20,9370
2022,12,202212,광주,여성,30,32941
2022,12,202212,광주,여성,40,50720
2022,12,202212,광주,여성,50,56322
2022,12,202212,광주,여성,60,30654
2022,12,202212,광주,여성,70,6329
2022,12,202212,광주,여성,80,1120
2022,12,202212,광주,여성,90,308
2022,12,202212,대전,남성,10,242
2022,12,202212,대전,남성,20,13987
2022,12,202212,대전,남성,30,67350
2022,12,202212,대전,남성,40,112292
2022,12,202212,대전,남성,50,132170
2022,12,202212,대전,남성,60,97987
2022,12,202212,대전,남성,70,29112
2022,12,202212,대전,남성,80,4686
2022,12,202212,대전,남성,90,352
2022,12,202212,대전,여성,10,129
2022,12,202212,대전,여성,20,7844
2022,12,202212,대전,여성,30,29811
2022,12,202212,대전,여성,40,46430
2022,12,202212,대전,여성,50,53483
2022,12,202212,대전,여성,60,32585
2022,12,202212,대전,여성,70,6375
2022,12,202212,대전,여성,80,1247
2022,12,202212,대전,여성,90,301
2022,12,202212,울산,남성,10,178
2022,12,202212,울산,남성,20,10199
2022,12,202212,울산,남성,30,52576
2022,12,202212,울산,남성,40,99214
2022,12,202212,울산,남성,50,125593
2022,12,202212,울산,남성,60,100148
2022,12,202212,울산,남성,70,25090
2022,12,202212,울산,남성,80,2859
2022,12,202212,울산,남성,90,202
2022,12,202212,울산,여성,10,74
2022,12,202212,울산,여성,20,4720
2022,12,202212,울산,여성,30,19458
2022,12,202212,울산,여성,40,32534
2022,12,202212,울산,여성,50,38460
2022,12,202212,울산,여성,60,23184
2022,12,202212,울산,여성,70,4186
2022,12,202212,울산,여성,80,643
2022,12,202212,울산,여성,90,176
2022,12,202212,세종,남성,10,70
2022,12,202212,세종,남성,20,2624
2022,12,202212,세종,남성,30,23121
2022,12,202212,세종,남성,40,44443
2022,12,202212,세종,남성,50,34830
2022,12,202212,세종,남성,60,21130
2022,12,202212,세종,남성,70,5505
2022,12,202212,세종,남성,80,835
2022,12,202212,세종,남성,90,49
2022,12,202212,세종,여성,10,30
2022,12,202212,세종,여성,20,1831
2022,12,202212,세종,여성,30,11442
2022,12,202212,세종,여성,40,17138
2022,12,202212,세종,여성,50,12508
2022,12,202212,세종,여성,60,6789
2022,12,202212,세종,여성,70,1198
2022,12,202212,세종,여성,80,215
2022,12,202212,세종,여성,90,41
2022,12,202212,경기,남성,10,2149
2022,12,202212,경기,남성,20,112905
2022,12,202212,경기,남성,30,644502
2022,12,202212,경기,남성,40,1122585
2022,12,202212,경기,남성,50,1179755
2022,12,202212,경기,남성,60,833046
2022,12,202212,경기,남성,70,230685
2022,12,202212,경기,남성,80,41782
2022,12,202212,경기,남성,90,3520
2022,12,202212,경기,여성,10,1034
2022,12,202212,경기,여성,20,56413
2022,12,202212,경기,여성,30,257739
2022,12,202212,경기,여성,40,409845
2022,12,202212,경기,여성,50,466923
2022,12,202212,경기,여성,60,278815
2022,12,202212,경기,여성,70,58488
2022,12,202212,경기,여성,80,10980
2022,12,202212,경기,여성,90,2435
2022,12,202212,강원,남성,10,174
2022,12,202212,강원,남성,20,16790
2022,12,202212,강원,남성,30,65118
2022,12,202212,강원,남성,40,117522
2022,12,202212,강원,남성,50,161921
2022,12,202212,강원,남성,60,148997
2022,12,202212,강원,남성,70,49635
2022,12,202212,강원,남성,80,10448
2022,12,202212,강원,남성,90,599
2022,12,202212,강원,여성,10,96
2022,12,202212,강원,여성,20,8395
2022,12,202212,강원,여성,30,29124
2022,12,202212,강원,여성,40,49220
2022,12,202212,강원,여성,50,65021
2022,12,202212,강원,여성,60,49420
2022,12,202212,강원,여성,70,10445
2022,12,202212,강원,여성,80,1806
2022,12,202212,강원,여성,90,488
2022,12,202212,충북,남성,10,278
2022,12,202212,충북,남성,20,19170
2022,12,202212,충북,남성,30,78822
2022,12,202212,충북,남성,40,132850
2022,12,202212,충북,남성,50,172930
2022,12,202212,충북,남성,60,147143
2022,12,202212,충북,남성,70,45241
2022,12,202212,충북,남성,80,8098
2022,12,202212,충북,남성,90,481
2022,12,202212,충북,여성,10,148
2022,12,202212,충북,여성,20,10089
2022,12,202212,충북,여성,30,33460
2022,12,202212,충북,여성,40,51591
2022,12,202212,충북,여성,50,65704
2022,12,202212,충북,여성,60,43356
2022,12,202212,충북,여성,70,8609
2022,12,202212,충북,여성,80,1622
2022,12,202212,충북,여성,90,313
2022,12,202212,충남,남성,10,272
2022,12,202212,충남,남성,20,23789
2022,12,202212,충남,남성,30,110978
2022,12,202212,충남,남성,40,198803
2022,12,202212,충남,남성,50,228293
2022,12,202212,충남,남성,60,187283
2022,12,202212,충남,남성,70,63184
2022,12,202212,충남,남성,80,11153
2022,12,202212,충남,남성,90,852
2022,12,202212,충남,여성,10,146
2022,12,202212,충남,여성,20,12039
2022,12,202212,충남,여성,30,44089
2022,12,202212,충남,여성,40,67833
2022,12,202212,충남,여성,50,83283
2022,12,202212,충남,여성,60,57305
2022,12,202212,충남,여성,70,11670
2022,12,202212,충남,여성,80,2327
2022,12,202212,충남,여성,90,531
2022,12,202212,전북,남성,10,274
2022,12,202212,전북,남성,20,16367
2022,12,202212,전북,남성,30,66473
2022,12,202212,전북,남성,40,139624
2022,12,202212,전북,남성,50,189493
2022,12,202212,전북,남성,60,159747
2022,12,202212,전북,남성,70,58167
2022,12,202212,전북,남성,80,10306
2022,12,202212,전북,남성,90,937
2022,12,202212,전북,여성,10,140
2022,12,202212,전북,여성,20,9523
2022,12,202212,전북,여성,30,33282
2022,12,202212,전북,여성,40,55928
2022,12,202212,전북,여성,50,72675
2022,12,202212,전북,여성,60,50124
2022,12,202212,전북,여성,70,11512
2022,12,202212,전북,여성,80,2648
2022,12,202212,전북,여성,90,739
2022,12,202212,전남,남성,10,273
2022,12,202212,전남,남성,20,18211
2022,12,202212,전남,남성,30,70427
2022,12,202212,전남,남성,40,144217
2022,12,202212,전남,남성,50,207138
2022,12,202212,전남,남성,60,178264
2022,12,202212,전남,남성,70,64427
2022,12,202212,전남,남성,80,10357
2022,12,202212,전남,남성,90,853
2022,12,202212,전남,여성,10,133
2022,12,202212,전남,여성,20,9419
2022,12,202212,전남,여성,30,32213
2022,12,202212,전남,여성,40,53456
2022,12,202212,전남,여성,50,71512
2022,12,202212,전남,여성,60,50519
2022,12,202212,전남,여성,70,10700
2022,12,202212,전남,여성,80,2666
2022,12,202212,전남,여성,90,635
2022,12,202212,경북,남성,10,182
2022,12,202212,경북,남성,20,24143
2022,12,202212,경북,남성,30,110774
2022,12,202212,경북,남성,40,218642
2022,12,202212,경북,남성,50,305103
2022,12,202212,경북,남성,60,282428
2022,12,202212,경북,남성,70,100132
2022,12,202212,경북,남성,80,16884
2022,12,202212,경북,남성,90,1113
2022,12,202212,경북,여성,10,90
2022,12,202212,경북,여성,20,12373
2022,12,202212,경북,여성,30,45620
2022,12,202212,경북,여성,40,78467
2022,12,202212,경북,여성,50,105543
2022,12,202212,경북,여성,60,77945
2022,12,202212,경북,여성,70,16681
2022,12,202212,경북,여성,80,3015
2022,12,202212,경북,여성,90,623
2022,12,202212,경남,남성,10,547
2022,12,202212,경남,남성,20,27553
2022,12,202212,경남,남성,30,140438
2022,12,202212,경남,남성,40,283357
2022,12,202212,경남,남성,50,349000
2022,12,202212,경남,남성,60,288634
2022,12,202212,경남,남성,70,87539
2022,12,202212,경남,남성,80,12630
2022,12,202212,경남,남성,90,942
2022,12,202212,경남,여성,10,279
2022,12,202212,경남,여성,20,14005
2022,12,202212,경남,여성,30,58847
2022,12,202212,경남,여성,40,104514
2022,12,202212,경남,여성,50,129134
2022,12,202212,경남,여성,60,83673
2022,12,202212,경남,여성,70,15933
2022,12,202212,경남,여성,80,2883
2022,12,202212,경남,여성,90,668
2022,12,202212,제주,남성,10,150
2022,12,202212,제주,남성,20,5860
2022,12,202212,제주,남성,30,27848
2022,12,202212,제주,남성,40,60675
2022,12,202212,제주,남성,50,71219
2022,12,202212,제주,남성,60,52080
2022,12,202212,제주,남성,70,17678
2022,12,202212,제주,남성,80,3654
2022,12,202212,제주,남성,90,246
2022,12,202212,제주,여성,10,60
2022,12,202212,제주,여성,20,4039
2022,12,202212,제주,여성,30,16124
2022,12,202212,제주,여성,40,28543
2022,12,202212,제주,여성,50,33801
2022,12,202212,제주,여성,60,21408
2022,12,202212,제주,여성,70,4836
2022,12,202212,제주,여성,80,788
2022,12,202212,제주,여성,90,194
2023,01,202301,서울,남성,10,1364
2023,01,202301,서울,남성,20,27525
2023,01,202301,서울,남성,30,270679
2023,01,202301,서울,남성,40,488501
2023,01,202301,서울,남성,50,540753
2023,01,202301,서울,남성,60,454566
2023,01,202301,서울,남성,70,184218
2023,01,202301,서울,남성,80,37009
2023,01,202301,서울,남성,90,4273
2023,01,202301,서울,여성,10,587
2023,01,202301,서울,여성,20,15047
2023,01,202301,서울,여성,30,110679
2023,01,202301,서울,여성,40,181861
2023,01,202301,서울,여성,50,203247
2023,01,202301,서울,여성,60,147293
2023,01,202301,서울,여성,70,44554
2023,01,202301,서울,여성,80,8895
2023,01,202301,서울,여성,90,2328
2023,01,202301,부산,남성,10,424
2023,01,202301,부산,남성,20,14719
2023,01,202301,부산,남성,30,108685
2023,01,202301,부산,남성,40,205426
2023,01,202301,부산,남성,50,227849
2023,01,202301,부산,남성,60,212549
2023,01,202301,부산,남성,70,79281
2023,01,202301,부산,남성,80,12915
2023,01,202301,부산,남성,90,1273
2023,01,202301,부산,여성,10,220
2023,01,202301,부산,여성,20,7233
2023,01,202301,부산,여성,30,43822
2023,01,202301,부산,여성,40,76319
2023,01,202301,부산,여성,50,91147
2023,01,202301,부산,여성,60,68108
2023,01,202301,부산,여성,70,16741
2023,01,202301,부산,여성,80,2859
2023,01,202301,부산,여성,90,627
2023,01,202301,대구,남성,10,140
2023,01,202301,대구,남성,20,13781
2023,01,202301,대구,남성,30,94196
2023,01,202301,대구,남성,40,181487
2023,01,202301,대구,남성,50,228830
2023,01,202301,대구,남성,60,186416
2023,01,202301,대구,남성,70,64607
2023,01,202301,대구,남성,80,11473
2023,01,202301,대구,남성,90,997
2023,01,202301,대구,여성,10,87
2023,01,202301,대구,여성,20,7394
2023,01,202301,대구,여성,30,39293
2023,01,202301,대구,여성,40,69089
2023,01,202301,대구,여성,50,91949
2023,01,202301,대구,여성,60,62334
2023,01,202301,대구,여성,70,14878
2023,01,202301,대구,여성,80,2425
2023,01,202301,대구,여성,90,519
2023,01,202301,인천,남성,10,354
2023,01,202301,인천,남성,20,18240
2023,01,202301,인천,남성,30,123940
2023,01,202301,인천,남성,40,216670
2023,01,202301,인천,남성,50,237429
2023,01,202301,인천,남성,60,195797
2023,01,202301,인천,남성,70,55603
2023,01,202301,인천,남성,80,8337
2023,01,202301,인천,남성,90,761
2023,01,202301,인천,여성,10,201
2023,01,202301,인천,여성,20,9141
2023,01,202301,인천,여성,30,51399
2023,01,202301,인천,여성,40,81813
2023,01,202301,인천,여성,50,95717
2023,01,202301,인천,여성,60,64238
2023,01,202301,인천,여성,70,12719
2023,01,202301,인천,여성,80,2127
2023,01,202301,인천,여성,90,500
2023,01,202301,광주,남성,10,123
2023,01,202301,광주,남성,20,10894
2023,01,202301,광주,남성,30,59778
2023,01,202301,광주,남성,40,112973
2023,01,202301,광주,남성,50,133223
2023,01,202301,광주,남성,60,94829
2023,01,202301,광주,남성,70,30848
2023,01,202301,광주,남성,80,5342
2023,01,202301,광주,남성,90,399
2023,01,202301,광주,여성,10,64
2023,01,202301,광주,여성,20,7140
2023,01,202301,광주,여성,30,31570
2023,01,202301,광주,여성,40,49157
2023,01,202301,광주,여성,50,57506
2023,01,202301,광주,여성,60,33764
2023,01,202301,광주,여성,70,7524
2023,01,202301,광주,여성,80,1294
2023,01,202301,광주,여성,90,345
2023,01,202301,대전,남성,10,214
2023,01,202301,대전,남성,20,10370
2023,01,202301,대전,남성,30,63253
2023,01,202301,대전,남성,40,108494
2023,01,202301,대전,남성,50,132633
2023,01,202301,대전,남성,60,104203
2023,01,202301,대전,남성,70,33736
2023,01,202301,대전,남성,80,5828
2023,01,202301,대전,남성,90,445
2023,01,202301,대전,여성,10,111
2023,01,202301,대전,여성,20,5901
2023,01,202301,대전,여성,30,28759
2023,01,202301,대전,여성,40,44660
2023,01,202301,대전,여성,50,54266
2023,01,202301,대전,여성,60,35649
2023,01,202301,대전,여성,70,7719
2023,01,202301,대전,여성,80,1397
2023,01,202301,대전,여성,90,362
2023,01,202301,울산,남성,10,158
2023,01,202301,울산,남성,20,7742
2023,01,202301,울산,남성,30,48328
2023,01,202301,울산,남성,40,96409
2023,01,202301,울산,남성,50,122908
2023,01,202301,울산,남성,60,108067
2023,01,202301,울산,남성,70,29583
2023,01,202301,울산,남성,80,3690
2023,01,202301,울산,남성,90,250
2023,01,202301,울산,여성,10,57
2023,01,202301,울산,여성,20,3541
2023,01,202301,울산,여성,30,18521
2023,01,202301,울산,여성,40,31457
2023,01,202301,울산,여성,50,38829
2023,01,202301,울산,여성,60,25419
2023,01,202301,울산,여성,70,5092
2023,01,202301,울산,여성,80,764
2023,01,202301,울산,여성,90,207
2023,01,202301,세종,남성,10,58
2023,01,202301,세종,남성,20,1855
2023,01,202301,세종,남성,30,20652
2023,01,202301,세종,남성,40,43698
2023,01,202301,세종,남성,50,36518
2023,01,202301,세종,남성,60,22605
2023,01,202301,세종,남성,70,6565
2023,01,202301,세종,남성,80,1030
2023,01,202301,세종,남성,90,68
2023,01,202301,세종,여성,10,26
2023,01,202301,세종,여성,20,1273
2023,01,202301,세종,여성,30,10743
2023,01,202301,세종,여성,40,17116
2023,01,202301,세종,여성,50,13052
2023,01,202301,세종,여성,60,7475
2023,01,202301,세종,여성,70,1476
2023,01,202301,세종,여성,80,240
2023,01,202301,세종,여성,90,50
2023,01,202301,경기,남성,10,1951
2023,01,202301,경기,남성,20,82471
2023,01,202301,경기,남성,30,594964
2023,01,202301,경기,남성,40,1093751
2023,01,202301,경기,남성,50,1189849
2023,01,202301,경기,남성,60,894732
2023,01,202301,경기,남성,70,268112
2023,01,202301,경기,남성,80,50647
2023,01,202301,경기,남성,90,4420
2023,01,202301,경기,여성,10,917
2023,01,202301,경기,여성,20,41853
2023,01,202301,경기,여성,30,242766
2023,01,202301,경기,여성,40,398378
2023,01,202301,경기,여성,50,472389
2023,01,202301,경기,여성,60,306351
2023,01,202301,경기,여성,70,69636
2023,01,202301,경기,여성,80,12802
2023,01,202301,경기,여성,90,2863
2023,01,202301,강원,남성,10,152
2023,01,202301,강원,남성,20,12658
2023,01,202301,강원,남성,30,61734
2023,01,202301,강원,남성,40,111589
2023,01,202301,강원,남성,50,160926
2023,01,202301,강원,남성,60,154958
2023,01,202301,강원,남성,70,57081
2023,01,202301,강원,남성,80,12767
2023,01,202301,강원,남성,90,774
2023,01,202301,강원,여성,10,87
2023,01,202301,강원,여성,20,6458
2023,01,202301,강원,여성,30,27988
2023,01,202301,강원,여성,40,46830
2023,01,202301,강원,여성,50,65125
2023,01,202301,강원,여성,60,52895
2023,01,202301,강원,여성,70,12676
2023,01,202301,강원,여성,80,2145
2023,01,202301,강원,여성,90,543
2023,01,202301,충북,남성,10,232
2023,01,202301,충북,남성,20,14616
2023,01,202301,충북,남성,30,74000
2023,01,202301,충북,남성,40,128072
2023,01,202301,충북,남성,50,172259
2023,01,202301,충북,남성,60,154766
2023,01,202301,충북,남성,70,52396
2023,01,202301,충북,남성,80,9840
2023,01,202301,충북,남성,90,596
2023,01,202301,충북,여성,10,136
2023,01,202301,충북,여성,20,7695
2023,01,202301,충북,여성,30,32271
2023,01,202301,충북,여성,40,49523
2023,01,202301,충북,여성,50,66355
2023,01,202301,충북,여성,60,47110
2023,01,202301,충북,여성,70,10518
2023,01,202301,충북,여성,80,1802
2023,01,202301,충북,여성,90,382
2023,01,202301,충남,남성,10,244
2023,01,202301,충남,남성,20,17896
2023,01,202301,충남,남성,30,103287
2023,01,202301,충남,남성,40,192021
2023,01,202301,충남,남성,50,228873
2023,01,202301,충남,남성,60,197717
2023,01,202301,충남,남성,70,72507
2023,01,202301,충남,남성,80,13616
2023,01,202301,충남,남성,90,1070
2023,01,202301,충남,여성,10,125
2023,01,202301,충남,여성,20,9315
2023,01,202301,충남,여성,30,42304
2023,01,202301,충남,여성,40,65527
2023,01,202301,충남,여성,50,83303
2023,01,202301,충남,여성,60,62385
2023,01,202301,충남,여성,70,14240
2023,01,202301,충남,여성,80,2605
2023,01,202301,충남,여성,90,644
2023,01,202301,전북,남성,10,249
2023,01,202301,전북,남성,20,12586
2023,01,202301,전북,남성,30,61756
2023,01,202301,전북,남성,40,131115
2023,01,202301,전북,남성,50,190443
2023,01,202301,전북,남성,60,166866
2023,01,202301,전북,남성,70,66380
2023,01,202301,전북,남성,80,12488
2023,01,202301,전북,남성,90,1141
2023,01,202301,전북,여성,10,117
2023,01,202301,전북,여성,20,7374
2023,01,202301,전북,여성,30,31870
2023,01,202301,전북,여성,40,53206
2023,01,202301,전북,여성,50,73288
2023,01,202301,전북,여성,60,54066
2023,01,202301,전북,여성,70,13755
2023,01,202301,전북,여성,80,2920
2023,01,202301,전북,여성,90,864
2023,01,202301,전남,남성,10,243
2023,01,202301,전남,남성,20,14067
2023,01,202301,전남,남성,30,65468
2023,01,202301,전남,남성,40,137159
2023,01,202301,전남,남성,50,205249
2023,01,202301,전남,남성,60,187731
2023,01,202301,전남,남성,70,72832
2023,01,202301,전남,남성,80,12854
2023,01,202301,전남,남성,90,1053
2023,01,202301,전남,여성,10,122
2023,01,202301,전남,여성,20,7334
2023,01,202301,전남,여성,30,30820
2023,01,202301,전남,여성,40,51327
2023,01,202301,전남,여성,50,71509
2023,01,202301,전남,여성,60,54777
2023,01,202301,전남,여성,70,12728
2023,01,202301,전남,여성,80,2885
2023,01,202301,전남,여성,90,768
2023,01,202301,경북,남성,10,146
2023,01,202301,경북,남성,20,18415
2023,01,202301,경북,남성,30,102769
2023,01,202301,경북,남성,40,208285
2023,01,202301,경북,남성,50,300853
2023,01,202301,경북,남성,60,294890
2023,01,202301,경북,남성,70,114829
2023,01,202301,경북,남성,80,20598
2023,01,202301,경북,남성,90,1405
2023,01,202301,경북,여성,10,77
2023,01,202301,경북,여성,20,9427
2023,01,202301,경북,여성,30,43284
2023,01,202301,경북,여성,40,75267
2023,01,202301,경북,여성,50,105238
2023,01,202301,경북,여성,60,84032
2023,01,202301,경북,여성,70,20098
2023,01,202301,경북,여성,80,3412
2023,01,202301,경북,여성,90,750
2023,01,202301,경남,남성,10,482
2023,01,202301,경남,남성,20,20637
2023,01,202301,경남,남성,30,128690
2023,01,202301,경남,남성,40,272332
2023,01,202301,경남,남성,50,348791
2023,01,202301,경남,남성,60,303491
2023,01,202301,경남,남성,70,101522
2023,01,202301,경남,남성,80,16068
2023,01,202301,경남,남성,90,1171
2023,01,202301,경남,여성,10,254
2023,01,202301,경남,여성,20,10353
2023,01,202301,경남,여성,30,55560
2023,01,202301,경남,여성,40,100957
2023,01,202301,경남,여성,50,130029
2023,01,202301,경남,여성,60,90660
2023,01,202301,경남,여성,70,19338
2023,01,202301,경남,여성,80,3292
2023,01,202301,경남,여성,90,795
2023,01,202301,제주,남성,10,128
2023,01,202301,제주,남성,20,4220
2023,01,202301,제주,남성,30,25658
2023,01,202301,제주,남성,40,57697
2023,01,202301,제주,남성,50,71983
2023,01,202301,제주,남성,60,55104
2023,01,202301,제주,남성,70,19947
2023,01,202301,제주,남성,80,4497
2023,01,202301,제주,남성,90,329
2023,01,202301,제주,여성,10,55
2023,01,202301,제주,여성,20,3047
2023,01,202301,제주,여성,30,15136
2023,01,202301,제주,여성,40,27582
2023,01,202301,제주,여성,50,33820
2023,01,202301,제주,여성,60,23422
2023,01,202301,제주,여성,70,5745
2023,01,202301,제주,여성,80,944
2023,01,202301,제주,여성,90,213
2023,02,202302,서울,남성,10,1381
2023,02,202302,서울,남성,20,28400
2023,02,202302,서울,남성,30,272411
2023,02,202302,서울,남성,40,488642
2023,02,202302,서울,남성,50,540462
2023,02,202302,서울,남성,60,453626
2023,02,202302,서울,남성,70,183358
2023,02,202302,서울,남성,80,36556
2023,02,202302,서울,남성,90,4242
2023,02,202302,서울,여성,10,608
2023,02,202302,서울,여성,20,15507
2023,02,202302,서울,여성,30,111431
2023,02,202302,서울,여성,40,182105
2023,02,202302,서울,여성,50,203261
2023,02,202302,서울,여성,60,146936
2023,02,202302,서울,여성,70,44284
2023,02,202302,서울,여성,80,8809
2023,02,202302,서울,여성,90,2313
2023,02,202302,부산,남성,10,428
2023,02,202302,부산,남성,20,15126
2023,02,202302,부산,남성,30,109536
2023,02,202302,부산,남성,40,205671
2023,02,202302,부산,남성,50,227719
2023,02,202302,부산,남성,60,212123
2023,02,202302,부산,남성,70,78791
2023,02,202302,부산,남성,80,12783
2023,02,202302,부산,남성,90,1261
2023,02,202302,부산,여성,10,216
2023,02,202302,부산,여성,20,7483
2023,02,202302,부산,여성,30,44159
2023,02,202302,부산,여성,40,76474
2023,02,202302,부산,여성,50,91304
2023,02,202302,부산,여성,60,67933
2023,02,202302,부산,여성,70,16658
2023,02,202302,부산,여성,80,2830
2023,02,202302,부산,여성,90,620
2023,02,202302,대구,남성,10,138
2023,02,202302,대구,남성,20,14225
2023,02,202302,대구,남성,30,94872
2023,02,202302,대구,남성,40,181350
2023,02,202302,대구,남성,50,228880
2023,02,202302,대구,남성,60,186205
2023,02,202302,대구,남성,70,64254
2023,02,202302,대구,남성,80,11340
2023,02,202302,대구,남성,90,980
2023,02,202302,대구,여성,10,88
2023,02,202302,대구,여성,20,7600
2023,02,202302,대구,여성,30,39548
2023,02,202302,대구,여성,40,69150
2023,02,202302,대구,여성,50,92154
2023,02,202302,대구,여성,60,62248
2023,02,202302,대구,여성,70,14800
2023,02,202302,대구,여성,80,2394
2023,02,202302,대구,여성,90,504
2023,02,202302,인천,남성,10,359
2023,02,202302,인천,남성,20,18769
2023,02,202302,인천,남성,30,125075
2023,02,202302,인천,남성,40,217299
2023,02,202302,인천,남성,50,237535
2023,02,202302,인천,남성,60,195617
2023,02,202302,인천,남성,70,55389
2023,02,202302,인천,남성,80,8258
2023,02,202302,인천,남성,90,752
2023,02,202302,인천,여성,10,202
2023,02,202302,인천,여성,20,9345
2023,02,202302,인천,여성,30,51852
2023,02,202302,인천,여성,40,81983
2023,02,202302,인천,여성,50,95996
2023,02,202302,인천,여성,60,64154
2023,02,202302,인천,여성,70,12636
2023,02,202302,인천,여성,80,2097
2023,02,202302,인천,여성,90,491
2023,02,202302,광주,남성,10,124
2023,02,202302,광주,남성,20,11254
2023,02,202302,광주,남성,30,60155
2023,02,202302,광주,남성,40,113270
2023,02,202302,광주,남성,50,133404
2023,02,202302,광주,남성,60,94698
2023,02,202302,광주,남성,70,30691
2023,02,202302,광주,남성,80,5284
2023,02,202302,광주,남성,90,396
2023,02,202302,광주,여성,10,65
2023,02,202302,광주,여성,20,7364
2023,02,202302,광주,여성,30,31736
2023,02,202302,광주,여성,40,49219
2023,02,202302,광주,여성,50,57649
2023,02,202302,광주,여성,60,33704
2023,02,202302,광주,여성,70,7493
2023,02,202302,광주,여성,80,1276
2023,02,202302,광주,여성,90,345
2023,02,202302,대전,남성,10,216
2023,02,202302,대전,남성,20,10701
2023,02,202302,대전,남성,30,63765
2023,02,202302,대전,남성,40,108699
2023,02,202302,대전,남성,50,132710
2023,02,202302,대전,남성,60,104014
2023,02,202302,대전,남성,70,33565
2023,02,202302,대전,남성,80,5734
2023,02,202302,대전,남성,90,439
2023,02,202302,대전,여성,10,113
2023,02,202302,대전,여성,20,6094
2023,02,202302,대전,여성,30,28921
2023,02,202302,대전,여성,40,44741
2023,02,202302,대전,여성,50,54383
2023,02,202302,대전,여성,60,35549
2023,02,202302,대전,여성,70,7684
2023,02,202302,대전,여성,80,1385
2023,02,202302,대전,여성,90,358
2023,02,202302,울산,남성,10,157
2023,02,202302,울산,남성,20,8056
2023,02,202302,울산,남성,30,48666
2023,02,202302,울산,남성,40,96606
2023,02,202302,울산,남성,50,123260
2023,02,202302,울산,남성,60,108125
2023,02,202302,울산,남성,70,29478
2023,02,202302,울산,남성,80,3659
2023,02,202302,울산,남성,90,249
2023,02,202302,울산,여성,10,57
2023,02,202302,울산,여성,20,3627
2023,02,202302,울산,여성,30,18696
2023,02,202302,울산,여성,40,31579
2023,02,202302,울산,여성,50,38894
2023,02,202302,울산,여성,60,25363
2023,02,202302,울산,여성,70,5082
2023,02,202302,울산,여성,80,752
2023,02,202302,울산,여성,90,202
2023,02,202302,세종,남성,10,60
2023,02,202302,세종,남성,20,1942
2023,02,202302,세종,남성,30,20835
2023,02,202302,세종,남성,40,43771
2023,02,202302,세종,남성,50,36591
2023,02,202302,세종,남성,60,22594
2023,02,202302,세종,남성,70,6529
2023,02,202302,세종,남성,80,1020
2023,02,202302,세종,남성,90,68
2023,02,202302,세종,여성,10,28
2023,02,202302,세종,여성,20,1319
2023,02,202302,세종,여성,30,10875
2023,02,202302,세종,여성,40,17201
2023,02,202302,세종,여성,50,13079
2023,02,202302,세종,여성,60,7478
2023,02,202302,세종,여성,70,1471
2023,02,202302,세종,여성,80,234
2023,02,202302,세종,여성,90,50
2023,02,202302,경기,남성,10,1963
2023,02,202302,경기,남성,20,84908
2023,02,202302,경기,남성,30,599293
2023,02,202302,경기,남성,40,1094885
2023,02,202302,경기,남성,50,1190187
2023,02,202302,경기,남성,60,894015
2023,02,202302,경기,남성,70,267142
2023,02,202302,경기,남성,80,50128
2023,02,202302,경기,남성,90,4358
2023,02,202302,경기,여성,10,921
2023,02,202302,경기,여성,20,43094
2023,02,202302,경기,여성,30,244730
2023,02,202302,경기,여성,40,399131
2023,02,202302,경기,여성,50,473167
2023,02,202302,경기,여성,60,306069
2023,02,202302,경기,여성,70,69329
2023,02,202302,경기,여성,80,12706
2023,02,202302,경기,여성,90,2822
2023,02,202302,강원,남성,10,153
2023,02,202302,강원,남성,20,13026
2023,02,202302,강원,남성,30,62137
2023,02,202302,강원,남성,40,111790
2023,02,202302,강원,남성,50,161385
2023,02,202302,강원,남성,60,155215
2023,02,202302,강원,남성,70,57000
2023,02,202302,강원,남성,80,12671
2023,02,202302,강원,남성,90,758
2023,02,202302,강원,여성,10,89
2023,02,202302,강원,여성,20,6626
2023,02,202302,강원,여성,30,28182
2023,02,202302,강원,여성,40,46937
2023,02,202302,강원,여성,50,65343
2023,02,202302,강원,여성,60,52886
2023,02,202302,강원,여성,70,12654
2023,02,202302,강원,여성,80,2111
2023,02,202302,강원,여성,90,539
2023,02,202302,충북,남성,10,237
2023,02,202302,충북,남성,20,15079
2023,02,202302,충북,남성,30,74597
2023,02,202302,충북,남성,40,128443
2023,02,202302,충북,남성,50,172692
2023,02,202302,충북,남성,60,154849
2023,02,202302,충북,남성,70,52269
2023,02,202302,충북,남성,80,9744
2023,02,202302,충북,남성,90,584
2023,02,202302,충북,여성,10,137
2023,02,202302,충북,여성,20,7897
2023,02,202302,충북,여성,30,32562
2023,02,202302,충북,여성,40,49598
2023,02,202302,충북,여성,50,66593
2023,02,202302,충북,여성,60,47153
2023,02,202302,충북,여성,70,10505
2023,02,202302,충북,여성,80,1782
2023,02,202302,충북,여성,90,375
2023,02,202302,충남,남성,10,246
2023,02,202302,충남,남성,20,18480
2023,02,202302,충남,남성,30,104073
2023,02,202302,충남,남성,40,192409
2023,02,202302,충남,남성,50,229535
2023,02,202302,충남,남성,60,198080
2023,02,202302,충남,남성,70,72358
2023,02,202302,충남,남성,80,13496
2023,02,202302,충남,남성,90,1054
2023,02,202302,충남,여성,10,127
2023,02,202302,충남,여성,20,9590
2023,02,202302,충남,여성,30,42622
2023,02,202302,충남,여성,40,65734
2023,02,202302,충남,여성,50,83639
2023,02,202302,충남,여성,60,62448
2023,02,202302,충남,여성,70,14193
2023,02,202302,충남,여성,80,2580
2023,02,202302,충남,여성,90,624
2023,02,202302,전북,남성,10,248
2023,02,202302,전북,남성,20,12948
2023,02,202302,전북,남성,30,62082
2023,02,202302,전북,남성,40,131384
2023,02,202302,전북,남성,50,191089
2023,02,202302,전북,남성,60,167186
2023,02,202302,전북,남성,70,66236
2023,02,202302,전북,남성,80,12382
2023,02,202302,전북,남성,90,1123
2023,02,202302,전북,여성,10,116
2023,02,202302,전북,여성,20,7622
2023,02,202302,전북,여성,30,32061
2023,02,202302,전북,여성,40,53362
2023,02,202302,전북,여성,50,73528
2023,02,202302,전북,여성,60,54081
2023,02,202302,전북,여성,70,13689
2023,02,202302,전북,여성,80,2886
2023,02,202302,전북,여성,90,854
2023,02,202302,전남,남성,10,246
2023,02,202302,전남,남성,20,14523
2023,02,202302,전남,남성,30,65985
2023,02,202302,전남,남성,40,137550
2023,02,202302,전남,남성,50,206020
2023,02,202302,전남,남성,60,187990
2023,02,202302,전남,남성,70,72698
2023,02,202302,전남,남성,80,12714
2023,02,202302,전남,남성,90,1042
2023,02,202302,전남,여성,10,121
2023,02,202302,전남,여성,20,7576
2023,02,202302,전남,여성,30,31118
2023,02,202302,전남,여성,40,51565
2023,02,202302,전남,여성,50,71770
2023,02,202302,전남,여성,60,54888
2023,02,202302,전남,여성,70,12665
2023,02,202302,전남,여성,80,2848
2023,02,202302,전남,여성,90,759
2023,02,202302,경북,남성,10,148
2023,02,202302,경북,남성,20,19060
2023,02,202302,경북,남성,30,103387
2023,02,202302,경북,남성,40,208640
2023,02,202302,경북,남성,50,301875
2023,02,202302,경북,남성,60,295245
2023,02,202302,경북,남성,70,114646
2023,02,202302,경북,남성,80,20416
2023,02,202302,경북,남성,90,1392
2023,02,202302,경북,여성,10,75
2023,02,202302,경북,여성,20,9770
2023,02,202302,경북,여성,30,43582
2023,02,202302,경북,여성,40,75573
2023,02,202302,경북,여성,50,105601
2023,02,202302,경북,여성,60,84089
2023,02,202302,경북,여성,70,20026
2023,02,202302,경북,여성,80,3373
2023,02,202302,경북,여성,90,736
2023,02,202302,경남,남성,10,481
2023,02,202302,경남,남성,20,21234
2023,02,202302,경남,남성,30,129387
2023,02,202302,경남,남성,40,272621
2023,02,202302,경남,남성,50,349565
2023,02,202302,경남,남성,60,303626
2023,02,202302,경남,남성,70,101174
2023,02,202302,경남,남성,80,15956
2023,02,202302,경남,남성,90,1152
2023,02,202302,경남,여성,10,257
2023,02,202302,경남,여성,20,10661
2023,02,202302,경남,여성,30,55958
2023,02,202302,경남,여성,40,101236
2023,02,202302,경남,여성,50,130401
2023,02,202302,경남,여성,60,90667
2023,02,202302,경남,여성,70,19241
2023,02,202302,경남,여성,80,3255
2023,02,202302,경남,여성,90,779
2023,02,202302,제주,남성,10,128
2023,02,202302,제주,남성,20,4305
2023,02,202302,제주,남성,30,25822
2023,02,202302,제주,남성,40,57888
2023,02,202302,제주,남성,50,72209
2023,02,202302,제주,남성,60,55118
2023,02,202302,제주,남성,70,19884
2023,02,202302,제주,남성,80,4450
2023,02,202302,제주,남성,90,322
2023,02,202302,제주,여성,10,55
2023,02,202302,제주,여성,20,3116
2023,02,202302,제주,여성,30,15204
2023,02,202302,제주,여성,40,27643
2023,02,202302,제주,여성,50,33870
2023,02,202302,제주,여성,60,23424
2023,02,202302,제주,여성,70,5708
2023,02,202302,제주,여성,80,941
2023,02,202302,제주,여성,90,209
2023,03,202303,서울,남성,10,1388
2023,03,202303,서울,남성,20,29379
2023,03,202303,서울,남성,30,274967
2023,03,202303,서울,남성,40,489118
2023,03,202303,서울,남성,50,540378
2023,03,202303,서울,남성,60,452752
2023,03,202303,서울,남성,70,182261
2023,03,202303,서울,남성,80,36146
2023,03,202303,서울,남성,90,4183
2023,03,202303,서울,여성,10,625
2023,03,202303,서울,여성,20,16012
2023,03,202303,서울,여성,30,112380
2023,03,202303,서울,여성,40,182330
2023,03,202303,서울,여성,50,203413
2023,03,202303,서울,여성,60,146548
2023,03,202303,서울,여성,70,44045
2023,03,202303,서울,여성,80,8696
2023,03,202303,서울,여성,90,2302
2023,03,202303,부산,남성,10,431
2023,03,202303,부산,남성,20,15607
2023,03,202303,부산,남성,30,110335
2023,03,202303,부산,남성,40,206002
2023,03,202303,부산,남성,50,227702
2023,03,202303,부산,남성,60,211653
2023,03,202303,부산,남성,70,78327
2023,03,202303,부산,남성,80,12623
2023,03,202303,부산,남성,90,1249
2023,03,202303,부산,여성,10,216
2023,03,202303,부산,여성,20,7720
2023,03,202303,부산,여성,30,44534
2023,03,202303,부산,여성,40,76722
2023,03,202303,부산,여성,50,91470
2023,03,202303,부산,여성,60,67745
2023,03,202303,부산,여성,70,16559
2023,03,202303,부산,여성,80,2781
2023,03,202303,부산,여성,90,611
2023,03,202303,대구,남성,10,137
2023,03,202303,대구,남성,20,14689
2023,03,202303,대구,남성,30,95616
2023,03,202303,대구,남성,40,181288
2023,03,202303,대구,남성,50,228742
2023,03,202303,대구,남성,60,185681
2023,03,202303,대구,남성,70,63813
2023,03,202303,대구,남성,80,11200
2023,03,202303,대구,남성,90,966
2023,03,202303,대구,여성,10,90
2023,03,202303,대구,여성,20,7882
2023,03,202303,대구,여성,30,39854
2023,03,202303,대구,여성,40,69224
2023,03,202303,대구,여성,50,92320
2023,03,202303,대구,여성,60,62035
2023,03,202303,대구,여성,70,14700
2023,03,202303,대구,여성,80,2363
2023,03,202303,대구,여성,90,495
2023,03,202303,인천,남성,10,367
2023,03,202303,인천,남성,20,19305
2023,03,202303,인천,남성,30,126369
2023,03,202303,인천,남성,40,217740
2023,03,202303,인천,남성,50,237645
2023,03,202303,인천,남성,60,195363
2023,03,202303,인천,남성,70,55048
2023,03,202303,인천,남성,80,8138
2023,03,202303,인천,남성,90,738
2023,03,202303,인천,여성,10,208
2023,03,202303,인천,여성,20,9639
2023,03,202303,인천,여성,30,52397
2023,03,202303,인천,여성,40,82280
2023,03,202303,인천,여성,50,96217
2023,03,202303,인천,여성,60,64032
2023,03,202303,인천,여성,70,12577
2023,03,202303,인천,여성,80,2076
2023,03,202303,인천,여성,90,488
2023,03,202303,광주,남성,10,125
2023,03,202303,광주,남성,20,11620
2023,03,202303,광주,남성,30,60582
2023,03,202303,광주,남성,40,113415
2023,03,202303,광주,남성,50,133544
2023,03,202303,광주,남성,60,94562
2023,03,202303,광주,남성,70,30562
2023,03,202303,광주,남성,80,5227
2023,03,202303,광주,남성,90,393
2023,03,202303,광주,여성,10,65
2023,03,202303,광주,여성,20,7621
2023,03,202303,광주,여성,30,31874
2023,03,202303,광주,여성,40,49339
2023,03,202303,광주,여성,50,57778
2023,03,202303,광주,여성,60,33673
2023,03,202303,광주,여성,70,7453
2023,03,202303,광주,여성,80,1261
2023,03,202303,광주,여성,90,338
2023,03,202303,대전,남성,10,217
2023,03,202303,대전,남성,20,11054
2023,03,202303,대전,남성,30,64279
2023,03,202303,대전,남성,40,108775
2023,03,202303,대전,남성,50,132749
2023,03,202303,대전,남성,60,103714
2023,03,202303,대전,남성,70,33373
2023,03,202303,대전,남성,80,5639
2023,03,202303,대전,남성,90,434
2023,03,202303,대전,여성,10,113
2023,03,202303,대전,여성,20,6267
2023,03,202303,대전,여성,30,29216
2023,03,202303,대전,여성,40,44754
2023,03,202303,대전,여성,50,54404
2023,03,202303,대전,여성,60,35465
2023,03,202303,대전,여성,70,7596
2023,03,202303,대전,여성,80,1358
2023,03,202303,대전,여성,90,347
2023,03,202303,울산,남성,10,157
2023,03,202303,울산,남성,20,8367
2023,03,202303,울산,남성,30,49142
2023,03,202303,울산,남성,40,96776
2023,03,202303,울산,남성,50,123483
2023,03,202303,울산,남성,60,107873
2023,03,202303,울산,남성,70,29295
2023,03,202303,울산,남성,80,3603
2023,03,202303,울산,남성,90,244
2023,03,202303,울산,여성,10,59
2023,03,202303,울산,여성,20,3738
2023,03,202303,울산,여성,30,18782
2023,03,202303,울산,여성,40,31685
2023,03,202303,울산,여성,50,38973
2023,03,202303,울산,여성,60,25316
2023,03,202303,울산,여성,70,5079
2023,03,202303,울산,여성,80,742
2023,03,202303,울산,여성,90,199
2023,03,202303,세종,남성,10,61
2023,03,202303,세종,남성,20,2011
2023,03,202303,세종,남성,30,20995
2023,03,202303,세종,남성,40,43878
2023,03,202303,세종,남성,50,36603
2023,03,202303,세종,남성,60,22584
2023,03,202303,세종,남성,70,6529
2023,03,202303,세종,남성,80,1004
2023,03,202303,세종,남성,90,67
2023,03,202303,세종,여성,10,29
2023,03,202303,세종,여성,20,1355
2023,03,202303,세종,여성,30,10982
2023,03,202303,세종,여성,40,17281
2023,03,202303,세종,여성,50,13096
2023,03,202303,세종,여성,60,7440
2023,03,202303,세종,여성,70,1461
2023,03,202303,세종,여성,80,233
2023,03,202303,세종,여성,90,50
2023,03,202303,경기,남성,10,1985
2023,03,202303,경기,남성,20,88037
2023,03,202303,경기,남성,30,604758
2023,03,202303,경기,남성,40,1096612
2023,03,202303,경기,남성,50,1191188
2023,03,202303,경기,남성,60,892977
2023,03,202303,경기,남성,70,266041
2023,03,202303,경기,남성,80,49571
2023,03,202303,경기,남성,90,4317
2023,03,202303,경기,여성,10,931
2023,03,202303,경기,여성,20,44447
2023,03,202303,경기,여성,30,247102
2023,03,202303,경기,여성,40,400350
2023,03,202303,경기,여성,50,474338
2023,03,202303,경기,여성,60,305893
2023,03,202303,경기,여성,70,68956
2023,03,202303,경기,여성,80,12545
2023,03,202303,경기,여성,90,2798
2023,03,202303,강원,남성,10,155
2023,03,202303,강원,남성,20,13513
2023,03,202303,강원,남성,30,62641
2023,03,202303,강원,남성,40,112036
2023,03,202303,강원,남성,50,161834
2023,03,202303,강원,남성,60,155261
2023,03,202303,강원,남성,70,56860
2023,03,202303,강원,남성,80,12488
2023,03,202303,강원,남성,90,742
2023,03,202303,강원,여성,10,90
2023,03,202303,강원,여성,20,6842
2023,03,202303,강원,여성,30,28466
2023,03,202303,강원,여성,40,47098
2023,03,202303,강원,여성,50,65543
2023,03,202303,강원,여성,60,52925
2023,03,202303,강원,여성,70,12612
2023,03,202303,강원,여성,80,2082
2023,03,202303,강원,여성,90,533
2023,03,202303,충북,남성,10,239
2023,03,202303,충북,남성,20,15525
2023,03,202303,충북,남성,30,75321
2023,03,202303,충북,남성,40,128858
2023,03,202303,충북,남성,50,173277
2023,03,202303,충북,남성,60,154856
2023,03,202303,충북,남성,70,52125
2023,03,202303,충북,남성,80,9643
2023,03,202303,충북,남성,90,579
2023,03,202303,충북,여성,10,138
2023,03,202303,충북,여성,20,8129
2023,03,202303,충북,여성,30,32858
2023,03,202303,충북,여성,40,49741
2023,03,202303,충북,여성,50,66713
2023,03,202303,충북,여성,60,47233
2023,03,202303,충북,여성,70,10450
2023,03,202303,충북,여성,80,1759
2023,03,202303,충북,여성,90,367
2023,03,202303,충남,남성,10,249
2023,03,202303,충남,남성,20,19118
2023,03,202303,충남,남성,30,105051
2023,03,202303,충남,남성,40,193188
2023,03,202303,충남,남성,50,230307
2023,03,202303,충남,남성,60,198357
2023,03,202303,충남,남성,70,72090
2023,03,202303,충남,남성,80,13389
2023,03,202303,충남,남성,90,1037
2023,03,202303,충남,여성,10,127
2023,03,202303,충남,여성,20,9917
2023,03,202303,충남,여성,30,43008
2023,03,202303,충남,여성,40,66010
2023,03,202303,충남,여성,50,84003
2023,03,202303,충남,여성,60,62594
2023,03,202303,충남,여성,70,14172
2023,03,202303,충남,여성,80,2546
2023,03,202303,충남,여성,90,613
2023,03,202303,전북,남성,10,253
2023,03,202303,전북,남성,20,13349
2023,03,202303,전북,남성,30,62649
2023,03,202303,전북,남성,40,131848
2023,03,202303,전북,남성,50,191733
2023,03,202303,전북,남성,60,167494
2023,03,202303,전북,남성,70,66039
2023,03,202303,전북,남성,80,12249
2023,03,202303,전북,남성,90,1106
2023,03,202303,전북,여성,10,119
2023,03,202303,전북,여성,20,7892
2023,03,202303,전북,여성,30,32300
2023,03,202303,전북,여성,40,53631
2023,03,202303,전북,여성,50,73846
2023,03,202303,전북,여성,60,54127
2023,03,202303,전북,여성,70,13621
2023,03,202303,전북,여성,80,2846
2023,03,202303,전북,여성,90,840
2023,03,202303,전남,남성,10,244
2023,03,202303,전남,남성,20,14944
2023,03,202303,전남,남성,30,66568
2023,03,202303,전남,남성,40,138137
2023,03,202303,전남,남성,50,206943
2023,03,202303,전남,남성,60,188287
2023,03,202303,전남,남성,70,72481
2023,03,202303,전남,남성,80,12603
2023,03,202303,전남,남성,90,1024
2023,03,202303,전남,여성,10,121
2023,03,202303,전남,여성,20,7813
2023,03,202303,전남,여성,30,31464
2023,03,202303,전남,여성,40,51800
2023,03,202303,전남,여성,50,72157
2023,03,202303,전남,여성,60,54923
2023,03,202303,전남,여성,70,12599
2023,03,202303,전남,여성,80,2810
2023,03,202303,전남,여성,90,748
2023,03,202303,경북,남성,10,151
2023,03,202303,경북,남성,20,19738
2023,03,202303,경북,남성,30,104173
2023,03,202303,경북,남성,40,209026
2023,03,202303,경북,남성,50,302548
2023,03,202303,경북,남성,60,295445
2023,03,202303,경북,남성,70,114223
2023,03,202303,경북,남성,80,20204
2023,03,202303,경북,남성,90,1375
2023,03,202303,경북,여성,10,74
2023,03,202303,경북,여성,20,10059
2023,03,202303,경북,여성,30,43925
2023,03,202303,경북,여성,40,75912
2023,03,202303,경북,여성,50,106025
2023,03,202303,경북,여성,60,84209
2023,03,202303,경북,여성,70,19936
2023,03,202303,경북,여성,80,3326
2023,03,202303,경북,여성,90,721
2023,03,202303,경남,남성,10,492
2023,03,202303,경남,남성,20,21896
2023,03,202303,경남,남성,30,130427
2023,03,202303,경남,남성,40,273196
2023,03,202303,경남,남성,50,349980
2023,03,202303,경남,남성,60,303696
2023,03,202303,경남,남성,70,100781
2023,03,202303,경남,남성,80,15747
2023,03,202303,경남,남성,90,1133
2023,03,202303,경남,여성,10,255
2023,03,202303,경남,여성,20,10950
2023,03,202303,경남,여성,30,56318
2023,03,202303,경남,여성,40,101535
2023,03,202303,경남,여성,50,130628
2023,03,202303,경남,여성,60,90565
2023,03,202303,경남,여성,70,19152
2023,03,202303,경남,여성,80,3206
2023,03,202303,경남,여성,90,774
2023,03,202303,제주,남성,10,134
2023,03,202303,제주,남성,20,4453
2023,03,202303,제주,남성,30,26047
2023,03,202303,제주,남성,40,57980
2023,03,202303,제주,남성,50,72292
2023,03,202303,제주,남성,60,55088
2023,03,202303,제주,남성,70,19786
2023,03,202303,제주,남성,80,4396
2023,03,202303,제주,남성,90,318
2023,03,202303,제주,여성,10,55
2023,03,202303,제주,여성,20,3178
2023,03,202303,제주,여성,30,15353
2023,03,202303,제주,여성,40,27672
2023,03,202303,제주,여성,50,33962
2023,03,202303,제주,여성,60,23420
2023,03,202303,제주,여성,70,5690
2023,03,202303,제주,여성,80,943
2023,03,202303,제주,여성,90,207
2023,04,202304,서울,남성,10,1382
2023,04,202304,서울,남성,20,30208
2023,04,202304,서울,남성,30,276900
2023,04,202304,서울,남성,40,489330
2023,04,202304,서울,남성,50,540335
2023,04,202304,서울,남성,60,451873
2023,04,202304,서울,남성,70,181376
2023,04,202304,서울,남성,80,35809
2023,04,202304,서울,남성,90,4133
2023,04,202304,서울,여성,10,646
2023,04,202304,서울,여성,20,16453
2023,04,202304,서울,여성,30,113216
2023,04,202304,서울,여성,40,182437
2023,04,202304,서울,여성,50,203481
2023,04,202304,서울,여성,60,146268
2023,04,202304,서울,여성,70,43812
2023,04,202304,서울,여성,80,8619
2023,04,202304,서울,여성,90,2272
2023,04,202304,부산,남성,10,435
2023,04,202304,부산,남성,20,16025
2023,04,202304,부산,남성,30,110946
2023,04,202304,부산,남성,40,206247
2023,04,202304,부산,남성,50,227664
2023,04,202304,부산,남성,60,211185
2023,04,202304,부산,남성,70,77909
2023,04,202304,부산,남성,80,12463
2023,04,202304,부산,남성,90,1238
2023,04,202304,부산,여성,10,225
2023,04,202304,부산,여성,20,7881
2023,04,202304,부산,여성,30,44869
2023,04,202304,부산,여성,40,76834
2023,04,202304,부산,여성,50,91530
2023,04,202304,부산,여성,60,67659
2023,04,202304,부산,여성,70,16448
2023,04,202304,부산,여성,80,2747
2023,04,202304,부산,여성,90,606
2023,04,202304,대구,남성,10,137
2023,04,202304,대구,남성,20,15068
2023,04,202304,대구,남성,30,96340
2023,04,202304,대구,남성,40,181446
2023,04,202304,대구,남성,50,228629
2023,04,202304,대구,남성,60,185181
2023,04,202304,대구,남성,70,63479
2023,04,202304,대구,남성,80,11057
2023,04,202304,대구,남성,90,955
2023,04,202304,대구,여성,10,90
2023,04,202304,대구,여성,20,8122
2023,04,202304,대구,여성,30,40179
2023,04,202304,대구,여성,40,69371
2023,04,202304,대구,여성,50,92463
2023,04,202304,대구,여성,60,61933
2023,04,202304,대구,여성,70,14628
2023,04,202304,대구,여성,80,2328
2023,04,202304,대구,여성,90,491
2023,04,202304,인천,남성,10,370
2023,04,202304,인천,남성,20,19805
2023,04,202304,인천,남성,30,127475
2023,04,202304,인천,남성,40,218436
2023,04,202304,인천,남성,50,237868
2023,04,202304,인천,남성,60,195156
2023,04,202304,인천,남성,70,54752
2023,04,202304,인천,남성,80,8037
2023,04,202304,인천,남성,90,732
2023,04,202304,인천,여성,10,207
2023,04,202304,인천,여성,20,9848
2023,04,202304,인천,여성,30,52858
2023,04,202304,인천,여성,40,82512
2023,04,202304,인천,여성,50,96383
2023,04,202304,인천,여성,60,63969
2023,04,202304,인천,여성,70,12491
2023,04,202304,인천,여성,80,2055
2023,04,202304,인천,여성,90,484
2023,04,202304,광주,남성,10,124
2023,04,202304,광주,남성,20,11962
2023,04,202304,광주,남성,30,60923
2023,04,202304,광주,남성,40,113453
2023,04,202304,광주,남성,50,133512
2023,04,202304,광주,남성,60,94279
2023,04,202304,광주,남성,70,30374
2023,04,202304,광주,남성,80,5158
2023,04,202304,광주,남성,90,389
2023,04,202304,광주,여성,10,64
2023,04,202304,광주,여성,20,7826
2023,04,202304,광주,여성,30,32045
2023,04,202304,광주,여성,40,49388
2023,04,202304,광주,여성,50,57848
2023,04,202304,광주,여성,60,33610
2023,04,202304,광주,여성,70,7411
2023,04,202304,광주,여성,80,1241
2023,04,202304,광주,여성,90,329
2023,04,202304,대전,남성,10,219
2023,04,202304,대전,남성,20,11395
2023,04,202304,대전,남성,30,64616
2023,04,202304,대전,남성,40,108853
2023,04,202304,대전,남성,50,132863
2023,04,202304,대전,남성,60,103494
2023,04,202304,대전,남성,70,33194
2023,04,202304,대전,남성,80,5569
2023,04,202304,대전,남성,90,427
2023,04,202304,대전,여성,10,112
2023,04,202304,대전,여성,20,6465
2023,04,202304,대전,여성,30,29399
2023,04,202304,대전,여성,40,44743
2023,04,202304,대전,여성,50,54382
2023,04,202304,대전,여성,60,35362
2023,04,202304,대전,여성,70,7544
2023,04,202304,대전,여성,80,1342
2023,04,202304,대전,여성,90,341
2023,04,202304,울산,남성,10,157
2023,04,202304,울산,남성,20,8605
2023,04,202304,울산,남성,30,49478
2023,04,202304,울산,남성,40,96950
2023,04,202304,울산,남성,50,123654
2023,04,202304,울산,남성,60,107742
2023,04,202304,울산,남성,70,29149
2023,04,202304,울산,남성,80,3574
2023,04,202304,울산,남성,90,240
2023,04,202304,울산,여성,10,61
2023,04,202304,울산,여성,20,3869
2023,04,202304,울산,여성,30,18955
2023,04,202304,울산,여성,40,31747
2023,04,202304,울산,여성,50,39005
2023,04,202304,울산,여성,60,25263
2023,04,202304,울산,여성,70,5050
2023,04,202304,울산,여성,80,738
2023,04,202304,울산,여성,90,197
2023,04,202304,세종,남성,10,60
2023,04,202304,세종,남성,20,2074
2023,04,202304,세종,남성,30,21199
2023,04,202304,세종,남성,40,43911
2023,04,202304,세종,남성,50,36531
2023,04,202304,세종,남성,60,22574
2023,04,202304,세종,남성,70,6499
2023,04,202304,세종,남성,80,991
2023,04,202304,세종,남성,90,66
2023,04,202304,세종,여성,10,29
2023,04,202304,세종,여성,20,1384
2023,04,202304,세종,여성,30,11056
2023,04,202304,세종,여성,40,17306
2023,04,202304,세종,여성,50,13129
2023,04,202304,세종,여성,60,7445
2023,04,202304,세종,여성,70,1447
2023,04,202304,세종,여성,80,232
2023,04,202304,세종,여성,90,49
2023,04,202304,경기,남성,10,2004
2023,04,202304,경기,남성,20,90565
2023,04,202304,경기,남성,30,609907
2023,04,202304,경기,남성,40,1098478
2023,04,202304,경기,남성,50,1191856
2023,04,202304,경기,남성,60,891940
2023,04,202304,경기,남성,70,265024
2023,04,202304,경기,남성,80,49134
2023,04,202304,경기,남성,90,4259
2023,04,202304,경기,여성,10,939
2023,04,202304,경기,여성,20,45655
2023,04,202304,경기,여성,30,248873
2023,04,202304,경기,여성,40,401473
2023,04,202304,경기,여성,50,475101
2023,04,202304,경기,여성,60,305553
2023,04,202304,경기,여성,70,68622
2023,04,202304,경기,여성,80,12440
2023,04,202304,경기,여성,90,2767
2023,04,202304,강원,남성,10,156
2023,04,202304,강원,남성,20,13861
2023,04,202304,강원,남성,30,62893
2023,04,202304,강원,남성,40,112135
2023,04,202304,강원,남성,50,161762
2023,04,202304,강원,남성,60,155109
2023,04,202304,강원,남성,70,56563
2023,04,202304,강원,남성,80,12329
2023,04,202304,강원,남성,90,725
2023,04,202304,강원,여성,10,93
2023,04,202304,강원,여성,20,6995
2023,04,202304,강원,여성,30,28638
2023,04,202304,강원,여성,40,47160
2023,04,202304,강원,여성,50,65628
2023,04,202304,강원,여성,60,52842
2023,04,202304,강원,여성,70,12529
2023,04,202304,강원,여성,80,2062
2023,04,202304,강원,여성,90,527
2023,04,202304,충북,남성,10,241
2023,04,202304,충북,남성,20,15917
2023,04,202304,충북,남성,30,75780
2023,04,202304,충북,남성,40,128994
2023,04,202304,충북,남성,50,173448
2023,04,202304,충북,남성,60,154809
2023,04,202304,충북,남성,70,51957
2023,04,202304,충북,남성,80,9544
2023,04,202304,충북,남성,90,570
2023,04,202304,충북,여성,10,137
2023,04,202304,충북,여성,20,8379
2023,04,202304,충북,여성,30,33090
2023,04,202304,충북,여성,40,49861
2023,04,202304,충북,여성,50,66973
2023,04,202304,충북,여성,60,47230
2023,04,202304,충북,여성,70,10412
2023,04,202304,충북,여성,80,1745
2023,04,202304,충북,여성,90,361
2023,04,202304,충남,남성,10,248
2023,04,202304,충남,남성,20,19616
2023,04,202304,충남,남성,30,105720
2023,04,202304,충남,남성,40,193384
2023,04,202304,충남,남성,50,230646
2023,04,202304,충남,남성,60,198228
2023,04,202304,충남,남성,70,71742
2023,04,202304,충남,남성,80,13243
2023,04,202304,충남,남성,90,1023
2023,04,202304,충남,여성,10,125
2023,04,202304,충남,여성,20,10168
2023,04,202304,충남,여성,30,43347
2023,04,202304,충남,여성,40,66195
2023,04,202304,충남,여성,50,84164
2023,04,202304,충남,여성,60,62560
2023,04,202304,충남,여성,70,14135
2023,04,202304,충남,여성,80,2521
2023,04,202304,충남,여성,90,599
2023,04,202304,전북,남성,10,254
2023,04,202304,전북,남성,20,13706
2023,04,202304,전북,남성,30,63004
2023,04,202304,전북,남성,40,132064
2023,04,202304,전북,남성,50,192049
2023,04,202304,전북,남성,60,167341
2023,04,202304,전북,남성,70,65827
2023,04,202304,전북,남성,80,12122
2023,04,202304,전북,남성,90,1091
2023,04,202304,전북,여성,10,119
2023,04,202304,전북,여성,20,8077
2023,04,202304,전북,여성,30,32513
2023,04,202304,전북,여성,40,53751
2023,04,202304,전북,여성,50,74005
2023,04,202304,전북,여성,60,54132
2023,04,202304,전북,여성,70,13518
2023,04,202304,전북,여성,80,2818
2023,04,202304,전북,여성,90,825
2023,04,202304,전남,남성,10,246
2023,04,202304,전남,남성,20,15320
2023,04,202304,전남,남성,30,66991
2023,04,202304,전남,남성,40,138322
2023,04,202304,전남,남성,50,207056
2023,04,202304,전남,남성,60,188057
2023,04,202304,전남,남성,70,72103
2023,04,202304,전남,남성,80,12435
2023,04,202304,전남,남성,90,1009
2023,04,202304,전남,여성,10,122
2023,04,202304,전남,여성,20,8006
2023,04,202304,전남,여성,30,31729
2023,04,202304,전남,여성,40,51951
2023,04,202304,전남,여성,50,72302
2023,04,202304,전남,여성,60,54920
2023,04,202304,전남,여성,70,12518
2023,04,202304,전남,여성,80,2763
2023,04,202304,전남,여성,90,736
2023,04,202304,경북,남성,10,154
2023,04,202304,경북,남성,20,20233
2023,04,202304,경북,남성,30,104787
2023,04,202304,경북,남성,40,209179
2023,04,202304,경북,남성,50,302855
2023,04,202304,경북,남성,60,295228
2023,04,202304,경북,남성,70,113695
2023,04,202304,경북,남성,80,19952
2023,04,202304,경북,남성,90,1359
2023,04,202304,경북,여성,10,73
2023,04,202304,경북,여성,20,10304
2023,04,202304,경북,여성,30,44130
2023,04,202304,경북,여성,40,76162
2023,04,202304,경북,여성,50,106272
2023,04,202304,경북,여성,60,84150
2023,04,202304,경북,여성,70,19865
2023,04,202304,경북,여성,80,3285
2023,04,202304,경북,여성,90,712
2023,04,202304,경남,남성,10,496
2023,04,202304,경남,남성,20,22450
2023,04,202304,경남,남성,30,131224
2023,04,202304,경남,남성,40,273475
2023,04,202304,경남,남성,50,349864
2023,04,202304,경남,남성,60,303022
2023,04,202304,경남,남성,70,100242
2023,04,202304,경남,남성,80,15577
2023,04,202304,경남,남성,90,1117
2023,04,202304,경남,여성,10,254
2023,04,202304,경남,여성,20,11270
2023,04,202304,경남,여성,30,56684
2023,04,202304,경남,여성,40,101782
2023,04,202304,경남,여성,50,130814
2023,04,202304,경남,여성,60,90431
2023,04,202304,경남,여성,70,19036
2023,04,202304,경남,여성,80,3162
2023,04,202304,경남,여성,90,759
2023,04,202304,제주,남성,10,135
2023,04,202304,제주,남성,20,4565
2023,04,202304,제주,남성,30,26230
2023,04,202304,제주,남성,40,57965
2023,04,202304,제주,남성,50,72272
2023,04,202304,제주,남성,60,54964
2023,04,202304,제주,남성,70,19690
2023,04,202304,제주,남성,80,4340
2023,04,202304,제주,남성,90,315
2023,04,202304,제주,여성,10,55
2023,04,202304,제주,여성,20,3240
2023,04,202304,제주,여성,30,15437
2023,04,202304,제주,여성,40,27725
2023,04,202304,제주,여성,50,33987
2023,04,202304,제주,여성,60,23433
2023,04,202304,제주,여성,70,5663
2023,04,202304,제주,여성,80,929
2023,04,202304,제주,여성,90,201
2023,05,202305,서울,남성,10,1376
2023,05,202305,서울,남성,20,31088
2023,05,202305,서울,남성,30,278719
2023,05,202305,서울,남성,40,489294
2023,05,202305,서울,남성,50,540103
2023,05,202305,서울,남성,60,450780
2023,05,202305,서울,남성,70,180360
2023,05,202305,서울,남성,80,35474
2023,05,202305,서울,남성,90,4074
2023,05,202305,서울,여성,10,672
2023,05,202305,서울,여성,20,16825
2023,05,202305,서울,여성,30,113946
2023,05,202305,서울,여성,40,182560
2023,05,202305,서울,여성,50,203490
2023,05,202305,서울,여성,60,145781
2023,05,202305,서울,여성,70,43616
2023,05,202305,서울,여성,80,8521
2023,05,202305,서울,여성,90,2265
2023,05,202305,부산,남성,10,439
2023,05,202305,부산,남성,20,16463
2023,05,202305,부산,남성,30,111641
2023,05,202305,부산,남성,40,206385
2023,05,202305,부산,남성,50,227655
2023,05,202305,부산,남성,60,210725
2023,05,202305,부산,남성,70,77405
2023,05,202305,부산,남성,80,12318
2023,05,202305,부산,남성,90,1216
2023,05,202305,부산,여성,10,225
2023,05,202305,부산,여성,20,8088
2023,05,202305,부산,여성,30,45128
2023,05,202305,부산,여성,40,76950
2023,05,202305,부산,여성,50,91670
2023,05,202305,부산,여성,60,67516
2023,05,202305,부산,여성,70,16358
2023,05,202305,부산,여성,80,2712
2023,05,202305,부산,여성,90,595
2023,05,202305,대구,남성,10,137
2023,05,202305,대구,남성,20,15405
2023,05,202305,대구,남성,30,96942
2023,05,202305,대구,남성,40,181371
2023,05,202305,대구,남성,50,228643
2023,05,202305,대구,남성,60,184738
2023,05,202305,대구,남성,70,63143
2023,05,202305,대구,남성,80,10939
2023,05,202305,대구,남성,90,941
2023,05,202305,대구,여성,10,90
2023,05,202305,대구,여성,20,8312
2023,05,202305,대구,여성,30,40523
2023,05,202305,대구,여성,40,69410
2023,05,202305,대구,여성,50,92553
2023,05,202305,대구,여성,60,61847
2023,05,202305,대구,여성,70,14552
2023,05,202305,대구,여성,80,2291
2023,05,202305,대구,여성,90,487
2023,05,202305,인천,남성,10,373
2023,05,202305,인천,남성,20,20295
2023,05,202305,인천,남성,30,128447
2023,05,202305,인천,남성,40,218624
2023,05,202305,인천,남성,50,237986
2023,05,202305,인천,남성,60,194856
2023,05,202305,인천,남성,70,54519
2023,05,202305,인천,남성,80,7937
2023,05,202305,인천,남성,90,721
2023,05,202305,인천,여성,10,210
2023,05,202305,인천,여성,20,10095
2023,05,202305,인천,여성,30,53201
2023,05,202305,인천,여성,40,82762
2023,05,202305,인천,여성,50,96462
2023,05,202305,인천,여성,60,63899
2023,05,202305,인천,여성,70,12398
2023,05,202305,인천,여성,80,2035
2023,05,202305,인천,여성,90,477
2023,05,202305,광주,남성,10,126
2023,05,202305,광주,남성,20,12267
2023,05,202305,광주,남성,30,61327
2023,05,202305,광주,남성,40,113457
2023,05,202305,광주,남성,50,133471
2023,05,202305,광주,남성,60,94002
2023,05,202305,광주,남성,70,30211
2023,05,202305,광주,남성,80,5091
2023,05,202305,광주,남성,90,383
2023,05,202305,광주,여성,10,62
2023,05,202305,광주,여성,20,8018
2023,05,202305,광주,여성,30,32149
2023,05,202305,광주,여성,40,49451
2023,05,202305,광주,여성,50,57908
2023,05,202305,광주,여성,60,33507
2023,05,202305,광주,여성,70,7368
2023,05,202305,광주,여성,80,1232
2023,05,202305,광주,여성,90,321
2023,05,202305,대전,남성,10,216
2023,05,202305,대전,남성,20,11732
2023,05,202305,대전,남성,30,65086
2023,05,202305,대전,남성,40,108982
2023,05,202305,대전,남성,50,132870
2023,05,202305,대전,남성,60,103237
2023,05,202305,대전,남성,70,32977
2023,05,202305,대전,남성,80,5490
2023,05,202305,대전,남성,90,423
2023,05,202305,대전,여성,10,112
2023,05,202305,대전,여성,20,6631
2023,05,202305,대전,여성,30,29627
2023,05,202305,대전,여성,40,44871
2023,05,202305,대전,여성,50,54445
2023,05,202305,대전,여성,60,35284
2023,05,202305,대전,여성,70,7490
2023,05,202305,대전,여성,80,1327
2023,05,202305,대전,여성,90,335
2023,05,202305,울산,남성,10,158
2023,05,202305,울산,남성,20,8826
2023,05,202305,울산,남성,30,49829
2023,05,202305,울산,남성,40,97088
2023,05,202305,울산,남성,50,123796
2023,05,202305,울산,남성,60,107624
2023,05,202305,울산,남성,70,28979
2023,05,202305,울산,남성,80,3522
2023,05,202305,울산,남성,90,238
2023,05,202305,울산,여성,10,58
2023,05,202305,울산,여성,20,3952
2023,05,202305,울산,여성,30,19106
2023,05,202305,울산,여성,40,31756
2023,05,202305,울산,여성,50,38981
2023,05,202305,울산,여성,60,25246
2023,05,202305,울산,여성,70,5030
2023,05,202305,울산,여성,80,729
2023,05,202305,울산,여성,90,193
2023,05,202305,세종,남성,10,62
2023,05,202305,세종,남성,20,2129
2023,05,202305,세종,남성,30,21382
2023,05,202305,세종,남성,40,43943
2023,05,202305,세종,남성,50,36548
2023,05,202305,세종,남성,60,22520
2023,05,202305,세종,남성,70,6457
2023,05,202305,세종,남성,80,978
2023,05,202305,세종,남성,90,66
2023,05,202305,세종,여성,10,28
2023,05,202305,세종,여성,20,1428
2023,05,202305,세종,여성,30,11090
2023,05,202305,세종,여성,40,17367
2023,05,202305,세종,여성,50,13137
2023,05,202305,세종,여성,60,7425
2023,05,202305,세종,여성,70,1436
2023,05,202305,세종,여성,80,229
2023,05,202305,세종,여성,90,49
2023,05,202305,경기,남성,10,2026
2023,05,202305,경기,남성,20,93161
2023,05,202305,경기,남성,30,614425
2023,05,202305,경기,남성,40,1099959
2023,05,202305,경기,남성,50,1192275
2023,05,202305,경기,남성,60,890698
2023,05,202305,경기,남성,70,263859
2023,05,202305,경기,남성,80,48618
2023,05,202305,경기,남성,90,4211
2023,05,202305,경기,여성,10,951
2023,05,202305,경기,여성,20,46782
2023,05,202305,경기,여성,30,250521
2023,05,202305,경기,여성,40,402254
2023,05,202305,경기,여성,50,475793
2023,05,202305,경기,여성,60,305133
2023,05,202305,경기,여성,70,68252
2023,05,202305,경기,여성,80,12319
2023,05,202305,경기,여성,90,2749
2023,05,202305,강원,남성,10,162
2023,05,202305,강원,남성,20,14251
2023,05,202305,강원,남성,30,63211
2023,05,202305,강원,남성,40,112265
2023,05,202305,강원,남성,50,161724
2023,05,202305,강원,남성,60,154998
2023,05,202305,강원,남성,70,56331
2023,05,202305,강원,남성,80,12186
2023,05,202305,강원,남성,90,710
2023,05,202305,강원,여성,10,91
2023,05,202305,강원,여성,20,7176
2023,05,202305,강원,여성,30,28837
2023,05,202305,강원,여성,40,47221
2023,05,202305,강원,여성,50,65701
2023,05,202305,강원,여성,60,52814
2023,05,202305,강원,여성,70,12473
2023,05,202305,강원,여성,80,2039
2023,05,202305,강원,여성,90,522
2023,05,202305,충북,남성,10,247
2023,05,202305,충북,남성,20,16325
2023,05,202305,충북,남성,30,76262
2023,05,202305,충북,남성,40,129200
2023,05,202305,충북,남성,50,173391
2023,05,202305,충북,남성,60,154656
2023,05,202305,충북,남성,70,51721
2023,05,202305,충북,남성,80,9420
2023,05,202305,충북,남성,90,561
2023,05,202305,충북,여성,10,139
2023,05,202305,충북,여성,20,8595
2023,05,202305,충북,여성,30,33244
2023,05,202305,충북,여성,40,49923
2023,05,202305,충북,여성,50,67035
2023,05,202305,충북,여성,60,47171
2023,05,202305,충북,여성,70,10362
2023,05,202305,충북,여성,80,1731
2023,05,202305,충북,여성,90,355
2023,05,202305,충남,남성,10,250
2023,05,202305,충남,남성,20,20114
2023,05,202305,충남,남성,30,106399
2023,05,202305,충남,남성,40,193585
2023,05,202305,충남,남성,50,230778
2023,05,202305,충남,남성,60,198112
2023,05,202305,충남,남성,70,71417
2023,05,202305,충남,남성,80,13102
2023,05,202305,충남,남성,90,1007
2023,05,202305,충남,여성,10,124
2023,05,202305,충남,여성,20,10432
2023,05,202305,충남,여성,30,43674
2023,05,202305,충남,여성,40,66345
2023,05,202305,충남,여성,50,84306
2023,05,202305,충남,여성,60,62563
2023,05,202305,충남,여성,70,14085
2023,05,202305,충남,여성,80,2500
2023,05,202305,충남,여성,90,588
2023,05,202305,전북,남성,10,256
2023,05,202305,전북,남성,20,14128
2023,05,202305,전북,남성,30,63365
2023,05,202305,전북,남성,40,132112
2023,05,202305,전북,남성,50,191936
2023,05,202305,전북,남성,60,166766
2023,05,202305,전북,남성,70,65475
2023,05,202305,전북,남성,80,11959
2023,05,202305,전북,남성,90,1076
2023,05,202305,전북,여성,10,126
2023,05,202305,전북,여성,20,8263
2023,05,202305,전북,여성,30,32730
2023,05,202305,전북,여성,40,53842
2023,05,202305,전북,여성,50,74084
2023,05,202305,전북,여성,60,54062
2023,05,202305,전북,여성,70,13449
2023,05,202305,전북,여성,80,2785
2023,05,202305,전북,여성,90,814
2023,05,202305,전남,남성,10,247
2023,05,202305,전남,남성,20,15708
2023,05,202305,전남,남성,30,67339
2023,05,202305,전남,남성,40,138453
2023,05,202305,전남,남성,50,207088
2023,05,202305,전남,남성,60,187824
2023,05,202305,전남,남성,70,71790
2023,05,202305,전남,남성,80,12303
2023,05,202305,전남,남성,90,993
2023,05,202305,전남,여성,10,119
2023,05,202305,전남,여성,20,8229
2023,05,202305,전남,여성,30,32013
2023,05,202305,전남,여성,40,52066
2023,05,202305,전남,여성,50,72467
2023,05,202305,전남,여성,60,54918
2023,05,202305,전남,여성,70,12437
2023,05,202305,전남,여성,80,2731
2023,05,202305,전남,여성,90,734
2023,05,202305,경북,남성,10,154
2023,05,202305,경북,남성,20,20885
2023,05,202305,경북,남성,30,105372
2023,05,202305,경북,남성,40,209331
2023,05,202305,경북,남성,50,302763
2023,05,202305,경북,남성,60,294742
2023,05,202305,경북,남성,70,113235
2023,05,202305,경북,남성,80,19738
2023,05,202305,경북,남성,90,1347
2023,05,202305,경북,여성,10,77
2023,05,202305,경북,여성,20,10566
2023,05,202305,경북,여성,30,44396
2023,05,202305,경북,여성,40,76301
2023,05,202305,경북,여성,50,106550
2023,05,202305,경북,여성,60,83998
2023,05,202305,경북,여성,70,19815
2023,05,202305,경북,여성,80,3240
2023,05,202305,경북,여성,90,700
2023,05,202305,경남,남성,10,498
2023,05,202305,경남,남성,20,23023
2023,05,202305,경남,남성,30,132081
2023,05,202305,경남,남성,40,273794
2023,05,202305,경남,남성,50,349900
2023,05,202305,경남,남성,60,302525
2023,05,202305,경남,남성,70,99838
2023,05,202305,경남,남성,80,15371
2023,05,202305,경남,남성,90,1105
2023,05,202305,경남,여성,10,256
2023,05,202305,경남,여성,20,11508
2023,05,202305,경남,여성,30,56988
2023,05,202305,경남,여성,40,101928
2023,05,202305,경남,여성,50,131007
2023,05,202305,경남,여성,60,90326
2023,05,202305,경남,여성,70,18952
2023,05,202305,경남,여성,80,3127
2023,05,202305,경남,여성,90,746
2023,05,202305,제주,남성,10,136
2023,05,202305,제주,남성,20,4675
2023,05,202305,제주,남성,30,26382
2023,05,202305,제주,남성,40,57896
2023,05,202305,제주,남성,50,72304
2023,05,202305,제주,남성,60,54869
2023,05,202305,제주,남성,70,19597
2023,05,202305,제주,남성,80,4282
2023,05,202305,제주,남성,90,310
2023,05,202305,제주,여성,10,54
2023,05,202305,제주,여성,20,3304
2023,05,202305,제주,여성,30,15493
2023,05,202305,제주,여성,40,27791
2023,05,202305,제주,여성,50,34015
2023,05,202305,제주,여성,60,23423
2023,05,202305,제주,여성,70,5637
2023,05,202305,제주,여성,80,921
2023,05,202305,제주,여성,90,199
2023,06,202306,서울,남성,10,1370
2023,06,202306,서울,남성,20,32012
2023,06,202306,서울,남성,30,280721
2023,06,202306,서울,남성,40,489540
2023,06,202306,서울,남성,50,540117
2023,06,202306,서울,남성,60,449966
2023,06,202306,서울,남성,70,179410
2023,06,202306,서울,남성,80,35093
2023,06,202306,서울,남성,90,4023
2023,06,202306,서울,여성,10,701
2023,06,202306,서울,여성,20,17297
2023,06,202306,서울,여성,30,114757
2023,06,202306,서울,여성,40,182782
2023,06,202306,서울,여성,50,203581
2023,06,202306,서울,여성,60,145392
2023,06,202306,서울,여성,70,43373
2023,06,202306,서울,여성,80,8426
2023,06,202306,서울,여성,90,2236
2023,06,202306,부산,남성,10,449
2023,06,202306,부산,남성,20,16953
2023,06,202306,부산,남성,30,112383
2023,06,202306,부산,남성,40,206690
2023,06,202306,부산,남성,50,227621
2023,06,202306,부산,남성,60,210298
2023,06,202306,부산,남성,70,76931
2023,06,202306,부산,남성,80,12170
2023,06,202306,부산,남성,90,1203
2023,06,202306,부산,여성,10,230
2023,06,202306,부산,여성,20,8302
2023,06,202306,부산,여성,30,45381
2023,06,202306,부산,여성,40,77091
2023,06,202306,부산,여성,50,91743
2023,06,202306,부산,여성,60,67394
2023,06,202306,부산,여성,70,16233
2023,06,202306,부산,여성,80,2683
2023,06,202306,부산,여성,90,588
2023,06,202306,대구,남성,10,139
2023,06,202306,대구,남성,20,15803
2023,06,202306,대구,남성,30,97770
2023,06,202306,대구,남성,40,182092
2023,06,202306,대구,남성,50,228666
2023,06,202306,대구,남성,60,184279
2023,06,202306,대구,남성,70,62812
2023,06,202306,대구,남성,80,10817
2023,06,202306,대구,남성,90,928
2023,06,202306,대구,여성,10,90
2023,06,202306,대구,여성,20,8513
2023,06,202306,대구,여성,30,40845
2023,06,202306,대구,여성,40,69647
2023,06,202306,대구,여성,50,92715
2023,06,202306,대구,여성,60,61787
2023,06,202306,대구,여성,70,14447
2023,06,202306,대구,여성,80,2254
2023,06,202306,대구,여성,90,483
2023,06,202306,인천,남성,10,380
2023,06,202306,인천,남성,20,20803
2023,06,202306,인천,남성,30,129412
2023,06,202306,인천,남성,40,218979
2023,06,202306,인천,남성,50,238100
2023,06,202306,인천,남성,60,194557
2023,06,202306,인천,남성,70,54216
2023,06,202306,인천,남성,80,7862
2023,06,202306,인천,남성,90,713
2023,06,202306,인천,여성,10,217
2023,06,202306,인천,여성,20,10319
2023,06,202306,인천,여성,30,53555
2023,06,202306,인천,여성,40,83031
2023,06,202306,인천,여성,50,96623
2023,06,202306,인천,여성,60,63826
2023,06,202306,인천,여성,70,12341
2023,06,202306,인천,여성,80,2023
2023,06,202306,인천,여성,90,473
2023,06,202306,광주,남성,10,124
2023,06,202306,광주,남성,20,12564
2023,06,202306,광주,남성,30,61611
2023,06,202306,광주,남성,40,113501
2023,06,202306,광주,남성,50,133449
2023,06,202306,광주,남성,60,93729
2023,06,202306,광주,남성,70,30064
2023,06,202306,광주,남성,80,5030
2023,06,202306,광주,남성,90,377
2023,06,202306,광주,여성,10,64
2023,06,202306,광주,여성,20,8185
2023,06,202306,광주,여성,30,32349
2023,06,202306,광주,여성,40,49574
2023,06,202306,광주,여성,50,58009
2023,06,202306,광주,여성,60,33452
2023,06,202306,광주,여성,70,7323
2023,06,202306,광주,여성,80,1224
2023,06,202306,광주,여성,90,315
2023,06,202306,대전,남성,10,221
2023,06,202306,대전,남성,20,12088
2023,06,202306,대전,남성,30,65460
2023,06,202306,대전,남성,40,109172
2023,06,202306,대전,남성,50,133014
2023,06,202306,대전,남성,60,102983
2023,06,202306,대전,남성,70,32785
2023,06,202306,대전,남성,80,5412
2023,06,202306,대전,남성,90,419
2023,06,202306,대전,여성,10,111
2023,06,202306,대전,여성,20,6783
2023,06,202306,대전,여성,30,29816
2023,06,202306,대전,여성,40,45025
2023,06,202306,대전,여성,50,54501
2023,06,202306,대전,여성,60,35218
2023,06,202306,대전,여성,70,7440
2023,06,202306,대전,여성,80,1304
2023,06,202306,대전,여성,90,330
2023,06,202306,울산,남성,10,163
2023,06,202306,울산,남성,20,9064
2023,06,202306,울산,남성,30,50197
2023,06,202306,울산,남성,40,97262
2023,06,202306,울산,남성,50,124000
2023,06,202306,울산,남성,60,107556
2023,06,202306,울산,남성,70,28819
2023,06,202306,울산,남성,80,3496
2023,06,202306,울산,남성,90,235
2023,06,202306,울산,여성,10,61
2023,06,202306,울산,여성,20,4037
2023,06,202306,울산,여성,30,19241
2023,06,202306,울산,여성,40,31851
2023,06,202306,울산,여성,50,39061
2023,06,202306,울산,여성,60,25217
2023,06,202306,울산,여성,70,5009
2023,06,202306,울산,여성,80,723
2023,06,202306,울산,여성,90,190
2023,06,202306,세종,남성,10,62
2023,06,202306,세종,남성,20,2192
2023,06,202306,세종,남성,30,21512
2023,06,202306,세종,남성,40,43972
2023,06,202306,세종,남성,50,36561
2023,06,202306,세종,남성,60,22512
2023,06,202306,세종,남성,70,6432
2023,06,202306,세종,남성,80,968
2023,06,202306,세종,남성,90,66
2023,06,202306,세종,여성,10,28
2023,06,202306,세종,여성,20,1477
2023,06,202306,세종,여성,30,11197
2023,06,202306,세종,여성,40,17378
2023,06,202306,세종,여성,50,13131
2023,06,202306,세종,여성,60,7430
2023,06,202306,세종,여성,70,1425
2023,06,202306,세종,여성,80,223
2023,06,202306,세종,여성,90,47
2023,06,202306,경기,남성,10,2042
2023,06,202306,경기,남성,20,95732
2023,06,202306,경기,남성,30,619467
2023,06,202306,경기,남성,40,1102353
2023,06,202306,경기,남성,50,1193416
2023,06,202306,경기,남성,60,889544
2023,06,202306,경기,남성,70,262806
2023,06,202306,경기,남성,80,48122
2023,06,202306,경기,남성,90,4160
2023,06,202306,경기,여성,10,971
2023,06,202306,경기,여성,20,47961
2023,06,202306,경기,여성,30,252537
2023,06,202306,경기,여성,40,403640
2023,06,202306,경기,여성,50,476604
2023,06,202306,경기,여성,60,304858
2023,06,202306,경기,여성,70,67949
2023,06,202306,경기,여성,80,12191
2023,06,202306,경기,여성,90,2716
2023,06,202306,강원,남성,10,165
2023,06,202306,강원,남성,20,14571
2023,06,202306,강원,남성,30,63543
2023,06,202306,강원,남성,40,112459
2023,06,202306,강원,남성,50,161972
2023,06,202306,강원,남성,60,154922
2023,06,202306,강원,남성,70,56123
2023,06,202306,강원,남성,80,12033
2023,06,202306,강원,남성,90,698
2023,06,202306,강원,여성,10,91
2023,06,202306,강원,여성,20,7384
2023,06,202306,강원,여성,30,29025
2023,06,202306,강원,여성,40,47306
2023,06,202306,강원,여성,50,65875
2023,06,202306,강원,여성,60,52828
2023,06,202306,강원,여성,70,12441
2023,06,202306,강원,여성,80,2018
2023,06,202306,강원,여성,90,521
2023,06,202306,충북,남성,10,257
2023,06,202306,충북,남성,20,16766
2023,06,202306,충북,남성,30,76730
2023,06,202306,충북,남성,40,129276
2023,06,202306,충북,남성,50,173597
2023,06,202306,충북,남성,60,154538
2023,06,202306,충북,남성,70,51496
2023,06,202306,충북,남성,80,9313
2023,06,202306,충북,남성,90,555
2023,06,202306,충북,여성,10,140
2023,06,202306,충북,여성,20,8826
2023,06,202306,충북,여성,30,33469
2023,06,202306,충북,여성,40,49972
2023,06,202306,충북,여성,50,67138
2023,06,202306,충북,여성,60,47080
2023,06,202306,충북,여성,70,10328
2023,06,202306,충북,여성,80,1709
2023,06,202306,충북,여성,90,348
2023,06,202306,충남,남성,10,250
2023,06,202306,충남,남성,20,20680
2023,06,202306,충남,남성,30,107090
2023,06,202306,충남,남성,40,193874
2023,06,202306,충남,남성,50,231283
2023,06,202306,충남,남성,60,197894
2023,06,202306,충남,남성,70,71131
2023,06,202306,충남,남성,80,12936
2023,06,202306,충남,남성,90,999
2023,06,202306,충남,여성,10,124
2023,06,202306,충남,여성,20,10713
2023,06,202306,충남,여성,30,43990
2023,06,202306,충남,여성,40,66500
2023,06,202306,충남,여성,50,84569
2023,06,202306,충남,여성,60,62551
2023,06,202306,충남,여성,70,14017
2023,06,202306,충남,여성,80,2453
2023,06,202306,충남,여성,90,576
2023,06,202306,전북,남성,10,259
2023,06,202306,전북,남성,20,14452
2023,06,202306,전북,남성,30,63837
2023,06,202306,전북,남성,40,132282
2023,06,202306,전북,남성,50,192131
2023,06,202306,전북,남성,60,166601
2023,06,202306,전북,남성,70,65213
2023,06,202306,전북,남성,80,11832
2023,06,202306,전북,남성,90,1063
2023,06,202306,전북,여성,10,128
2023,06,202306,전북,여성,20,8485
2023,06,202306,전북,여성,30,32923
2023,06,202306,전북,여성,40,53966
2023,06,202306,전북,여성,50,74233
2023,06,202306,전북,여성,60,54037
2023,06,202306,전북,여성,70,13391
2023,06,202306,전북,여성,80,2744
2023,06,202306,전북,여성,90,803
2023,06,202306,전남,남성,10,244
2023,06,202306,전남,남성,20,16189
2023,06,202306,전남,남성,30,67766
2023,06,202306,전남,남성,40,138724
2023,06,202306,전남,남성,50,207482
2023,06,202306,전남,남성,60,187817
2023,06,202306,전남,남성,70,71533
2023,06,202306,전남,남성,80,12155
2023,06,202306,전남,남성,90,980
2023,06,202306,전남,여성,10,120
2023,06,202306,전남,여성,20,8467
2023,06,202306,전남,여성,30,32213
2023,06,202306,전남,여성,40,52189
2023,06,202306,전남,여성,50,72623
2023,06,202306,전남,여성,60,54892
2023,06,202306,전남,여성,70,12377
2023,06,202306,전남,여성,80,2688
2023,06,202306,전남,여성,90,718
2023,06,202306,경북,남성,10,158
2023,06,202306,경북,남성,20,21424
2023,06,202306,경북,남성,30,105930
2023,06,202306,경북,남성,40,209741
2023,06,202306,경북,남성,50,303011
2023,06,202306,경북,남성,60,294469
2023,06,202306,경북,남성,70,112768
2023,06,202306,경북,남성,80,19514
2023,06,202306,경북,남성,90,1325
2023,06,202306,경북,여성,10,77
2023,06,202306,경북,여성,20,10817
2023,06,202306,경북,여성,30,44587
2023,06,202306,경북,여성,40,76496
2023,06,202306,경북,여성,50,106672
2023,06,202306,경북,여성,60,83977
2023,06,202306,경북,여성,70,19733
2023,06,202306,경북,여성,80,3191
2023,06,202306,경북,여성,90,693
2023,06,202306,경남,남성,10,503
2023,06,202306,경남,남성,20,23692
2023,06,202306,경남,남성,30,132934
2023,06,202306,경남,남성,40,274368
2023,06,202306,경남,남성,50,350547
2023,06,202306,경남,남성,60,302281
2023,06,202306,경남,남성,70,99412
2023,06,202306,경남,남성,80,15218
2023,06,202306,경남,남성,90,1083
2023,06,202306,경남,여성,10,258
2023,06,202306,경남,여성,20,11778
2023,06,202306,경남,여성,30,57328
2023,06,202306,경남,여성,40,102255
2023,06,202306,경남,여성,50,131371
2023,06,202306,경남,여성,60,90312
2023,06,202306,경남,여성,70,18857
2023,06,202306,경남,여성,80,3095
2023,06,202306,경남,여성,90,733
2023,06,202306,제주,남성,10,136
2023,06,202306,제주,남성,20,4791
2023,06,202306,제주,남성,30,26500
2023,06,202306,제주,남성,40,57862
2023,06,202306,제주,남성,50,72298
2023,06,202306,제주,남성,60,54659
2023,06,202306,제주,남성,70,19493
2023,06,202306,제주,남성,80,4236
2023,06,202306,제주,남성,90,308
2023,06,202306,제주,여성,10,54
2023,06,202306,제주,여성,20,3373
2023,06,202306,제주,여성,30,15570
2023,06,202306,제주,여성,40,27784
2023,06,202306,제주,여성,50,34084
2023,06,202306,제주,여성,60,23400
2023,06,202306,제주,여성,70,5607
2023,06,202306,제주,여성,80,917
2023,06,202306,제주,여성,90,197
2023,07,202307,서울,남성,10,1412
2023,07,202307,서울,남성,20,32939
2023,07,202307,서울,남성,30,282600
2023,07,202307,서울,남성,40,489644
2023,07,202307,서울,남성,50,539871
2023,07,202307,서울,남성,60,449060
2023,07,202307,서울,남성,70,178454
2023,07,202307,서울,남성,80,34724
2023,07,202307,서울,남성,90,4005
2023,07,202307,서울,여성,10,719
2023,07,202307,서울,여성,20,17758
2023,07,202307,서울,여성,30,115485
2023,07,202307,서울,여성,40,183011
2023,07,202307,서울,여성,50,203694
2023,07,202307,서울,여성,60,144991
2023,07,202307,서울,여성,70,43154
2023,07,202307,서울,여성,80,8353
2023,07,202307,서울,여성,90,2228
2023,07,202307,부산,남성,10,453
2023,07,202307,부산,남성,20,17336
2023,07,202307,부산,남성,30,113031
2023,07,202307,부산,남성,40,206918
2023,07,202307,부산,남성,50,227645
2023,07,202307,부산,남성,60,209892
2023,07,202307,부산,남성,70,76542
2023,07,202307,부산,남성,80,12033
2023,07,202307,부산,남성,90,1197
2023,07,202307,부산,여성,10,233
2023,07,202307,부산,여성,20,8478
2023,07,202307,부산,여성,30,45683
2023,07,202307,부산,여성,40,77247
2023,07,202307,부산,여성,50,91888
2023,07,202307,부산,여성,60,67258
2023,07,202307,부산,여성,70,16113
2023,07,202307,부산,여성,80,2659
2023,07,202307,부산,여성,90,584
2023,07,202307,대구,남성,10,139
2023,07,202307,대구,남성,20,16249
2023,07,202307,대구,남성,30,98818
2023,07,202307,대구,남성,40,183167
2023,07,202307,대구,남성,50,231667
2023,07,202307,대구,남성,60,188371
2023,07,202307,대구,남성,70,64575
2023,07,202307,대구,남성,80,11077
2023,07,202307,대구,남성,90,934
2023,07,202307,대구,여성,10,90
2023,07,202307,대구,여성,20,8788
2023,07,202307,대구,여성,30,41344
2023,07,202307,대구,여성,40,70177
2023,07,202307,대구,여성,50,93674
2023,07,202307,대구,여성,60,62716
2023,07,202307,대구,여성,70,14702
2023,07,202307,대구,여성,80,2288
2023,07,202307,대구,여성,90,488
2023,07,202307,인천,남성,10,386
2023,07,202307,인천,남성,20,21352
2023,07,202307,인천,남성,30,130658
2023,07,202307,인천,남성,40,219623
2023,07,202307,인천,남성,50,238441
2023,07,202307,인천,남성,60,194364
2023,07,202307,인천,남성,70,54039
2023,07,202307,인천,남성,80,7791
2023,07,202307,인천,남성,90,706
2023,07,202307,인천,여성,10,215
2023,07,202307,인천,여성,20,10568
2023,07,202307,인천,여성,30,53951
2023,07,202307,인천,여성,40,83304
2023,07,202307,인천,여성,50,96820
2023,07,202307,인천,여성,60,63758
2023,07,202307,인천,여성,70,12278
2023,07,202307,인천,여성,80,2010
2023,07,202307,인천,여성,90,468
2023,07,202307,광주,남성,10,125
2023,07,202307,광주,남성,20,12849
2023,07,202307,광주,남성,30,61860
2023,07,202307,광주,남성,40,113637
2023,07,202307,광주,남성,50,133497
2023,07,202307,광주,남성,60,93545
2023,07,202307,광주,남성,70,29954
2023,07,202307,광주,남성,80,4980
2023,07,202307,광주,남성,90,373
2023,07,202307,광주,여성,10,65
2023,07,202307,광주,여성,20,8324
2023,07,202307,광주,여성,30,32498
2023,07,202307,광주,여성,40,49708
2023,07,202307,광주,여성,50,58055
2023,07,202307,광주,여성,60,33428
2023,07,202307,광주,여성,70,7294
2023,07,202307,광주,여성,80,1205
2023,07,202307,광주,여성,90,312
2023,07,202307,대전,남성,10,219
2023,07,202307,대전,남성,20,12411
2023,07,202307,대전,남성,30,65850
2023,07,202307,대전,남성,40,109277
2023,07,202307,대전,남성,50,133151
2023,07,202307,대전,남성,60,102819
2023,07,202307,대전,남성,70,32655
2023,07,202307,대전,남성,80,5368
2023,07,202307,대전,남성,90,413
2023,07,202307,대전,여성,10,112
2023,07,202307,대전,여성,20,6950
2023,07,202307,대전,여성,30,29990
2023,07,202307,대전,여성,40,45118
2023,07,202307,대전,여성,50,54567
2023,07,202307,대전,여성,60,35124
2023,07,202307,대전,여성,70,7401
2023,07,202307,대전,여성,80,1283
2023,07,202307,대전,여성,90,329
2023,07,202307,울산,남성,10,170
2023,07,202307,울산,남성,20,9322
2023,07,202307,울산,남성,30,50515
2023,07,202307,울산,남성,40,97281
2023,07,202307,울산,남성,50,124054
2023,07,202307,울산,남성,60,107311
2023,07,202307,울산,남성,70,28686
2023,07,202307,울산,남성,80,3456
2023,07,202307,울산,남성,90,233
2023,07,202307,울산,여성,10,59
2023,07,202307,울산,여성,20,4143
2023,07,202307,울산,여성,30,19327
2023,07,202307,울산,여성,40,31917
2023,07,202307,울산,여성,50,39095
2023,07,202307,울산,여성,60,25167
2023,07,202307,울산,여성,70,4998
2023,07,202307,울산,여성,80,720
2023,07,202307,울산,여성,90,186
2023,07,202307,세종,남성,10,62
2023,07,202307,세종,남성,20,2235
2023,07,202307,세종,남성,30,21624
2023,07,202307,세종,남성,40,44009
2023,07,202307,세종,남성,50,36548
2023,07,202307,세종,남성,60,22441
2023,07,202307,세종,남성,70,6417
2023,07,202307,세종,남성,80,950
2023,07,202307,세종,남성,90,67
2023,07,202307,세종,여성,10,29
2023,07,202307,세종,여성,20,1504
2023,07,202307,세종,여성,30,11259
2023,07,202307,세종,여성,40,17393
2023,07,202307,세종,여성,50,13182
2023,07,202307,세종,여성,60,7414
2023,07,202307,세종,여성,70,1432
2023,07,202307,세종,여성,80,223
2023,07,202307,세종,여성,90,46
2023,07,202307,경기,남성,10,2069
2023,07,202307,경기,남성,20,98318
2023,07,202307,경기,남성,30,623357
2023,07,202307,경기,남성,40,1103755
2023,07,202307,경기,남성,50,1194059
2023,07,202307,경기,남성,60,888636
2023,07,202307,경기,남성,70,261783
2023,07,202307,경기,남성,80,47664
2023,07,202307,경기,남성,90,4114
2023,07,202307,경기,여성,10,981
2023,07,202307,경기,여성,20,49098
2023,07,202307,경기,여성,30,254421
2023,07,202307,경기,여성,40,404275
2023,07,202307,경기,여성,50,477318
2023,07,202307,경기,여성,60,304743
2023,07,202307,경기,여성,70,67665
2023,07,202307,경기,여성,80,12065
2023,07,202307,경기,여성,90,2680
2023,07,202307,강원,남성,10,168
2023,07,202307,강원,남성,20,14851
2023,07,202307,강원,남성,30,63821
2023,07,202307,강원,남성,40,112514
2023,07,202307,강원,남성,50,162176
2023,07,202307,강원,남성,60,154899
2023,07,202307,강원,남성,70,55950
2023,07,202307,강원,남성,80,11908
2023,07,202307,강원,남성,90,691
2023,07,202307,강원,여성,10,94
2023,07,202307,강원,여성,20,7548
2023,07,202307,강원,여성,30,29178
2023,07,202307,강원,여성,40,47429
2023,07,202307,강원,여성,50,66051
2023,07,202307,강원,여성,60,52859
2023,07,202307,강원,여성,70,12388
2023,07,202307,강원,여성,80,1999
2023,07,202307,강원,여성,90,520
2023,07,202307,충북,남성,10,259
2023,07,202307,충북,남성,20,17154
2023,07,202307,충북,남성,30,77243
2023,07,202307,충북,남성,40,129456
2023,07,202307,충북,남성,50,173749
2023,07,202307,충북,남성,60,154432
2023,07,202307,충북,남성,70,51314
2023,07,202307,충북,남성,80,9232
2023,07,202307,충북,남성,90,549
2023,07,202307,충북,여성,10,140
2023,07,202307,충북,여성,20,9032
2023,07,202307,충북,여성,30,33703
2023,07,202307,충북,여성,40,50125
2023,07,202307,충북,여성,50,67204
2023,07,202307,충북,여성,60,47032
2023,07,202307,충북,여성,70,10277
2023,07,202307,충북,여성,80,1684
2023,07,202307,충북,여성,90,342
2023,07,202307,충남,남성,10,253
2023,07,202307,충남,남성,20,21238
2023,07,202307,충남,남성,30,107815
2023,07,202307,충남,남성,40,194284
2023,07,202307,충남,남성,50,231583
2023,07,202307,충남,남성,60,197786
2023,07,202307,충남,남성,70,70874
2023,07,202307,충남,남성,80,12829
2023,07,202307,충남,남성,90,985
2023,07,202307,충남,여성,10,127
2023,07,202307,충남,여성,20,11006
2023,07,202307,충남,여성,30,44252
2023,07,202307,충남,여성,40,66615
2023,07,202307,충남,여성,50,84775
2023,07,202307,충남,여성,60,62533
2023,07,202307,충남,여성,70,13982
2023,07,202307,충남,여성,80,2430
2023,07,202307,충남,여성,90,565
2023,07,202307,전북,남성,10,257
2023,07,202307,전북,남성,20,14817
2023,07,202307,전북,남성,30,64244
2023,07,202307,전북,남성,40,132658
2023,07,202307,전북,남성,50,192414
2023,07,202307,전북,남성,60,166460
2023,07,202307,전북,남성,70,64967
2023,07,202307,전북,남성,80,11733
2023,07,202307,전북,남성,90,1052
2023,07,202307,전북,여성,10,128
2023,07,202307,전북,여성,20,8708
2023,07,202307,전북,여성,30,33115
2023,07,202307,전북,여성,40,54012
2023,07,202307,전북,여성,50,74414
2023,07,202307,전북,여성,60,54040
2023,07,202307,전북,여성,70,13315
2023,07,202307,전북,여성,80,2692
2023,07,202307,전북,여성,90,785
2023,07,202307,전남,남성,10,247
2023,07,202307,전남,남성,20,16586
2023,07,202307,전남,남성,30,68209
2023,07,202307,전남,남성,40,138823
2023,07,202307,전남,남성,50,207657
2023,07,202307,전남,남성,60,187716
2023,07,202307,전남,남성,70,71296
2023,07,202307,전남,남성,80,12027
2023,07,202307,전남,남성,90,973
2023,07,202307,전남,여성,10,121
2023,07,202307,전남,여성,20,8655
2023,07,202307,전남,여성,30,32346
2023,07,202307,전남,여성,40,52355
2023,07,202307,전남,여성,50,72843
2023,07,202307,전남,여성,60,54906
2023,07,202307,전남,여성,70,12325
2023,07,202307,전남,여성,80,2652
2023,07,202307,전남,여성,90,708
2023,07,202307,경북,남성,10,161
2023,07,202307,경북,남성,20,21895
2023,07,202307,경북,남성,30,106199
2023,07,202307,경북,남성,40,209046
2023,07,202307,경북,남성,50,300455
2023,07,202307,경북,남성,60,289787
2023,07,202307,경북,남성,70,110356
2023,07,202307,경북,남성,80,18912
2023,07,202307,경북,남성,90,1283
2023,07,202307,경북,여성,10,80
2023,07,202307,경북,여성,20,10992
2023,07,202307,경북,여성,30,44596
2023,07,202307,경북,여성,40,76338
2023,07,202307,경북,여성,50,106133
2023,07,202307,경북,여성,60,82906
2023,07,202307,경북,여성,70,19363
2023,07,202307,경북,여성,80,3087
2023,07,202307,경북,여성,90,682
2023,07,202307,경남,남성,10,509
2023,07,202307,경남,남성,20,24246
2023,07,202307,경남,남성,30,133684
2023,07,202307,경남,남성,40,274715
2023,07,202307,경남,남성,50,351009
2023,07,202307,경남,남성,60,301870
2023,07,202307,경남,남성,70,98989
2023,07,202307,경남,남성,80,15052
2023,07,202307,경남,남성,90,1064
2023,07,202307,경남,여성,10,262
2023,07,202307,경남,여성,20,12049
2023,07,202307,경남,여성,30,57659
2023,07,202307,경남,여성,40,102569
2023,07,202307,경남,여성,50,131512
2023,07,202307,경남,여성,60,90299
2023,07,202307,경남,여성,70,18750
2023,07,202307,경남,여성,80,3060
2023,07,202307,경남,여성,90,716
2023,07,202307,제주,남성,10,138
2023,07,202307,제주,남성,20,4895
2023,07,202307,제주,남성,30,26676
2023,07,202307,제주,남성,40,57766
2023,07,202307,제주,남성,50,72235
2023,07,202307,제주,남성,60,54521
2023,07,202307,제주,남성,70,19390
2023,07,202307,제주,남성,80,4188
2023,07,202307,제주,남성,90,307
2023,07,202307,제주,여성,10,54
2023,07,202307,제주,여성,20,3422
2023,07,202307,제주,여성,30,15678
2023,07,202307,제주,여성,40,27777
2023,07,202307,제주,여성,50,34117
2023,07,202307,제주,여성,60,23345
2023,07,202307,제주,여성,70,5571
2023,07,202307,제주,여성,80,908
2023,07,202307,제주,여성,90,191
2023,08,202308,서울,남성,10,2352
2023,08,202308,서울,남성,20,53927
2023,08,202308,서울,남성,30,320711
2023,08,202308,서울,남성,40,504013
2023,08,202308,서울,남성,50,530937
2023,08,202308,서울,남성,60,423816
2023,08,202308,서울,남성,70,148530
2023,08,202308,서울,남성,80,26316
2023,08,202308,서울,남성,90,2363
2023,08,202308,서울,여성,10,1240
2023,08,202308,서울,여성,20,27963
2023,08,202308,서울,여성,30,127015
2023,08,202308,서울,여성,40,189583
2023,08,202308,서울,여성,50,199126
2023,08,202308,서울,여성,60,132065
2023,08,202308,서울,여성,70,35024
2023,08,202308,서울,여성,80,6747
2023,08,202308,서울,여성,90,1213
2023,08,202308,부산,남성,10,566
2023,08,202308,부산,남성,20,27242
2023,08,202308,부산,남성,30,126814
2023,08,202308,부산,남성,40,213957
2023,08,202308,부산,남성,50,225507
2023,08,202308,부산,남성,60,199061
2023,08,202308,부산,남성,70,62231
2023,08,202308,부산,남성,80,8760
2023,08,202308,부산,남성,90,833
2023,08,202308,부산,여성,10,305
2023,08,202308,부산,여성,20,13008
2023,08,202308,부산,여성,30,50078
2023,08,202308,부산,여성,40,80700
2023,08,202308,부산,여성,50,90575
2023,08,202308,부산,여성,60,60615
2023,08,202308,부산,여성,70,12649
2023,08,202308,부산,여성,80,2115
2023,08,202308,부산,여성,90,400
2023,08,202308,대구,남성,10,228
2023,08,202308,대구,남성,20,24897
2023,08,202308,대구,남성,30,110488
2023,08,202308,대구,남성,40,193182
2023,08,202308,대구,남성,50,230144
2023,08,202308,대구,남성,60,173546
2023,08,202308,대구,남성,70,53609
2023,08,202308,대구,남성,80,8236
2023,08,202308,대구,남성,90,621
2023,08,202308,대구,여성,10,120
2023,08,202308,대구,여성,20,13265
2023,08,202308,대구,여성,30,44535
2023,08,202308,대구,여성,40,74722
2023,08,202308,대구,여성,50,92687
2023,08,202308,대구,여성,60,55403
2023,08,202308,대구,여성,70,11796
2023,08,202308,대구,여성,80,1779
2023,08,202308,대구,여성,90,331
2023,08,202308,인천,남성,10,493
2023,08,202308,인천,남성,20,33185
2023,08,202308,인천,남성,30,145327
2023,08,202308,인천,남성,40,226223
2023,08,202308,인천,남성,50,237007
2023,08,202308,인천,남성,60,177764
2023,08,202308,인천,남성,70,43276
2023,08,202308,인천,남성,80,5716
2023,08,202308,인천,남성,90,469
2023,08,202308,인천,여성,10,2654
2023,08,202308,인천,여성,20,16063
2023,08,202308,인천,여성,30,58635
2023,08,202308,인천,여성,40,86435
2023,08,202308,인천,여성,50,95478
2023,08,202308,인천,여성,60,56277
2023,08,202308,인천,여성,70,9313
2023,08,202308,인천,여성,80,1656
2023,08,202308,인천,여성,90,321
2023,08,202308,광주,남성,10,170
2023,08,202308,광주,남성,20,19225
2023,08,202308,광주,남성,30,67980
2023,08,202308,광주,남성,40,119381
2023,08,202308,광주,남성,50,131055
2023,08,202308,광주,남성,60,84415
2023,08,202308,광주,남성,70,24983
2023,08,202308,광주,남성,80,3637
2023,08,202308,광주,남성,90,262
2023,08,202308,광주,여성,10,92
2023,08,202308,광주,여성,20,12128
2023,08,202308,광주,여성,30,34493
2023,08,202308,광주,여성,40,52054
2023,08,202308,광주,여성,50,56373
2023,08,202308,광주,여성,60,29205
2023,08,202308,광주,여성,70,5752
2023,08,202308,광주,여성,80,984
2023,08,202308,광주,여성,90,222
2023,08,202308,대전,남성,10,295
2023,08,202308,대전,남성,20,18836
2023,08,202308,대전,남성,30,71498
2023,08,202308,대전,남성,40,114719
2023,08,202308,대전,남성,50,130866
2023,08,202308,대전,남성,60,94765
2023,08,202308,대전,남성,70,26610
2023,08,202308,대전,남성,80,3890
2023,08,202308,대전,남성,90,288
2023,08,202308,대전,여성,10,150
2023,08,202308,대전,여성,20,10442
2023,08,202308,대전,여성,30,31489
2023,08,202308,대전,여성,40,47583
2023,08,202308,대전,여성,50,53177
2023,08,202308,대전,여성,60,31103
2023,08,202308,대전,여성,70,5703
2023,08,202308,대전,여성,80,1068
2023,08,202308,대전,여성,90,224
2023,08,202308,울산,남성,10,213
2023,08,202308,울산,남성,20,13857
2023,08,202308,울산,남성,30,56887
2023,08,202308,울산,남성,40,100546
2023,08,202308,울산,남성,50,127287
2023,08,202308,울산,남성,60,96955
2023,08,202308,울산,남성,70,22777
2023,08,202308,울산,남성,80,2422
2023,08,202308,울산,남성,90,172
2023,08,202308,울산,여성,10,88
2023,08,202308,울산,여성,20,6211
2023,08,202308,울산,여성,30,20885
2023,08,202308,울산,여성,40,33431
2023,08,202308,울산,여성,50,38454
2023,08,202308,울산,여성,60,22308
2023,08,202308,울산,여성,70,3787
2023,08,202308,울산,여성,80,566
2023,08,202308,울산,여성,90,128
2023,08,202308,세종,남성,10,81
2023,08,202308,세종,남성,20,3617
2023,08,202308,세종,남성,30,25200
2023,08,202308,세종,남성,40,44888
2023,08,202308,세종,남성,50,34072
2023,08,202308,세종,남성,60,20469
2023,08,202308,세종,남성,70,5104
2023,08,202308,세종,남성,80,695
2023,08,202308,세종,남성,90,43
2023,08,202308,세종,여성,10,41
2023,08,202308,세종,여성,20,2501
2023,08,202308,세종,여성,30,12380
2023,08,202308,세종,여성,40,17467
2023,08,202308,세종,여성,50,12321
2023,08,202308,세종,여성,60,6545
2023,08,202308,세종,여성,70,1090
2023,08,202308,세종,여성,80,191
2023,08,202308,세종,여성,90,31
2023,08,202308,경기,남성,10,2640
2023,08,202308,경기,남성,20,152115
2023,08,202308,경기,남성,30,697053
2023,08,202308,경기,남성,40,1138943
2023,08,202308,경기,남성,50,1174179
2023,08,202308,경기,남성,60,809539
2023,08,202308,경기,남성,70,213540
2023,08,202308,경기,남성,80,36034
2023,08,202308,경기,남성,90,2619
2023,08,202308,경기,여성,10,1369
2023,08,202308,경기,여성,20,74348
2023,08,202308,경기,여성,30,276805
2023,08,202308,경기,여성,40,421379
2023,08,202308,경기,여성,50,467625
2023,08,202308,경기,여성,60,269578
2023,08,202308,경기,여성,70,53306
2023,08,202308,경기,여성,80,9553
2023,08,202308,경기,여성,90,1835
2023,08,202308,강원,남성,10,254
2023,08,202308,강원,남성,20,21583
2023,08,202308,강원,남성,30,69132
2023,08,202308,강원,남성,40,120888
2023,08,202308,강원,남성,50,162346
2023,08,202308,강원,남성,60,147410
2023,08,202308,강원,남성,70,46214
2023,08,202308,강원,남성,80,8825
2023,08,202308,강원,남성,90,458
2023,08,202308,강원,여성,10,135
2023,08,202308,강원,여성,20,10889
2023,08,202308,강원,여성,30,30900
2023,08,202308,강원,여성,40,50756
2023,08,202308,강원,여성,50,65832
2023,08,202308,강원,여성,60,48382
2023,08,202308,강원,여성,70,9562
2023,08,202308,강원,여성,80,1542
2023,08,202308,강원,여성,90,414
2023,08,202308,충북,남성,10,381
2023,08,202308,충북,남성,20,25186
2023,08,202308,충북,남성,30,84470
2023,08,202308,충북,남성,40,136420
2023,08,202308,충북,남성,50,173509
2023,08,202308,충북,남성,60,144949
2023,08,202308,충북,남성,70,41929
2023,08,202308,충북,남성,80,6987
2023,08,202308,충북,남성,90,358
2023,08,202308,충북,여성,10,191
2023,08,202308,충북,여성,20,13145
2023,08,202308,충북,여성,30,35452
2023,08,202308,충북,여성,40,53222
2023,08,202308,충북,여성,50,66337
2023,08,202308,충북,여성,60,42280
2023,08,202308,충북,여성,70,7842
2023,08,202308,충북,여성,80,1418
2023,08,202308,충북,여성,90,222
2023,08,202308,충남,남성,10,353
2023,08,202308,충남,남성,20,31587
2023,08,202308,충남,남성,30,119354
2023,08,202308,충남,남성,40,203832
2023,08,202308,충남,남성,50,229435
2023,08,202308,충남,남성,60,185036
2023,08,202308,충남,남성,70,58969
2023,08,202308,충남,남성,80,9604
2023,08,202308,충남,남성,90,645
2023,08,202308,충남,여성,10,187
2023,08,202308,충남,여성,20,15770
2023,08,202308,충남,여성,30,46991
2023,08,202308,충남,여성,40,70417
2023,08,202308,충남,여성,50,84169
2023,08,202308,충남,여성,60,56201
2023,08,202308,충남,여성,70,10762
2023,08,202308,충남,여성,80,2003
2023,08,202308,충남,여성,90,375
2023,08,202308,전북,남성,10,351
2023,08,202308,전북,남성,20,21505
2023,08,202308,전북,남성,30,71302
2023,08,202308,전북,남성,40,144054
2023,08,202308,전북,남성,50,190887
2023,08,202308,전북,남성,60,156629
2023,08,202308,전북,남성,70,54202
2023,08,202308,전북,남성,80,8835
2023,08,202308,전북,남성,90,734
2023,08,202308,전북,여성,10,192
2023,08,202308,전북,여성,20,12515
2023,08,202308,전북,여성,30,35350
2023,08,202308,전북,여성,40,57786
2023,08,202308,전북,여성,50,73804
2023,08,202308,전북,여성,60,48794
2023,08,202308,전북,여성,70,10411
2023,08,202308,전북,여성,80,2319
2023,08,202308,전북,여성,90,547
2023,08,202308,전남,남성,10,342
2023,08,202308,전남,남성,20,23636
2023,08,202308,전남,남성,30,75986
2023,08,202308,전남,남성,40,148787
2023,08,202308,전남,남성,50,210833
2023,08,202308,전남,남성,60,174475
2023,08,202308,전남,남성,70,60213
2023,08,202308,전남,남성,80,8880
2023,08,202308,전남,남성,90,687
2023,08,202308,전남,여성,10,180
2023,08,202308,전남,여성,20,12352
2023,08,202308,전남,여성,30,34624
2023,08,202308,전남,여성,40,55552
2023,08,202308,전남,여성,50,73163
2023,08,202308,전남,여성,60,48964
2023,08,202308,전남,여성,70,9654
2023,08,202308,전남,여성,80,2332
2023,08,202308,전남,여성,90,463
2023,08,202308,경북,남성,10,292
2023,08,202308,경북,남성,20,31703
2023,08,202308,경북,남성,30,118370
2023,08,202308,경북,남성,40,222904
2023,08,202308,경북,남성,50,305304
2023,08,202308,경북,남성,60,273271
2023,08,202308,경북,남성,70,91559
2023,08,202308,경북,남성,80,14171
2023,08,202308,경북,남성,90,859
2023,08,202308,경북,여성,10,136
2023,08,202308,경북,여성,20,15862
2023,08,202308,경북,여성,30,48292
2023,08,202308,경북,여성,40,81032
2023,08,202308,경북,여성,50,106230
2023,08,202308,경북,여성,60,75158
2023,08,202308,경북,여성,70,14930
2023,08,202308,경북,여성,80,2531
2023,08,202308,경북,여성,90,473
2023,08,202308,경남,남성,10,683
2023,08,202308,경남,남성,20,36144
2023,08,202308,경남,남성,30,151772
2023,08,202308,경남,남성,40,289436
2023,08,202308,경남,남성,50,349231
2023,08,202308,경남,남성,60,281764
2023,08,202308,경남,남성,70,80584
2023,08,202308,경남,남성,80,10676
2023,08,202308,경남,남성,90,751
2023,08,202308,경남,여성,10,341
2023,08,202308,경남,여성,20,18096
2023,08,202308,경남,여성,30,62998
2023,08,202308,경남,여성,40,107958
2023,08,202308,경남,여성,50,129306
2023,08,202308,경남,여성,60,81203
2023,08,202308,경남,여성,70,14265
2023,08,202308,경남,여성,80,2485
2023,08,202308,경남,여성,90,509
2023,08,202308,제주,남성,10,222
2023,08,202308,제주,남성,20,7497
2023,08,202308,제주,남성,30,29922
2023,08,202308,제주,남성,40,61353
2023,08,202308,제주,남성,50,71191
2023,08,202308,제주,남성,60,49988
2023,08,202308,제주,남성,70,16451
2023,08,202308,제주,남성,80,3091
2023,08,202308,제주,남성,90,199
2023,08,202308,제주,여성,10,68
2023,08,202308,제주,여성,20,5041
2023,08,202308,제주,여성,30,17157
2023,08,202308,제주,여성,40,29047
2023,08,202308,제주,여성,50,33996
2023,08,202308,제주,여성,60,20571
2023,08,202308,제주,여성,70,4410
2023,08,202308,제주,여성,80,705
2023,08,202308,제주,여성,90,139
2023,09,202309,서울,남성,10,2313
2023,09,202309,서울,남성,20,53752
2023,09,202309,서울,남성,30,319915
2023,09,202309,서울,남성,40,504076
2023,09,202309,서울,남성,50,531303
2023,09,202309,서울,남성,60,424680
2023,09,202309,서울,남성,70,149215
2023,09,202309,서울,남성,80,26504
2023,09,202309,서울,남성,90,2393
2023,09,202309,서울,여성,10,1209
2023,09,202309,서울,여성,20,27818
2023,09,202309,서울,여성,30,126966
2023,09,202309,서울,여성,40,189736
2023,09,202309,서울,여성,50,199309
2023,09,202309,서울,여성,60,132590
2023,09,202309,서울,여성,70,35263
2023,09,202309,서울,여성,80,6787
2023,09,202309,서울,여성,90,1218
2023,09,202309,부산,남성,10,566
2023,09,202309,부산,남성,20,27082
2023,09,202309,부산,남성,30,126637
2023,09,202309,부산,남성,40,213777
2023,09,202309,부산,남성,50,225685
2023,09,202309,부산,남성,60,199282
2023,09,202309,부산,남성,70,62599
2023,09,202309,부산,남성,80,8831
2023,09,202309,부산,남성,90,829
2023,09,202309,부산,여성,10,308
2023,09,202309,부산,여성,20,12831
2023,09,202309,부산,여성,30,49962
2023,09,202309,부산,여성,40,80733
2023,09,202309,부산,여성,50,90768
2023,09,202309,부산,여성,60,60899
2023,09,202309,부산,여성,70,12743
2023,09,202309,부산,여성,80,2138
2023,09,202309,부산,여성,90,398
2023,09,202309,대구,남성,10,220
2023,09,202309,대구,남성,20,24739
2023,09,202309,대구,남성,30,110432
2023,09,202309,대구,남성,40,192908
2023,09,202309,대구,남성,50,230432
2023,09,202309,대구,남성,60,174144
2023,09,202309,대구,남성,70,53879
2023,09,202309,대구,남성,80,8267
2023,09,202309,대구,남성,90,627
2023,09,202309,대구,여성,10,120
2023,09,202309,대구,여성,20,13151
2023,09,202309,대구,여성,30,44585
2023,09,202309,대구,여성,40,74611
2023,09,202309,대구,여성,50,92896
2023,09,202309,대구,여성,60,55770
2023,09,202309,대구,여성,70,11872
2023,09,202309,대구,여성,80,1786
2023,09,202309,대구,여성,90,338
2023,09,202309,인천,남성,10,484
2023,09,202309,인천,남성,20,33124
2023,09,202309,인천,남성,30,145428
2023,09,202309,인천,남성,40,226533
2023,09,202309,인천,남성,50,237162
2023,09,202309,인천,남성,60,178646
2023,09,202309,인천,남성,70,43554
2023,09,202309,인천,남성,80,5741
2023,09,202309,인천,남성,90,469
2023,09,202309,인천,여성,10,2583
2023,09,202309,인천,여성,20,15958
2023,09,202309,인천,여성,30,58880
2023,09,202309,인천,여성,40,86497
2023,09,202309,인천,여성,50,95767
2023,09,202309,인천,여성,60,56668
2023,09,202309,인천,여성,70,9373
2023,09,202309,인천,여성,80,1665
2023,09,202309,인천,여성,90,321
2023,09,202309,광주,남성,10,161
2023,09,202309,광주,남성,20,19199
2023,09,202309,광주,남성,30,67775
2023,09,202309,광주,남성,40,119293
2023,09,202309,광주,남성,50,131269
2023,09,202309,광주,남성,60,84859
2023,09,202309,광주,남성,70,25138
2023,09,202309,광주,남성,80,3655
2023,09,202309,광주,남성,90,264
2023,09,202309,광주,여성,10,92
2023,09,202309,광주,여성,20,12070
2023,09,202309,광주,여성,30,34471
2023,09,202309,광주,여성,40,52022
2023,09,202309,광주,여성,50,56549
2023,09,202309,광주,여성,60,29396
2023,09,202309,광주,여성,70,5799
2023,09,202309,광주,여성,80,981
2023,09,202309,광주,여성,90,227
2023,09,202309,대전,남성,10,294
2023,09,202309,대전,남성,20,18794
2023,09,202309,대전,남성,30,71512
2023,09,202309,대전,남성,40,114106
2023,09,202309,대전,남성,50,131126
2023,09,202309,대전,남성,60,94797
2023,09,202309,대전,남성,70,26741
2023,09,202309,대전,남성,80,3947
2023,09,202309,대전,남성,90,288
2023,09,202309,대전,여성,10,152
2023,09,202309,대전,여성,20,10447
2023,09,202309,대전,여성,30,31534
2023,09,202309,대전,여성,40,47531
2023,09,202309,대전,여성,50,53358
2023,09,202309,대전,여성,60,31222
2023,09,202309,대전,여성,70,5780
2023,09,202309,대전,여성,80,1067
2023,09,202309,대전,여성,90,219
2023,09,202309,울산,남성,10,210
2023,09,202309,울산,남성,20,13856
2023,09,202309,울산,남성,30,56736
2023,09,202309,울산,남성,40,100560
2023,09,202309,울산,남성,50,127107
2023,09,202309,울산,남성,60,97336
2023,09,202309,울산,남성,70,22990
2023,09,202309,울산,남성,80,2461
2023,09,202309,울산,남성,90,172
2023,09,202309,울산,여성,10,89
2023,09,202309,울산,여성,20,6201
2023,09,202309,울산,여성,30,20896
2023,09,202309,울산,여성,40,33407
2023,09,202309,울산,여성,50,38468
2023,09,202309,울산,여성,60,22430
2023,09,202309,울산,여성,70,3833
2023,09,202309,울산,여성,80,558
2023,09,202309,울산,여성,90,127
2023,09,202309,세종,남성,10,80
2023,09,202309,세종,남성,20,3589
2023,09,202309,세종,남성,30,25069
2023,09,202309,세종,남성,40,44939
2023,09,202309,세종,남성,50,34208
2023,09,202309,세종,남성,60,20574
2023,09,202309,세종,남성,70,5152
2023,09,202309,세종,남성,80,710
2023,09,202309,세종,남성,90,41
2023,09,202309,세종,여성,10,38
2023,09,202309,세종,여성,20,2463
2023,09,202309,세종,여성,30,12375
2023,09,202309,세종,여성,40,17467
2023,09,202309,세종,여성,50,12373
2023,09,202309,세종,여성,60,6576
2023,09,202309,세종,여성,70,1092
2023,09,202309,세종,여성,80,197
2023,09,202309,세종,여성,90,31
2023,09,202309,경기,남성,10,2639
2023,09,202309,경기,남성,20,151690
2023,09,202309,경기,남성,30,696012
2023,09,202309,경기,남성,40,1139486
2023,09,202309,경기,남성,50,1175484
2023,09,202309,경기,남성,60,813015
2023,09,202309,경기,남성,70,214922
2023,09,202309,경기,남성,80,36380
2023,09,202309,경기,남성,90,2633
2023,09,202309,경기,여성,10,1359
2023,09,202309,경기,여성,20,74001
2023,09,202309,경기,여성,30,277332
2023,09,202309,경기,여성,40,421487
2023,09,202309,경기,여성,50,468888
2023,09,202309,경기,여성,60,271202
2023,09,202309,경기,여성,70,53682
2023,09,202309,경기,여성,80,9635
2023,09,202309,경기,여성,90,1848
2023,09,202309,강원,남성,10,250
2023,09,202309,강원,남성,20,21542
2023,09,202309,강원,남성,30,69095
2023,09,202309,강원,남성,40,120637
2023,09,202309,강원,남성,50,162545
2023,09,202309,강원,남성,60,147809
2023,09,202309,강원,남성,70,46583
2023,09,202309,강원,남성,80,8860
2023,09,202309,강원,남성,90,465
2023,09,202309,강원,여성,10,134
2023,09,202309,강원,여성,20,10845
2023,09,202309,강원,여성,30,30891
2023,09,202309,강원,여성,40,50766
2023,09,202309,강원,여성,50,65904
2023,09,202309,강원,여성,60,48624
2023,09,202309,강원,여성,70,9643
2023,09,202309,강원,여성,80,1544
2023,09,202309,강원,여성,90,415
2023,09,202309,충북,남성,10,382
2023,09,202309,충북,남성,20,25043
2023,09,202309,충북,남성,30,84589
2023,09,202309,충북,남성,40,136305
2023,09,202309,충북,남성,50,173578
2023,09,202309,충북,남성,60,145377
2023,09,202309,충북,남성,70,42191
2023,09,202309,충북,남성,80,7060
2023,09,202309,충북,남성,90,356
2023,09,202309,충북,여성,10,191
2023,09,202309,충북,여성,20,13077
2023,09,202309,충북,여성,30,35620
2023,09,202309,충북,여성,40,53269
2023,09,202309,충북,여성,50,66478
2023,09,202309,충북,여성,60,42533
2023,09,202309,충북,여성,70,7947
2023,09,202309,충북,여성,80,1403
2023,09,202309,충북,여성,90,224
2023,09,202309,충남,남성,10,350
2023,09,202309,충남,남성,20,31527
2023,09,202309,충남,남성,30,119315
2023,09,202309,충남,남성,40,203890
2023,09,202309,충남,남성,50,229858
2023,09,202309,충남,남성,60,185596
2023,09,202309,충남,남성,70,59268
2023,09,202309,충남,남성,80,9688
2023,09,202309,충남,남성,90,643
2023,09,202309,충남,여성,10,180
2023,09,202309,충남,여성,20,15695
2023,09,202309,충남,여성,30,47171
2023,09,202309,충남,여성,40,70423
2023,09,202309,충남,여성,50,84537
2023,09,202309,충남,여성,60,56465
2023,09,202309,충남,여성,70,10867
2023,09,202309,충남,여성,80,2008
2023,09,202309,충남,여성,90,381
2023,09,202309,전북,남성,10,356
2023,09,202309,전북,남성,20,21438
2023,09,202309,전북,남성,30,71260
2023,09,202309,전북,남성,40,143812
2023,09,202309,전북,남성,50,191149
2023,09,202309,전북,남성,60,157240
2023,09,202309,전북,남성,70,54515
2023,09,202309,전북,남성,80,8905
2023,09,202309,전북,남성,90,745
2023,09,202309,전북,여성,10,188
2023,09,202309,전북,여성,20,12553
2023,09,202309,전북,여성,30,35370
2023,09,202309,전북,여성,40,57820
2023,09,202309,전북,여성,50,73915
2023,09,202309,전북,여성,60,49101
2023,09,202309,전북,여성,70,10466
2023,09,202309,전북,여성,80,2318
2023,09,202309,전북,여성,90,542
2023,09,202309,전남,남성,10,335
2023,09,202309,전남,남성,20,23678
2023,09,202309,전남,남성,30,75896
2023,09,202309,전남,남성,40,148389
2023,09,202309,전남,남성,50,210679
2023,09,202309,전남,남성,60,175304
2023,09,202309,전남,남성,70,60483
2023,09,202309,전남,남성,80,8941
2023,09,202309,전남,남성,90,690
2023,09,202309,전남,여성,10,182
2023,09,202309,전남,여성,20,12393
2023,09,202309,전남,여성,30,34668
2023,09,202309,전남,여성,40,55644
2023,09,202309,전남,여성,50,73113
2023,09,202309,전남,여성,60,49380
2023,09,202309,전남,여성,70,9735
2023,09,202309,전남,여성,80,2327
2023,09,202309,전남,여성,90,460
2023,09,202309,경북,남성,10,288
2023,09,202309,경북,남성,20,31751
2023,09,202309,경북,남성,30,117883
2023,09,202309,경북,남성,40,222597
2023,09,202309,경북,남성,50,305241
2023,09,202309,경북,남성,60,274217
2023,09,202309,경북,남성,70,92108
2023,09,202309,경북,남성,80,14249
2023,09,202309,경북,남성,90,854
2023,09,202309,경북,여성,10,132
2023,09,202309,경북,여성,20,15872
2023,09,202309,경북,여성,30,48313
2023,09,202309,경북,여성,40,81046
2023,09,202309,경북,여성,50,106367
2023,09,202309,경북,여성,60,75562
2023,09,202309,경북,여성,70,15069
2023,09,202309,경북,여성,80,2537
2023,09,202309,경북,여성,90,469
2023,09,202309,경남,남성,10,670
2023,09,202309,경남,남성,20,36074
2023,09,202309,경남,남성,30,151364
2023,09,202309,경남,남성,40,288851
2023,09,202309,경남,남성,50,349194
2023,09,202309,경남,남성,60,282562
2023,09,202309,경남,남성,70,81158
2023,09,202309,경남,남성,80,10775
2023,09,202309,경남,남성,90,752
2023,09,202309,경남,여성,10,337
2023,09,202309,경남,여성,20,18024
2023,09,202309,경남,여성,30,63024
2023,09,202309,경남,여성,40,107925
2023,09,202309,경남,여성,50,129655
2023,09,202309,경남,여성,60,81641
2023,09,202309,경남,여성,70,14361
2023,09,202309,경남,여성,80,2498
2023,09,202309,경남,여성,90,512
2023,09,202309,제주,남성,10,218
2023,09,202309,제주,남성,20,7455
2023,09,202309,제주,남성,30,29771
2023,09,202309,제주,남성,40,61206
2023,09,202309,제주,남성,50,71151
2023,09,202309,제주,남성,60,50257
2023,09,202309,제주,남성,70,16501
2023,09,202309,제주,남성,80,3128
2023,09,202309,제주,남성,90,198
2023,09,202309,제주,여성,10,67
2023,09,202309,제주,여성,20,5028
2023,09,202309,제주,여성,30,17146
2023,09,202309,제주,여성,40,28997
2023,09,202309,제주,여성,50,34079
2023,09,202309,제주,여성,60,20703
2023,09,202309,제주,여성,70,4452
2023,09,202309,제주,여성,80,710
2023,09,202309,제주,여성,90,139
2023,10,202310,서울,남성,10,2306
2023,10,202310,서울,남성,20,53299
2023,10,202310,서울,남성,30,318679
2023,10,202310,서울,남성,40,503280
2023,10,202310,서울,남성,50,531615
2023,10,202310,서울,남성,60,425330
2023,10,202310,서울,남성,70,149890
2023,10,202310,서울,남성,80,26567
2023,10,202310,서울,남성,90,2396
2023,10,202310,서울,여성,10,1192
2023,10,202310,서울,여성,20,27622
2023,10,202310,서울,여성,30,126767
2023,10,202310,서울,여성,40,189651
2023,10,202310,서울,여성,50,199708
2023,10,202310,서울,여성,60,133028
2023,10,202310,서울,여성,70,35535
2023,10,202310,서울,여성,80,6794
2023,10,202310,서울,여성,90,1226
2023,10,202310,부산,남성,10,565
2023,10,202310,부산,남성,20,26826
2023,10,202310,부산,남성,30,126161
2023,10,202310,부산,남성,40,213720
2023,10,202310,부산,남성,50,226035
2023,10,202310,부산,남성,60,199775
2023,10,202310,부산,남성,70,62863
2023,10,202310,부산,남성,80,8841
2023,10,202310,부산,남성,90,838
2023,10,202310,부산,여성,10,305
2023,10,202310,부산,여성,20,12739
2023,10,202310,부산,여성,30,49808
2023,10,202310,부산,여성,40,80590
2023,10,202310,부산,여성,50,90876
2023,10,202310,부산,여성,60,61134
2023,10,202310,부산,여성,70,12865
2023,10,202310,부산,여성,80,2149
2023,10,202310,부산,여성,90,392
2023,10,202310,대구,남성,10,214
2023,10,202310,대구,남성,20,24516
2023,10,202310,대구,남성,30,110260
2023,10,202310,대구,남성,40,192602
2023,10,202310,대구,남성,50,230497
2023,10,202310,대구,남성,60,174537
2023,10,202310,대구,남성,70,54091
2023,10,202310,대구,남성,80,8255
2023,10,202310,대구,남성,90,633
2023,10,202310,대구,여성,10,114
2023,10,202310,대구,여성,20,13030
2023,10,202310,대구,여성,30,44571
2023,10,202310,대구,여성,40,74481
2023,10,202310,대구,여성,50,93113
2023,10,202310,대구,여성,60,56144
2023,10,202310,대구,여성,70,11937
2023,10,202310,대구,여성,80,1789
2023,10,202310,대구,여성,90,343
2023,10,202310,인천,남성,10,482
2023,10,202310,인천,남성,20,32885
2023,10,202310,인천,남성,30,145464
2023,10,202310,인천,남성,40,226909
2023,10,202310,인천,남성,50,237404
2023,10,202310,인천,남성,60,179412
2023,10,202310,인천,남성,70,43869
2023,10,202310,인천,남성,80,5770
2023,10,202310,인천,남성,90,476
2023,10,202310,인천,여성,10,2491
2023,10,202310,인천,여성,20,15877
2023,10,202310,인천,여성,30,59050
2023,10,202310,인천,여성,40,86469
2023,10,202310,인천,여성,50,96046
2023,10,202310,인천,여성,60,56967
2023,10,202310,인천,여성,70,9459
2023,10,202310,인천,여성,80,1664
2023,10,202310,인천,여성,90,320
2023,10,202310,광주,남성,10,159
2023,10,202310,광주,남성,20,19147
2023,10,202310,광주,남성,30,67644
2023,10,202310,광주,남성,40,118911
2023,10,202310,광주,남성,50,131521
2023,10,202310,광주,남성,60,85211
2023,10,202310,광주,남성,70,25253
2023,10,202310,광주,남성,80,3660
2023,10,202310,광주,남성,90,266
2023,10,202310,광주,여성,10,88
2023,10,202310,광주,여성,20,11994
2023,10,202310,광주,여성,30,34469
2023,10,202310,광주,여성,40,51868
2023,10,202310,광주,여성,50,56633
2023,10,202310,광주,여성,60,29661
2023,10,202310,광주,여성,70,5852
2023,10,202310,광주,여성,80,980
2023,10,202310,광주,여성,90,226
2023,10,202310,대전,남성,10,293
2023,10,202310,대전,남성,20,18712
2023,10,202310,대전,남성,30,71414
2023,10,202310,대전,남성,40,113716
2023,10,202310,대전,남성,50,131281
2023,10,202310,대전,남성,60,95019
2023,10,202310,대전,남성,70,26907
2023,10,202310,대전,남성,80,3931
2023,10,202310,대전,남성,90,286
2023,10,202310,대전,여성,10,149
2023,10,202310,대전,여성,20,10365
2023,10,202310,대전,여성,30,31536
2023,10,202310,대전,여성,40,47437
2023,10,202310,대전,여성,50,53486
2023,10,202310,대전,여성,60,31396
2023,10,202310,대전,여성,70,5810
2023,10,202310,대전,여성,80,1061
2023,10,202310,대전,여성,90,219
2023,10,202310,울산,남성,10,210
2023,10,202310,울산,남성,20,13880
2023,10,202310,울산,남성,30,56714
2023,10,202310,울산,남성,40,100527
2023,10,202310,울산,남성,50,126927
2023,10,202310,울산,남성,60,97707
2023,10,202310,울산,남성,70,23145
2023,10,202310,울산,남성,80,2475
2023,10,202310,울산,남성,90,170
2023,10,202310,울산,여성,10,85
2023,10,202310,울산,여성,20,6151
2023,10,202310,울산,여성,30,20897
2023,10,202310,울산,여성,40,33364
2023,10,202310,울산,여성,50,38576
2023,10,202310,울산,여성,60,22617
2023,10,202310,울산,여성,70,3852
2023,10,202310,울산,여성,80,561
2023,10,202310,울산,여성,90,126
2023,10,202310,세종,남성,10,79
2023,10,202310,세종,남성,20,3549
2023,10,202310,세종,남성,30,25018
2023,10,202310,세종,남성,40,44876
2023,10,202310,세종,남성,50,34308
2023,10,202310,세종,남성,60,20632
2023,10,202310,세종,남성,70,5191
2023,10,202310,세종,남성,80,716
2023,10,202310,세종,남성,90,40
2023,10,202310,세종,여성,10,38
2023,10,202310,세종,여성,20,2468
2023,10,202310,세종,여성,30,12341
2023,10,202310,세종,여성,40,17478
2023,10,202310,세종,여성,50,12418
2023,10,202310,세종,여성,60,6602
2023,10,202310,세종,여성,70,1101
2023,10,202310,세종,여성,80,197
2023,10,202310,세종,여성,90,32
2023,10,202310,경기,남성,10,2620
2023,10,202310,경기,남성,20,150739
2023,10,202310,경기,남성,30,694768
2023,10,202310,경기,남성,40,1138108
2023,10,202310,경기,남성,50,1177539
2023,10,202310,경기,남성,60,815629
2023,10,202310,경기,남성,70,216268
2023,10,202310,경기,남성,80,36420
2023,10,202310,경기,남성,90,2662
2023,10,202310,경기,여성,10,1330
2023,10,202310,경기,여성,20,73651
2023,10,202310,경기,여성,30,277384
2023,10,202310,경기,여성,40,421163
2023,10,202310,경기,여성,50,470228
2023,10,202310,경기,여성,60,272640
2023,10,202310,경기,여성,70,54158
2023,10,202310,경기,여성,80,9674
2023,10,202310,경기,여성,90,1861
2023,10,202310,강원,남성,10,241
2023,10,202310,강원,남성,20,21458
2023,10,202310,강원,남성,30,69075
2023,10,202310,강원,남성,40,120163
2023,10,202310,강원,남성,50,162802
2023,10,202310,강원,남성,60,148124
2023,10,202310,강원,남성,70,46744
2023,10,202310,강원,남성,80,8913
2023,10,202310,강원,남성,90,462
2023,10,202310,강원,여성,10,129
2023,10,202310,강원,여성,20,10824
2023,10,202310,강원,여성,30,30824
2023,10,202310,강원,여성,40,50715
2023,10,202310,강원,여성,50,65906
2023,10,202310,강원,여성,60,48959
2023,10,202310,강원,여성,70,9748
2023,10,202310,강원,여성,80,1562
2023,10,202310,강원,여성,90,413
2023,10,202310,충북,남성,10,380
2023,10,202310,충북,남성,20,24958
2023,10,202310,충북,남성,30,84631
2023,10,202310,충북,남성,40,135893
2023,10,202310,충북,남성,50,173702
2023,10,202310,충북,남성,60,145587
2023,10,202310,충북,남성,70,42393
2023,10,202310,충북,남성,80,7090
2023,10,202310,충북,남성,90,355
2023,10,202310,충북,여성,10,187
2023,10,202310,충북,여성,20,13078
2023,10,202310,충북,여성,30,35607
2023,10,202310,충북,여성,40,53276
2023,10,202310,충북,여성,50,66696
2023,10,202310,충북,여성,60,42783
2023,10,202310,충북,여성,70,8019
2023,10,202310,충북,여성,80,1403
2023,10,202310,충북,여성,90,222
2023,10,202310,충남,남성,10,344
2023,10,202310,충남,남성,20,31412
2023,10,202310,충남,남성,30,119170
2023,10,202310,충남,남성,40,203857
2023,10,202310,충남,남성,50,230555
2023,10,202310,충남,남성,60,186175
2023,10,202310,충남,남성,70,59606
2023,10,202310,충남,남성,80,9695
2023,10,202310,충남,남성,90,641
2023,10,202310,충남,여성,10,178
2023,10,202310,충남,여성,20,15641
2023,10,202310,충남,여성,30,47278
2023,10,202310,충남,여성,40,70490
2023,10,202310,충남,여성,50,84796
2023,10,202310,충남,여성,60,56905
2023,10,202310,충남,여성,70,10973
2023,10,202310,충남,여성,80,2007
2023,10,202310,충남,여성,90,389
2023,10,202310,전북,남성,10,354
2023,10,202310,전북,남성,20,21320
2023,10,202310,전북,남성,30,71084
2023,10,202310,전북,남성,40,143268
2023,10,202310,전북,남성,50,191312
2023,10,202310,전북,남성,60,157806
2023,10,202310,전북,남성,70,54757
2023,10,202310,전북,남성,80,8910
2023,10,202310,전북,남성,90,743
2023,10,202310,전북,여성,10,187
2023,10,202310,전북,여성,20,12522
2023,10,202310,전북,여성,30,35465
2023,10,202310,전북,여성,40,57715
2023,10,202310,전북,여성,50,73971
2023,10,202310,전북,여성,60,49420
2023,10,202310,전북,여성,70,10580
2023,10,202310,전북,여성,80,2312
2023,10,202310,전북,여성,90,539
2023,10,202310,전남,남성,10,326
2023,10,202310,전남,남성,20,23658
2023,10,202310,전남,남성,30,75570
2023,10,202310,전남,남성,40,147794
2023,10,202310,전남,남성,50,210928
2023,10,202310,전남,남성,60,176150
2023,10,202310,전남,남성,70,60848
2023,10,202310,전남,남성,80,8963
2023,10,202310,전남,남성,90,685
2023,10,202310,전남,여성,10,175
2023,10,202310,전남,여성,20,12368
2023,10,202310,전남,여성,30,34750
2023,10,202310,전남,여성,40,55521
2023,10,202310,전남,여성,50,73149
2023,10,202310,전남,여성,60,49777
2023,10,202310,전남,여성,70,9814
2023,10,202310,전남,여성,80,2314
2023,10,202310,전남,여성,90,456
2023,10,202310,경북,남성,10,288
2023,10,202310,경북,남성,20,31713
2023,10,202310,경북,남성,30,117289
2023,10,202310,경북,남성,40,221820
2023,10,202310,경북,남성,50,305437
2023,10,202310,경북,남성,60,274959
2023,10,202310,경북,남성,70,92648
2023,10,202310,경북,남성,80,14276
2023,10,202310,경북,남성,90,853
2023,10,202310,경북,여성,10,130
2023,10,202310,경북,여성,20,15819
2023,10,202310,경북,여성,30,48174
2023,10,202310,경북,여성,40,80897
2023,10,202310,경북,여성,50,106536
2023,10,202310,경북,여성,60,75934
2023,10,202310,경북,여성,70,15202
2023,10,202310,경북,여성,80,2545
2023,10,202310,경북,여성,90,466
2023,10,202310,경남,남성,10,662
2023,10,202310,경남,남성,20,36075
2023,10,202310,경남,남성,30,150730
2023,10,202310,경남,남성,40,288530
2023,10,202310,경남,남성,50,349460
2023,10,202310,경남,남성,60,283425
2023,10,202310,경남,남성,70,81644
2023,10,202310,경남,남성,80,10830
2023,10,202310,경남,남성,90,754
2023,10,202310,경남,여성,10,338
2023,10,202310,경남,여성,20,17936
2023,10,202310,경남,여성,30,62933
2023,10,202310,경남,여성,40,107912
2023,10,202310,경남,여성,50,130109
2023,10,202310,경남,여성,60,82035
2023,10,202310,경남,여성,70,14484
2023,10,202310,경남,여성,80,2490
2023,10,202310,경남,여성,90,511
2023,10,202310,제주,남성,10,217
2023,10,202310,제주,남성,20,7426
2023,10,202310,제주,남성,30,29688
2023,10,202310,제주,남성,40,61013
2023,10,202310,제주,남성,50,71137
2023,10,202310,제주,남성,60,50524
2023,10,202310,제주,남성,70,16585
2023,10,202310,제주,남성,80,3142
2023,10,202310,제주,남성,90,199
2023,10,202310,제주,여성,10,66
2023,10,202310,제주,여성,20,4995
2023,10,202310,제주,여성,30,17107
2023,10,202310,제주,여성,40,28950
2023,10,202310,제주,여성,50,34159
2023,10,202310,제주,여성,60,20895
2023,10,202310,제주,여성,70,4476
2023,10,202310,제주,여성,80,709
2023,10,202310,제주,여성,90,143
2023,11,202311,서울,남성,10,2297
2023,11,202311,서울,남성,20,53198
2023,11,202311,서울,남성,30,317476
2023,11,202311,서울,남성,40,502921
2023,11,202311,서울,남성,50,532649
2023,11,202311,서울,남성,60,425055
2023,11,202311,서울,남성,70,150512
2023,11,202311,서울,남성,80,26649
2023,11,202311,서울,남성,90,2435
2023,11,202311,서울,여성,10,1192
2023,11,202311,서울,여성,20,27577
2023,11,202311,서울,여성,30,126642
2023,11,202311,서울,여성,40,189563
2023,11,202311,서울,여성,50,200147
2023,11,202311,서울,여성,60,132885
2023,11,202311,서울,여성,70,35726
2023,11,202311,서울,여성,80,6819
2023,11,202311,서울,여성,90,1223
2023,11,202311,부산,남성,10,568
2023,11,202311,부산,남성,20,26744
2023,11,202311,부산,남성,30,125779
2023,11,202311,부산,남성,40,213723
2023,11,202311,부산,남성,50,226792
2023,11,202311,부산,남성,60,199897
2023,11,202311,부산,남성,70,63096
2023,11,202311,부산,남성,80,8844
2023,11,202311,부산,남성,90,841
2023,11,202311,부산,여성,10,297
2023,11,202311,부산,여성,20,12671
2023,11,202311,부산,여성,30,49677
2023,11,202311,부산,여성,40,80622
2023,11,202311,부산,여성,50,91084
2023,11,202311,부산,여성,60,61223
2023,11,202311,부산,여성,70,12951
2023,11,202311,부산,여성,80,2147
2023,11,202311,부산,여성,90,392
2023,11,202311,대구,남성,10,219
2023,11,202311,대구,남성,20,24474
2023,11,202311,대구,남성,30,110149
2023,11,202311,대구,남성,40,192615
2023,11,202311,대구,남성,50,231401
2023,11,202311,대구,남성,60,174874
2023,11,202311,대구,남성,70,54248
2023,11,202311,대구,남성,80,8294
2023,11,202311,대구,남성,90,637
2023,11,202311,대구,여성,10,116
2023,11,202311,대구,여성,20,13024
2023,11,202311,대구,여성,30,44545
2023,11,202311,대구,여성,40,74395
2023,11,202311,대구,여성,50,93673
2023,11,202311,대구,여성,60,56199
2023,11,202311,대구,여성,70,11998
2023,11,202311,대구,여성,80,1793
2023,11,202311,대구,여성,90,347
2023,11,202311,인천,남성,10,482
2023,11,202311,인천,남성,20,32711
2023,11,202311,인천,남성,30,145893
2023,11,202311,인천,남성,40,227363
2023,11,202311,인천,남성,50,238659
2023,11,202311,인천,남성,60,180094
2023,11,202311,인천,남성,70,44088
2023,11,202311,인천,남성,80,5799
2023,11,202311,인천,남성,90,471
2023,11,202311,인천,여성,10,2423
2023,11,202311,인천,여성,20,15885
2023,11,202311,인천,여성,30,59200
2023,11,202311,인천,여성,40,86622
2023,11,202311,인천,여성,50,96619
2023,11,202311,인천,여성,60,57207
2023,11,202311,인천,여성,70,9531
2023,11,202311,인천,여성,80,1666
2023,11,202311,인천,여성,90,324
2023,11,202311,광주,남성,10,157
2023,11,202311,광주,남성,20,19137
2023,11,202311,광주,남성,30,67538
2023,11,202311,광주,남성,40,118705
2023,11,202311,광주,남성,50,131913
2023,11,202311,광주,남성,60,85420
2023,11,202311,광주,남성,70,25383
2023,11,202311,광주,남성,80,3666
2023,11,202311,광주,남성,90,267
2023,11,202311,광주,여성,10,86
2023,11,202311,광주,여성,20,11951
2023,11,202311,광주,여성,30,34473
2023,11,202311,광주,여성,40,51931
2023,11,202311,광주,여성,50,56891
2023,11,202311,광주,여성,60,29865
2023,11,202311,광주,여성,70,5890
2023,11,202311,광주,여성,80,966
2023,11,202311,광주,여성,90,224
2023,11,202311,대전,남성,10,287
2023,11,202311,대전,남성,20,18651
2023,11,202311,대전,남성,30,71418
2023,11,202311,대전,남성,40,113502
2023,11,202311,대전,남성,50,131676
2023,11,202311,대전,남성,60,95190
2023,11,202311,대전,남성,70,27021
2023,11,202311,대전,남성,80,3933
2023,11,202311,대전,남성,90,277
2023,11,202311,대전,여성,10,153
2023,11,202311,대전,여성,20,10345
2023,11,202311,대전,여성,30,31526
2023,11,202311,대전,여성,40,47403
2023,11,202311,대전,여성,50,53745
2023,11,202311,대전,여성,60,31482
2023,11,202311,대전,여성,70,5822
2023,11,202311,대전,여성,80,1057
2023,11,202311,대전,여성,90,225
2023,11,202311,울산,남성,10,210
2023,11,202311,울산,남성,20,13947
2023,11,202311,울산,남성,30,56629
2023,11,202311,울산,남성,40,100567
2023,11,202311,울산,남성,50,127145
2023,11,202311,울산,남성,60,97944
2023,11,202311,울산,남성,70,23299
2023,11,202311,울산,남성,80,2474
2023,11,202311,울산,남성,90,169
2023,11,202311,울산,여성,10,81
2023,11,202311,울산,여성,20,6173
2023,11,202311,울산,여성,30,20902
2023,11,202311,울산,여성,40,33344
2023,11,202311,울산,여성,50,38776
2023,11,202311,울산,여성,60,22704
2023,11,202311,울산,여성,70,3888
2023,11,202311,울산,여성,80,559
2023,11,202311,울산,여성,90,124
2023,11,202311,세종,남성,10,82
2023,11,202311,세종,남성,20,3540
2023,11,202311,세종,남성,30,24942
2023,11,202311,세종,남성,40,44783
2023,11,202311,세종,남성,50,34484
2023,11,202311,세종,남성,60,20700
2023,11,202311,세종,남성,70,5223
2023,11,202311,세종,남성,80,712
2023,11,202311,세종,남성,90,42
2023,11,202311,세종,여성,10,38
2023,11,202311,세종,여성,20,2474
2023,11,202311,세종,여성,30,12321
2023,11,202311,세종,여성,40,17471
2023,11,202311,세종,여성,50,12471
2023,11,202311,세종,여성,60,6647
2023,11,202311,세종,여성,70,1106
2023,11,202311,세종,여성,80,195
2023,11,202311,세종,여성,90,33
2023,11,202311,경기,남성,10,2627
2023,11,202311,경기,남성,20,150340
2023,11,202311,경기,남성,30,694442
2023,11,202311,경기,남성,40,1139118
2023,11,202311,경기,남성,50,1182767
2023,11,202311,경기,남성,60,817970
2023,11,202311,경기,남성,70,217311
2023,11,202311,경기,남성,80,36579
2023,11,202311,경기,남성,90,2673
2023,11,202311,경기,여성,10,1323
2023,11,202311,경기,여성,20,73405
2023,11,202311,경기,여성,30,277906
2023,11,202311,경기,여성,40,421598
2023,11,202311,경기,여성,50,472550
2023,11,202311,경기,여성,60,273808
2023,11,202311,경기,여성,70,54500
2023,11,202311,경기,여성,80,9702
2023,11,202311,경기,여성,90,1865
2023,11,202311,강원,남성,10,242
2023,11,202311,강원,남성,20,21415
2023,11,202311,강원,남성,30,68927
2023,11,202311,강원,남성,40,119849
2023,11,202311,강원,남성,50,163435
2023,11,202311,강원,남성,60,148278
2023,11,202311,강원,남성,70,46949
2023,11,202311,강원,남성,80,8961
2023,11,202311,강원,남성,90,460
2023,11,202311,강원,여성,10,126
2023,11,202311,강원,여성,20,10800
2023,11,202311,강원,여성,30,30849
2023,11,202311,강원,여성,40,50578
2023,11,202311,강원,여성,50,66227
2023,11,202311,강원,여성,60,49106
2023,11,202311,강원,여성,70,9846
2023,11,202311,강원,여성,80,1574
2023,11,202311,강원,여성,90,407
2023,11,202311,충북,남성,10,377
2023,11,202311,충북,남성,20,24882
2023,11,202311,충북,남성,30,84808
2023,11,202311,충북,남성,40,135578
2023,11,202311,충북,남성,50,174410
2023,11,202311,충북,남성,60,145633
2023,11,202311,충북,남성,70,42702
2023,11,202311,충북,남성,80,7086
2023,11,202311,충북,남성,90,357
2023,11,202311,충북,여성,10,186
2023,11,202311,충북,여성,20,13096
2023,11,202311,충북,여성,30,35651
2023,11,202311,충북,여성,40,53288
2023,11,202311,충북,여성,50,66929
2023,11,202311,충북,여성,60,42917
2023,11,202311,충북,여성,70,8098
2023,11,202311,충북,여성,80,1397
2023,11,202311,충북,여성,90,219
2023,11,202311,충남,남성,10,344
2023,11,202311,충남,남성,20,31369
2023,11,202311,충남,남성,30,119063
2023,11,202311,충남,남성,40,203870
2023,11,202311,충남,남성,50,231920
2023,11,202311,충남,남성,60,186494
2023,11,202311,충남,남성,70,59849
2023,11,202311,충남,남성,80,9710
2023,11,202311,충남,남성,90,642
2023,11,202311,충남,여성,10,184
2023,11,202311,충남,여성,20,15629
2023,11,202311,충남,여성,30,47322
2023,11,202311,충남,여성,40,70499
2023,11,202311,충남,여성,50,85247
2023,11,202311,충남,여성,60,57215
2023,11,202311,충남,여성,70,11048
2023,11,202311,충남,여성,80,2000
2023,11,202311,충남,여성,90,391
2023,11,202311,전북,남성,10,359
2023,11,202311,전북,남성,20,21315
2023,11,202311,전북,남성,30,70947
2023,11,202311,전북,남성,40,143045
2023,11,202311,전북,남성,50,192134
2023,11,202311,전북,남성,60,157967
2023,11,202311,전북,남성,70,54964
2023,11,202311,전북,남성,80,8922
2023,11,202311,전북,남성,90,751
2023,11,202311,전북,여성,10,186
2023,11,202311,전북,여성,20,12479
2023,11,202311,전북,여성,30,35512
2023,11,202311,전북,여성,40,57787
2023,11,202311,전북,여성,50,74301
2023,11,202311,전북,여성,60,49647
2023,11,202311,전북,여성,70,10673
2023,11,202311,전북,여성,80,2292
2023,11,202311,전북,여성,90,539
2023,11,202311,전남,남성,10,328
2023,11,202311,전남,남성,20,23658
2023,11,202311,전남,남성,30,75541
2023,11,202311,전남,남성,40,147574
2023,11,202311,전남,남성,50,211573
2023,11,202311,전남,남성,60,176857
2023,11,202311,전남,남성,70,61128
2023,11,202311,전남,남성,80,8953
2023,11,202311,전남,남성,90,680
2023,11,202311,전남,여성,10,171
2023,11,202311,전남,여성,20,12391
2023,11,202311,전남,여성,30,34682
2023,11,202311,전남,여성,40,55616
2023,11,202311,전남,여성,50,73500
2023,11,202311,전남,여성,60,50126
2023,11,202311,전남,여성,70,9872
2023,11,202311,전남,여성,80,2289
2023,11,202311,전남,여성,90,439
2023,11,202311,경북,남성,10,279
2023,11,202311,경북,남성,20,31773
2023,11,202311,경북,남성,30,116964
2023,11,202311,경북,남성,40,221494
2023,11,202311,경북,남성,50,306209
2023,11,202311,경북,남성,60,275530
2023,11,202311,경북,남성,70,93049
2023,11,202311,경북,남성,80,14252
2023,11,202311,경북,남성,90,851
2023,11,202311,경북,여성,10,125
2023,11,202311,경북,여성,20,15787
2023,11,202311,경북,여성,30,48080
2023,11,202311,경북,여성,40,80908
2023,11,202311,경북,여성,50,107023
2023,11,202311,경북,여성,60,76248
2023,11,202311,경북,여성,70,15321
2023,11,202311,경북,여성,80,2553
2023,11,202311,경북,여성,90,459
2023,11,202311,경남,남성,10,664
2023,11,202311,경남,남성,20,36066
2023,11,202311,경남,남성,30,150124
2023,11,202311,경남,남성,40,288121
2023,11,202311,경남,남성,50,350907
2023,11,202311,경남,남성,60,284046
2023,11,202311,경남,남성,70,82124
2023,11,202311,경남,남성,80,10851
2023,11,202311,경남,남성,90,744
2023,11,202311,경남,여성,10,335
2023,11,202311,경남,여성,20,17905
2023,11,202311,경남,여성,30,62712
2023,11,202311,경남,여성,40,107936
2023,11,202311,경남,여성,50,130729
2023,11,202311,경남,여성,60,82259
2023,11,202311,경남,여성,70,14653
2023,11,202311,경남,여성,80,2482
2023,11,202311,경남,여성,90,513
2023,11,202311,제주,남성,10,219
2023,11,202311,제주,남성,20,7388
2023,11,202311,제주,남성,30,29647
2023,11,202311,제주,남성,40,60939
2023,11,202311,제주,남성,50,71302
2023,11,202311,제주,남성,60,50822
2023,11,202311,제주,남성,70,16628
2023,11,202311,제주,남성,80,3136
2023,11,202311,제주,남성,90,202
2023,11,202311,제주,여성,10,69
2023,11,202311,제주,여성,20,4990
2023,11,202311,제주,여성,30,17027
2023,11,202311,제주,여성,40,28917
2023,11,202311,제주,여성,50,34320
2023,11,202311,제주,여성,60,21048
2023,11,202311,제주,여성,70,4518
2023,11,202311,제주,여성,80,719
2023,11,202311,제주,여성,90,138
2023,12,202312,서울,남성,10,2267
2023,12,202312,서울,남성,20,52866
2023,12,202312,서울,남성,30,316548
2023,12,202312,서울,남성,40,502333
2023,12,202312,서울,남성,50,533450
2023,12,202312,서울,남성,60,424864
2023,12,202312,서울,남성,70,151106
2023,12,202312,서울,남성,80,26689
2023,12,202312,서울,남성,90,2451
2023,12,202312,서울,여성,10,1199
2023,12,202312,서울,여성,20,27324
2023,12,202312,서울,여성,30,126488
2023,12,202312,서울,여성,40,189054
2023,12,202312,서울,여성,50,200888
2023,12,202312,서울,여성,60,132893
2023,12,202312,서울,여성,70,35990
2023,12,202312,서울,여성,80,6819
2023,12,202312,서울,여성,90,1244
2023,12,202312,부산,남성,10,562
2023,12,202312,부산,남성,20,26574
2023,12,202312,부산,남성,30,125368
2023,12,202312,부산,남성,40,213471
2023,12,202312,부산,남성,50,227494
2023,12,202312,부산,남성,60,199680
2023,12,202312,부산,남성,70,63486
2023,12,202312,부산,남성,80,8843
2023,12,202312,부산,남성,90,854
2023,12,202312,부산,여성,10,298
2023,12,202312,부산,여성,20,12513
2023,12,202312,부산,여성,30,49589
2023,12,202312,부산,여성,40,80334
2023,12,202312,부산,여성,50,91459
2023,12,202312,부산,여성,60,61412
2023,12,202312,부산,여성,70,13065
2023,12,202312,부산,여성,80,2136
2023,12,202312,부산,여성,90,397
2023,12,202312,대구,남성,10,213
2023,12,202312,대구,남성,20,24282
2023,12,202312,대구,남성,30,109812
2023,12,202312,대구,남성,40,192496
2023,12,202312,대구,남성,50,232023
2023,12,202312,대구,남성,60,174993
2023,12,202312,대구,남성,70,54581
2023,12,202312,대구,남성,80,8302
2023,12,202312,대구,남성,90,635
2023,12,202312,대구,여성,10,111
2023,12,202312,대구,여성,20,12911
2023,12,202312,대구,여성,30,44452
2023,12,202312,대구,여성,40,74322
2023,12,202312,대구,여성,50,94116
2023,12,202312,대구,여성,60,56348
2023,12,202312,대구,여성,70,12092
2023,12,202312,대구,여성,80,1797
2023,12,202312,대구,여성,90,348
2023,12,202312,인천,남성,10,486
2023,12,202312,인천,남성,20,32475
2023,12,202312,인천,남성,30,146008
2023,12,202312,인천,남성,40,227238
2023,12,202312,인천,남성,50,239730
2023,12,202312,인천,남성,60,180415
2023,12,202312,인천,남성,70,44401
2023,12,202312,인천,남성,80,5811
2023,12,202312,인천,남성,90,472
2023,12,202312,인천,여성,10,2330
2023,12,202312,인천,여성,20,15822
2023,12,202312,인천,여성,30,59367
2023,12,202312,인천,여성,40,86480
2023,12,202312,인천,여성,50,97087
2023,12,202312,인천,여성,60,57437
2023,12,202312,인천,여성,70,9608
2023,12,202312,인천,여성,80,1658
2023,12,202312,인천,여성,90,325
2023,12,202312,광주,남성,10,158
2023,12,202312,광주,남성,20,19067
2023,12,202312,광주,남성,30,67287
2023,12,202312,광주,남성,40,118277
2023,12,202312,광주,남성,50,132229
2023,12,202312,광주,남성,60,85639
2023,12,202312,광주,남성,70,25501
2023,12,202312,광주,남성,80,3672
2023,12,202312,광주,남성,90,265
2023,12,202312,광주,여성,10,86
2023,12,202312,광주,여성,20,11872
2023,12,202312,광주,여성,30,34428
2023,12,202312,광주,여성,40,51793
2023,12,202312,광주,여성,50,57176
2023,12,202312,광주,여성,60,29995
2023,12,202312,광주,여성,70,5923
2023,12,202312,광주,여성,80,962
2023,12,202312,광주,여성,90,224
2023,12,202312,대전,남성,10,277
2023,12,202312,대전,남성,20,18550
2023,12,202312,대전,남성,30,71117
2023,12,202312,대전,남성,40,112921
2023,12,202312,대전,남성,50,132461
2023,12,202312,대전,남성,60,95208
2023,12,202312,대전,남성,70,27155
2023,12,202312,대전,남성,80,3964
2023,12,202312,대전,남성,90,274
2023,12,202312,대전,여성,10,148
2023,12,202312,대전,여성,20,10247
2023,12,202312,대전,여성,30,31556
2023,12,202312,대전,여성,40,47249
2023,12,202312,대전,여성,50,53960
2023,12,202312,대전,여성,60,31559
2023,12,202312,대전,여성,70,5846
2023,12,202312,대전,여성,80,1045
2023,12,202312,대전,여성,90,225
2023,12,202312,울산,남성,10,208
2023,12,202312,울산,남성,20,13916
2023,12,202312,울산,남성,30,56345
2023,12,202312,울산,남성,40,100467
2023,12,202312,울산,남성,50,127227
2023,12,202312,울산,남성,60,98054
2023,12,202312,울산,남성,70,23515
2023,12,202312,울산,남성,80,2500
2023,12,202312,울산,남성,90,170
2023,12,202312,울산,여성,10,79
2023,12,202312,울산,여성,20,6146
2023,12,202312,울산,여성,30,20859
2023,12,202312,울산,여성,40,33307
2023,12,202312,울산,여성,50,38918
2023,12,202312,울산,여성,60,22775
2023,12,202312,울산,여성,70,3927
2023,12,202312,울산,여성,80,555
2023,12,202312,울산,여성,90,122
2023,12,202312,세종,남성,10,83
2023,12,202312,세종,남성,20,3526
2023,12,202312,세종,남성,30,24880
2023,12,202312,세종,남성,40,44646
2023,12,202312,세종,남성,50,34726
2023,12,202312,세종,남성,60,20673
2023,12,202312,세종,남성,70,5243
2023,12,202312,세종,남성,80,713
2023,12,202312,세종,남성,90,43
2023,12,202312,세종,여성,10,34
2023,12,202312,세종,여성,20,2485
2023,12,202312,세종,여성,30,12321
2023,12,202312,세종,여성,40,17447
2023,12,202312,세종,여성,50,12578
2023,12,202312,세종,여성,60,6700
2023,12,202312,세종,여성,70,1108
2023,12,202312,세종,여성,80,193
2023,12,202312,세종,여성,90,31
2023,12,202312,경기,남성,10,2609
2023,12,202312,경기,남성,20,149654
2023,12,202312,경기,남성,30,693408
2023,12,202312,경기,남성,40,1138163
2023,12,202312,경기,남성,50,1187142
2023,12,202312,경기,남성,60,819406
2023,12,202312,경기,남성,70,218708
2023,12,202312,경기,남성,80,36750
2023,12,202312,경기,남성,90,2693
2023,12,202312,경기,여성,10,1317
2023,12,202312,경기,여성,20,72975
2023,12,202312,경기,여성,30,278322
2023,12,202312,경기,여성,40,420540
2023,12,202312,경기,여성,50,474946
2023,12,202312,경기,여성,60,274745
2023,12,202312,경기,여성,70,54952
2023,12,202312,경기,여성,80,9684
2023,12,202312,경기,여성,90,1868
2023,12,202312,강원,남성,10,247
2023,12,202312,강원,남성,20,21341
2023,12,202312,강원,남성,30,68836
2023,12,202312,강원,남성,40,119263
2023,12,202312,강원,남성,50,164086
2023,12,202312,강원,남성,60,148144
2023,12,202312,강원,남성,70,47270
2023,12,202312,강원,남성,80,8967
2023,12,202312,강원,남성,90,458
2023,12,202312,강원,여성,10,124
2023,12,202312,강원,여성,20,10715
2023,12,202312,강원,여성,30,30890
2023,12,202312,강원,여성,40,50405
2023,12,202312,강원,여성,50,66402
2023,12,202312,강원,여성,60,49327
2023,12,202312,강원,여성,70,9938
2023,12,202312,강원,여성,80,1583
2023,12,202312,강원,여성,90,411
2023,12,202312,충북,남성,10,379
2023,12,202312,충북,남성,20,24738
2023,12,202312,충북,남성,30,84652
2023,12,202312,충북,남성,40,135187
2023,12,202312,충북,남성,50,175244
2023,12,202312,충북,남성,60,145653
2023,12,202312,충북,남성,70,43026
2023,12,202312,충북,남성,80,7082
2023,12,202312,충북,남성,90,355
2023,12,202312,충북,여성,10,186
2023,12,202312,충북,여성,20,13045
2023,12,202312,충북,여성,30,35639
2023,12,202312,충북,여성,40,52975
2023,12,202312,충북,여성,50,67345
2023,12,202312,충북,여성,60,42995
2023,12,202312,충북,여성,70,8181
2023,12,202312,충북,여성,80,1386
2023,12,202312,충북,여성,90,213
2023,12,202312,충남,남성,10,346
2023,12,202312,충남,남성,20,31360
2023,12,202312,충남,남성,30,118798
2023,12,202312,충남,남성,40,203441
2023,12,202312,충남,남성,50,233327
2023,12,202312,충남,남성,60,186729
2023,12,202312,충남,남성,70,60189
2023,12,202312,충남,남성,80,9733
2023,12,202312,충남,남성,90,651
2023,12,202312,충남,여성,10,181
2023,12,202312,충남,여성,20,15570
2023,12,202312,충남,여성,30,47311
2023,12,202312,충남,여성,40,70233
2023,12,202312,충남,여성,50,85761
2023,12,202312,충남,여성,60,57385
2023,12,202312,충남,여성,70,11152
2023,12,202312,충남,여성,80,2003
2023,12,202312,충남,여성,90,389
2023,12,202312,전북,남성,10,353
2023,12,202312,전북,남성,20,21288
2023,12,202312,전북,남성,30,70769
2023,12,202312,전북,남성,40,142515
2023,12,202312,전북,남성,50,192746
2023,12,202312,전북,남성,60,158181
2023,12,202312,전북,남성,70,55322
2023,12,202312,전북,남성,80,8945
2023,12,202312,전북,남성,90,751
2023,12,202312,전북,여성,10,183
2023,12,202312,전북,여성,20,12372
2023,12,202312,전북,여성,30,35432
2023,12,202312,전북,여성,40,57597
2023,12,202312,전북,여성,50,74631
2023,12,202312,전북,여성,60,49869
2023,12,202312,전북,여성,70,10740
2023,12,202312,전북,여성,80,2270
2023,12,202312,전북,여성,90,541
2023,12,202312,전남,남성,10,333
2023,12,202312,전남,남성,20,23650
2023,12,202312,전남,남성,30,75434
2023,12,202312,전남,남성,40,147459
2023,12,202312,전남,남성,50,211685
2023,12,202312,전남,남성,60,177468
2023,12,202312,전남,남성,70,61481
2023,12,202312,전남,남성,80,8980
2023,12,202312,전남,남성,90,678
2023,12,202312,전남,여성,10,168
2023,12,202312,전남,여성,20,12369
2023,12,202312,전남,여성,30,34716
2023,12,202312,전남,여성,40,55503
2023,12,202312,전남,여성,50,73745
2023,12,202312,전남,여성,60,50402
2023,12,202312,전남,여성,70,9994
2023,12,202312,전남,여성,80,2276
2023,12,202312,전남,여성,90,437
2023,12,202312,경북,남성,10,268
2023,12,202312,경북,남성,20,31686
2023,12,202312,경북,남성,30,116614
2023,12,202312,경북,남성,40,220878
2023,12,202312,경북,남성,50,306876
2023,12,202312,경북,남성,60,275616
2023,12,202312,경북,남성,70,93639
2023,12,202312,경북,남성,80,14298
2023,12,202312,경북,남성,90,858
2023,12,202312,경북,여성,10,115
2023,12,202312,경북,여성,20,15741
2023,12,202312,경북,여성,30,47946
2023,12,202312,경북,여성,40,80581
2023,12,202312,경북,여성,50,107423
2023,12,202312,경북,여성,60,76509
2023,12,202312,경북,여성,70,15510
2023,12,202312,경북,여성,80,2558
2023,12,202312,경북,여성,90,461
2023,12,202312,경남,남성,10,654
2023,12,202312,경남,남성,20,35901
2023,12,202312,경남,남성,30,149270
2023,12,202312,경남,남성,40,287163
2023,12,202312,경남,남성,50,352285
2023,12,202312,경남,남성,60,284145
2023,12,202312,경남,남성,70,82753
2023,12,202312,경남,남성,80,10907
2023,12,202312,경남,남성,90,753
2023,12,202312,경남,여성,10,329
2023,12,202312,경남,여성,20,17789
2023,12,202312,경남,여성,30,62559
2023,12,202312,경남,여성,40,107635
2023,12,202312,경남,여성,50,131565
2023,12,202312,경남,여성,60,82487
2023,12,202312,경남,여성,70,14842
2023,12,202312,경남,여성,80,2474
2023,12,202312,경남,여성,90,516
2023,12,202312,제주,남성,10,217
2023,12,202312,제주,남성,20,7265
2023,12,202312,제주,남성,30,29638
2023,12,202312,제주,남성,40,60777
2023,12,202312,제주,남성,50,71468
2023,12,202312,제주,남성,60,50968
2023,12,202312,제주,남성,70,16693
2023,12,202312,제주,남성,80,3147
2023,12,202312,제주,남성,90,203
2023,12,202312,제주,여성,10,68
2023,12,202312,제주,여성,20,4929
2023,12,202312,제주,여성,30,17044
2023,12,202312,제주,여성,40,28862
2023,12,202312,제주,여성,50,34358
2023,12,202312,제주,여성,60,21169
2023,12,202312,제주,여성,70,4562
2023,12,202312,제주,여성,80,723
2023,12,202312,제주,여성,90,137
2024,01,202401,서울,남성,10,2252
2024,01,202401,서울,남성,20,52334
2024,01,202401,서울,남성,30,314862
2024,01,202401,서울,남성,40,501552
2024,01,202401,서울,남성,50,534623
2024,01,202401,서울,남성,60,425720
2024,01,202401,서울,남성,70,152278
2024,01,202401,서울,남성,80,26994
2024,01,202401,서울,남성,90,2478
2024,01,202401,서울,여성,10,1218
2024,01,202401,서울,여성,20,27096
2024,01,202401,서울,여성,30,125981
2024,01,202401,서울,여성,40,188962
2024,01,202401,서울,여성,50,201432
2024,01,202401,서울,여성,60,133373
2024,01,202401,서울,여성,70,36265
2024,01,202401,서울,여성,80,6857
2024,01,202401,서울,여성,90,1250
2024,01,202401,부산,남성,10,566
2024,01,202401,부산,남성,20,26460
2024,01,202401,부산,남성,30,124733
2024,01,202401,부산,남성,40,213307
2024,01,202401,부산,남성,50,227998
2024,01,202401,부산,남성,60,200019
2024,01,202401,부산,남성,70,64058
2024,01,202401,부산,남성,80,8936
2024,01,202401,부산,남성,90,871
2024,01,202401,부산,여성,10,293
2024,01,202401,부산,여성,20,12443
2024,01,202401,부산,여성,30,49581
2024,01,202401,부산,여성,40,80376
2024,01,202401,부산,여성,50,91823
2024,01,202401,부산,여성,60,61638
2024,01,202401,부산,여성,70,13200
2024,01,202401,부산,여성,80,2137
2024,01,202401,부산,여성,90,405
2024,01,202401,대구,남성,10,209
2024,01,202401,대구,남성,20,24236
2024,01,202401,대구,남성,30,109443
2024,01,202401,대구,남성,40,192304
2024,01,202401,대구,남성,50,232421
2024,01,202401,대구,남성,60,175752
2024,01,202401,대구,남성,70,55012
2024,01,202401,대구,남성,80,8375
2024,01,202401,대구,남성,90,642
2024,01,202401,대구,여성,10,113
2024,01,202401,대구,여성,20,12853
2024,01,202401,대구,여성,30,44376
2024,01,202401,대구,여성,40,74179
2024,01,202401,대구,여성,50,94434
2024,01,202401,대구,여성,60,56709
2024,01,202401,대구,여성,70,12182
2024,01,202401,대구,여성,80,1808
2024,01,202401,대구,여성,90,351
2024,01,202401,인천,남성,10,480
2024,01,202401,인천,남성,20,32231
2024,01,202401,인천,남성,30,145906
2024,01,202401,인천,남성,40,227253
2024,01,202401,인천,남성,50,240710
2024,01,202401,인천,남성,60,181378
2024,01,202401,인천,남성,70,44840
2024,01,202401,인천,남성,80,5873
2024,01,202401,인천,남성,90,469
2024,01,202401,인천,여성,10,2282
2024,01,202401,인천,여성,20,15793
2024,01,202401,인천,여성,30,59411
2024,01,202401,인천,여성,40,86683
2024,01,202401,인천,여성,50,97392
2024,01,202401,인천,여성,60,57883
2024,01,202401,인천,여성,70,9766
2024,01,202401,인천,여성,80,1650
2024,01,202401,인천,여성,90,325
2024,01,202401,광주,남성,10,161
2024,01,202401,광주,남성,20,18973
2024,01,202401,광주,남성,30,66950
2024,01,202401,광주,남성,40,118175
2024,01,202401,광주,남성,50,132818
2024,01,202401,광주,남성,60,86030
2024,01,202401,광주,남성,70,25649
2024,01,202401,광주,남성,80,3696
2024,01,202401,광주,남성,90,270
2024,01,202401,광주,여성,10,86
2024,01,202401,광주,여성,20,11834
2024,01,202401,광주,여성,30,34295
2024,01,202401,광주,여성,40,51910
2024,01,202401,광주,여성,50,57428
2024,01,202401,광주,여성,60,30198
2024,01,202401,광주,여성,70,5984
2024,01,202401,광주,여성,80,952
2024,01,202401,광주,여성,90,223
2024,01,202401,대전,남성,10,279
2024,01,202401,대전,남성,20,18534
2024,01,202401,대전,남성,30,71138
2024,01,202401,대전,남성,40,112568
2024,01,202401,대전,남성,50,132896
2024,01,202401,대전,남성,60,95622
2024,01,202401,대전,남성,70,27325
2024,01,202401,대전,남성,80,4002
2024,01,202401,대전,남성,90,271
2024,01,202401,대전,여성,10,144
2024,01,202401,대전,여성,20,10205
2024,01,202401,대전,여성,30,31563
2024,01,202401,대전,여성,40,47209
2024,01,202401,대전,여성,50,54127
2024,01,202401,대전,여성,60,31711
2024,01,202401,대전,여성,70,5924
2024,01,202401,대전,여성,80,1044
2024,01,202401,대전,여성,90,223
2024,01,202401,울산,남성,10,204
2024,01,202401,울산,남성,20,13905
2024,01,202401,울산,남성,30,56190
2024,01,202401,울산,남성,40,100445
2024,01,202401,울산,남성,50,127407
2024,01,202401,울산,남성,60,98550
2024,01,202401,울산,남성,70,23753
2024,01,202401,울산,남성,80,2546
2024,01,202401,울산,남성,90,168
2024,01,202401,울산,여성,10,81
2024,01,202401,울산,여성,20,6136
2024,01,202401,울산,여성,30,20906
2024,01,202401,울산,여성,40,33267
2024,01,202401,울산,여성,50,39159
2024,01,202401,울산,여성,60,22938
2024,01,202401,울산,여성,70,3996
2024,01,202401,울산,여성,80,556
2024,01,202401,울산,여성,90,126
2024,01,202401,세종,남성,10,81
2024,01,202401,세종,남성,20,3516
2024,01,202401,세종,남성,30,24764
2024,01,202401,세종,남성,40,44736
2024,01,202401,세종,남성,50,34978
2024,01,202401,세종,남성,60,20779
2024,01,202401,세종,남성,70,5312
2024,01,202401,세종,남성,80,719
2024,01,202401,세종,남성,90,46
2024,01,202401,세종,여성,10,33
2024,01,202401,세종,여성,20,2459
2024,01,202401,세종,여성,30,12315
2024,01,202401,세종,여성,40,17486
2024,01,202401,세종,여성,50,12649
2024,01,202401,세종,여성,60,6753
2024,01,202401,세종,여성,70,1123
2024,01,202401,세종,여성,80,193
2024,01,202401,세종,여성,90,33
2024,01,202401,경기,남성,10,2603
2024,01,202401,경기,남성,20,148935
2024,01,202401,경기,남성,30,691016
2024,01,202401,경기,남성,40,1136872
2024,01,202401,경기,남성,50,1191799
2024,01,202401,경기,남성,60,823860
2024,01,202401,경기,남성,70,221074
2024,01,202401,경기,남성,80,37085
2024,01,202401,경기,남성,90,2711
2024,01,202401,경기,여성,10,1325
2024,01,202401,경기,여성,20,72619
2024,01,202401,경기,여성,30,278063
2024,01,202401,경기,여성,40,420344
2024,01,202401,경기,여성,50,476964
2024,01,202401,경기,여성,60,276999
2024,01,202401,경기,여성,70,55585
2024,01,202401,경기,여성,80,9696
2024,01,202401,경기,여성,90,1879
2024,01,202401,강원,남성,10,245
2024,01,202401,강원,남성,20,21296
2024,01,202401,강원,남성,30,68638
2024,01,202401,강원,남성,40,118946
2024,01,202401,강원,남성,50,164560
2024,01,202401,강원,남성,60,148609
2024,01,202401,강원,남성,70,47720
2024,01,202401,강원,남성,80,9063
2024,01,202401,강원,남성,90,457
2024,01,202401,강원,여성,10,131
2024,01,202401,강원,여성,20,10605
2024,01,202401,강원,여성,30,30877
2024,01,202401,강원,여성,40,50346
2024,01,202401,강원,여성,50,66635
2024,01,202401,강원,여성,60,49653
2024,01,202401,강원,여성,70,10091
2024,01,202401,강원,여성,80,1595
2024,01,202401,강원,여성,90,409
2024,01,202401,충북,남성,10,371
2024,01,202401,충북,남성,20,24699
2024,01,202401,충북,남성,30,84298
2024,01,202401,충북,남성,40,135070
2024,01,202401,충북,남성,50,175919
2024,01,202401,충북,남성,60,146215
2024,01,202401,충북,남성,70,43502
2024,01,202401,충북,남성,80,7158
2024,01,202401,충북,남성,90,361
2024,01,202401,충북,여성,10,187
2024,01,202401,충북,여성,20,12973
2024,01,202401,충북,여성,30,35598
2024,01,202401,충북,여성,40,53055
2024,01,202401,충북,여성,50,67570
2024,01,202401,충북,여성,60,43274
2024,01,202401,충북,여성,70,8295
2024,01,202401,충북,여성,80,1399
2024,01,202401,충북,여성,90,210
2024,01,202401,충남,남성,10,359
2024,01,202401,충남,남성,20,31329
2024,01,202401,충남,남성,30,118416
2024,01,202401,충남,남성,40,203718
2024,01,202401,충남,남성,50,234313
2024,01,202401,충남,남성,60,187758
2024,01,202401,충남,남성,70,60646
2024,01,202401,충남,남성,80,9839
2024,01,202401,충남,남성,90,655
2024,01,202401,충남,여성,10,184
2024,01,202401,충남,여성,20,15597
2024,01,202401,충남,여성,30,47363
2024,01,202401,충남,여성,40,70363
2024,01,202401,충남,여성,50,86202
2024,01,202401,충남,여성,60,57825
2024,01,202401,충남,여성,70,11273
2024,01,202401,충남,여성,80,2003
2024,01,202401,충남,여성,90,392
2024,01,202401,전북,남성,10,364
2024,01,202401,전북,남성,20,21195
2024,01,202401,전북,남성,30,70554
2024,01,202401,전북,남성,40,142229
2024,01,202401,전북,남성,50,193782
2024,01,202401,전북,남성,60,158689
2024,01,202401,전북,남성,70,55778
2024,01,202401,전북,남성,80,9069
2024,01,202401,전북,남성,90,754
2024,01,202401,전북,여성,10,185
2024,01,202401,전북,여성,20,12328
2024,01,202401,전북,여성,30,35350
2024,01,202401,전북,여성,40,57506
2024,01,202401,전북,여성,50,74971
2024,01,202401,전북,여성,60,50211
2024,01,202401,전북,여성,70,10895
2024,01,202401,전북,여성,80,2264
2024,01,202401,전북,여성,90,536
2024,01,202401,전남,남성,10,343
2024,01,202401,전남,남성,20,23646
2024,01,202401,전남,남성,30,75215
2024,01,202401,전남,남성,40,147122
2024,01,202401,전남,남성,50,212749
2024,01,202401,전남,남성,60,178278
2024,01,202401,전남,남성,70,61926
2024,01,202401,전남,남성,80,9028
2024,01,202401,전남,남성,90,683
2024,01,202401,전남,여성,10,172
2024,01,202401,전남,여성,20,12349
2024,01,202401,전남,여성,30,34722
2024,01,202401,전남,여성,40,55427
2024,01,202401,전남,여성,50,74133
2024,01,202401,전남,여성,60,50728
2024,01,202401,전남,여성,70,10083
2024,01,202401,전남,여성,80,2260
2024,01,202401,전남,여성,90,435
2024,01,202401,경북,남성,10,254
2024,01,202401,경북,남성,20,31719
2024,01,202401,경북,남성,30,116231
2024,01,202401,경북,남성,40,220229
2024,01,202401,경북,남성,50,307888
2024,01,202401,경북,남성,60,276442
2024,01,202401,경북,남성,70,94629
2024,01,202401,경북,남성,80,14437
2024,01,202401,경북,남성,90,862
2024,01,202401,경북,여성,10,115
2024,01,202401,경북,여성,20,15687
2024,01,202401,경북,여성,30,47779
2024,01,202401,경북,여성,40,80553
2024,01,202401,경북,여성,50,107778
2024,01,202401,경북,여성,60,77052
2024,01,202401,경북,여성,70,15778
2024,01,202401,경북,여성,80,2561
2024,01,202401,경북,여성,90,466
2024,01,202401,경남,남성,10,649
2024,01,202401,경남,남성,20,35828
2024,01,202401,경남,남성,30,148871
2024,01,202401,경남,남성,40,286384
2024,01,202401,경남,남성,50,353720
2024,01,202401,경남,남성,60,285261
2024,01,202401,경남,남성,70,83517
2024,01,202401,경남,남성,80,11028
2024,01,202401,경남,남성,90,755
2024,01,202401,경남,여성,10,330
2024,01,202401,경남,여성,20,17688
2024,01,202401,경남,여성,30,62529
2024,01,202401,경남,여성,40,107674
2024,01,202401,경남,여성,50,132159
2024,01,202401,경남,여성,60,83060
2024,01,202401,경남,여성,70,15000
2024,01,202401,경남,여성,80,2474
2024,01,202401,경남,여성,90,511
2024,01,202401,제주,남성,10,210
2024,01,202401,제주,남성,20,7206
2024,01,202401,제주,남성,30,29430
2024,01,202401,제주,남성,40,60557
2024,01,202401,제주,남성,50,71545
2024,01,202401,제주,남성,60,51224
2024,01,202401,제주,남성,70,16742
2024,01,202401,제주,남성,80,3228
2024,01,202401,제주,남성,90,211
2024,01,202401,제주,여성,10,68
2024,01,202401,제주,여성,20,4876
2024,01,202401,제주,여성,30,16997
2024,01,202401,제주,여성,40,28721
2024,01,202401,제주,여성,50,34415
2024,01,202401,제주,여성,60,21257
2024,01,202401,제주,여성,70,4623
2024,01,202401,제주,여성,80,729
2024,01,202401,제주,여성,90,136
2024,02,202402,서울,남성,10,2227
2024,02,202402,서울,남성,20,52016
2024,02,202402,서울,남성,30,311847
2024,02,202402,서울,남성,40,501944
2024,02,202402,서울,남성,50,535219
2024,02,202402,서울,남성,60,427108
2024,02,202402,서울,남성,70,153144
2024,02,202402,서울,남성,80,27295
2024,02,202402,서울,남성,90,2505
2024,02,202402,서울,여성,10,1206
2024,02,202402,서울,여성,20,26834
2024,02,202402,서울,여성,30,125314
2024,02,202402,서울,여성,40,189063
2024,02,202402,서울,여성,50,201771
2024,02,202402,서울,여성,60,134103
2024,02,202402,서울,여성,70,36630
2024,02,202402,서울,여성,80,6907
2024,02,202402,서울,여성,90,1251
2024,02,202402,부산,남성,10,564
2024,02,202402,부산,남성,20,26325
2024,02,202402,부산,남성,30,124027
2024,02,202402,부산,남성,40,213264
2024,02,202402,부산,남성,50,228056
2024,02,202402,부산,남성,60,200531
2024,02,202402,부산,남성,70,64525
2024,02,202402,부산,남성,80,9011
2024,02,202402,부산,남성,90,880
2024,02,202402,부산,여성,10,298
2024,02,202402,부산,여성,20,12402
2024,02,202402,부산,여성,30,49267
2024,02,202402,부산,여성,40,80366
2024,02,202402,부산,여성,50,91930
2024,02,202402,부산,여성,60,61947
2024,02,202402,부산,여성,70,13336
2024,02,202402,부산,여성,80,2142
2024,02,202402,부산,여성,90,408
2024,02,202402,대구,남성,10,211
2024,02,202402,대구,남성,20,24046
2024,02,202402,대구,남성,30,108901
2024,02,202402,대구,남성,40,191758
2024,02,202402,대구,남성,50,232448
2024,02,202402,대구,남성,60,176332
2024,02,202402,대구,남성,70,55449
2024,02,202402,대구,남성,80,8494
2024,02,202402,대구,남성,90,646
2024,02,202402,대구,여성,10,114
2024,02,202402,대구,여성,20,12749
2024,02,202402,대구,여성,30,44278
2024,02,202402,대구,여성,40,74080
2024,02,202402,대구,여성,50,94543
2024,02,202402,대구,여성,60,57138
2024,02,202402,대구,여성,70,12300
2024,02,202402,대구,여성,80,1809
2024,02,202402,대구,여성,90,350
2024,02,202402,인천,남성,10,488
2024,02,202402,인천,남성,20,32123
2024,02,202402,인천,남성,30,145303
2024,02,202402,인천,남성,40,227938
2024,02,202402,인천,남성,50,241040
2024,02,202402,인천,남성,60,182488
2024,02,202402,인천,남성,70,45215
2024,02,202402,인천,남성,80,5935
2024,02,202402,인천,남성,90,473
2024,02,202402,인천,여성,10,2228
2024,02,202402,인천,여성,20,15742
2024,02,202402,인천,여성,30,59322
2024,02,202402,인천,여성,40,86946
2024,02,202402,인천,여성,50,97550
2024,02,202402,인천,여성,60,58464
2024,02,202402,인천,여성,70,9878
2024,02,202402,인천,여성,80,1669
2024,02,202402,인천,여성,90,321
2024,02,202402,광주,남성,10,156
2024,02,202402,광주,남성,20,18897
2024,02,202402,광주,남성,30,66513
2024,02,202402,광주,남성,40,118335
2024,02,202402,광주,남성,50,133042
2024,02,202402,광주,남성,60,86529
2024,02,202402,광주,남성,70,25744
2024,02,202402,광주,남성,80,3739
2024,02,202402,광주,남성,90,275
2024,02,202402,광주,여성,10,86
2024,02,202402,광주,여성,20,11762
2024,02,202402,광주,여성,30,34132
2024,02,202402,광주,여성,40,52082
2024,02,202402,광주,여성,50,57572
2024,02,202402,광주,여성,60,30391
2024,02,202402,광주,여성,70,6052
2024,02,202402,광주,여성,80,953
2024,02,202402,광주,여성,90,220
2024,02,202402,대전,남성,10,269
2024,02,202402,대전,남성,20,18450
2024,02,202402,대전,남성,30,70730
2024,02,202402,대전,남성,40,112630
2024,02,202402,대전,남성,50,132935
2024,02,202402,대전,남성,60,96162
2024,02,202402,대전,남성,70,27437
2024,02,202402,대전,남성,80,4062
2024,02,202402,대전,남성,90,272
2024,02,202402,대전,여성,10,143
2024,02,202402,대전,여성,20,10142
2024,02,202402,대전,여성,30,31434
2024,02,202402,대전,여성,40,47114
2024,02,202402,대전,여성,50,54388
2024,02,202402,대전,여성,60,31920
2024,02,202402,대전,여성,70,5963
2024,02,202402,대전,여성,80,1053
2024,02,202402,대전,여성,90,218
2024,02,202402,울산,남성,10,203
2024,02,202402,울산,남성,20,13893
2024,02,202402,울산,남성,30,55775
2024,02,202402,울산,남성,40,100601
2024,02,202402,울산,남성,50,127328
2024,02,202402,울산,남성,60,99157
2024,02,202402,울산,남성,70,23907
2024,02,202402,울산,남성,80,2611
2024,02,202402,울산,남성,90,173
2024,02,202402,울산,여성,10,80
2024,02,202402,울산,여성,20,6151
2024,02,202402,울산,여성,30,20804
2024,02,202402,울산,여성,40,33288
2024,02,202402,울산,여성,50,39253
2024,02,202402,울산,여성,60,23053
2024,02,202402,울산,여성,70,4062
2024,02,202402,울산,여성,80,557
2024,02,202402,울산,여성,90,126
2024,02,202402,세종,남성,10,81
2024,02,202402,세종,남성,20,3503
2024,02,202402,세종,남성,30,24540
2024,02,202402,세종,남성,40,44798
2024,02,202402,세종,남성,50,35166
2024,02,202402,세종,남성,60,20931
2024,02,202402,세종,남성,70,5377
2024,02,202402,세종,남성,80,727
2024,02,202402,세종,남성,90,47
2024,02,202402,세종,여성,10,35
2024,02,202402,세종,여성,20,2441
2024,02,202402,세종,여성,30,12276
2024,02,202402,세종,여성,40,17610
2024,02,202402,세종,여성,50,12715
2024,02,202402,세종,여성,60,6818
2024,02,202402,세종,여성,70,1141
2024,02,202402,세종,여성,80,195
2024,02,202402,세종,여성,90,32
2024,02,202402,경기,남성,10,2611
2024,02,202402,경기,남성,20,148236
2024,02,202402,경기,남성,30,686550
2024,02,202402,경기,남성,40,1136976
2024,02,202402,경기,남성,50,1193576
2024,02,202402,경기,남성,60,829340
2024,02,202402,경기,남성,70,223201
2024,02,202402,경기,남성,80,37500
2024,02,202402,경기,남성,90,2724
2024,02,202402,경기,여성,10,1332
2024,02,202402,경기,여성,20,72324
2024,02,202402,경기,여성,30,275898
2024,02,202402,경기,여성,40,421177
2024,02,202402,경기,여성,50,478467
2024,02,202402,경기,여성,60,279571
2024,02,202402,경기,여성,70,56264
2024,02,202402,경기,여성,80,9771
2024,02,202402,경기,여성,90,1878
2024,02,202402,강원,남성,10,245
2024,02,202402,강원,남성,20,21155
2024,02,202402,강원,남성,30,68309
2024,02,202402,강원,남성,40,118660
2024,02,202402,강원,남성,50,164687
2024,02,202402,강원,남성,60,149266
2024,02,202402,강원,남성,70,48147
2024,02,202402,강원,남성,80,9201
2024,02,202402,강원,남성,90,461
2024,02,202402,강원,여성,10,130
2024,02,202402,강원,여성,20,10518
2024,02,202402,강원,여성,30,30822
2024,02,202402,강원,여성,40,50234
2024,02,202402,강원,여성,50,66856
2024,02,202402,강원,여성,60,50012
2024,02,202402,강원,여성,70,10259
2024,02,202402,강원,여성,80,1607
2024,02,202402,강원,여성,90,408
2024,02,202402,충북,남성,10,371
2024,02,202402,충북,남성,20,24499
2024,02,202402,충북,남성,30,83890
2024,02,202402,충북,남성,40,134836
2024,02,202402,충북,남성,50,176318
2024,02,202402,충북,남성,60,146859
2024,02,202402,충북,남성,70,43953
2024,02,202402,충북,남성,80,7266
2024,02,202402,충북,남성,90,356
2024,02,202402,충북,여성,10,187
2024,02,202402,충북,여성,20,12941
2024,02,202402,충북,여성,30,35493
2024,02,202402,충북,여성,40,53008
2024,02,202402,충북,여성,50,67883
2024,02,202402,충북,여성,60,43585
2024,02,202402,충북,여성,70,8409
2024,02,202402,충북,여성,80,1406
2024,02,202402,충북,여성,90,213
2024,02,202402,충남,남성,10,368
2024,02,202402,충남,남성,20,31221
2024,02,202402,충남,남성,30,117857
2024,02,202402,충남,남성,40,204138
2024,02,202402,충남,남성,50,234959
2024,02,202402,충남,남성,60,188856
2024,02,202402,충남,남성,70,61204
2024,02,202402,충남,남성,80,9965
2024,02,202402,충남,남성,90,658
2024,02,202402,충남,여성,10,183
2024,02,202402,충남,여성,20,15568
2024,02,202402,충남,여성,30,47301
2024,02,202402,충남,여성,40,70490
2024,02,202402,충남,여성,50,86548
2024,02,202402,충남,여성,60,58247
2024,02,202402,충남,여성,70,11442
2024,02,202402,충남,여성,80,2002
2024,02,202402,충남,여성,90,396
2024,02,202402,전북,남성,10,366
2024,02,202402,전북,남성,20,21096
2024,02,202402,전북,남성,30,69861
2024,02,202402,전북,남성,40,142128
2024,02,202402,전북,남성,50,194433
2024,02,202402,전북,남성,60,159462
2024,02,202402,전북,남성,70,56181
2024,02,202402,전북,남성,80,9163
2024,02,202402,전북,남성,90,756
2024,02,202402,전북,여성,10,179
2024,02,202402,전북,여성,20,12316
2024,02,202402,전북,여성,30,35153
2024,02,202402,전북,여성,40,57578
2024,02,202402,전북,여성,50,75235
2024,02,202402,전북,여성,60,50571
2024,02,202402,전북,여성,70,10996
2024,02,202402,전북,여성,80,2238
2024,02,202402,전북,여성,90,530
2024,02,202402,전남,남성,10,338
2024,02,202402,전남,남성,20,23617
2024,02,202402,전남,남성,30,74733
2024,02,202402,전남,남성,40,147138
2024,02,202402,전남,남성,50,213216
2024,02,202402,전남,남성,60,179213
2024,02,202402,전남,남성,70,62301
2024,02,202402,전남,남성,80,9131
2024,02,202402,전남,남성,90,691
2024,02,202402,전남,여성,10,171
2024,02,202402,전남,여성,20,12316
2024,02,202402,전남,여성,30,34550
2024,02,202402,전남,여성,40,55432
2024,02,202402,전남,여성,50,74233
2024,02,202402,전남,여성,60,51135
2024,02,202402,전남,여성,70,10171
2024,02,202402,전남,여성,80,2247
2024,02,202402,전남,여성,90,438
2024,02,202402,경북,남성,10,259
2024,02,202402,경북,남성,20,31631
2024,02,202402,경북,남성,30,115626
2024,02,202402,경북,남성,40,219856
2024,02,202402,경북,남성,50,308291
2024,02,202402,경북,남성,60,277649
2024,02,202402,경북,남성,70,95543
2024,02,202402,경북,남성,80,14641
2024,02,202402,경북,남성,90,886
2024,02,202402,경북,여성,10,115
2024,02,202402,경북,여성,20,15673
2024,02,202402,경북,여성,30,47495
2024,02,202402,경북,여성,40,80630
2024,02,202402,경북,여성,50,108123
2024,02,202402,경북,여성,60,77640
2024,02,202402,경북,여성,70,16003
2024,02,202402,경북,여성,80,2561
2024,02,202402,경북,여성,90,467
2024,02,202402,경남,남성,10,657
2024,02,202402,경남,남성,20,35701
2024,02,202402,경남,남성,30,148005
2024,02,202402,경남,남성,40,286029
2024,02,202402,경남,남성,50,354614
2024,02,202402,경남,남성,60,286449
2024,02,202402,경남,남성,70,84339
2024,02,202402,경남,남성,80,11207
2024,02,202402,경남,남성,90,768
2024,02,202402,경남,여성,10,337
2024,02,202402,경남,여성,20,17630
2024,02,202402,경남,여성,30,62283
2024,02,202402,경남,여성,40,107570
2024,02,202402,경남,여성,50,132584
2024,02,202402,경남,여성,60,83687
2024,02,202402,경남,여성,70,15230
2024,02,202402,경남,여성,80,2477
2024,02,202402,경남,여성,90,513
2024,02,202402,제주,남성,10,214
2024,02,202402,제주,남성,20,7126
2024,02,202402,제주,남성,30,29298
2024,02,202402,제주,남성,40,60422
2024,02,202402,제주,남성,50,71689
2024,02,202402,제주,남성,60,51400
2024,02,202402,제주,남성,70,16829
2024,02,202402,제주,남성,80,3269
2024,02,202402,제주,남성,90,210
2024,02,202402,제주,여성,10,65
2024,02,202402,제주,여성,20,4832
2024,02,202402,제주,여성,30,16897
2024,02,202402,제주,여성,40,28723
2024,02,202402,제주,여성,50,34436
2024,02,202402,제주,여성,60,21448
2024,02,202402,제주,여성,70,4658
2024,02,202402,제주,여성,80,734
2024,02,202402,제주,여성,90,136
2024,03,202403,서울,남성,10,2201
2024,03,202403,서울,남성,20,51846
2024,03,202403,서울,남성,30,311441
2024,03,202403,서울,남성,40,499678
2024,03,202403,서울,남성,50,534976
2024,03,202403,서울,남성,60,427411
2024,03,202403,서울,남성,70,154342
2024,03,202403,서울,남성,80,27548
2024,03,202403,서울,남성,90,2513
2024,03,202403,서울,여성,10,1193
2024,03,202403,서울,여성,20,26624
2024,03,202403,서울,여성,30,125471
2024,03,202403,서울,여성,40,188299
2024,03,202403,서울,여성,50,201749
2024,03,202403,서울,여성,60,134677
2024,03,202403,서울,여성,70,36973
2024,03,202403,서울,여성,80,6935
2024,03,202403,서울,여성,90,1254
2024,03,202403,부산,남성,10,564
2024,03,202403,부산,남성,20,26350
2024,03,202403,부산,남성,30,124007
2024,03,202403,부산,남성,40,212707
2024,03,202403,부산,남성,50,227611
2024,03,202403,부산,남성,60,200887
2024,03,202403,부산,남성,70,65132
2024,03,202403,부산,남성,80,9087
2024,03,202403,부산,남성,90,891
2024,03,202403,부산,여성,10,301
2024,03,202403,부산,여성,20,12373
2024,03,202403,부산,여성,30,49335
2024,03,202403,부산,여성,40,80059
2024,03,202403,부산,여성,50,92067
2024,03,202403,부산,여성,60,62319
2024,03,202403,부산,여성,70,13477
2024,03,202403,부산,여성,80,2155
2024,03,202403,부산,여성,90,416
2024,03,202403,대구,남성,10,204
2024,03,202403,대구,남성,20,24004
2024,03,202403,대구,남성,30,108934
2024,03,202403,대구,남성,40,191341
2024,03,202403,대구,남성,50,231952
2024,03,202403,대구,남성,60,177112
2024,03,202403,대구,남성,70,55976
2024,03,202403,대구,남성,80,8573
2024,03,202403,대구,남성,90,663
2024,03,202403,대구,여성,10,116
2024,03,202403,대구,여성,20,12713
2024,03,202403,대구,여성,30,44405
2024,03,202403,대구,여성,40,73702
2024,03,202403,대구,여성,50,94556
2024,03,202403,대구,여성,60,57595
2024,03,202403,대구,여성,70,12413
2024,03,202403,대구,여성,80,1825
2024,03,202403,대구,여성,90,351
2024,03,202403,인천,남성,10,484
2024,03,202403,인천,남성,20,32112
2024,03,202403,인천,남성,30,145582
2024,03,202403,인천,남성,40,227331
2024,03,202403,인천,남성,50,240835
2024,03,202403,인천,남성,60,183267
2024,03,202403,인천,남성,70,45775
2024,03,202403,인천,남성,80,6002
2024,03,202403,인천,남성,90,470
2024,03,202403,인천,여성,10,2173
2024,03,202403,인천,여성,20,15746
2024,03,202403,인천,여성,30,59506
2024,03,202403,인천,여성,40,86720
2024,03,202403,인천,여성,50,97624
2024,03,202403,인천,여성,60,58919
2024,03,202403,인천,여성,70,10010
2024,03,202403,인천,여성,80,1691
2024,03,202403,인천,여성,90,320
2024,03,202403,광주,남성,10,156
2024,03,202403,광주,남성,20,18919
2024,03,202403,광주,남성,30,66647
2024,03,202403,광주,남성,40,118062
2024,03,202403,광주,남성,50,133169
2024,03,202403,광주,남성,60,86992
2024,03,202403,광주,남성,70,25836
2024,03,202403,광주,남성,80,3783
2024,03,202403,광주,남성,90,275
2024,03,202403,광주,여성,10,91
2024,03,202403,광주,여성,20,11739
2024,03,202403,광주,여성,30,34249
2024,03,202403,광주,여성,40,51913
2024,03,202403,광주,여성,50,57804
2024,03,202403,광주,여성,60,30597
2024,03,202403,광주,여성,70,6112
2024,03,202403,광주,여성,80,964
2024,03,202403,광주,여성,90,217
2024,03,202403,대전,남성,10,266
2024,03,202403,대전,남성,20,18467
2024,03,202403,대전,남성,30,70843
2024,03,202403,대전,남성,40,112069
2024,03,202403,대전,남성,50,132868
2024,03,202403,대전,남성,60,96562
2024,03,202403,대전,남성,70,27646
2024,03,202403,대전,남성,80,4131
2024,03,202403,대전,남성,90,276
2024,03,202403,대전,여성,10,144
2024,03,202403,대전,여성,20,10168
2024,03,202403,대전,여성,30,31496
2024,03,202403,대전,여성,40,47030
2024,03,202403,대전,여성,50,54440
2024,03,202403,대전,여성,60,32173
2024,03,202403,대전,여성,70,6052
2024,03,202403,대전,여성,80,1050
2024,03,202403,대전,여성,90,217
2024,03,202403,울산,남성,10,206
2024,03,202403,울산,남성,20,13907
2024,03,202403,울산,남성,30,55865
2024,03,202403,울산,남성,40,100257
2024,03,202403,울산,남성,50,126894
2024,03,202403,울산,남성,60,99815
2024,03,202403,울산,남성,70,24179
2024,03,202403,울산,남성,80,2644
2024,03,202403,울산,남성,90,180
2024,03,202403,울산,여성,10,82
2024,03,202403,울산,여성,20,6115
2024,03,202403,울산,여성,30,20904
2024,03,202403,울산,여성,40,33078
2024,03,202403,울산,여성,50,39363
2024,03,202403,울산,여성,60,23209
2024,03,202403,울산,여성,70,4109
2024,03,202403,울산,여성,80,557
2024,03,202403,울산,여성,90,128
2024,03,202403,세종,남성,10,78
2024,03,202403,세종,남성,20,3490
2024,03,202403,세종,남성,30,24635
2024,03,202403,세종,남성,40,44743
2024,03,202403,세종,남성,50,35312
2024,03,202403,세종,남성,60,21025
2024,03,202403,세종,남성,70,5463
2024,03,202403,세종,남성,80,738
2024,03,202403,세종,남성,90,46
2024,03,202403,세종,여성,10,34
2024,03,202403,세종,여성,20,2437
2024,03,202403,세종,여성,30,12355
2024,03,202403,세종,여성,40,17573
2024,03,202403,세종,여성,50,12767
2024,03,202403,세종,여성,60,6849
2024,03,202403,세종,여성,70,1162
2024,03,202403,세종,여성,80,193
2024,03,202403,세종,여성,90,31
2024,03,202403,경기,남성,10,2599
2024,03,202403,경기,남성,20,148430
2024,03,202403,경기,남성,30,688631
2024,03,202403,경기,남성,40,1133991
2024,03,202403,경기,남성,50,1194293
2024,03,202403,경기,남성,60,834104
2024,03,202403,경기,남성,70,225242
2024,03,202403,경기,남성,80,37932
2024,03,202403,경기,남성,90,2753
2024,03,202403,경기,여성,10,1336
2024,03,202403,경기,여성,20,72366
2024,03,202403,경기,여성,30,276966
2024,03,202403,경기,여성,40,420106
2024,03,202403,경기,여성,50,479147
2024,03,202403,경기,여성,60,281965
2024,03,202403,경기,여성,70,57055
2024,03,202403,경기,여성,80,9851
2024,03,202403,경기,여성,90,1885
2024,03,202403,강원,남성,10,241
2024,03,202403,강원,남성,20,21098
2024,03,202403,강원,남성,30,68328
2024,03,202403,강원,남성,40,118034
2024,03,202403,강원,남성,50,164546
2024,03,202403,강원,남성,60,149858
2024,03,202403,강원,남성,70,48690
2024,03,202403,강원,남성,80,9291
2024,03,202403,강원,남성,90,460
2024,03,202403,강원,여성,10,133
2024,03,202403,강원,여성,20,10517
2024,03,202403,강원,여성,30,30843
2024,03,202403,강원,여성,40,50007
2024,03,202403,강원,여성,50,66824
2024,03,202403,강원,여성,60,50362
2024,03,202403,강원,여성,70,10450
2024,03,202403,강원,여성,80,1608
2024,03,202403,강원,여성,90,412
2024,03,202403,충북,남성,10,372
2024,03,202403,충북,남성,20,24542
2024,03,202403,충북,남성,30,84084
2024,03,202403,충북,남성,40,134568
2024,03,202403,충북,남성,50,176346
2024,03,202403,충북,남성,60,147556
2024,03,202403,충북,남성,70,44538
2024,03,202403,충북,남성,80,7348
2024,03,202403,충북,남성,90,361
2024,03,202403,충북,여성,10,188
2024,03,202403,충북,여성,20,12958
2024,03,202403,충북,여성,30,35662
2024,03,202403,충북,여성,40,52955
2024,03,202403,충북,여성,50,68072
2024,03,202403,충북,여성,60,43962
2024,03,202403,충북,여성,70,8514
2024,03,202403,충북,여성,80,1407
2024,03,202403,충북,여성,90,217
2024,03,202403,충남,남성,10,367
2024,03,202403,충남,남성,20,31387
2024,03,202403,충남,남성,30,118227
2024,03,202403,충남,남성,40,203823
2024,03,202403,충남,남성,50,235653
2024,03,202403,충남,남성,60,189831
2024,03,202403,충남,남성,70,61764
2024,03,202403,충남,남성,80,10106
2024,03,202403,충남,남성,90,660
2024,03,202403,충남,여성,10,184
2024,03,202403,충남,여성,20,15608
2024,03,202403,충남,여성,30,47543
2024,03,202403,충남,여성,40,70235
2024,03,202403,충남,여성,50,86796
2024,03,202403,충남,여성,60,58795
2024,03,202403,충남,여성,70,11610
2024,03,202403,충남,여성,80,2004
2024,03,202403,충남,여성,90,404
2024,03,202403,전북,남성,10,370
2024,03,202403,전북,남성,20,21146
2024,03,202403,전북,남성,30,70097
2024,03,202403,전북,남성,40,141392
2024,03,202403,전북,남성,50,194607
2024,03,202403,전북,남성,60,159894
2024,03,202403,전북,남성,70,56622
2024,03,202403,전북,남성,80,9242
2024,03,202403,전북,남성,90,762
2024,03,202403,전북,여성,10,179
2024,03,202403,전북,여성,20,12399
2024,03,202403,전북,여성,30,35344
2024,03,202403,전북,여성,40,57429
2024,03,202403,전북,여성,50,75428
2024,03,202403,전북,여성,60,50972
2024,03,202403,전북,여성,70,11096
2024,03,202403,전북,여성,80,2242
2024,03,202403,전북,여성,90,521
2024,03,202403,전남,남성,10,328
2024,03,202403,전남,남성,20,23659
2024,03,202403,전남,남성,30,74969
2024,03,202403,전남,남성,40,146621
2024,03,202403,전남,남성,50,213724
2024,03,202403,전남,남성,60,179890
2024,03,202403,전남,남성,70,62730
2024,03,202403,전남,남성,80,9203
2024,03,202403,전남,남성,90,690
2024,03,202403,전남,여성,10,178
2024,03,202403,전남,여성,20,12313
2024,03,202403,전남,여성,30,34625
2024,03,202403,전남,여성,40,55313
2024,03,202403,전남,여성,50,74421
2024,03,202403,전남,여성,60,51565
2024,03,202403,전남,여성,70,10323
2024,03,202403,전남,여성,80,2242
2024,03,202403,전남,여성,90,441
2024,03,202403,경북,남성,10,262
2024,03,202403,경북,남성,20,31766
2024,03,202403,경북,남성,30,115905
2024,03,202403,경북,남성,40,218918
2024,03,202403,경북,남성,50,308187
2024,03,202403,경북,남성,60,279151
2024,03,202403,경북,남성,70,96518
2024,03,202403,경북,남성,80,14818
2024,03,202403,경북,남성,90,898
2024,03,202403,경북,여성,10,115
2024,03,202403,경북,여성,20,15693
2024,03,202403,경북,여성,30,47579
2024,03,202403,경북,여성,40,80369
2024,03,202403,경북,여성,50,108271
2024,03,202403,경북,여성,60,78300
2024,03,202403,경북,여성,70,16259
2024,03,202403,경북,여성,80,2560
2024,03,202403,경북,여성,90,469
2024,03,202403,경남,남성,10,652
2024,03,202403,경남,남성,20,35753
2024,03,202403,경남,남성,30,148051
2024,03,202403,경남,남성,40,285384
2024,03,202403,경남,남성,50,354462
2024,03,202403,경남,남성,60,287959
2024,03,202403,경남,남성,70,85302
2024,03,202403,경남,남성,80,11341
2024,03,202403,경남,남성,90,789
2024,03,202403,경남,여성,10,339
2024,03,202403,경남,여성,20,17580
2024,03,202403,경남,여성,30,62402
2024,03,202403,경남,여성,40,107412
2024,03,202403,경남,여성,50,132855
2024,03,202403,경남,여성,60,84363
2024,03,202403,경남,여성,70,15468
2024,03,202403,경남,여성,80,2480
2024,03,202403,경남,여성,90,510
2024,03,202403,제주,남성,10,214
2024,03,202403,제주,남성,20,7075
2024,03,202403,제주,남성,30,29263
2024,03,202403,제주,남성,40,60062
2024,03,202403,제주,남성,50,71685
2024,03,202403,제주,남성,60,51536
2024,03,202403,제주,남성,70,16910
2024,03,202403,제주,남성,80,3311
2024,03,202403,제주,남성,90,209
2024,03,202403,제주,여성,10,68
2024,03,202403,제주,여성,20,4819
2024,03,202403,제주,여성,30,16953
2024,03,202403,제주,여성,40,28660
2024,03,202403,제주,여성,50,34460
2024,03,202403,제주,여성,60,21583
2024,03,202403,제주,여성,70,4688
2024,03,202403,제주,여성,80,741
2024,03,202403,제주,여성,90,142
2024,04,202404,서울,남성,10,2161
2024,04,202404,서울,남성,20,51898
2024,04,202404,서울,남성,30,311294
2024,04,202404,서울,남성,40,497742
2024,04,202404,서울,남성,50,535443
2024,04,202404,서울,남성,60,428095
2024,04,202404,서울,남성,70,154816
2024,04,202404,서울,남성,80,27778
2024,04,202404,서울,남성,90,2534
2024,04,202404,서울,여성,10,1205
2024,04,202404,서울,여성,20,26545
2024,04,202404,서울,여성,30,125581
2024,04,202404,서울,여성,40,187648
2024,04,202404,서울,여성,50,202033
2024,04,202404,서울,여성,60,135013
2024,04,202404,서울,여성,70,37202
2024,04,202404,서울,여성,80,6964
2024,04,202404,서울,여성,90,1267
2024,04,202404,부산,남성,10,563
2024,04,202404,부산,남성,20,26361
2024,04,202404,부산,남성,30,123948
2024,04,202404,부산,남성,40,212098
2024,04,202404,부산,남성,50,227353
2024,04,202404,부산,남성,60,201161
2024,04,202404,부산,남성,70,65417
2024,04,202404,부산,남성,80,9191
2024,04,202404,부산,남성,90,902
2024,04,202404,부산,여성,10,301
2024,04,202404,부산,여성,20,12397
2024,04,202404,부산,여성,30,49432
2024,04,202404,부산,여성,40,79688
2024,04,202404,부산,여성,50,92350
2024,04,202404,부산,여성,60,62663
2024,04,202404,부산,여성,70,13541
2024,04,202404,부산,여성,80,2174
2024,04,202404,부산,여성,90,414
2024,04,202404,대구,남성,10,210
2024,04,202404,대구,남성,20,23969
2024,04,202404,대구,남성,30,109030
2024,04,202404,대구,남성,40,190356
2024,04,202404,대구,남성,50,231447
2024,04,202404,대구,남성,60,177395
2024,04,202404,대구,남성,70,56156
2024,04,202404,대구,남성,80,8689
2024,04,202404,대구,남성,90,671
2024,04,202404,대구,여성,10,118
2024,04,202404,대구,여성,20,12632
2024,04,202404,대구,여성,30,44505
2024,04,202404,대구,여성,40,73395
2024,04,202404,대구,여성,50,94610
2024,04,202404,대구,여성,60,57989
2024,04,202404,대구,여성,70,12455
2024,04,202404,대구,여성,80,1830
2024,04,202404,대구,여성,90,348
2024,04,202404,인천,남성,10,481
2024,04,202404,인천,남성,20,32145
2024,04,202404,인천,남성,30,145820
2024,04,202404,인천,남성,40,226693
2024,04,202404,인천,남성,50,240940
2024,04,202404,인천,남성,60,184037
2024,04,202404,인천,남성,70,46033
2024,04,202404,인천,남성,80,6079
2024,04,202404,인천,남성,90,472
2024,04,202404,인천,여성,10,2144
2024,04,202404,인천,여성,20,15786
2024,04,202404,인천,여성,30,59735
2024,04,202404,인천,여성,40,86530
2024,04,202404,인천,여성,50,97761
2024,04,202404,인천,여성,60,59264
2024,04,202404,인천,여성,70,10085
2024,04,202404,인천,여성,80,1693
2024,04,202404,인천,여성,90,326
2024,04,202404,광주,남성,10,163
2024,04,202404,광주,남성,20,18977
2024,04,202404,광주,남성,30,66609
2024,04,202404,광주,남성,40,117292
2024,04,202404,광주,남성,50,133352
2024,04,202404,광주,남성,60,87315
2024,04,202404,광주,남성,70,25912
2024,04,202404,광주,남성,80,3846
2024,04,202404,광주,남성,90,273
2024,04,202404,광주,여성,10,93
2024,04,202404,광주,여성,20,11751
2024,04,202404,광주,여성,30,34351
2024,04,202404,광주,여성,40,51636
2024,04,202404,광주,여성,50,58103
2024,04,202404,광주,여성,60,30818
2024,04,202404,광주,여성,70,6142
2024,04,202404,광주,여성,80,962
2024,04,202404,광주,여성,90,212
2024,04,202404,대전,남성,10,270
2024,04,202404,대전,남성,20,18476
2024,04,202404,대전,남성,30,70907
2024,04,202404,대전,남성,40,111576
2024,04,202404,대전,남성,50,132767
2024,04,202404,대전,남성,60,96912
2024,04,202404,대전,남성,70,27740
2024,04,202404,대전,남성,80,4208
2024,04,202404,대전,남성,90,276
2024,04,202404,대전,여성,10,147
2024,04,202404,대전,여성,20,10150
2024,04,202404,대전,여성,30,31592
2024,04,202404,대전,여성,40,46938
2024,04,202404,대전,여성,50,54552
2024,04,202404,대전,여성,60,32330
2024,04,202404,대전,여성,70,6097
2024,04,202404,대전,여성,80,1049
2024,04,202404,대전,여성,90,216
2024,04,202404,울산,남성,10,207
2024,04,202404,울산,남성,20,13991
2024,04,202404,울산,남성,30,55965
2024,04,202404,울산,남성,40,99890
2024,04,202404,울산,남성,50,126662
2024,04,202404,울산,남성,60,100437
2024,04,202404,울산,남성,70,24337
2024,04,202404,울산,남성,80,2668
2024,04,202404,울산,남성,90,181
2024,04,202404,울산,여성,10,81
2024,04,202404,울산,여성,20,6111
2024,04,202404,울산,여성,30,20943
2024,04,202404,울산,여성,40,32997
2024,04,202404,울산,여성,50,39404
2024,04,202404,울산,여성,60,23412
2024,04,202404,울산,여성,70,4159
2024,04,202404,울산,여성,80,561
2024,04,202404,울산,여성,90,129
2024,04,202404,세종,남성,10,79
2024,04,202404,세종,남성,20,3505
2024,04,202404,세종,남성,30,24549
2024,04,202404,세종,남성,40,44689
2024,04,202404,세종,남성,50,35451
2024,04,202404,세종,남성,60,21077
2024,04,202404,세종,남성,70,5508
2024,04,202404,세종,남성,80,751
2024,04,202404,세종,남성,90,49
2024,04,202404,세종,여성,10,34
2024,04,202404,세종,여성,20,2422
2024,04,202404,세종,여성,30,12391
2024,04,202404,세종,여성,40,17541
2024,04,202404,세종,여성,50,12773
2024,04,202404,세종,여성,60,6876
2024,04,202404,세종,여성,70,1178
2024,04,202404,세종,여성,80,195
2024,04,202404,세종,여성,90,31
2024,04,202404,경기,남성,10,2604
2024,04,202404,경기,남성,20,148426
2024,04,202404,경기,남성,30,689726
2024,04,202404,경기,남성,40,1130018
2024,04,202404,경기,남성,50,1195478
2024,04,202404,경기,남성,60,837716
2024,04,202404,경기,남성,70,226319
2024,04,202404,경기,남성,80,38330
2024,04,202404,경기,남성,90,2778
2024,04,202404,경기,여성,10,1334
2024,04,202404,경기,여성,20,72299
2024,04,202404,경기,여성,30,277461
2024,04,202404,경기,여성,40,419276
2024,04,202404,경기,여성,50,480572
2024,04,202404,경기,여성,60,283939
2024,04,202404,경기,여성,70,57389
2024,04,202404,경기,여성,80,9939
2024,04,202404,경기,여성,90,1896
2024,04,202404,강원,남성,10,247
2024,04,202404,강원,남성,20,21092
2024,04,202404,강원,남성,30,68346
2024,04,202404,강원,남성,40,117386
2024,04,202404,강원,남성,50,164442
2024,04,202404,강원,남성,60,150288
2024,04,202404,강원,남성,70,48938
2024,04,202404,강원,남성,80,9410
2024,04,202404,강원,남성,90,467
2024,04,202404,강원,여성,10,135
2024,04,202404,강원,여성,20,10523
2024,04,202404,강원,여성,30,30878
2024,04,202404,강원,여성,40,49807
2024,04,202404,강원,여성,50,67007
2024,04,202404,강원,여성,60,50562
2024,04,202404,강원,여성,70,10567
2024,04,202404,강원,여성,80,1626
2024,04,202404,강원,여성,90,410
2024,04,202404,충북,남성,10,378
2024,04,202404,충북,남성,20,24543
2024,04,202404,충북,남성,30,84265
2024,04,202404,충북,남성,40,134053
2024,04,202404,충북,남성,50,176607
2024,04,202404,충북,남성,60,147986
2024,04,202404,충북,남성,70,44770
2024,04,202404,충북,남성,80,7460
2024,04,202404,충북,남성,90,360
2024,04,202404,충북,여성,10,190
2024,04,202404,충북,여성,20,13007
2024,04,202404,충북,여성,30,35772
2024,04,202404,충북,여성,40,52693
2024,04,202404,충북,여성,50,68285
2024,04,202404,충북,여성,60,44266
2024,04,202404,충북,여성,70,8614
2024,04,202404,충북,여성,80,1408
2024,04,202404,충북,여성,90,217
2024,04,202404,충남,남성,10,371
2024,04,202404,충남,남성,20,31553
2024,04,202404,충남,남성,30,118496
2024,04,202404,충남,남성,40,202976
2024,04,202404,충남,남성,50,236075
2024,04,202404,충남,남성,60,190518
2024,04,202404,충남,남성,70,62096
2024,04,202404,충남,남성,80,10287
2024,04,202404,충남,남성,90,659
2024,04,202404,충남,여성,10,192
2024,04,202404,충남,여성,20,15671
2024,04,202404,충남,여성,30,47753
2024,04,202404,충남,여성,40,70035
2024,04,202404,충남,여성,50,87088
2024,04,202404,충남,여성,60,59166
2024,04,202404,충남,여성,70,11784
2024,04,202404,충남,여성,80,2011
2024,04,202404,충남,여성,90,402
2024,04,202404,전북,남성,10,370
2024,04,202404,전북,남성,20,21125
2024,04,202404,전북,남성,30,70255
2024,04,202404,전북,남성,40,139937
2024,04,202404,전북,남성,50,194994
2024,04,202404,전북,남성,60,160181
2024,04,202404,전북,남성,70,56756
2024,04,202404,전북,남성,80,9311
2024,04,202404,전북,남성,90,770
2024,04,202404,전북,여성,10,176
2024,04,202404,전북,여성,20,12402
2024,04,202404,전북,여성,30,35427
2024,04,202404,전북,여성,40,57053
2024,04,202404,전북,여성,50,75676
2024,04,202404,전북,여성,60,51238
2024,04,202404,전북,여성,70,11208
2024,04,202404,전북,여성,80,2222
2024,04,202404,전북,여성,90,517
2024,04,202404,전남,남성,10,336
2024,04,202404,전남,남성,20,23733
2024,04,202404,전남,남성,30,75009
2024,04,202404,전남,남성,40,145522
2024,04,202404,전남,남성,50,213983
2024,04,202404,전남,남성,60,180378
2024,04,202404,전남,남성,70,62899
2024,04,202404,전남,남성,80,9335
2024,04,202404,전남,남성,90,703
2024,04,202404,전남,여성,10,179
2024,04,202404,전남,여성,20,12362
2024,04,202404,전남,여성,30,34754
2024,04,202404,전남,여성,40,55064
2024,04,202404,전남,여성,50,74635
2024,04,202404,전남,여성,60,51849
2024,04,202404,전남,여성,70,10365
2024,04,202404,전남,여성,80,2227
2024,04,202404,전남,여성,90,448
2024,04,202404,경북,남성,10,256
2024,04,202404,경북,남성,20,31836
2024,04,202404,경북,남성,30,116009
2024,04,202404,경북,남성,40,217601
2024,04,202404,경북,남성,50,307715
2024,04,202404,경북,남성,60,279962
2024,04,202404,경북,남성,70,96730
2024,04,202404,경북,남성,80,15023
2024,04,202404,경북,남성,90,899
2024,04,202404,경북,여성,10,118
2024,04,202404,경북,여성,20,15738
2024,04,202404,경북,여성,30,47616
2024,04,202404,경북,여성,40,80099
2024,04,202404,경북,여성,50,108452
2024,04,202404,경북,여성,60,78736
2024,04,202404,경북,여성,70,16405
2024,04,202404,경북,여성,80,2567
2024,04,202404,경북,여성,90,467
2024,04,202404,경남,남성,10,657
2024,04,202404,경남,남성,20,35741
2024,04,202404,경남,남성,30,148025
2024,04,202404,경남,남성,40,284268
2024,04,202404,경남,남성,50,353993
2024,04,202404,경남,남성,60,288494
2024,04,202404,경남,남성,70,85774
2024,04,202404,경남,남성,80,11415
2024,04,202404,경남,남성,90,798
2024,04,202404,경남,여성,10,341
2024,04,202404,경남,여성,20,17497
2024,04,202404,경남,여성,30,62478
2024,04,202404,경남,여성,40,107117
2024,04,202404,경남,여성,50,133049
2024,04,202404,경남,여성,60,84861
2024,04,202404,경남,여성,70,15611
2024,04,202404,경남,여성,80,2474
2024,04,202404,경남,여성,90,513
2024,04,202404,제주,남성,10,210
2024,04,202404,제주,남성,20,7028
2024,04,202404,제주,남성,30,29247
2024,04,202404,제주,남성,40,59542
2024,04,202404,제주,남성,50,71888
2024,04,202404,제주,남성,60,51601
2024,04,202404,제주,남성,70,16934
2024,04,202404,제주,남성,80,3357
2024,04,202404,제주,남성,90,208
2024,04,202404,제주,여성,10,70
2024,04,202404,제주,여성,20,4803
2024,04,202404,제주,여성,30,16918
2024,04,202404,제주,여성,40,28579
2024,04,202404,제주,여성,50,34554
2024,04,202404,제주,여성,60,21737
2024,04,202404,제주,여성,70,4667
2024,04,202404,제주,여성,80,746
2024,04,202404,제주,여성,90,140
2024,05,202405,서울,남성,10,2146
2024,05,202405,서울,남성,20,51784
2024,05,202405,서울,남성,30,310987
2024,05,202405,서울,남성,40,496468
2024,05,202405,서울,남성,50,535479
2024,05,202405,서울,남성,60,428490
2024,05,202405,서울,남성,70,155820
2024,05,202405,서울,남성,80,27890
2024,05,202405,서울,남성,90,2556
2024,05,202405,서울,여성,10,1173
2024,05,202405,서울,여성,20,26447
2024,05,202405,서울,여성,30,125729
2024,05,202405,서울,여성,40,187270
2024,05,202405,서울,여성,50,202284
2024,05,202405,서울,여성,60,135468
2024,05,202405,서울,여성,70,37427
2024,05,202405,서울,여성,80,6991
2024,05,202405,서울,여성,90,1267
2024,05,202405,부산,남성,10,557
2024,05,202405,부산,남성,20,26297
2024,05,202405,부산,남성,30,123982
2024,05,202405,부산,남성,40,211795
2024,05,202405,부산,남성,50,227313
2024,05,202405,부산,남성,60,201219
2024,05,202405,부산,남성,70,65795
2024,05,202405,부산,남성,80,9248
2024,05,202405,부산,남성,90,909
2024,05,202405,부산,여성,10,282
2024,05,202405,부산,여성,20,12420
2024,05,202405,부산,여성,30,49470
2024,05,202405,부산,여성,40,79506
2024,05,202405,부산,여성,50,92384
2024,05,202405,부산,여성,60,62822
2024,05,202405,부산,여성,70,13707
2024,05,202405,부산,여성,80,2169
2024,05,202405,부산,여성,90,412
2024,05,202405,대구,남성,10,214
2024,05,202405,대구,남성,20,23912
2024,05,202405,대구,남성,30,109083
2024,05,202405,대구,남성,40,189965
2024,05,202405,대구,남성,50,231139
2024,05,202405,대구,남성,60,177953
2024,05,202405,대구,남성,70,56451
2024,05,202405,대구,남성,80,8742
2024,05,202405,대구,남성,90,676
2024,05,202405,대구,여성,10,115
2024,05,202405,대구,여성,20,12570
2024,05,202405,대구,여성,30,44635
2024,05,202405,대구,여성,40,73245
2024,05,202405,대구,여성,50,94643
2024,05,202405,대구,여성,60,58230
2024,05,202405,대구,여성,70,12570
2024,05,202405,대구,여성,80,1827
2024,05,202405,대구,여성,90,347
2024,05,202405,인천,남성,10,494
2024,05,202405,인천,남성,20,32052
2024,05,202405,인천,남성,30,146082
2024,05,202405,인천,남성,40,226377
2024,05,202405,인천,남성,50,241083
2024,05,202405,인천,남성,60,184651
2024,05,202405,인천,남성,70,46495
2024,05,202405,인천,남성,80,6107
2024,05,202405,인천,남성,90,473
2024,05,202405,인천,여성,10,2111
2024,05,202405,인천,여성,20,15731
2024,05,202405,인천,여성,30,59944
2024,05,202405,인천,여성,40,86480
2024,05,202405,인천,여성,50,97981
2024,05,202405,인천,여성,60,59693
2024,05,202405,인천,여성,70,10224
2024,05,202405,인천,여성,80,1686
2024,05,202405,인천,여성,90,326
2024,05,202405,광주,남성,10,161
2024,05,202405,광주,남성,20,18924
2024,05,202405,광주,남성,30,66663
2024,05,202405,광주,남성,40,116832
2024,05,202405,광주,남성,50,133242
2024,05,202405,광주,남성,60,87654
2024,05,202405,광주,남성,70,26124
2024,05,202405,광주,남성,80,3859
2024,05,202405,광주,남성,90,271
2024,05,202405,광주,여성,10,94
2024,05,202405,광주,여성,20,11718
2024,05,202405,광주,여성,30,34411
2024,05,202405,광주,여성,40,51467
2024,05,202405,광주,여성,50,58271
2024,05,202405,광주,여성,60,31055
2024,05,202405,광주,여성,70,6217
2024,05,202405,광주,여성,80,964
2024,05,202405,광주,여성,90,210
2024,05,202405,대전,남성,10,266
2024,05,202405,대전,남성,20,18406
2024,05,202405,대전,남성,30,71014
2024,05,202405,대전,남성,40,111372
2024,05,202405,대전,남성,50,132770
2024,05,202405,대전,남성,60,97071
2024,05,202405,대전,남성,70,27968
2024,05,202405,대전,남성,80,4238
2024,05,202405,대전,남성,90,277
2024,05,202405,대전,여성,10,145
2024,05,202405,대전,여성,20,10121
2024,05,202405,대전,여성,30,31741
2024,05,202405,대전,여성,40,46812
2024,05,202405,대전,여성,50,54565
2024,05,202405,대전,여성,60,32576
2024,05,202405,대전,여성,70,6159
2024,05,202405,대전,여성,80,1044
2024,05,202405,대전,여성,90,211
2024,05,202405,울산,남성,10,210
2024,05,202405,울산,남성,20,14035
2024,05,202405,울산,남성,30,55934
2024,05,202405,울산,남성,40,99883
2024,05,202405,울산,남성,50,126333
2024,05,202405,울산,남성,60,100861
2024,05,202405,울산,남성,70,24620
2024,05,202405,울산,남성,80,2677
2024,05,202405,울산,남성,90,181
2024,05,202405,울산,여성,10,81
2024,05,202405,울산,여성,20,6130
2024,05,202405,울산,여성,30,21000
2024,05,202405,울산,여성,40,32939
2024,05,202405,울산,여성,50,39438
2024,05,202405,울산,여성,60,23561
2024,05,202405,울산,여성,70,4205
2024,05,202405,울산,여성,80,565
2024,05,202405,울산,여성,90,126
2024,05,202405,세종,남성,10,78
2024,05,202405,세종,남성,20,3484
2024,05,202405,세종,남성,30,24544
2024,05,202405,세종,남성,40,44484
2024,05,202405,세종,남성,50,35584
2024,05,202405,세종,남성,60,21113
2024,05,202405,세종,남성,70,5559
2024,05,202405,세종,남성,80,764
2024,05,202405,세종,남성,90,52
2024,05,202405,세종,여성,10,33
2024,05,202405,세종,여성,20,2409
2024,05,202405,세종,여성,30,12405
2024,05,202405,세종,여성,40,17569
2024,05,202405,세종,여성,50,12791
2024,05,202405,세종,여성,60,6916
2024,05,202405,세종,여성,70,1185
2024,05,202405,세종,여성,80,198
2024,05,202405,세종,여성,90,31
2024,05,202405,경기,남성,10,2623
2024,05,202405,경기,남성,20,148140
2024,05,202405,경기,남성,30,690604
2024,05,202405,경기,남성,40,1128371
2024,05,202405,경기,남성,50,1196050
2024,05,202405,경기,남성,60,840641
2024,05,202405,경기,남성,70,228144
2024,05,202405,경기,남성,80,38528
2024,05,202405,경기,남성,90,2787
2024,05,202405,경기,여성,10,1342
2024,05,202405,경기,여성,20,72149
2024,05,202405,경기,여성,30,278271
2024,05,202405,경기,여성,40,418951
2024,05,202405,경기,여성,50,481540
2024,05,202405,경기,여성,60,285570
2024,05,202405,경기,여성,70,57957
2024,05,202405,경기,여성,80,9949
2024,05,202405,경기,여성,90,1899
2024,05,202405,강원,남성,10,247
2024,05,202405,강원,남성,20,21087
2024,05,202405,강원,남성,30,68433
2024,05,202405,강원,남성,40,116875
2024,05,202405,강원,남성,50,164443
2024,05,202405,강원,남성,60,150613
2024,05,202405,강원,남성,70,49233
2024,05,202405,강원,남성,80,9459
2024,05,202405,강원,남성,90,460
2024,05,202405,강원,여성,10,131
2024,05,202405,강원,여성,20,10557
2024,05,202405,강원,여성,30,30936
2024,05,202405,강원,여성,40,49536
2024,05,202405,강원,여성,50,67208
2024,05,202405,강원,여성,60,50737
2024,05,202405,강원,여성,70,10680
2024,05,202405,강원,여성,80,1638
2024,05,202405,강원,여성,90,402
2024,05,202405,충북,남성,10,374
2024,05,202405,충북,남성,20,24632
2024,05,202405,충북,남성,30,84312
2024,05,202405,충북,남성,40,133646
2024,05,202405,충북,남성,50,176358
2024,05,202405,충북,남성,60,148231
2024,05,202405,충북,남성,70,45074
2024,05,202405,충북,남성,80,7521
2024,05,202405,충북,남성,90,362
2024,05,202405,충북,여성,10,189
2024,05,202405,충북,여성,20,13012
2024,05,202405,충북,여성,30,35902
2024,05,202405,충북,여성,40,52625
2024,05,202405,충북,여성,50,68239
2024,05,202405,충북,여성,60,44481
2024,05,202405,충북,여성,70,8775
2024,05,202405,충북,여성,80,1415
2024,05,202405,충북,여성,90,212
2024,05,202405,충남,남성,10,370
2024,05,202405,충남,남성,20,31686
2024,05,202405,충남,남성,30,118713
2024,05,202405,충남,남성,40,202473
2024,05,202405,충남,남성,50,236211
2024,05,202405,충남,남성,60,190900
2024,05,202405,충남,남성,70,62733
2024,05,202405,충남,남성,80,10376
2024,05,202405,충남,남성,90,665
2024,05,202405,충남,여성,10,194
2024,05,202405,충남,여성,20,15738
2024,05,202405,충남,여성,30,47844
2024,05,202405,충남,여성,40,69975
2024,05,202405,충남,여성,50,87247
2024,05,202405,충남,여성,60,59501
2024,05,202405,충남,여성,70,11948
2024,05,202405,충남,여성,80,2015
2024,05,202405,충남,여성,90,399
2024,05,202405,전북,남성,10,375
2024,05,202405,전북,남성,20,21152
2024,05,202405,전북,남성,30,70302
2024,05,202405,전북,남성,40,139284
2024,05,202405,전북,남성,50,194976
2024,05,202405,전북,남성,60,160526
2024,05,202405,전북,남성,70,57252
2024,05,202405,전북,남성,80,9366
2024,05,202405,전북,남성,90,766
2024,05,202405,전북,여성,10,177
2024,05,202405,전북,여성,20,12360
2024,05,202405,전북,여성,30,35540
2024,05,202405,전북,여성,40,56872
2024,05,202405,전북,여성,50,75906
2024,05,202405,전북,여성,60,51531
2024,05,202405,전북,여성,70,11278
2024,05,202405,전북,여성,80,2219
2024,05,202405,전북,여성,90,518
2024,05,202405,전남,남성,10,330
2024,05,202405,전남,남성,20,23725
2024,05,202405,전남,남성,30,75105
2024,05,202405,전남,남성,40,145121
2024,05,202405,전남,남성,50,213859
2024,05,202405,전남,남성,60,180739
2024,05,202405,전남,남성,70,63376
2024,05,202405,전남,남성,80,9409
2024,05,202405,전남,남성,90,703
2024,05,202405,전남,여성,10,178
2024,05,202405,전남,여성,20,12414
2024,05,202405,전남,여성,30,34812
2024,05,202405,전남,여성,40,54919
2024,05,202405,전남,여성,50,74633
2024,05,202405,전남,여성,60,52135
2024,05,202405,전남,여성,70,10498
2024,05,202405,전남,여성,80,2205
2024,05,202405,전남,여성,90,445
2024,05,202405,경북,남성,10,265
2024,05,202405,경북,남성,20,31872
2024,05,202405,경북,남성,30,115934
2024,05,202405,경북,남성,40,216819
2024,05,202405,경북,남성,50,307208
2024,05,202405,경북,남성,60,280616
2024,05,202405,경북,남성,70,97519
2024,05,202405,경북,남성,80,15086
2024,05,202405,경북,남성,90,901
2024,05,202405,경북,여성,10,119
2024,05,202405,경북,여성,20,15673
2024,05,202405,경북,여성,30,47729
2024,05,202405,경북,여성,40,79856
2024,05,202405,경북,여성,50,108657
2024,05,202405,경북,여성,60,79139
2024,05,202405,경북,여성,70,16575
2024,05,202405,경북,여성,80,2571
2024,05,202405,경북,여성,90,464
2024,05,202405,경남,남성,10,669
2024,05,202405,경남,남성,20,35746
2024,05,202405,경남,남성,30,148096
2024,05,202405,경남,남성,40,283443
2024,05,202405,경남,남성,50,353955
2024,05,202405,경남,남성,60,289220
2024,05,202405,경남,남성,70,86385
2024,05,202405,경남,남성,80,11491
2024,05,202405,경남,남성,90,808
2024,05,202405,경남,여성,10,359
2024,05,202405,경남,여성,20,17458
2024,05,202405,경남,여성,30,62525
2024,05,202405,경남,여성,40,107079
2024,05,202405,경남,여성,50,133177
2024,05,202405,경남,여성,60,85373
2024,05,202405,경남,여성,70,15715
2024,05,202405,경남,여성,80,2481
2024,05,202405,경남,여성,90,507
2024,05,202405,제주,남성,10,203
2024,05,202405,제주,남성,20,7030
2024,05,202405,제주,남성,30,29259
2024,05,202405,제주,남성,40,59285
2024,05,202405,제주,남성,50,71788
2024,05,202405,제주,남성,60,51619
2024,05,202405,제주,남성,70,17070
2024,05,202405,제주,남성,80,3366
2024,05,202405,제주,남성,90,209
2024,05,202405,제주,여성,10,69
2024,05,202405,제주,여성,20,4757
2024,05,202405,제주,여성,30,16973
2024,05,202405,제주,여성,40,28449
2024,05,202405,제주,여성,50,34570
2024,05,202405,제주,여성,60,21823
2024,05,202405,제주,여성,70,4726
2024,05,202405,제주,여성,80,745
2024,05,202405,제주,여성,90,137
2024,06,202406,서울,남성,10,2130
2024,06,202406,서울,남성,20,51496
2024,06,202406,서울,남성,30,310304
2024,06,202406,서울,남성,40,495274
2024,06,202406,서울,남성,50,535906
2024,06,202406,서울,남성,60,428292
2024,06,202406,서울,남성,70,156859
2024,06,202406,서울,남성,80,27983
2024,06,202406,서울,남성,90,2566
2024,06,202406,서울,여성,10,1160
2024,06,202406,서울,여성,20,26326
2024,06,202406,서울,여성,30,125733
2024,06,202406,서울,여성,40,186923
2024,06,202406,서울,여성,50,202510
2024,06,202406,서울,여성,60,135688
2024,06,202406,서울,여성,70,37740
2024,06,202406,서울,여성,80,6985
2024,06,202406,서울,여성,90,1267
2024,06,202406,부산,남성,10,555
2024,06,202406,부산,남성,20,26235
2024,06,202406,부산,남성,30,123912
2024,06,202406,부산,남성,40,211372
2024,06,202406,부산,남성,50,227507
2024,06,202406,부산,남성,60,201253
2024,06,202406,부산,남성,70,66252
2024,06,202406,부산,남성,80,9303
2024,06,202406,부산,남성,90,916
2024,06,202406,부산,여성,10,280
2024,06,202406,부산,여성,20,12357
2024,06,202406,부산,여성,30,49516
2024,06,202406,부산,여성,40,79443
2024,06,202406,부산,여성,50,92549
2024,06,202406,부산,여성,60,62966
2024,06,202406,부산,여성,70,13821
2024,06,202406,부산,여성,80,2184
2024,06,202406,부산,여성,90,408
2024,06,202406,대구,남성,10,221
2024,06,202406,대구,남성,20,23827
2024,06,202406,대구,남성,30,109283
2024,06,202406,대구,남성,40,190165
2024,06,202406,대구,남성,50,231244
2024,06,202406,대구,남성,60,178203
2024,06,202406,대구,남성,70,56846
2024,06,202406,대구,남성,80,8771
2024,06,202406,대구,남성,90,677
2024,06,202406,대구,여성,10,116
2024,06,202406,대구,여성,20,12512
2024,06,202406,대구,여성,30,44790
2024,06,202406,대구,여성,40,73209
2024,06,202406,대구,여성,50,94628
2024,06,202406,대구,여성,60,58539
2024,06,202406,대구,여성,70,12657
2024,06,202406,대구,여성,80,1827
2024,06,202406,대구,여성,90,347
2024,06,202406,인천,남성,10,489
2024,06,202406,인천,남성,20,31849
2024,06,202406,인천,남성,30,146412
2024,06,202406,인천,남성,40,226366
2024,06,202406,인천,남성,50,241489
2024,06,202406,인천,남성,60,185280
2024,06,202406,인천,남성,70,46952
2024,06,202406,인천,남성,80,6127
2024,06,202406,인천,남성,90,476
2024,06,202406,인천,여성,10,2075
2024,06,202406,인천,여성,20,15717
2024,06,202406,인천,여성,30,60056
2024,06,202406,인천,여성,40,86489
2024,06,202406,인천,여성,50,98218
2024,06,202406,인천,여성,60,60032
2024,06,202406,인천,여성,70,10336
2024,06,202406,인천,여성,80,1666
2024,06,202406,인천,여성,90,327
2024,06,202406,광주,남성,10,158
2024,06,202406,광주,남성,20,18911
2024,06,202406,광주,남성,30,66749
2024,06,202406,광주,남성,40,116517
2024,06,202406,광주,남성,50,133303
2024,06,202406,광주,남성,60,87865
2024,06,202406,광주,남성,70,26317
2024,06,202406,광주,남성,80,3893
2024,06,202406,광주,남성,90,274
2024,06,202406,광주,여성,10,94
2024,06,202406,광주,여성,20,11687
2024,06,202406,광주,여성,30,34431
2024,06,202406,광주,여성,40,51384
2024,06,202406,광주,여성,50,58320
2024,06,202406,광주,여성,60,31245
2024,06,202406,광주,여성,70,6293
2024,06,202406,광주,여성,80,957
2024,06,202406,광주,여성,90,212
2024,06,202406,대전,남성,10,265
2024,06,202406,대전,남성,20,18338
2024,06,202406,대전,남성,30,71026
2024,06,202406,대전,남성,40,111076
2024,06,202406,대전,남성,50,132894
2024,06,202406,대전,남성,60,97222
2024,06,202406,대전,남성,70,28235
2024,06,202406,대전,남성,80,4211
2024,06,202406,대전,남성,90,281
2024,06,202406,대전,여성,10,145
2024,06,202406,대전,여성,20,10097
2024,06,202406,대전,여성,30,31846
2024,06,202406,대전,여성,40,46794
2024,06,202406,대전,여성,50,54641
2024,06,202406,대전,여성,60,32702
2024,06,202406,대전,여성,70,6247
2024,06,202406,대전,여성,80,1034
2024,06,202406,대전,여성,90,208
2024,06,202406,울산,남성,10,208
2024,06,202406,울산,남성,20,14070
2024,06,202406,울산,남성,30,55948
2024,06,202406,울산,남성,40,99714
2024,06,202406,울산,남성,50,126219
2024,06,202406,울산,남성,60,101196
2024,06,202406,울산,남성,70,24781
2024,06,202406,울산,남성,80,2686
2024,06,202406,울산,남성,90,182
2024,06,202406,울산,여성,10,81
2024,06,202406,울산,여성,20,6118
2024,06,202406,울산,여성,30,21085
2024,06,202406,울산,여성,40,32956
2024,06,202406,울산,여성,50,39527
2024,06,202406,울산,여성,60,23659
2024,06,202406,울산,여성,70,4272
2024,06,202406,울산,여성,80,564
2024,06,202406,울산,여성,90,129
2024,06,202406,세종,남성,10,78
2024,06,202406,세종,남성,20,3462
2024,06,202406,세종,남성,30,24540
2024,06,202406,세종,남성,40,44449
2024,06,202406,세종,남성,50,35650
2024,06,202406,세종,남성,60,21128
2024,06,202406,세종,남성,70,5606
2024,06,202406,세종,남성,80,764
2024,06,202406,세종,남성,90,51
2024,06,202406,세종,여성,10,33
2024,06,202406,세종,여성,20,2393
2024,06,202406,세종,여성,30,12410
2024,06,202406,세종,여성,40,17578
2024,06,202406,세종,여성,50,12834
2024,06,202406,세종,여성,60,6934
2024,06,202406,세종,여성,70,1201
2024,06,202406,세종,여성,80,198
2024,06,202406,세종,여성,90,32
2024,06,202406,경기,남성,10,2621
2024,06,202406,경기,남성,20,148042
2024,06,202406,경기,남성,30,691129
2024,06,202406,경기,남성,40,1127610
2024,06,202406,경기,남성,50,1197967
2024,06,202406,경기,남성,60,843030
2024,06,202406,경기,남성,70,230162
2024,06,202406,경기,남성,80,38705
2024,06,202406,경기,남성,90,2799
2024,06,202406,경기,여성,10,1335
2024,06,202406,경기,여성,20,72065
2024,06,202406,경기,여성,30,278860
2024,06,202406,경기,여성,40,418927
2024,06,202406,경기,여성,50,482609
2024,06,202406,경기,여성,60,286986
2024,06,202406,경기,여성,70,58598
2024,06,202406,경기,여성,80,10009
2024,06,202406,경기,여성,90,1900
2024,06,202406,강원,남성,10,247
2024,06,202406,강원,남성,20,21047
2024,06,202406,강원,남성,30,68455
2024,06,202406,강원,남성,40,116539
2024,06,202406,강원,남성,50,164392
2024,06,202406,강원,남성,60,150864
2024,06,202406,강원,남성,70,49790
2024,06,202406,강원,남성,80,9486
2024,06,202406,강원,남성,90,461
2024,06,202406,강원,여성,10,130
2024,06,202406,강원,여성,20,10522
2024,06,202406,강원,여성,30,31080
2024,06,202406,강원,여성,40,49514
2024,06,202406,강원,여성,50,67349
2024,06,202406,강원,여성,60,50887
2024,06,202406,강원,여성,70,10803
2024,06,202406,강원,여성,80,1641
2024,06,202406,강원,여성,90,403
2024,06,202406,충북,남성,10,366
2024,06,202406,충북,남성,20,24575
2024,06,202406,충북,남성,30,84443
2024,06,202406,충북,남성,40,133658
2024,06,202406,충북,남성,50,176698
2024,06,202406,충북,남성,60,148242
2024,06,202406,충북,남성,70,45430
2024,06,202406,충북,남성,80,7550
2024,06,202406,충북,남성,90,366
2024,06,202406,충북,여성,10,182
2024,06,202406,충북,여성,20,13014
2024,06,202406,충북,여성,30,35993
2024,06,202406,충북,여성,40,52702
2024,06,202406,충북,여성,50,68555
2024,06,202406,충북,여성,60,44577
2024,06,202406,충북,여성,70,8875
2024,06,202406,충북,여성,80,1405
2024,06,202406,충북,여성,90,213
2024,06,202406,충남,남성,10,383
2024,06,202406,충남,남성,20,31618
2024,06,202406,충남,남성,30,118682
2024,06,202406,충남,남성,40,202376
2024,06,202406,충남,남성,50,236548
2024,06,202406,충남,남성,60,191169
2024,06,202406,충남,남성,70,63388
2024,06,202406,충남,남성,80,10378
2024,06,202406,충남,남성,90,665
2024,06,202406,충남,여성,10,196
2024,06,202406,충남,여성,20,15737
2024,06,202406,충남,여성,30,47987
2024,06,202406,충남,여성,40,70097
2024,06,202406,충남,여성,50,87418
2024,06,202406,충남,여성,60,59785
2024,06,202406,충남,여성,70,12081
2024,06,202406,충남,여성,80,2026
2024,06,202406,충남,여성,90,389
2024,06,202406,전북,남성,10,367
2024,06,202406,전북,남성,20,21206
2024,06,202406,전북,남성,30,70193
2024,06,202406,전북,남성,40,138896
2024,06,202406,전북,남성,50,195698
2024,06,202406,전북,남성,60,160470
2024,06,202406,전북,남성,70,57805
2024,06,202406,전북,남성,80,9418
2024,06,202406,전북,남성,90,762
2024,06,202406,전북,여성,10,175
2024,06,202406,전북,여성,20,12355
2024,06,202406,전북,여성,30,35548
2024,06,202406,전북,여성,40,56776
2024,06,202406,전북,여성,50,76068
2024,06,202406,전북,여성,60,51671
2024,06,202406,전북,여성,70,11409
2024,06,202406,전북,여성,80,2214
2024,06,202406,전북,여성,90,518
2024,06,202406,전남,남성,10,329
2024,06,202406,전남,남성,20,23742
2024,06,202406,전남,남성,30,75098
2024,06,202406,전남,남성,40,144778
2024,06,202406,전남,남성,50,213749
2024,06,202406,전남,남성,60,181241
2024,06,202406,전남,남성,70,63850
2024,06,202406,전남,남성,80,9482
2024,06,202406,전남,남성,90,708
2024,06,202406,전남,여성,10,178
2024,06,202406,전남,여성,20,12452
2024,06,202406,전남,여성,30,34930
2024,06,202406,전남,여성,40,54901
2024,06,202406,전남,여성,50,74808
2024,06,202406,전남,여성,60,52369
2024,06,202406,전남,여성,70,10616
2024,06,202406,전남,여성,80,2207
2024,06,202406,전남,여성,90,436
2024,06,202406,경북,남성,10,271
2024,06,202406,경북,남성,20,31856
2024,06,202406,경북,남성,30,115855
2024,06,202406,경북,남성,40,216511
2024,06,202406,경북,남성,50,307302
2024,06,202406,경북,남성,60,280997
2024,06,202406,경북,남성,70,98295
2024,06,202406,경북,남성,80,15145
2024,06,202406,경북,남성,90,898
2024,06,202406,경북,여성,10,120
2024,06,202406,경북,여성,20,15619
2024,06,202406,경북,여성,30,47891
2024,06,202406,경북,여성,40,79841
2024,06,202406,경북,여성,50,108910
2024,06,202406,경북,여성,60,79352
2024,06,202406,경북,여성,70,16777
2024,06,202406,경북,여성,80,2554
2024,06,202406,경북,여성,90,463
2024,06,202406,경남,남성,10,660
2024,06,202406,경남,남성,20,35709
2024,06,202406,경남,남성,30,148294
2024,06,202406,경남,남성,40,283057
2024,06,202406,경남,남성,50,354404
2024,06,202406,경남,남성,60,289553
2024,06,202406,경남,남성,70,87031
2024,06,202406,경남,남성,80,11587
2024,06,202406,경남,남성,90,812
2024,06,202406,경남,여성,10,361
2024,06,202406,경남,여성,20,17476
2024,06,202406,경남,여성,30,62668
2024,06,202406,경남,여성,40,107074
2024,06,202406,경남,여성,50,133414
2024,06,202406,경남,여성,60,85655
2024,06,202406,경남,여성,70,15893
2024,06,202406,경남,여성,80,2473
2024,06,202406,경남,여성,90,500
2024,06,202406,제주,남성,10,206
2024,06,202406,제주,남성,20,7051
2024,06,202406,제주,남성,30,29152
2024,06,202406,제주,남성,40,59170
2024,06,202406,제주,남성,50,71685
2024,06,202406,제주,남성,60,51705
2024,06,202406,제주,남성,70,17194
2024,06,202406,제주,남성,80,3407
2024,06,202406,제주,남성,90,217
2024,06,202406,제주,여성,10,68
2024,06,202406,제주,여성,20,4716
2024,06,202406,제주,여성,30,16981
2024,06,202406,제주,여성,40,28347
2024,06,202406,제주,여성,50,34663
2024,06,202406,제주,여성,60,21940
2024,06,202406,제주,여성,70,4785
2024,06,202406,제주,여성,80,741
2024,06,202406,제주,여성,90,134
2024,07,202407,서울,남성,10,2136
2024,07,202407,서울,남성,20,51515
2024,07,202407,서울,남성,30,309635
2024,07,202407,서울,남성,40,494264
2024,07,202407,서울,남성,50,535352
2024,07,202407,서울,남성,60,428210
2024,07,202407,서울,남성,70,157594
2024,07,202407,서울,남성,80,28080
2024,07,202407,서울,남성,90,2561
2024,07,202407,서울,여성,10,1196
2024,07,202407,서울,여성,20,26247
2024,07,202407,서울,여성,30,125722
2024,07,202407,서울,여성,40,186566
2024,07,202407,서울,여성,50,202548
2024,07,202407,서울,여성,60,135963
2024,07,202407,서울,여성,70,37988
2024,07,202407,서울,여성,80,6979
2024,07,202407,서울,여성,90,1267
2024,07,202407,부산,남성,10,559
2024,07,202407,부산,남성,20,26236
2024,07,202407,부산,남성,30,123828
2024,07,202407,부산,남성,40,211029
2024,07,202407,부산,남성,50,227499
2024,07,202407,부산,남성,60,201472
2024,07,202407,부산,남성,70,66693
2024,07,202407,부산,남성,80,9335
2024,07,202407,부산,남성,90,915
2024,07,202407,부산,여성,10,284
2024,07,202407,부산,여성,20,12310
2024,07,202407,부산,여성,30,49478
2024,07,202407,부산,여성,40,79376
2024,07,202407,부산,여성,50,92598
2024,07,202407,부산,여성,60,63219
2024,07,202407,부산,여성,70,13923
2024,07,202407,부산,여성,80,2198
2024,07,202407,부산,여성,90,407
2024,07,202407,대구,남성,10,229
2024,07,202407,대구,남성,20,23779
2024,07,202407,대구,남성,30,109381
2024,07,202407,대구,남성,40,189486
2024,07,202407,대구,남성,50,231270
2024,07,202407,대구,남성,60,178464
2024,07,202407,대구,남성,70,57155
2024,07,202407,대구,남성,80,8801
2024,07,202407,대구,남성,90,684
2024,07,202407,대구,여성,10,117
2024,07,202407,대구,여성,20,12531
2024,07,202407,대구,여성,30,44959
2024,07,202407,대구,여성,40,73060
2024,07,202407,대구,여성,50,94737
2024,07,202407,대구,여성,60,58810
2024,07,202407,대구,여성,70,12752
2024,07,202407,대구,여성,80,1820
2024,07,202407,대구,여성,90,349
2024,07,202407,인천,남성,10,487
2024,07,202407,인천,남성,20,31827
2024,07,202407,인천,남성,30,146611
2024,07,202407,인천,남성,40,226636
2024,07,202407,인천,남성,50,241694
2024,07,202407,인천,남성,60,185985
2024,07,202407,인천,남성,70,47292
2024,07,202407,인천,남성,80,6173
2024,07,202407,인천,남성,90,476
2024,07,202407,인천,여성,10,2026
2024,07,202407,인천,여성,20,15652
2024,07,202407,인천,여성,30,60361
2024,07,202407,인천,여성,40,86598
2024,07,202407,인천,여성,50,98259
2024,07,202407,인천,여성,60,60368
2024,07,202407,인천,여성,70,10503
2024,07,202407,인천,여성,80,1662
2024,07,202407,인천,여성,90,327
2024,07,202407,광주,남성,10,163
2024,07,202407,광주,남성,20,18846
2024,07,202407,광주,남성,30,66775
2024,07,202407,광주,남성,40,116301
2024,07,202407,광주,남성,50,133379
2024,07,202407,광주,남성,60,88148
2024,07,202407,광주,남성,70,26483
2024,07,202407,광주,남성,80,3922
2024,07,202407,광주,남성,90,278
2024,07,202407,광주,여성,10,99
2024,07,202407,광주,여성,20,11708
2024,07,202407,광주,여성,30,34514
2024,07,202407,광주,여성,40,51310
2024,07,202407,광주,여성,50,58505
2024,07,202407,광주,여성,60,31467
2024,07,202407,광주,여성,70,6317
2024,07,202407,광주,여성,80,949
2024,07,202407,광주,여성,90,209
2024,07,202407,대전,남성,10,262
2024,07,202407,대전,남성,20,18310
2024,07,202407,대전,남성,30,70967
2024,07,202407,대전,남성,40,110787
2024,07,202407,대전,남성,50,132709
2024,07,202407,대전,남성,60,97317
2024,07,202407,대전,남성,70,28425
2024,07,202407,대전,남성,80,4213
2024,07,202407,대전,남성,90,283
2024,07,202407,대전,여성,10,149
2024,07,202407,대전,여성,20,10080
2024,07,202407,대전,여성,30,31970
2024,07,202407,대전,여성,40,46624
2024,07,202407,대전,여성,50,54762
2024,07,202407,대전,여성,60,32834
2024,07,202407,대전,여성,70,6306
2024,07,202407,대전,여성,80,1031
2024,07,202407,대전,여성,90,208
2024,07,202407,울산,남성,10,210
2024,07,202407,울산,남성,20,14253
2024,07,202407,울산,남성,30,55903
2024,07,202407,울산,남성,40,99497
2024,07,202407,울산,남성,50,126202
2024,07,202407,울산,남성,60,101456
2024,07,202407,울산,남성,70,24981
2024,07,202407,울산,남성,80,2693
2024,07,202407,울산,남성,90,180
2024,07,202407,울산,여성,10,79
2024,07,202407,울산,여성,20,6103
2024,07,202407,울산,여성,30,21142
2024,07,202407,울산,여성,40,32864
2024,07,202407,울산,여성,50,39588
2024,07,202407,울산,여성,60,23770
2024,07,202407,울산,여성,70,4344
2024,07,202407,울산,여성,80,562
2024,07,202407,울산,여성,90,132
2024,07,202407,세종,남성,10,76
2024,07,202407,세종,남성,20,3493
2024,07,202407,세종,남성,30,24447
2024,07,202407,세종,남성,40,44367
2024,07,202407,세종,남성,50,35879
2024,07,202407,세종,남성,60,21270
2024,07,202407,세종,남성,70,5683
2024,07,202407,세종,남성,80,770
2024,07,202407,세종,남성,90,53
2024,07,202407,세종,여성,10,33
2024,07,202407,세종,여성,20,2378
2024,07,202407,세종,여성,30,12395
2024,07,202407,세종,여성,40,17567
2024,07,202407,세종,여성,50,12924
2024,07,202407,세종,여성,60,6977
2024,07,202407,세종,여성,70,1203
2024,07,202407,세종,여성,80,195
2024,07,202407,세종,여성,90,35
2024,07,202407,경기,남성,10,2615
2024,07,202407,경기,남성,20,147975
2024,07,202407,경기,남성,30,691669
2024,07,202407,경기,남성,40,1126305
2024,07,202407,경기,남성,50,1199285
2024,07,202407,경기,남성,60,846399
2024,07,202407,경기,남성,70,231971
2024,07,202407,경기,남성,80,38792
2024,07,202407,경기,남성,90,2821
2024,07,202407,경기,여성,10,1339
2024,07,202407,경기,여성,20,72091
2024,07,202407,경기,여성,30,279457
2024,07,202407,경기,여성,40,418918
2024,07,202407,경기,여성,50,483600
2024,07,202407,경기,여성,60,288601
2024,07,202407,경기,여성,70,59196
2024,07,202407,경기,여성,80,10021
2024,07,202407,경기,여성,90,1896
2024,07,202407,강원,남성,10,247
2024,07,202407,강원,남성,20,20970
2024,07,202407,강원,남성,30,68510
2024,07,202407,강원,남성,40,116365
2024,07,202407,강원,남성,50,164265
2024,07,202407,강원,남성,60,150976
2024,07,202407,강원,남성,70,50159
2024,07,202407,강원,남성,80,9516
2024,07,202407,강원,남성,90,476
2024,07,202407,강원,여성,10,135
2024,07,202407,강원,여성,20,10505
2024,07,202407,강원,여성,30,31114
2024,07,202407,강원,여성,40,49422
2024,07,202407,강원,여성,50,67452
2024,07,202407,강원,여성,60,51153
2024,07,202407,강원,여성,70,10949
2024,07,202407,강원,여성,80,1646
2024,07,202407,강원,여성,90,405
2024,07,202407,충북,남성,10,366
2024,07,202407,충북,남성,20,24573
2024,07,202407,충북,남성,30,84552
2024,07,202407,충북,남성,40,133777
2024,07,202407,충북,남성,50,176977
2024,07,202407,충북,남성,60,148374
2024,07,202407,충북,남성,70,45833
2024,07,202407,충북,남성,80,7583
2024,07,202407,충북,남성,90,370
2024,07,202407,충북,여성,10,182
2024,07,202407,충북,여성,20,13016
2024,07,202407,충북,여성,30,36120
2024,07,202407,충북,여성,40,52579
2024,07,202407,충북,여성,50,68744
2024,07,202407,충북,여성,60,44797
2024,07,202407,충북,여성,70,8959
2024,07,202407,충북,여성,80,1393
2024,07,202407,충북,여성,90,222
2024,07,202407,충남,남성,10,378
2024,07,202407,충남,남성,20,31695
2024,07,202407,충남,남성,30,118678
2024,07,202407,충남,남성,40,202114
2024,07,202407,충남,남성,50,236554
2024,07,202407,충남,남성,60,191628
2024,07,202407,충남,남성,70,63951
2024,07,202407,충남,남성,80,10425
2024,07,202407,충남,남성,90,665
2024,07,202407,충남,여성,10,196
2024,07,202407,충남,여성,20,15754
2024,07,202407,충남,여성,30,48082
2024,07,202407,충남,여성,40,70126
2024,07,202407,충남,여성,50,87462
2024,07,202407,충남,여성,60,60248
2024,07,202407,충남,여성,70,12213
2024,07,202407,충남,여성,80,2028
2024,07,202407,충남,여성,90,395
2024,07,202407,전북,남성,10,359
2024,07,202407,전북,남성,20,21205
2024,07,202407,전북,남성,30,70207
2024,07,202407,전북,남성,40,138602
2024,07,202407,전북,남성,50,195660
2024,07,202407,전북,남성,60,160857
2024,07,202407,전북,남성,70,58319
2024,07,202407,전북,남성,80,9475
2024,07,202407,전북,남성,90,762
2024,07,202407,전북,여성,10,177
2024,07,202407,전북,여성,20,12352
2024,07,202407,전북,여성,30,35602
2024,07,202407,전북,여성,40,56790
2024,07,202407,전북,여성,50,76134
2024,07,202407,전북,여성,60,51995
2024,07,202407,전북,여성,70,11505
2024,07,202407,전북,여성,80,2214
2024,07,202407,전북,여성,90,515
2024,07,202407,전남,남성,10,324
2024,07,202407,전남,남성,20,23805
2024,07,202407,전남,남성,30,75229
2024,07,202407,전남,남성,40,144444
2024,07,202407,전남,남성,50,213543
2024,07,202407,전남,남성,60,181695
2024,07,202407,전남,남성,70,64308
2024,07,202407,전남,남성,80,9546
2024,07,202407,전남,남성,90,723
2024,07,202407,전남,여성,10,179
2024,07,202407,전남,여성,20,12424
2024,07,202407,전남,여성,30,35087
2024,07,202407,전남,여성,40,54859
2024,07,202407,전남,여성,50,74967
2024,07,202407,전남,여성,60,52691
2024,07,202407,전남,여성,70,10697
2024,07,202407,전남,여성,80,2194
2024,07,202407,전남,여성,90,430
2024,07,202407,경북,남성,10,270
2024,07,202407,경북,남성,20,31952
2024,07,202407,경북,남성,30,115767
2024,07,202407,경북,남성,40,216125
2024,07,202407,경북,남성,50,307526
2024,07,202407,경북,남성,60,281370
2024,07,202407,경북,남성,70,98960
2024,07,202407,경북,남성,80,15230
2024,07,202407,경북,남성,90,900
2024,07,202407,경북,여성,10,125
2024,07,202407,경북,여성,20,15578
2024,07,202407,경북,여성,30,48050
2024,07,202407,경북,여성,40,79713
2024,07,202407,경북,여성,50,109072
2024,07,202407,경북,여성,60,79720
2024,07,202407,경북,여성,70,16940
2024,07,202407,경북,여성,80,2554
2024,07,202407,경북,여성,90,454
2024,07,202407,경남,남성,10,661
2024,07,202407,경남,남성,20,35798
2024,07,202407,경남,남성,30,148523
2024,07,202407,경남,남성,40,282638
2024,07,202407,경남,남성,50,354777
2024,07,202407,경남,남성,60,290146
2024,07,202407,경남,남성,70,87759
2024,07,202407,경남,남성,80,11692
2024,07,202407,경남,남성,90,820
2024,07,202407,경남,여성,10,361
2024,07,202407,경남,여성,20,17467
2024,07,202407,경남,여성,30,62820
2024,07,202407,경남,여성,40,106872
2024,07,202407,경남,여성,50,133732
2024,07,202407,경남,여성,60,85994
2024,07,202407,경남,여성,70,16079
2024,07,202407,경남,여성,80,2464
2024,07,202407,경남,여성,90,500
2024,07,202407,제주,남성,10,209
2024,07,202407,제주,남성,20,7016
2024,07,202407,제주,남성,30,29116
2024,07,202407,제주,남성,40,58976
2024,07,202407,제주,남성,50,71751
2024,07,202407,제주,남성,60,51822
2024,07,202407,제주,남성,70,17295
2024,07,202407,제주,남성,80,3418
2024,07,202407,제주,남성,90,224
2024,07,202407,제주,여성,10,69
2024,07,202407,제주,여성,20,4675
2024,07,202407,제주,여성,30,17041
2024,07,202407,제주,여성,40,28360
2024,07,202407,제주,여성,50,34615
2024,07,202407,제주,여성,60,22013
2024,07,202407,제주,여성,70,4857
2024,07,202407,제주,여성,80,736
2024,07,202407,제주,여성,90,133
2024,08,202408,서울,남성,10,2108
2024,08,202408,서울,남성,20,51208
2024,08,202408,서울,남성,30,308838
2024,08,202408,서울,남성,40,493323
2024,08,202408,서울,남성,50,534774
2024,08,202408,서울,남성,60,428832
2024,08,202408,서울,남성,70,158512
2024,08,202408,서울,남성,80,28161
2024,08,202408,서울,남성,90,2577
2024,08,202408,서울,여성,10,1183
2024,08,202408,서울,여성,20,25958
2024,08,202408,서울,여성,30,125734
2024,08,202408,서울,여성,40,186109
2024,08,202408,서울,여성,50,202567
2024,08,202408,서울,여성,60,136273
2024,08,202408,서울,여성,70,38242
2024,08,202408,서울,여성,80,6990
2024,08,202408,서울,여성,90,1261
2024,08,202408,부산,남성,10,555
2024,08,202408,부산,남성,20,26018
2024,08,202408,부산,남성,30,123650
2024,08,202408,부산,남성,40,210639
2024,08,202408,부산,남성,50,227514
2024,08,202408,부산,남성,60,201475
2024,08,202408,부산,남성,70,67270
2024,08,202408,부산,남성,80,9421
2024,08,202408,부산,남성,90,928
2024,08,202408,부산,여성,10,285
2024,08,202408,부산,여성,20,12203
2024,08,202408,부산,여성,30,49415
2024,08,202408,부산,여성,40,79160
2024,08,202408,부산,여성,50,92648
2024,08,202408,부산,여성,60,63487
2024,08,202408,부산,여성,70,14020
2024,08,202408,부산,여성,80,2212
2024,08,202408,부산,여성,90,409
2024,08,202408,대구,남성,10,221
2024,08,202408,대구,남성,20,23690
2024,08,202408,대구,남성,30,109329
2024,08,202408,대구,남성,40,188025
2024,08,202408,대구,남성,50,231651
2024,08,202408,대구,남성,60,178922
2024,08,202408,대구,남성,70,57590
2024,08,202408,대구,남성,80,8862
2024,08,202408,대구,남성,90,694
2024,08,202408,대구,여성,10,118
2024,08,202408,대구,여성,20,12450
2024,08,202408,대구,여성,30,45001
2024,08,202408,대구,여성,40,72774
2024,08,202408,대구,여성,50,94906
2024,08,202408,대구,여성,60,59137
2024,08,202408,대구,여성,70,12858
2024,08,202408,대구,여성,80,1820
2024,08,202408,대구,여성,90,351
2024,08,202408,인천,남성,10,481
2024,08,202408,인천,남성,20,31747
2024,08,202408,인천,남성,30,146428
2024,08,202408,인천,남성,40,226182
2024,08,202408,인천,남성,50,241170
2024,08,202408,인천,남성,60,186424
2024,08,202408,인천,남성,70,47745
2024,08,202408,인천,남성,80,6204
2024,08,202408,인천,남성,90,491
2024,08,202408,인천,여성,10,1976
2024,08,202408,인천,여성,20,15568
2024,08,202408,인천,여성,30,60387
2024,08,202408,인천,여성,40,86411
2024,08,202408,인천,여성,50,98129
2024,08,202408,인천,여성,60,60639
2024,08,202408,인천,여성,70,10627
2024,08,202408,인천,여성,80,1664
2024,08,202408,인천,여성,90,330
2024,08,202408,광주,남성,10,168
2024,08,202408,광주,남성,20,18761
2024,08,202408,광주,남성,30,66679
2024,08,202408,광주,남성,40,115960
2024,08,202408,광주,남성,50,133442
2024,08,202408,광주,남성,60,88470
2024,08,202408,광주,남성,70,26651
2024,08,202408,광주,남성,80,3951
2024,08,202408,광주,남성,90,285
2024,08,202408,광주,여성,10,104
2024,08,202408,광주,여성,20,11668
2024,08,202408,광주,여성,30,34562
2024,08,202408,광주,여성,40,51160
2024,08,202408,광주,여성,50,58537
2024,08,202408,광주,여성,60,31719
2024,08,202408,광주,여성,70,6387
2024,08,202408,광주,여성,80,954
2024,08,202408,광주,여성,90,207
2024,08,202408,대전,남성,10,259
2024,08,202408,대전,남성,20,18310
2024,08,202408,대전,남성,30,70962
2024,08,202408,대전,남성,40,110404
2024,08,202408,대전,남성,50,132646
2024,08,202408,대전,남성,60,97522
2024,08,202408,대전,남성,70,28655
2024,08,202408,대전,남성,80,4218
2024,08,202408,대전,남성,90,279
2024,08,202408,대전,여성,10,149
2024,08,202408,대전,여성,20,10029
2024,08,202408,대전,여성,30,32091
2024,08,202408,대전,여성,40,46552
2024,08,202408,대전,여성,50,54762
2024,08,202408,대전,여성,60,33008
2024,08,202408,대전,여성,70,6395
2024,08,202408,대전,여성,80,1032
2024,08,202408,대전,여성,90,204
2024,08,202408,울산,남성,10,213
2024,08,202408,울산,남성,20,14284
2024,08,202408,울산,남성,30,55917
2024,08,202408,울산,남성,40,99288
2024,08,202408,울산,남성,50,125917
2024,08,202408,울산,남성,60,101834
2024,08,202408,울산,남성,70,25221
2024,08,202408,울산,남성,80,2703
2024,08,202408,울산,남성,90,184
2024,08,202408,울산,여성,10,78
2024,08,202408,울산,여성,20,6079
2024,08,202408,울산,여성,30,21123
2024,08,202408,울산,여성,40,32854
2024,08,202408,울산,여성,50,39602
2024,08,202408,울산,여성,60,23933
2024,08,202408,울산,여성,70,4389
2024,08,202408,울산,여성,80,561
2024,08,202408,울산,여성,90,133
2024,08,202408,세종,남성,10,74
2024,08,202408,세종,남성,20,3504
2024,08,202408,세종,남성,30,24417
2024,08,202408,세종,남성,40,44336
2024,08,202408,세종,남성,50,35894
2024,08,202408,세종,남성,60,21393
2024,08,202408,세종,남성,70,5742
2024,08,202408,세종,남성,80,784
2024,08,202408,세종,남성,90,51
2024,08,202408,세종,여성,10,34
2024,08,202408,세종,여성,20,2373
2024,08,202408,세종,여성,30,12423
2024,08,202408,세종,여성,40,17587
2024,08,202408,세종,여성,50,13000
2024,08,202408,세종,여성,60,6996
2024,08,202408,세종,여성,70,1214
2024,08,202408,세종,여성,80,196
2024,08,202408,세종,여성,90,35
2024,08,202408,경기,남성,10,2628
2024,08,202408,경기,남성,20,147496
2024,08,202408,경기,남성,30,691321
2024,08,202408,경기,남성,40,1123667
2024,08,202408,경기,남성,50,1198877
2024,08,202408,경기,남성,60,849935
2024,08,202408,경기,남성,70,234170
2024,08,202408,경기,남성,80,39056
2024,08,202408,경기,남성,90,2857
2024,08,202408,경기,여성,10,1324
2024,08,202408,경기,여성,20,71947
2024,08,202408,경기,여성,30,279979
2024,08,202408,경기,여성,40,418078
2024,08,202408,경기,여성,50,484361
2024,08,202408,경기,여성,60,290407
2024,08,202408,경기,여성,70,59904
2024,08,202408,경기,여성,80,10066
2024,08,202408,경기,여성,90,1924
2024,08,202408,강원,남성,10,260
2024,08,202408,강원,남성,20,20889
2024,08,202408,강원,남성,30,68526
2024,08,202408,강원,남성,40,115919
2024,08,202408,강원,남성,50,163895
2024,08,202408,강원,남성,60,151384
2024,08,202408,강원,남성,70,50583
2024,08,202408,강원,남성,80,9548
2024,08,202408,강원,남성,90,471
2024,08,202408,강원,여성,10,135
2024,08,202408,강원,여성,20,10509
2024,08,202408,강원,여성,30,31130
2024,08,202408,강원,여성,40,49210
2024,08,202408,강원,여성,50,67662
2024,08,202408,강원,여성,60,51348
2024,08,202408,강원,여성,70,11113
2024,08,202408,강원,여성,80,1652
2024,08,202408,강원,여성,90,404
2024,08,202408,충북,남성,10,367
2024,08,202408,충북,남성,20,24476
2024,08,202408,충북,남성,30,84494
2024,08,202408,충북,남성,40,133460
2024,08,202408,충북,남성,50,176671
2024,08,202408,충북,남성,60,148977
2024,08,202408,충북,남성,70,46227
2024,08,202408,충북,남성,80,7617
2024,08,202408,충북,남성,90,371
2024,08,202408,충북,여성,10,174
2024,08,202408,충북,여성,20,12968
2024,08,202408,충북,여성,30,36275
2024,08,202408,충북,여성,40,52448
2024,08,202408,충북,여성,50,68918
2024,08,202408,충북,여성,60,45024
2024,08,202408,충북,여성,70,9060
2024,08,202408,충북,여성,80,1379
2024,08,202408,충북,여성,90,220
2024,08,202408,충남,남성,10,378
2024,08,202408,충남,남성,20,31651
2024,08,202408,충남,남성,30,118610
2024,08,202408,충남,남성,40,201761
2024,08,202408,충남,남성,50,236283
2024,08,202408,충남,남성,60,192404
2024,08,202408,충남,남성,70,64590
2024,08,202408,충남,남성,80,10466
2024,08,202408,충남,남성,90,675
2024,08,202408,충남,여성,10,188
2024,08,202408,충남,여성,20,15692
2024,08,202408,충남,여성,30,48173
2024,08,202408,충남,여성,40,70130
2024,08,202408,충남,여성,50,87496
2024,08,202408,충남,여성,60,60674
2024,08,202408,충남,여성,70,12346
2024,08,202408,충남,여성,80,2041
2024,08,202408,충남,여성,90,398
2024,08,202408,전북,남성,10,356
2024,08,202408,전북,남성,20,21233
2024,08,202408,전북,남성,30,70158
2024,08,202408,전북,남성,40,138060
2024,08,202408,전북,남성,50,195455
2024,08,202408,전북,남성,60,161494
2024,08,202408,전북,남성,70,58814
2024,08,202408,전북,남성,80,9509
2024,08,202408,전북,남성,90,775
2024,08,202408,전북,여성,10,177
2024,08,202408,전북,여성,20,12356
2024,08,202408,전북,여성,30,35593
2024,08,202408,전북,여성,40,56702
2024,08,202408,전북,여성,50,76193
2024,08,202408,전북,여성,60,52294
2024,08,202408,전북,여성,70,11602
2024,08,202408,전북,여성,80,2207
2024,08,202408,전북,여성,90,519
2024,08,202408,전남,남성,10,325
2024,08,202408,전남,남성,20,23678
2024,08,202408,전남,남성,30,75162
2024,08,202408,전남,남성,40,144008
2024,08,202408,전남,남성,50,213074
2024,08,202408,전남,남성,60,182506
2024,08,202408,전남,남성,70,64702
2024,08,202408,전남,남성,80,9672
2024,08,202408,전남,남성,90,722
2024,08,202408,전남,여성,10,178
2024,08,202408,전남,여성,20,12458
2024,08,202408,전남,여성,30,35143
2024,08,202408,전남,여성,40,54821
2024,08,202408,전남,여성,50,75070
2024,08,202408,전남,여성,60,53043
2024,08,202408,전남,여성,70,10809
2024,08,202408,전남,여성,80,2194
2024,08,202408,전남,여성,90,431
2024,08,202408,경북,남성,10,266
2024,08,202408,경북,남성,20,31945
2024,08,202408,경북,남성,30,115599
2024,08,202408,경북,남성,40,215550
2024,08,202408,경북,남성,50,306980
2024,08,202408,경북,남성,60,281982
2024,08,202408,경북,남성,70,99670
2024,08,202408,경북,남성,80,15306
2024,08,202408,경북,남성,90,914
2024,08,202408,경북,여성,10,117
2024,08,202408,경북,여성,20,15498
2024,08,202408,경북,여성,30,48038
2024,08,202408,경북,여성,40,79497
2024,08,202408,경북,여성,50,109107
2024,08,202408,경북,여성,60,80231
2024,08,202408,경북,여성,70,17108
2024,08,202408,경북,여성,80,2544
2024,08,202408,경북,여성,90,454
2024,08,202408,경남,남성,10,656
2024,08,202408,경남,남성,20,35803
2024,08,202408,경남,남성,30,148333
2024,08,202408,경남,남성,40,282042
2024,08,202408,경남,남성,50,354820
2024,08,202408,경남,남성,60,290708
2024,08,202408,경남,남성,70,88522
2024,08,202408,경남,남성,80,11825
2024,08,202408,경남,남성,90,821
2024,08,202408,경남,여성,10,363
2024,08,202408,경남,여성,20,17397
2024,08,202408,경남,여성,30,62816
2024,08,202408,경남,여성,40,106746
2024,08,202408,경남,여성,50,133834
2024,08,202408,경남,여성,60,86426
2024,08,202408,경남,여성,70,16265
2024,08,202408,경남,여성,80,2472
2024,08,202408,경남,여성,90,499
2024,08,202408,제주,남성,10,209
2024,08,202408,제주,남성,20,6958
2024,08,202408,제주,남성,30,29099
2024,08,202408,제주,남성,40,58671
2024,08,202408,제주,남성,50,71637
2024,08,202408,제주,남성,60,52083
2024,08,202408,제주,남성,70,17393
2024,08,202408,제주,남성,80,3449
2024,08,202408,제주,남성,90,228
2024,08,202408,제주,여성,10,72
2024,08,202408,제주,여성,20,4667
2024,08,202408,제주,여성,30,17072
2024,08,202408,제주,여성,40,28257
2024,08,202408,제주,여성,50,34588
2024,08,202408,제주,여성,60,22178
2024,08,202408,제주,여성,70,4923
2024,08,202408,제주,여성,80,735
2024,08,202408,제주,여성,90,132
2024,09,202409,서울,남성,10,2100
2024,09,202409,서울,남성,20,50870
2024,09,202409,서울,남성,30,308237
2024,09,202409,서울,남성,40,492625
2024,09,202409,서울,남성,50,534374
2024,09,202409,서울,남성,60,429341
2024,09,202409,서울,남성,70,159569
2024,09,202409,서울,남성,80,28322
2024,09,202409,서울,남성,90,2603
2024,09,202409,서울,여성,10,1165
2024,09,202409,서울,여성,20,25765
2024,09,202409,서울,여성,30,125653
2024,09,202409,서울,여성,40,186029
2024,09,202409,서울,여성,50,202732
2024,09,202409,서울,여성,60,136554
2024,09,202409,서울,여성,70,38596
2024,09,202409,서울,여성,80,7009
2024,09,202409,서울,여성,90,1271
2024,09,202409,부산,남성,10,560
2024,09,202409,부산,남성,20,25878
2024,09,202409,부산,남성,30,123342
2024,09,202409,부산,남성,40,210342
2024,09,202409,부산,남성,50,227522
2024,09,202409,부산,남성,60,201497
2024,09,202409,부산,남성,70,67899
2024,09,202409,부산,남성,80,9502
2024,09,202409,부산,남성,90,933
2024,09,202409,부산,여성,10,280
2024,09,202409,부산,여성,20,12080
2024,09,202409,부산,여성,30,49407
2024,09,202409,부산,여성,40,79063
2024,09,202409,부산,여성,50,92675
2024,09,202409,부산,여성,60,63866
2024,09,202409,부산,여성,70,14126
2024,09,202409,부산,여성,80,2228
2024,09,202409,부산,여성,90,410
2024,09,202409,대구,남성,10,216
2024,09,202409,대구,남성,20,23581
2024,09,202409,대구,남성,30,109304
2024,09,202409,대구,남성,40,187458
2024,09,202409,대구,남성,50,231532
2024,09,202409,대구,남성,60,179595
2024,09,202409,대구,남성,70,57964
2024,09,202409,대구,남성,80,8936
2024,09,202409,대구,남성,90,693
2024,09,202409,대구,여성,10,116
2024,09,202409,대구,여성,20,12319
2024,09,202409,대구,여성,30,45115
2024,09,202409,대구,여성,40,72568
2024,09,202409,대구,여성,50,95186
2024,09,202409,대구,여성,60,59425
2024,09,202409,대구,여성,70,12961
2024,09,202409,대구,여성,80,1856
2024,09,202409,대구,여성,90,326
2024,09,202409,인천,남성,10,472
2024,09,202409,인천,남성,20,31697
2024,09,202409,인천,남성,30,146359
2024,09,202409,인천,남성,40,226085
2024,09,202409,인천,남성,50,240889
2024,09,202409,인천,남성,60,187210
2024,09,202409,인천,남성,70,48260
2024,09,202409,인천,남성,80,6236
2024,09,202409,인천,남성,90,494
2024,09,202409,인천,여성,10,1921
2024,09,202409,인천,여성,20,15458
2024,09,202409,인천,여성,30,60315
2024,09,202409,인천,여성,40,86446
2024,09,202409,인천,여성,50,98257
2024,09,202409,인천,여성,60,60997
2024,09,202409,인천,여성,70,10787
2024,09,202409,인천,여성,80,1665
2024,09,202409,인천,여성,90,336
2024,09,202409,광주,남성,10,167
2024,09,202409,광주,남성,20,18667
2024,09,202409,광주,남성,30,66637
2024,09,202409,광주,남성,40,115618
2024,09,202409,광주,남성,50,133453
2024,09,202409,광주,남성,60,88991
2024,09,202409,광주,남성,70,26829
2024,09,202409,광주,남성,80,4005
2024,09,202409,광주,남성,90,284
2024,09,202409,광주,여성,10,105
2024,09,202409,광주,여성,20,11587
2024,09,202409,광주,여성,30,34638
2024,09,202409,광주,여성,40,51068
2024,09,202409,광주,여성,50,58690
2024,09,202409,광주,여성,60,31876
2024,09,202409,광주,여성,70,6465
2024,09,202409,광주,여성,80,949
2024,09,202409,광주,여성,90,207
2024,09,202409,대전,남성,10,259
2024,09,202409,대전,남성,20,18220
2024,09,202409,대전,남성,30,70989
2024,09,202409,대전,남성,40,110076
2024,09,202409,대전,남성,50,132819
2024,09,202409,대전,남성,60,97777
2024,09,202409,대전,남성,70,28940
2024,09,202409,대전,남성,80,4244
2024,09,202409,대전,남성,90,278
2024,09,202409,대전,여성,10,149
2024,09,202409,대전,여성,20,10000
2024,09,202409,대전,여성,30,32179
2024,09,202409,대전,여성,40,46512
2024,09,202409,대전,여성,50,54768
2024,09,202409,대전,여성,60,33222
2024,09,202409,대전,여성,70,6493
2024,09,202409,대전,여성,80,1021
2024,09,202409,대전,여성,90,207
2024,09,202409,울산,남성,10,207
2024,09,202409,울산,남성,20,14348
2024,09,202409,울산,남성,30,55840
2024,09,202409,울산,남성,40,99155
2024,09,202409,울산,남성,50,125749
2024,09,202409,울산,남성,60,102374
2024,09,202409,울산,남성,70,25507
2024,09,202409,울산,남성,80,2751
2024,09,202409,울산,남성,90,184
2024,09,202409,울산,여성,10,77
2024,09,202409,울산,여성,20,6080
2024,09,202409,울산,여성,30,21109
2024,09,202409,울산,여성,40,32783
2024,09,202409,울산,여성,50,39714
2024,09,202409,울산,여성,60,24028
2024,09,202409,울산,여성,70,4433
2024,09,202409,울산,여성,80,560
2024,09,202409,울산,여성,90,133
2024,09,202409,세종,남성,10,74
2024,09,202409,세종,남성,20,3479
2024,09,202409,세종,남성,30,24291
2024,09,202409,세종,남성,40,44311
2024,09,202409,세종,남성,50,35985
2024,09,202409,세종,남성,60,21481
2024,09,202409,세종,남성,70,5791
2024,09,202409,세종,남성,80,792
2024,09,202409,세종,남성,90,49
2024,09,202409,세종,여성,10,34
2024,09,202409,세종,여성,20,2364
2024,09,202409,세종,여성,30,12419
2024,09,202409,세종,여성,40,17623
2024,09,202409,세종,여성,50,13040
2024,09,202409,세종,여성,60,7033
2024,09,202409,세종,여성,70,1227
2024,09,202409,세종,여성,80,204
2024,09,202409,세종,여성,90,35
2024,09,202409,경기,남성,10,2627
2024,09,202409,경기,남성,20,146703
2024,09,202409,경기,남성,30,691153
2024,09,202409,경기,남성,40,1122759
2024,09,202409,경기,남성,50,1199300
2024,09,202409,경기,남성,60,853557
2024,09,202409,경기,남성,70,236208
2024,09,202409,경기,남성,80,39376
2024,09,202409,경기,남성,90,2863
2024,09,202409,경기,여성,10,1324
2024,09,202409,경기,여성,20,71536
2024,09,202409,경기,여성,30,280372
2024,09,202409,경기,여성,40,418346
2024,09,202409,경기,여성,50,484934
2024,09,202409,경기,여성,60,292167
2024,09,202409,경기,여성,70,60572
2024,09,202409,경기,여성,80,10152
2024,09,202409,경기,여성,90,1925
2024,09,202409,강원,남성,10,266
2024,09,202409,강원,남성,20,20709
2024,09,202409,강원,남성,30,68522
2024,09,202409,강원,남성,40,115753
2024,09,202409,강원,남성,50,163746
2024,09,202409,강원,남성,60,151515
2024,09,202409,강원,남성,70,51038
2024,09,202409,강원,남성,80,9652
2024,09,202409,강원,남성,90,473
2024,09,202409,강원,여성,10,133
2024,09,202409,강원,여성,20,10466
2024,09,202409,강원,여성,30,31206
2024,09,202409,강원,여성,40,49156
2024,09,202409,강원,여성,50,67786
2024,09,202409,강원,여성,60,51591
2024,09,202409,강원,여성,70,11204
2024,09,202409,강원,여성,80,1647
2024,09,202409,강원,여성,90,404
2024,09,202409,충북,남성,10,376
2024,09,202409,충북,남성,20,24327
2024,09,202409,충북,남성,30,84564
2024,09,202409,충북,남성,40,133333
2024,09,202409,충북,남성,50,176636
2024,09,202409,충북,남성,60,149465
2024,09,202409,충북,남성,70,46615
2024,09,202409,충북,남성,80,7644
2024,09,202409,충북,남성,90,368
2024,09,202409,충북,여성,10,174
2024,09,202409,충북,여성,20,12894
2024,09,202409,충북,여성,30,36351
2024,09,202409,충북,여성,40,52508
2024,09,202409,충북,여성,50,68910
2024,09,202409,충북,여성,60,45306
2024,09,202409,충북,여성,70,9175
2024,09,202409,충북,여성,80,1392
2024,09,202409,충북,여성,90,217
2024,09,202409,충남,남성,10,383
2024,09,202409,충남,남성,20,31620
2024,09,202409,충남,남성,30,118622
2024,09,202409,충남,남성,40,201628
2024,09,202409,충남,남성,50,236414
2024,09,202409,충남,남성,60,192996
2024,09,202409,충남,남성,70,65103
2024,09,202409,충남,남성,80,10565
2024,09,202409,충남,남성,90,679
2024,09,202409,충남,여성,10,191
2024,09,202409,충남,여성,20,15696
2024,09,202409,충남,여성,30,48296
2024,09,202409,충남,여성,40,70165
2024,09,202409,충남,여성,50,87605
2024,09,202409,충남,여성,60,61090
2024,09,202409,충남,여성,70,12489
2024,09,202409,충남,여성,80,2038
2024,09,202409,충남,여성,90,411
2024,09,202409,전북,남성,10,357
2024,09,202409,전북,남성,20,21176
2024,09,202409,전북,남성,30,70107
2024,09,202409,전북,남성,40,137387
2024,09,202409,전북,남성,50,195615
2024,09,202409,전북,남성,60,161849
2024,09,202409,전북,남성,70,59219
2024,09,202409,전북,남성,80,9638
2024,09,202409,전북,남성,90,781
2024,09,202409,전북,여성,10,178
2024,09,202409,전북,여성,20,12276
2024,09,202409,전북,여성,30,35674
2024,09,202409,전북,여성,40,56597
2024,09,202409,전북,여성,50,76268
2024,09,202409,전북,여성,60,52610
2024,09,202409,전북,여성,70,11762
2024,09,202409,전북,여성,80,2194
2024,09,202409,전북,여성,90,522
2024,09,202409,전남,남성,10,329
2024,09,202409,전남,남성,20,23624
2024,09,202409,전남,남성,30,75090
2024,09,202409,전남,남성,40,143507
2024,09,202409,전남,남성,50,212989
2024,09,202409,전남,남성,60,183310
2024,09,202409,전남,남성,70,65072
2024,09,202409,전남,남성,80,9777
2024,09,202409,전남,남성,90,724
2024,09,202409,전남,여성,10,181
2024,09,202409,전남,여성,20,12470
2024,09,202409,전남,여성,30,35321
2024,09,202409,전남,여성,40,54704
2024,09,202409,전남,여성,50,75176
2024,09,202409,전남,여성,60,53311
2024,09,202409,전남,여성,70,10985
2024,09,202409,전남,여성,80,2186
2024,09,202409,전남,여성,90,434
2024,09,202409,경북,남성,10,266
2024,09,202409,경북,남성,20,31894
2024,09,202409,경북,남성,30,115516
2024,09,202409,경북,남성,40,215215
2024,09,202409,경북,남성,50,306581
2024,09,202409,경북,남성,60,282427
2024,09,202409,경북,남성,70,100497
2024,09,202409,경북,남성,80,15384
2024,09,202409,경북,남성,90,917
2024,09,202409,경북,여성,10,116
2024,09,202409,경북,여성,20,15409
2024,09,202409,경북,여성,30,48089
2024,09,202409,경북,여성,40,79421
2024,09,202409,경북,여성,50,109022
2024,09,202409,경북,여성,60,80725
2024,09,202409,경북,여성,70,17289
2024,09,202409,경북,여성,80,2538
2024,09,202409,경북,여성,90,455
2024,09,202409,경남,남성,10,660
2024,09,202409,경남,남성,20,35637
2024,09,202409,경남,남성,30,148133
2024,09,202409,경남,남성,40,281435
2024,09,202409,경남,남성,50,354554
2024,09,202409,경남,남성,60,291467
2024,09,202409,경남,남성,70,89390
2024,09,202409,경남,남성,80,11975
2024,09,202409,경남,남성,90,815
2024,09,202409,경남,여성,10,357
2024,09,202409,경남,여성,20,17398
2024,09,202409,경남,여성,30,62880
2024,09,202409,경남,여성,40,106770
2024,09,202409,경남,여성,50,134053
2024,09,202409,경남,여성,60,86797
2024,09,202409,경남,여성,70,16481
2024,09,202409,경남,여성,80,2475
2024,09,202409,경남,여성,90,506
2024,09,202409,제주,남성,10,207
2024,09,202409,제주,남성,20,6854
2024,09,202409,제주,남성,30,29051
2024,09,202409,제주,남성,40,58382
2024,09,202409,제주,남성,50,71654
2024,09,202409,제주,남성,60,52142
2024,09,202409,제주,남성,70,17558
2024,09,202409,제주,남성,80,3483
2024,09,202409,제주,남성,90,230
2024,09,202409,제주,여성,10,74
2024,09,202409,제주,여성,20,4667
2024,09,202409,제주,여성,30,17043
2024,09,202409,제주,여성,40,28251
2024,09,202409,제주,여성,50,34516
2024,09,202409,제주,여성,60,22335
2024,09,202409,제주,여성,70,4978
2024,09,202409,제주,여성,80,741
2024,09,202409,제주,여성,90,132
2024,10,202410,서울,남성,10,2069
2024,10,202410,서울,남성,20,50628
2024,10,202410,서울,남성,30,307539
2024,10,202410,서울,남성,40,491558
2024,10,202410,서울,남성,50,533771
2024,10,202410,서울,남성,60,429450
2024,10,202410,서울,남성,70,160520
2024,10,202410,서울,남성,80,28399
2024,10,202410,서울,남성,90,2625
2024,10,202410,서울,여성,10,1135
2024,10,202410,서울,여성,20,25566
2024,10,202410,서울,여성,30,125659
2024,10,202410,서울,여성,40,185746
2024,10,202410,서울,여성,50,202546
2024,10,202410,서울,여성,60,137023
2024,10,202410,서울,여성,70,38860
2024,10,202410,서울,여성,80,7048
2024,10,202410,서울,여성,90,1276
2024,10,202410,부산,남성,10,567
2024,10,202410,부산,남성,20,25696
2024,10,202410,부산,남성,30,123294
2024,10,202410,부산,남성,40,209944
2024,10,202410,부산,남성,50,227454
2024,10,202410,부산,남성,60,201550
2024,10,202410,부산,남성,70,68348
2024,10,202410,부산,남성,80,9573
2024,10,202410,부산,남성,90,934
2024,10,202410,부산,여성,10,278
2024,10,202410,부산,여성,20,11990
2024,10,202410,부산,여성,30,49351
2024,10,202410,부산,여성,40,78855
2024,10,202410,부산,여성,50,92807
2024,10,202410,부산,여성,60,64046
2024,10,202410,부산,여성,70,14284
2024,10,202410,부산,여성,80,2250
2024,10,202410,부산,여성,90,405
2024,10,202410,대구,남성,10,212
2024,10,202410,대구,남성,20,23428
2024,10,202410,대구,남성,30,109197
2024,10,202410,대구,남성,40,187158
2024,10,202410,대구,남성,50,231806
2024,10,202410,대구,남성,60,180138
2024,10,202410,대구,남성,70,58328
2024,10,202410,대구,남성,80,8922
2024,10,202410,대구,남성,90,698
2024,10,202410,대구,여성,10,111
2024,10,202410,대구,여성,20,12254
2024,10,202410,대구,여성,30,45121
2024,10,202410,대구,여성,40,72512
2024,10,202410,대구,여성,50,95183
2024,10,202410,대구,여성,60,59862
2024,10,202410,대구,여성,70,13061
2024,10,202410,대구,여성,80,1852
2024,10,202410,대구,여성,90,328
2024,10,202410,인천,남성,10,477
2024,10,202410,인천,남성,20,31599
2024,10,202410,인천,남성,30,146293
2024,10,202410,인천,남성,40,226184
2024,10,202410,인천,남성,50,240805
2024,10,202410,인천,남성,60,187969
2024,10,202410,인천,남성,70,48629
2024,10,202410,인천,남성,80,6308
2024,10,202410,인천,남성,90,502
2024,10,202410,인천,여성,10,1843
2024,10,202410,인천,여성,20,15401
2024,10,202410,인천,여성,30,60237
2024,10,202410,인천,여성,40,86742
2024,10,202410,인천,여성,50,98413
2024,10,202410,인천,여성,60,61408
2024,10,202410,인천,여성,70,10924
2024,10,202410,인천,여성,80,1664
2024,10,202410,인천,여성,90,339
2024,10,202410,광주,남성,10,165
2024,10,202410,광주,남성,20,18573
2024,10,202410,광주,남성,30,66542
2024,10,202410,광주,남성,40,115422
2024,10,202410,광주,남성,50,133326
2024,10,202410,광주,남성,60,89365
2024,10,202410,광주,남성,70,27008
2024,10,202410,광주,남성,80,4027
2024,10,202410,광주,남성,90,281
2024,10,202410,광주,여성,10,98
2024,10,202410,광주,여성,20,11539
2024,10,202410,광주,여성,30,34636
2024,10,202410,광주,여성,40,51066
2024,10,202410,광주,여성,50,58769
2024,10,202410,광주,여성,60,32151
2024,10,202410,광주,여성,70,6533
2024,10,202410,광주,여성,80,940
2024,10,202410,광주,여성,90,210
2024,10,202410,대전,남성,10,258
2024,10,202410,대전,남성,20,18084
2024,10,202410,대전,남성,30,71033
2024,10,202410,대전,남성,40,109873
2024,10,202410,대전,남성,50,132767
2024,10,202410,대전,남성,60,98052
2024,10,202410,대전,남성,70,29222
2024,10,202410,대전,남성,80,4245
2024,10,202410,대전,남성,90,278
2024,10,202410,대전,여성,10,151
2024,10,202410,대전,여성,20,9992
2024,10,202410,대전,여성,30,32186
2024,10,202410,대전,여성,40,46461
2024,10,202410,대전,여성,50,54740
2024,10,202410,대전,여성,60,33522
2024,10,202410,대전,여성,70,6558
2024,10,202410,대전,여성,80,1016
2024,10,202410,대전,여성,90,205
2024,10,202410,울산,남성,10,203
2024,10,202410,울산,남성,20,14413
2024,10,202410,울산,남성,30,55728
2024,10,202410,울산,남성,40,98939
2024,10,202410,울산,남성,50,125539
2024,10,202410,울산,남성,60,102886
2024,10,202410,울산,남성,70,25744
2024,10,202410,울산,남성,80,2774
2024,10,202410,울산,남성,90,180
2024,10,202410,울산,여성,10,77
2024,10,202410,울산,여성,20,6056
2024,10,202410,울산,여성,30,21142
2024,10,202410,울산,여성,40,32790
2024,10,202410,울산,여성,50,39772
2024,10,202410,울산,여성,60,24159
2024,10,202410,울산,여성,70,4465
2024,10,202410,울산,여성,80,570
2024,10,202410,울산,여성,90,127
2024,10,202410,세종,남성,10,75
2024,10,202410,세종,남성,20,3504
2024,10,202410,세종,남성,30,24240
2024,10,202410,세종,남성,40,44317
2024,10,202410,세종,남성,50,36062
2024,10,202410,세종,남성,60,21524
2024,10,202410,세종,남성,70,5891
2024,10,202410,세종,남성,80,793
2024,10,202410,세종,남성,90,50
2024,10,202410,세종,여성,10,35
2024,10,202410,세종,여성,20,2354
2024,10,202410,세종,여성,30,12387
2024,10,202410,세종,여성,40,17728
2024,10,202410,세종,여성,50,13105
2024,10,202410,세종,여성,60,7051
2024,10,202410,세종,여성,70,1258
2024,10,202410,세종,여성,80,198
2024,10,202410,세종,여성,90,31
2024,10,202410,경기,남성,10,2647
2024,10,202410,경기,남성,20,146160
2024,10,202410,경기,남성,30,691046
2024,10,202410,경기,남성,40,1122720
2024,10,202410,경기,남성,50,1198895
2024,10,202410,경기,남성,60,857478
2024,10,202410,경기,남성,70,238366
2024,10,202410,경기,남성,80,39408
2024,10,202410,경기,남성,90,2897
2024,10,202410,경기,여성,10,1323
2024,10,202410,경기,여성,20,71257
2024,10,202410,경기,여성,30,280826
2024,10,202410,경기,여성,40,418485
2024,10,202410,경기,여성,50,485538
2024,10,202410,경기,여성,60,293942
2024,10,202410,경기,여성,70,61148
2024,10,202410,경기,여성,80,10162
2024,10,202410,경기,여성,90,1930
2024,10,202410,강원,남성,10,266
2024,10,202410,강원,남성,20,20647
2024,10,202410,강원,남성,30,68503
2024,10,202410,강원,남성,40,115269
2024,10,202410,강원,남성,50,163718
2024,10,202410,강원,남성,60,151711
2024,10,202410,강원,남성,70,51521
2024,10,202410,강원,남성,80,9679
2024,10,202410,강원,남성,90,485
2024,10,202410,강원,여성,10,130
2024,10,202410,강원,여성,20,10467
2024,10,202410,강원,여성,30,31270
2024,10,202410,강원,여성,40,49057
2024,10,202410,강원,여성,50,67882
2024,10,202410,강원,여성,60,51851
2024,10,202410,강원,여성,70,11343
2024,10,202410,강원,여성,80,1638
2024,10,202410,강원,여성,90,402
2024,10,202410,충북,남성,10,388
2024,10,202410,충북,남성,20,24271
2024,10,202410,충북,남성,30,84618
2024,10,202410,충북,남성,40,133153
2024,10,202410,충북,남성,50,176839
2024,10,202410,충북,남성,60,149809
2024,10,202410,충북,남성,70,46995
2024,10,202410,충북,남성,80,7652
2024,10,202410,충북,남성,90,375
2024,10,202410,충북,여성,10,177
2024,10,202410,충북,여성,20,12915
2024,10,202410,충북,여성,30,36393
2024,10,202410,충북,여성,40,52540
2024,10,202410,충북,여성,50,68985
2024,10,202410,충북,여성,60,45648
2024,10,202410,충북,여성,70,9279
2024,10,202410,충북,여성,80,1366
2024,10,202410,충북,여성,90,220
2024,10,202410,충남,남성,10,389
2024,10,202410,충남,남성,20,31543
2024,10,202410,충남,남성,30,118256
2024,10,202410,충남,남성,40,201356
2024,10,202410,충남,남성,50,236479
2024,10,202410,충남,남성,60,193741
2024,10,202410,충남,남성,70,65745
2024,10,202410,충남,남성,80,10593
2024,10,202410,충남,남성,90,677
2024,10,202410,충남,여성,10,194
2024,10,202410,충남,여성,20,15729
2024,10,202410,충남,여성,30,48341
2024,10,202410,충남,여성,40,70315
2024,10,202410,충남,여성,50,87792
2024,10,202410,충남,여성,60,61436
2024,10,202410,충남,여성,70,12661
2024,10,202410,충남,여성,80,2011
2024,10,202410,충남,여성,90,410
2024,10,202410,전북,남성,10,360
2024,10,202410,전북,남성,20,21118
2024,10,202410,전북,남성,30,70206
2024,10,202410,전북,남성,40,136942
2024,10,202410,전북,남성,50,195397
2024,10,202410,전북,남성,60,162366
2024,10,202410,전북,남성,70,59729
2024,10,202410,전북,남성,80,9645
2024,10,202410,전북,남성,90,792
2024,10,202410,전북,여성,10,176
2024,10,202410,전북,여성,20,12258
2024,10,202410,전북,여성,30,35740
2024,10,202410,전북,여성,40,56564
2024,10,202410,전북,여성,50,76410
2024,10,202410,전북,여성,60,52789
2024,10,202410,전북,여성,70,11897
2024,10,202410,전북,여성,80,2192
2024,10,202410,전북,여성,90,524
2024,10,202410,전남,남성,10,327
2024,10,202410,전남,남성,20,23655
2024,10,202410,전남,남성,30,74913
2024,10,202410,전남,남성,40,143203
2024,10,202410,전남,남성,50,212609
2024,10,202410,전남,남성,60,183936
2024,10,202410,전남,남성,70,65529
2024,10,202410,전남,남성,80,9838
2024,10,202410,전남,남성,90,723
2024,10,202410,전남,여성,10,183
2024,10,202410,전남,여성,20,12470
2024,10,202410,전남,여성,30,35276
2024,10,202410,전남,여성,40,54663
2024,10,202410,전남,여성,50,75170
2024,10,202410,전남,여성,60,53666
2024,10,202410,전남,여성,70,11101
2024,10,202410,전남,여성,80,2181
2024,10,202410,전남,여성,90,435
2024,10,202410,경북,남성,10,263
2024,10,202410,경북,남성,20,31899
2024,10,202410,경북,남성,30,115284
2024,10,202410,경북,남성,40,214601
2024,10,202410,경북,남성,50,306343
2024,10,202410,경북,남성,60,283225
2024,10,202410,경북,남성,70,101307
2024,10,202410,경북,남성,80,15377
2024,10,202410,경북,남성,90,922
2024,10,202410,경북,여성,10,112
2024,10,202410,경북,여성,20,15366
2024,10,202410,경북,여성,30,48078
2024,10,202410,경북,여성,40,79342
2024,10,202410,경북,여성,50,109222
2024,10,202410,경북,여성,60,81183
2024,10,202410,경북,여성,70,17471
2024,10,202410,경북,여성,80,2524
2024,10,202410,경북,여성,90,452
2024,10,202410,경남,남성,10,659
2024,10,202410,경남,남성,20,35492
2024,10,202410,경남,남성,30,147793
2024,10,202410,경남,남성,40,280827
2024,10,202410,경남,남성,50,354890
2024,10,202410,경남,남성,60,292131
2024,10,202410,경남,남성,70,90135
2024,10,202410,경남,남성,80,12080
2024,10,202410,경남,남성,90,813
2024,10,202410,경남,여성,10,353
2024,10,202410,경남,여성,20,17351
2024,10,202410,경남,여성,30,62901
2024,10,202410,경남,여성,40,106741
2024,10,202410,경남,여성,50,134505
2024,10,202410,경남,여성,60,87242
2024,10,202410,경남,여성,70,16743
2024,10,202410,경남,여성,80,2469
2024,10,202410,경남,여성,90,502
2024,10,202410,제주,남성,10,206
2024,10,202410,제주,남성,20,6815
2024,10,202410,제주,남성,30,28981
2024,10,202410,제주,남성,40,58127
2024,10,202410,제주,남성,50,71632
2024,10,202410,제주,남성,60,52304
2024,10,202410,제주,남성,70,17653
2024,10,202410,제주,남성,80,3473
2024,10,202410,제주,남성,90,236
2024,10,202410,제주,여성,10,75
2024,10,202410,제주,여성,20,4644
2024,10,202410,제주,여성,30,17032
2024,10,202410,제주,여성,40,28232
2024,10,202410,제주,여성,50,34488
2024,10,202410,제주,여성,60,22463
2024,10,202410,제주,여성,70,5058
2024,10,202410,제주,여성,80,753
2024,10,202410,제주,여성,90,128
2024,11,202411,서울,남성,10,2048
2024,11,202411,서울,남성,20,50193
2024,11,202411,서울,남성,30,307138
2024,11,202411,서울,남성,40,490861
2024,11,202411,서울,남성,50,533489
2024,11,202411,서울,남성,60,429741
2024,11,202411,서울,남성,70,161473
2024,11,202411,서울,남성,80,28484
2024,11,202411,서울,남성,90,2652
2024,11,202411,서울,여성,10,1111
2024,11,202411,서울,여성,20,25331
2024,11,202411,서울,여성,30,125589
2024,11,202411,서울,여성,40,185643
2024,11,202411,서울,여성,50,202557
2024,11,202411,서울,여성,60,137296
2024,11,202411,서울,여성,70,39156
2024,11,202411,서울,여성,80,7059
2024,11,202411,서울,여성,90,1281
2024,11,202411,부산,남성,10,577
2024,11,202411,부산,남성,20,25530
2024,11,202411,부산,남성,30,123074
2024,11,202411,부산,남성,40,210083
2024,11,202411,부산,남성,50,227586
2024,11,202411,부산,남성,60,201751
2024,11,202411,부산,남성,70,68909
2024,11,202411,부산,남성,80,9635
2024,11,202411,부산,남성,90,936
2024,11,202411,부산,여성,10,282
2024,11,202411,부산,여성,20,11855
2024,11,202411,부산,여성,30,49366
2024,11,202411,부산,여성,40,78745
2024,11,202411,부산,여성,50,92887
2024,11,202411,부산,여성,60,64372
2024,11,202411,부산,여성,70,14404
2024,11,202411,부산,여성,80,2238
2024,11,202411,부산,여성,90,412
2024,11,202411,대구,남성,10,212
2024,11,202411,대구,남성,20,23365
2024,11,202411,대구,남성,30,109375
2024,11,202411,대구,남성,40,187223
2024,11,202411,대구,남성,50,231813
2024,11,202411,대구,남성,60,180754
2024,11,202411,대구,남성,70,58701
2024,11,202411,대구,남성,80,8963
2024,11,202411,대구,남성,90,694
2024,11,202411,대구,여성,10,110
2024,11,202411,대구,여성,20,12176
2024,11,202411,대구,여성,30,45202
2024,11,202411,대구,여성,40,72462
2024,11,202411,대구,여성,50,95259
2024,11,202411,대구,여성,60,60228
2024,11,202411,대구,여성,70,13164
2024,11,202411,대구,여성,80,1847
2024,11,202411,대구,여성,90,325
2024,11,202411,인천,남성,10,477
2024,11,202411,인천,남성,20,31546
2024,11,202411,인천,남성,30,146363
2024,11,202411,인천,남성,40,226522
2024,11,202411,인천,남성,50,240957
2024,11,202411,인천,남성,60,188869
2024,11,202411,인천,남성,70,49151
2024,11,202411,인천,남성,80,6314
2024,11,202411,인천,남성,90,510
2024,11,202411,인천,여성,10,1767
2024,11,202411,인천,여성,20,15274
2024,11,202411,인천,여성,30,60417
2024,11,202411,인천,여성,40,86919
2024,11,202411,인천,여성,50,98425
2024,11,202411,인천,여성,60,61785
2024,11,202411,인천,여성,70,11067
2024,11,202411,인천,여성,80,1668
2024,11,202411,인천,여성,90,341
2024,11,202411,광주,남성,10,164
2024,11,202411,광주,남성,20,18528
2024,11,202411,광주,남성,30,66551
2024,11,202411,광주,남성,40,115165
2024,11,202411,광주,남성,50,133352
2024,11,202411,광주,남성,60,89591
2024,11,202411,광주,남성,70,27226
2024,11,202411,광주,남성,80,4062
2024,11,202411,광주,남성,90,275
2024,11,202411,광주,여성,10,93
2024,11,202411,광주,여성,20,11412
2024,11,202411,광주,여성,30,34717
2024,11,202411,광주,여성,40,50974
2024,11,202411,광주,여성,50,58916
2024,11,202411,광주,여성,60,32376
2024,11,202411,광주,여성,70,6572
2024,11,202411,광주,여성,80,955
2024,11,202411,광주,여성,90,207
2024,11,202411,대전,남성,10,264
2024,11,202411,대전,남성,20,18028
2024,11,202411,대전,남성,30,71278
2024,11,202411,대전,남성,40,109787
2024,11,202411,대전,남성,50,132762
2024,11,202411,대전,남성,60,98316
2024,11,202411,대전,남성,70,29522
2024,11,202411,대전,남성,80,4255
2024,11,202411,대전,남성,90,279
2024,11,202411,대전,여성,10,149
2024,11,202411,대전,여성,20,9930
2024,11,202411,대전,여성,30,32323
2024,11,202411,대전,여성,40,46450
2024,11,202411,대전,여성,50,54742
2024,11,202411,대전,여성,60,33721
2024,11,202411,대전,여성,70,6620
2024,11,202411,대전,여성,80,1007
2024,11,202411,대전,여성,90,204
2024,11,202411,울산,남성,10,210
2024,11,202411,울산,남성,20,14414
2024,11,202411,울산,남성,30,55686
2024,11,202411,울산,남성,40,98917
2024,11,202411,울산,남성,50,125395
2024,11,202411,울산,남성,60,103230
2024,11,202411,울산,남성,70,25997
2024,11,202411,울산,남성,80,2808
2024,11,202411,울산,남성,90,174
2024,11,202411,울산,여성,10,77
2024,11,202411,울산,여성,20,6020
2024,11,202411,울산,여성,30,21166
2024,11,202411,울산,여성,40,32737
2024,11,202411,울산,여성,50,39834
2024,11,202411,울산,여성,60,24340
2024,11,202411,울산,여성,70,4508
2024,11,202411,울산,여성,80,569
2024,11,202411,울산,여성,90,130
2024,11,202411,세종,남성,10,75
2024,11,202411,세종,남성,20,3497
2024,11,202411,세종,남성,30,24193
2024,11,202411,세종,남성,40,44304
2024,11,202411,세종,남성,50,36108
2024,11,202411,세종,남성,60,21642
2024,11,202411,세종,남성,70,5961
2024,11,202411,세종,남성,80,793
2024,11,202411,세종,남성,90,48
2024,11,202411,세종,여성,10,35
2024,11,202411,세종,여성,20,2344
2024,11,202411,세종,여성,30,12400
2024,11,202411,세종,여성,40,17723
2024,11,202411,세종,여성,50,13173
2024,11,202411,세종,여성,60,7088
2024,11,202411,세종,여성,70,1272
2024,11,202411,세종,여성,80,194
2024,11,202411,세종,여성,90,31
2024,11,202411,경기,남성,10,2654
2024,11,202411,경기,남성,20,145583
2024,11,202411,경기,남성,30,691769
2024,11,202411,경기,남성,40,1123749
2024,11,202411,경기,남성,50,1200185
2024,11,202411,경기,남성,60,861498
2024,11,202411,경기,남성,70,240385
2024,11,202411,경기,남성,80,39454
2024,11,202411,경기,남성,90,2921
2024,11,202411,경기,여성,10,1317
2024,11,202411,경기,여성,20,70965
2024,11,202411,경기,여성,30,281654
2024,11,202411,경기,여성,40,418769
2024,11,202411,경기,여성,50,486240
2024,11,202411,경기,여성,60,295965
2024,11,202411,경기,여성,70,61791
2024,11,202411,경기,여성,80,10193
2024,11,202411,경기,여성,90,1930
2024,11,202411,강원,남성,10,265
2024,11,202411,강원,남성,20,20599
2024,11,202411,강원,남성,30,68403
2024,11,202411,강원,남성,40,114904
2024,11,202411,강원,남성,50,163813
2024,11,202411,강원,남성,60,151900
2024,11,202411,강원,남성,70,51842
2024,11,202411,강원,남성,80,9741
2024,11,202411,강원,남성,90,485
2024,11,202411,강원,여성,10,130
2024,11,202411,강원,여성,20,10386
2024,11,202411,강원,여성,30,31331
2024,11,202411,강원,여성,40,49018
2024,11,202411,강원,여성,50,67961
2024,11,202411,강원,여성,60,52017
2024,11,202411,강원,여성,70,11484
2024,11,202411,강원,여성,80,1653
2024,11,202411,강원,여성,90,395
2024,11,202411,충북,남성,10,391
2024,11,202411,충북,남성,20,24267
2024,11,202411,충북,남성,30,84715
2024,11,202411,충북,남성,40,133092
2024,11,202411,충북,남성,50,176693
2024,11,202411,충북,남성,60,150470
2024,11,202411,충북,남성,70,47354
2024,11,202411,충북,남성,80,7694
2024,11,202411,충북,남성,90,378
2024,11,202411,충북,여성,10,171
2024,11,202411,충북,여성,20,12837
2024,11,202411,충북,여성,30,36552
2024,11,202411,충북,여성,40,52416
2024,11,202411,충북,여성,50,69123
2024,11,202411,충북,여성,60,46013
2024,11,202411,충북,여성,70,9393
2024,11,202411,충북,여성,80,1368
2024,11,202411,충북,여성,90,220
2024,11,202411,충남,남성,10,385
2024,11,202411,충남,남성,20,31386
2024,11,202411,충남,남성,30,118284
2024,11,202411,충남,남성,40,201510
2024,11,202411,충남,남성,50,236425
2024,11,202411,충남,남성,60,194492
2024,11,202411,충남,남성,70,66212
2024,11,202411,충남,남성,80,10652
2024,11,202411,충남,남성,90,681
2024,11,202411,충남,여성,10,184
2024,11,202411,충남,여성,20,15635
2024,11,202411,충남,여성,30,48466
2024,11,202411,충남,여성,40,70333
2024,11,202411,충남,여성,50,87884
2024,11,202411,충남,여성,60,61843
2024,11,202411,충남,여성,70,12801
2024,11,202411,충남,여성,80,2021
2024,11,202411,충남,여성,90,408
2024,11,202411,전북,남성,10,365
2024,11,202411,전북,남성,20,21088
2024,11,202411,전북,남성,30,70244
2024,11,202411,전북,남성,40,136626
2024,11,202411,전북,남성,50,195647
2024,11,202411,전북,남성,60,162708
2024,11,202411,전북,남성,70,60197
2024,11,202411,전북,남성,80,9648
2024,11,202411,전북,남성,90,797
2024,11,202411,전북,여성,10,177
2024,11,202411,전북,여성,20,12200
2024,11,202411,전북,여성,30,35838
2024,11,202411,전북,여성,40,56555
2024,11,202411,전북,여성,50,76458
2024,11,202411,전북,여성,60,53055
2024,11,202411,전북,여성,70,12058
2024,11,202411,전북,여성,80,2179
2024,11,202411,전북,여성,90,524
2024,11,202411,전남,남성,10,320
2024,11,202411,전남,남성,20,23565
2024,11,202411,전남,남성,30,75026
2024,11,202411,전남,남성,40,142995
2024,11,202411,전남,남성,50,212270
2024,11,202411,전남,남성,60,184668
2024,11,202411,전남,남성,70,66072
2024,11,202411,전남,남성,80,9885
2024,11,202411,전남,남성,90,724
2024,11,202411,전남,여성,10,177
2024,11,202411,전남,여성,20,12443
2024,11,202411,전남,여성,30,35496
2024,11,202411,전남,여성,40,54681
2024,11,202411,전남,여성,50,75255
2024,11,202411,전남,여성,60,53978
2024,11,202411,전남,여성,70,11208
2024,11,202411,전남,여성,80,2178
2024,11,202411,전남,여성,90,438
2024,11,202411,경북,남성,10,269
2024,11,202411,경북,남성,20,31789
2024,11,202411,경북,남성,30,115267
2024,11,202411,경북,남성,40,214233
2024,11,202411,경북,남성,50,306222
2024,11,202411,경북,남성,60,284159
2024,11,202411,경북,남성,70,102008
2024,11,202411,경북,남성,80,15388
2024,11,202411,경북,남성,90,927
2024,11,202411,경북,여성,10,115
2024,11,202411,경북,여성,20,15245
2024,11,202411,경북,여성,30,48156
2024,11,202411,경북,여성,40,79288
2024,11,202411,경북,여성,50,109450
2024,11,202411,경북,여성,60,81562
2024,11,202411,경북,여성,70,17661
2024,11,202411,경북,여성,80,2499
2024,11,202411,경북,여성,90,453
2024,11,202411,경남,남성,10,654
2024,11,202411,경남,남성,20,35446
2024,11,202411,경남,남성,30,147548
2024,11,202411,경남,남성,40,280726
2024,11,202411,경남,남성,50,354943
2024,11,202411,경남,남성,60,293069
2024,11,202411,경남,남성,70,90818
2024,11,202411,경남,남성,80,12200
2024,11,202411,경남,남성,90,812
2024,11,202411,경남,여성,10,353
2024,11,202411,경남,여성,20,17272
2024,11,202411,경남,여성,30,62854
2024,11,202411,경남,여성,40,106717
2024,11,202411,경남,여성,50,134684
2024,11,202411,경남,여성,60,87858
2024,11,202411,경남,여성,70,16918
2024,11,202411,경남,여성,80,2489
2024,11,202411,경남,여성,90,503
2024,11,202411,제주,남성,10,202
2024,11,202411,제주,남성,20,6751
2024,11,202411,제주,남성,30,28961
2024,11,202411,제주,남성,40,58007
2024,11,202411,제주,남성,50,71726
2024,11,202411,제주,남성,60,52488
2024,11,202411,제주,남성,70,17801
2024,11,202411,제주,남성,80,3463
2024,11,202411,제주,남성,90,238
2024,11,202411,제주,여성,10,71
2024,11,202411,제주,여성,20,4628
2024,11,202411,제주,여성,30,17075
2024,11,202411,제주,여성,40,28265
2024,11,202411,제주,여성,50,34505
2024,11,202411,제주,여성,60,22586
2024,11,202411,제주,여성,70,5108
2024,11,202411,제주,여성,80,758
2024,11,202411,제주,여성,90,128
2024,12,202412,서울,남성,10,2042
2024,12,202412,서울,남성,20,49846
2024,12,202412,서울,남성,30,306743
2024,12,202412,서울,남성,40,489536
2024,12,202412,서울,남성,50,533148
2024,12,202412,서울,남성,60,430538
2024,12,202412,서울,남성,70,162616
2024,12,202412,서울,남성,80,28502
2024,12,202412,서울,남성,90,2688
2024,12,202412,서울,여성,10,1106
2024,12,202412,서울,여성,20,25133
2024,12,202412,서울,여성,30,125677
2024,12,202412,서울,여성,40,185341
2024,12,202412,서울,여성,50,202554
2024,12,202412,서울,여성,60,137771
2024,12,202412,서울,여성,70,39427
2024,12,202412,서울,여성,80,7115
2024,12,202412,서울,여성,90,1277
2024,12,202412,부산,남성,10,573
2024,12,202412,부산,남성,20,25431
2024,12,202412,부산,남성,30,122992
2024,12,202412,부산,남성,40,209416
2024,12,202412,부산,남성,50,227847
2024,12,202412,부산,남성,60,201818
2024,12,202412,부산,남성,70,69528
2024,12,202412,부산,남성,80,9681
2024,12,202412,부산,남성,90,942
2024,12,202412,부산,여성,10,278
2024,12,202412,부산,여성,20,11770
2024,12,202412,부산,여성,30,49275
2024,12,202412,부산,여성,40,78516
2024,12,202412,부산,여성,50,93012
2024,12,202412,부산,여성,60,64619
2024,12,202412,부산,여성,70,14526
2024,12,202412,부산,여성,80,2217
2024,12,202412,부산,여성,90,415
2024,12,202412,대구,남성,10,205
2024,12,202412,대구,남성,20,23264
2024,12,202412,대구,남성,30,109452
2024,12,202412,대구,남성,40,186868
2024,12,202412,대구,남성,50,231682
2024,12,202412,대구,남성,60,181424
2024,12,202412,대구,남성,70,59126
2024,12,202412,대구,남성,80,8946
2024,12,202412,대구,남성,90,705
2024,12,202412,대구,여성,10,108
2024,12,202412,대구,여성,20,12127
2024,12,202412,대구,여성,30,45167
2024,12,202412,대구,여성,40,72319
2024,12,202412,대구,여성,50,95310
2024,12,202412,대구,여성,60,60740
2024,12,202412,대구,여성,70,13294
2024,12,202412,대구,여성,80,1834
2024,12,202412,대구,여성,90,328
2024,12,202412,인천,남성,10,477
2024,12,202412,인천,남성,20,31379
2024,12,202412,인천,남성,30,146459
2024,12,202412,인천,남성,40,226313
2024,12,202412,인천,남성,50,240994
2024,12,202412,인천,남성,60,189753
2024,12,202412,인천,남성,70,49580
2024,12,202412,인천,남성,80,6326
2024,12,202412,인천,남성,90,519
2024,12,202412,인천,여성,10,1717
2024,12,202412,인천,여성,20,15163
2024,12,202412,인천,여성,30,60596
2024,12,202412,인천,여성,40,86862
2024,12,202412,인천,여성,50,98561
2024,12,202412,인천,여성,60,62303
2024,12,202412,인천,여성,70,11179
2024,12,202412,인천,여성,80,1665
2024,12,202412,인천,여성,90,343
2024,12,202412,광주,남성,10,164
2024,12,202412,광주,남성,20,18556
2024,12,202412,광주,남성,30,66566
2024,12,202412,광주,남성,40,114657
2024,12,202412,광주,남성,50,133424
2024,12,202412,광주,남성,60,89958
2024,12,202412,광주,남성,70,27404
2024,12,202412,광주,남성,80,4068
2024,12,202412,광주,남성,90,281
2024,12,202412,광주,여성,10,94
2024,12,202412,광주,여성,20,11420
2024,12,202412,광주,여성,30,34663
2024,12,202412,광주,여성,40,50799
2024,12,202412,광주,여성,50,59046
2024,12,202412,광주,여성,60,32566
2024,12,202412,광주,여성,70,6648
2024,12,202412,광주,여성,80,959
2024,12,202412,광주,여성,90,205
2024,12,202412,대전,남성,10,257
2024,12,202412,대전,남성,20,17968
2024,12,202412,대전,남성,30,71315
2024,12,202412,대전,남성,40,109422
2024,12,202412,대전,남성,50,132785
2024,12,202412,대전,남성,60,98732
2024,12,202412,대전,남성,70,29749
2024,12,202412,대전,남성,80,4224
2024,12,202412,대전,남성,90,279
2024,12,202412,대전,여성,10,143
2024,12,202412,대전,여성,20,9833
2024,12,202412,대전,여성,30,32422
2024,12,202412,대전,여성,40,46183
2024,12,202412,대전,여성,50,54840
2024,12,202412,대전,여성,60,33950
2024,12,202412,대전,여성,70,6670
2024,12,202412,대전,여성,80,1005
2024,12,202412,대전,여성,90,204
2024,12,202412,울산,남성,10,212
2024,12,202412,울산,남성,20,14442
2024,12,202412,울산,남성,30,55771
2024,12,202412,울산,남성,40,98686
2024,12,202412,울산,남성,50,124986
2024,12,202412,울산,남성,60,103741
2024,12,202412,울산,남성,70,26225
2024,12,202412,울산,남성,80,2827
2024,12,202412,울산,남성,90,176
2024,12,202412,울산,여성,10,76
2024,12,202412,울산,여성,20,5995
2024,12,202412,울산,여성,30,21130
2024,12,202412,울산,여성,40,32711
2024,12,202412,울산,여성,50,39868
2024,12,202412,울산,여성,60,24527
2024,12,202412,울산,여성,70,4552
2024,12,202412,울산,여성,80,568
2024,12,202412,울산,여성,90,133
2024,12,202412,세종,남성,10,73
2024,12,202412,세종,남성,20,3469
2024,12,202412,세종,남성,30,24151
2024,12,202412,세종,남성,40,44201
2024,12,202412,세종,남성,50,36248
2024,12,202412,세종,남성,60,21704
2024,12,202412,세종,남성,70,6034
2024,12,202412,세종,남성,80,797
2024,12,202412,세종,남성,90,50
2024,12,202412,세종,여성,10,35
2024,12,202412,세종,여성,20,2325
2024,12,202412,세종,여성,30,12430
2024,12,202412,세종,여성,40,17719
2024,12,202412,세종,여성,50,13216
2024,12,202412,세종,여성,60,7119
2024,12,202412,세종,여성,70,1292
2024,12,202412,세종,여성,80,191
2024,12,202412,세종,여성,90,29
2024,12,202412,경기,남성,10,2627
2024,12,202412,경기,남성,20,145128
2024,12,202412,경기,남성,30,692024
2024,12,202412,경기,남성,40,1122196
2024,12,202412,경기,남성,50,1200808
2024,12,202412,경기,남성,60,866204
2024,12,202412,경기,남성,70,242315
2024,12,202412,경기,남성,80,39507
2024,12,202412,경기,남성,90,2949
2024,12,202412,경기,여성,10,1299
2024,12,202412,경기,여성,20,70295
2024,12,202412,경기,여성,30,282376
2024,12,202412,경기,여성,40,417612
2024,12,202412,경기,여성,50,486960
2024,12,202412,경기,여성,60,298104
2024,12,202412,경기,여성,70,62350
2024,12,202412,경기,여성,80,10207
2024,12,202412,경기,여성,90,1934
2024,12,202412,강원,남성,10,265
2024,12,202412,강원,남성,20,20522
2024,12,202412,강원,남성,30,68457
2024,12,202412,강원,남성,40,114383
2024,12,202412,강원,남성,50,163913
2024,12,202412,강원,남성,60,152181
2024,12,202412,강원,남성,70,52295
2024,12,202412,강원,남성,80,9795
2024,12,202412,강원,남성,90,495
2024,12,202412,강원,여성,10,130
2024,12,202412,강원,여성,20,10334
2024,12,202412,강원,여성,30,31333
2024,12,202412,강원,여성,40,48815
2024,12,202412,강원,여성,50,67952
2024,12,202412,강원,여성,60,52267
2024,12,202412,강원,여성,70,11628
2024,12,202412,강원,여성,80,1652
2024,12,202412,강원,여성,90,403
2024,12,202412,충북,남성,10,376
2024,12,202412,충북,남성,20,24163
2024,12,202412,충북,남성,30,84836
2024,12,202412,충북,남성,40,132466
2024,12,202412,충북,남성,50,176329
2024,12,202412,충북,남성,60,151610
2024,12,202412,충북,남성,70,47775
2024,12,202412,충북,남성,80,7690
2024,12,202412,충북,남성,90,378
2024,12,202412,충북,여성,10,173
2024,12,202412,충북,여성,20,12768
2024,12,202412,충북,여성,30,36660
2024,12,202412,충북,여성,40,52209
2024,12,202412,충북,여성,50,69182
2024,12,202412,충북,여성,60,46492
2024,12,202412,충북,여성,70,9518
2024,12,202412,충북,여성,80,1366
2024,12,202412,충북,여성,90,223
2024,12,202412,충남,남성,10,384
2024,12,202412,충남,남성,20,31313
2024,12,202412,충남,남성,30,118303
2024,12,202412,충남,남성,40,200521
2024,12,202412,충남,남성,50,236318
2024,12,202412,충남,남성,60,195567
2024,12,202412,충남,남성,70,66765
2024,12,202412,충남,남성,80,10644
2024,12,202412,충남,남성,90,691
2024,12,202412,충남,여성,10,186
2024,12,202412,충남,여성,20,15554
2024,12,202412,충남,여성,30,48585
2024,12,202412,충남,여성,40,69980
2024,12,202412,충남,여성,50,88005
2024,12,202412,충남,여성,60,62389
2024,12,202412,충남,여성,70,12986
2024,12,202412,충남,여성,80,2006
2024,12,202412,충남,여성,90,413
2024,12,202412,전북,남성,10,366
2024,12,202412,전북,남성,20,21020
2024,12,202412,전북,남성,30,70259
2024,12,202412,전북,남성,40,136257
2024,12,202412,전북,남성,50,195295
2024,12,202412,전북,남성,60,163495
2024,12,202412,전북,남성,70,60684
2024,12,202412,전북,남성,80,9651
2024,12,202412,전북,남성,90,794
2024,12,202412,전북,여성,10,176
2024,12,202412,전북,여성,20,12117
2024,12,202412,전북,여성,30,35858
2024,12,202412,전북,여성,40,56246
2024,12,202412,전북,여성,50,76547
2024,12,202412,전북,여성,60,53335
2024,12,202412,전북,여성,70,12256
2024,12,202412,전북,여성,80,2157
2024,12,202412,전북,여성,90,529
2024,12,202412,전남,남성,10,321
2024,12,202412,전남,남성,20,23529
2024,12,202412,전남,남성,30,74998
2024,12,202412,전남,남성,40,142734
2024,12,202412,전남,남성,50,212045
2024,12,202412,전남,남성,60,185411
2024,12,202412,전남,남성,70,66616
2024,12,202412,전남,남성,80,9905
2024,12,202412,전남,남성,90,718
2024,12,202412,전남,여성,10,175
2024,12,202412,전남,여성,20,12376
2024,12,202412,전남,여성,30,35616
2024,12,202412,전남,여성,40,54565
2024,12,202412,전남,여성,50,75310
2024,12,202412,전남,여성,60,54231
2024,12,202412,전남,여성,70,11363
2024,12,202412,전남,여성,80,2147
2024,12,202412,전남,여성,90,441
2024,12,202412,경북,남성,10,276
2024,12,202412,경북,남성,20,31577
2024,12,202412,경북,남성,30,114942
2024,12,202412,경북,남성,40,213283
2024,12,202412,경북,남성,50,305926
2024,12,202412,경북,남성,60,284896
2024,12,202412,경북,남성,70,102792
2024,12,202412,경북,남성,80,15403
2024,12,202412,경북,남성,90,933
2024,12,202412,경북,여성,10,115
2024,12,202412,경북,여성,20,15139
2024,12,202412,경북,여성,30,48245
2024,12,202412,경북,여성,40,78947
2024,12,202412,경북,여성,50,109539
2024,12,202412,경북,여성,60,82038
2024,12,202412,경북,여성,70,17864
2024,12,202412,경북,여성,80,2487
2024,12,202412,경북,여성,90,458
2024,12,202412,경남,남성,10,658
2024,12,202412,경남,남성,20,35317
2024,12,202412,경남,남성,30,147415
2024,12,202412,경남,남성,40,279449
2024,12,202412,경남,남성,50,354823
2024,12,202412,경남,남성,60,294219
2024,12,202412,경남,남성,70,91670
2024,12,202412,경남,남성,80,12284
2024,12,202412,경남,남성,90,800
2024,12,202412,경남,여성,10,350
2024,12,202412,경남,여성,20,17116
2024,12,202412,경남,여성,30,62862
2024,12,202412,경남,여성,40,106309
2024,12,202412,경남,여성,50,134993
2024,12,202412,경남,여성,60,88551
2024,12,202412,경남,여성,70,17117
2024,12,202412,경남,여성,80,2485
2024,12,202412,경남,여성,90,506
2024,12,202412,제주,남성,10,193
2024,12,202412,제주,남성,20,6686
2024,12,202412,제주,남성,30,28866
2024,12,202412,제주,남성,40,57864
2024,12,202412,제주,남성,50,71778
2024,12,202412,제주,남성,60,52578
2024,12,202412,제주,남성,70,17932
2024,12,202412,제주,남성,80,3475
2024,12,202412,제주,남성,90,244
2024,12,202412,제주,여성,10,73
2024,12,202412,제주,여성,20,4584
2024,12,202412,제주,여성,30,17082
2024,12,202412,제주,여성,40,28277
2024,12,202412,제주,여성,50,34431
2024,12,202412,제주,여성,60,22767
2024,12,202412,제주,여성,70,5165
2024,12,202412,제주,여성,80,759
2024,12,202412,제주,여성,90,130
2025,01,202501,서울,남성,10,2028
2025,01,202501,서울,남성,20,49359
2025,01,202501,서울,남성,30,304991
2025,01,202501,서울,남성,40,489254
2025,01,202501,서울,남성,50,534192
2025,01,202501,서울,남성,60,430519
2025,01,202501,서울,남성,70,164619
2025,01,202501,서울,남성,80,28873
2025,01,202501,서울,남성,90,2723
2025,01,202501,서울,여성,10,1089
2025,01,202501,서울,여성,20,24807
2025,01,202501,서울,여성,30,125066
2025,01,202501,서울,여성,40,185116
2025,01,202501,서울,여성,50,203021
2025,01,202501,서울,여성,60,138164
2025,01,202501,서울,여성,70,39964
2025,01,202501,서울,여성,80,7190
2025,01,202501,서울,여성,90,1289
2025,01,202501,부산,남성,10,584
2025,01,202501,부산,남성,20,25365
2025,01,202501,부산,남성,30,122401
2025,01,202501,부산,남성,40,208640
2025,01,202501,부산,남성,50,228476
2025,01,202501,부산,남성,60,201740
2025,01,202501,부산,남성,70,70431
2025,01,202501,부산,남성,80,9770
2025,01,202501,부산,남성,90,948
2025,01,202501,부산,여성,10,274
2025,01,202501,부산,여성,20,11708
2025,01,202501,부산,여성,30,49119
2025,01,202501,부산,여성,40,78349
2025,01,202501,부산,여성,50,93250
2025,01,202501,부산,여성,60,64806
2025,01,202501,부산,여성,70,14801
2025,01,202501,부산,여성,80,2226
2025,01,202501,부산,여성,90,424
2025,01,202501,대구,남성,10,205
2025,01,202501,대구,남성,20,23106
2025,01,202501,대구,남성,30,108903
2025,01,202501,대구,남성,40,186214
2025,01,202501,대구,남성,50,231971
2025,01,202501,대구,남성,60,181895
2025,01,202501,대구,남성,70,59936
2025,01,202501,대구,남성,80,9034
2025,01,202501,대구,남성,90,716
2025,01,202501,대구,여성,10,100
2025,01,202501,대구,여성,20,12060
2025,01,202501,대구,여성,30,45068
2025,01,202501,대구,여성,40,72079
2025,01,202501,대구,여성,50,95622
2025,01,202501,대구,여성,60,61047
2025,01,202501,대구,여성,70,13536
2025,01,202501,대구,여성,80,1841
2025,01,202501,대구,여성,90,335
2025,01,202501,인천,남성,10,481
2025,01,202501,인천,남성,20,31046
2025,01,202501,인천,남성,30,145821
2025,01,202501,인천,남성,40,226249
2025,01,202501,인천,남성,50,241601
2025,01,202501,인천,남성,60,190412
2025,01,202501,인천,남성,70,50452
2025,01,202501,인천,남성,80,6412
2025,01,202501,인천,남성,90,532
2025,01,202501,인천,여성,10,1658
2025,01,202501,인천,여성,20,15093
2025,01,202501,인천,여성,30,60520
2025,01,202501,인천,여성,40,86753
2025,01,202501,인천,여성,50,98979
2025,01,202501,인천,여성,60,62728
2025,01,202501,인천,여성,70,11438
2025,01,202501,인천,여성,80,1669
2025,01,202501,인천,여성,90,345
2025,01,202501,광주,남성,10,172
2025,01,202501,광주,남성,20,18410
2025,01,202501,광주,남성,30,66232
2025,01,202501,광주,남성,40,114295
2025,01,202501,광주,남성,50,133820
2025,01,202501,광주,남성,60,90280
2025,01,202501,광주,남성,70,27737
2025,01,202501,광주,남성,80,4111
2025,01,202501,광주,남성,90,286
2025,01,202501,광주,여성,10,94
2025,01,202501,광주,여성,20,11283
2025,01,202501,광주,여성,30,34598
2025,01,202501,광주,여성,40,50792
2025,01,202501,광주,여성,50,59219
2025,01,202501,광주,여성,60,32731
2025,01,202501,광주,여성,70,6758
2025,01,202501,광주,여성,80,959
2025,01,202501,광주,여성,90,207
2025,01,202501,대전,남성,10,252
2025,01,202501,대전,남성,20,17895
2025,01,202501,대전,남성,30,71016
2025,01,202501,대전,남성,40,109223
2025,01,202501,대전,남성,50,133126
2025,01,202501,대전,남성,60,98914
2025,01,202501,대전,남성,70,30185
2025,01,202501,대전,남성,80,4261
2025,01,202501,대전,남성,90,287
2025,01,202501,대전,여성,10,148
2025,01,202501,대전,여성,20,9812
2025,01,202501,대전,여성,30,32443
2025,01,202501,대전,여성,40,46114
2025,01,202501,대전,여성,50,55046
2025,01,202501,대전,여성,60,34104
2025,01,202501,대전,여성,70,6809
2025,01,202501,대전,여성,80,1001
2025,01,202501,대전,여성,90,205
2025,01,202501,울산,남성,10,210
2025,01,202501,울산,남성,20,14520
2025,01,202501,울산,남성,30,55658
2025,01,202501,울산,남성,40,98491
2025,01,202501,울산,남성,50,125082
2025,01,202501,울산,남성,60,104062
2025,01,202501,울산,남성,70,26569
2025,01,202501,울산,남성,80,2867
2025,01,202501,울산,남성,90,179
2025,01,202501,울산,여성,10,76
2025,01,202501,울산,여성,20,5956
2025,01,202501,울산,여성,30,21129
2025,01,202501,울산,여성,40,32607
2025,01,202501,울산,여성,50,40096
2025,01,202501,울산,여성,60,24599
2025,01,202501,울산,여성,70,4632
2025,01,202501,울산,여성,80,571
2025,01,202501,울산,여성,90,134
2025,01,202501,세종,남성,10,70
2025,01,202501,세종,남성,20,3411
2025,01,202501,세종,남성,30,24012
2025,01,202501,세종,남성,40,44125
2025,01,202501,세종,남성,50,36467
2025,01,202501,세종,남성,60,21784
2025,01,202501,세종,남성,70,6139
2025,01,202501,세종,남성,80,814
2025,01,202501,세종,남성,90,50
2025,01,202501,세종,여성,10,37
2025,01,202501,세종,여성,20,2291
2025,01,202501,세종,여성,30,12377
2025,01,202501,세종,여성,40,17715
2025,01,202501,세종,여성,50,13353
2025,01,202501,세종,여성,60,7215
2025,01,202501,세종,여성,70,1310
2025,01,202501,세종,여성,80,188
2025,01,202501,세종,여성,90,31
2025,01,202501,경기,남성,10,2631
2025,01,202501,경기,남성,20,144329
2025,01,202501,경기,남성,30,688606
2025,01,202501,경기,남성,40,1120419
2025,01,202501,경기,남성,50,1203250
2025,01,202501,경기,남성,60,869338
2025,01,202501,경기,남성,70,246233
2025,01,202501,경기,남성,80,39964
2025,01,202501,경기,남성,90,2994
2025,01,202501,경기,여성,10,1311
2025,01,202501,경기,여성,20,69633
2025,01,202501,경기,여성,30,281598
2025,01,202501,경기,여성,40,417302
2025,01,202501,경기,여성,50,488500
2025,01,202501,경기,여성,60,299665
2025,01,202501,경기,여성,70,63709
2025,01,202501,경기,여성,80,10291
2025,01,202501,경기,여성,90,1939
2025,01,202501,강원,남성,10,272
2025,01,202501,강원,남성,20,20374
2025,01,202501,강원,남성,30,68188
2025,01,202501,강원,남성,40,114148
2025,01,202501,강원,남성,50,164121
2025,01,202501,강원,남성,60,152327
2025,01,202501,강원,남성,70,53027
2025,01,202501,강원,남성,80,9924
2025,01,202501,강원,남성,90,497
2025,01,202501,강원,여성,10,133
2025,01,202501,강원,여성,20,10252
2025,01,202501,강원,여성,30,31236
2025,01,202501,강원,여성,40,48679
2025,01,202501,강원,여성,50,68193
2025,01,202501,강원,여성,60,52427
2025,01,202501,강원,여성,70,11890
2025,01,202501,강원,여성,80,1664
2025,01,202501,강원,여성,90,401
2025,01,202501,충북,남성,10,372
2025,01,202501,충북,남성,20,24034
2025,01,202501,충북,남성,30,84781
2025,01,202501,충북,남성,40,132208
2025,01,202501,충북,남성,50,176555
2025,01,202501,충북,남성,60,152081
2025,01,202501,충북,남성,70,48418
2025,01,202501,충북,남성,80,7772
2025,01,202501,충북,남성,90,393
2025,01,202501,충북,여성,10,176
2025,01,202501,충북,여성,20,12681
2025,01,202501,충북,여성,30,36681
2025,01,202501,충북,여성,40,52108
2025,01,202501,충북,여성,50,69524
2025,01,202501,충북,여성,60,46722
2025,01,202501,충북,여성,70,9740
2025,01,202501,충북,여성,80,1360
2025,01,202501,충북,여성,90,226
2025,01,202501,충남,남성,10,382
2025,01,202501,충남,남성,20,31175
2025,01,202501,충남,남성,30,117744
2025,01,202501,충남,남성,40,200291
2025,01,202501,충남,남성,50,236705
2025,01,202501,충남,남성,60,196533
2025,01,202501,충남,남성,70,67549
2025,01,202501,충남,남성,80,10800
2025,01,202501,충남,남성,90,693
2025,01,202501,충남,여성,10,191
2025,01,202501,충남,여성,20,15465
2025,01,202501,충남,여성,30,48570
2025,01,202501,충남,여성,40,69876
2025,01,202501,충남,여성,50,88196
2025,01,202501,충남,여성,60,62832
2025,01,202501,충남,여성,70,13254
2025,01,202501,충남,여성,80,2005
2025,01,202501,충남,여성,90,415
2025,01,202501,전북,남성,10,367
2025,01,202501,전북,남성,20,20916
2025,01,202501,전북,남성,30,70008
2025,01,202501,전북,남성,40,135673
2025,01,202501,전북,남성,50,195814
2025,01,202501,전북,남성,60,163867
2025,01,202501,전북,남성,70,61516
2025,01,202501,전북,남성,80,9748
2025,01,202501,전북,남성,90,798
2025,01,202501,전북,여성,10,173
2025,01,202501,전북,여성,20,11988
2025,01,202501,전북,여성,30,35918
2025,01,202501,전북,여성,40,56140
2025,01,202501,전북,여성,50,76718
2025,01,202501,전북,여성,60,53572
2025,01,202501,전북,여성,70,12499
2025,01,202501,전북,여성,80,2137
2025,01,202501,전북,여성,90,541
2025,01,202501,전남,남성,10,317
2025,01,202501,전남,남성,20,23355
2025,01,202501,전남,남성,30,74748
2025,01,202501,전남,남성,40,142494
2025,01,202501,전남,남성,50,212261
2025,01,202501,전남,남성,60,186018
2025,01,202501,전남,남성,70,67329
2025,01,202501,전남,남성,80,10072
2025,01,202501,전남,남성,90,726
2025,01,202501,전남,여성,10,175
2025,01,202501,전남,여성,20,12309
2025,01,202501,전남,여성,30,35626
2025,01,202501,전남,여성,40,54434
2025,01,202501,전남,여성,50,75682
2025,01,202501,전남,여성,60,54551
2025,01,202501,전남,여성,70,11568
2025,01,202501,전남,여성,80,2144
2025,01,202501,전남,여성,90,451
2025,01,202501,경북,남성,10,276
2025,01,202501,경북,남성,20,31482
2025,01,202501,경북,남성,30,114417
2025,01,202501,경북,남성,40,212284
2025,01,202501,경북,남성,50,306537
2025,01,202501,경북,남성,60,285250
2025,01,202501,경북,남성,70,104190
2025,01,202501,경북,남성,80,15541
2025,01,202501,경북,남성,90,955
2025,01,202501,경북,여성,10,124
2025,01,202501,경북,여성,20,15061
2025,01,202501,경북,여성,30,48208
2025,01,202501,경북,여성,40,78666
2025,01,202501,경북,여성,50,109879
2025,01,202501,경북,여성,60,82512
2025,01,202501,경북,여성,70,18267
2025,01,202501,경북,여성,80,2485
2025,01,202501,경북,여성,90,460
2025,01,202501,경남,남성,10,656
2025,01,202501,경남,남성,20,35236
2025,01,202501,경남,남성,30,146736
2025,01,202501,경남,남성,40,278921
2025,01,202501,경남,남성,50,355313
2025,01,202501,경남,남성,60,294829
2025,01,202501,경남,남성,70,92913
2025,01,202501,경남,남성,80,12371
2025,01,202501,경남,남성,90,822
2025,01,202501,경남,여성,10,346
2025,01,202501,경남,여성,20,17065
2025,01,202501,경남,여성,30,62706
2025,01,202501,경남,여성,40,106058
2025,01,202501,경남,여성,50,135405
2025,01,202501,경남,여성,60,89003
2025,01,202501,경남,여성,70,17459
2025,01,202501,경남,여성,80,2479
2025,01,202501,경남,여성,90,508
2025,01,202501,제주,남성,10,191
2025,01,202501,제주,남성,20,6595
2025,01,202501,제주,남성,30,28717
2025,01,202501,제주,남성,40,57594
2025,01,202501,제주,남성,50,71841
2025,01,202501,제주,남성,60,52666
2025,01,202501,제주,남성,70,18126
2025,01,202501,제주,남성,80,3525
2025,01,202501,제주,남성,90,249
2025,01,202501,제주,여성,10,69
2025,01,202501,제주,여성,20,4511
2025,01,202501,제주,여성,30,17045
2025,01,202501,제주,여성,40,28151
2025,01,202501,제주,여성,50,34528
2025,01,202501,제주,여성,60,22853
2025,01,202501,제주,여성,70,5269
2025,01,202501,제주,여성,80,765
2025,01,202501,제주,여성,90,129
2025,02,202502,서울,남성,10,2010
2025,02,202502,서울,남성,20,48936
2025,02,202502,서울,남성,30,302845
2025,02,202502,서울,남성,40,489442
2025,02,202502,서울,남성,50,534081
2025,02,202502,서울,남성,60,431183
2025,02,202502,서울,남성,70,166041
2025,02,202502,서울,남성,80,29092
2025,02,202502,서울,남성,90,2751
2025,02,202502,서울,여성,10,1089
2025,02,202502,서울,여성,20,24539
2025,02,202502,서울,여성,30,124553
2025,02,202502,서울,여성,40,185175
2025,02,202502,서울,여성,50,203130
2025,02,202502,서울,여성,60,138557
2025,02,202502,서울,여성,70,40541
2025,02,202502,서울,여성,80,7240
2025,02,202502,서울,여성,90,1296
2025,02,202502,부산,남성,10,584
2025,02,202502,부산,남성,20,25301
2025,02,202502,부산,남성,30,121670
2025,02,202502,부산,남성,40,208345
2025,02,202502,부산,남성,50,228311
2025,02,202502,부산,남성,60,201766
2025,02,202502,부산,남성,70,71197
2025,02,202502,부산,남성,80,9866
2025,02,202502,부산,남성,90,952
2025,02,202502,부산,여성,10,278
2025,02,202502,부산,여성,20,11677
2025,02,202502,부산,여성,30,48949
2025,02,202502,부산,여성,40,78169
2025,02,202502,부산,여성,50,93189
2025,02,202502,부산,여성,60,64884
2025,02,202502,부산,여성,70,15055
2025,02,202502,부산,여성,80,2249
2025,02,202502,부산,여성,90,427
2025,02,202502,대구,남성,10,207
2025,02,202502,대구,남성,20,23055
2025,02,202502,대구,남성,30,108333
2025,02,202502,대구,남성,40,185704
2025,02,202502,대구,남성,50,231551
2025,02,202502,대구,남성,60,182167
2025,02,202502,대구,남성,70,60583
2025,02,202502,대구,남성,80,9126
2025,02,202502,대구,남성,90,717
2025,02,202502,대구,여성,10,101
2025,02,202502,대구,여성,20,12006
2025,02,202502,대구,여성,30,45034
2025,02,202502,대구,여성,40,71843
2025,02,202502,대구,여성,50,95533
2025,02,202502,대구,여성,60,61459
2025,02,202502,대구,여성,70,13725
2025,02,202502,대구,여성,80,1846
2025,02,202502,대구,여성,90,337
2025,02,202502,인천,남성,10,485
2025,02,202502,인천,남성,20,30930
2025,02,202502,인천,남성,30,145391
2025,02,202502,인천,남성,40,226328
2025,02,202502,인천,남성,50,241662
2025,02,202502,인천,남성,60,191199
2025,02,202502,인천,남성,70,51134
2025,02,202502,인천,남성,80,6472
2025,02,202502,인천,남성,90,536
2025,02,202502,인천,여성,10,1592
2025,02,202502,인천,여성,20,14990
2025,02,202502,인천,여성,30,60604
2025,02,202502,인천,여성,40,86714
2025,02,202502,인천,여성,50,99184
2025,02,202502,인천,여성,60,63264
2025,02,202502,인천,여성,70,11637
2025,02,202502,인천,여성,80,1681
2025,02,202502,인천,여성,90,351
2025,02,202502,광주,남성,10,173
2025,02,202502,광주,남성,20,18224
2025,02,202502,광주,남성,30,65760
2025,02,202502,광주,남성,40,114276
2025,02,202502,광주,남성,50,133747
2025,02,202502,광주,남성,60,90532
2025,02,202502,광주,남성,70,27977
2025,02,202502,광주,남성,80,4137
2025,02,202502,광주,남성,90,287
2025,02,202502,광주,여성,10,96
2025,02,202502,광주,여성,20,11239
2025,02,202502,광주,여성,30,34427
2025,02,202502,광주,여성,40,50801
2025,02,202502,광주,여성,50,59357
2025,02,202502,광주,여성,60,32908
2025,02,202502,광주,여성,70,6848
2025,02,202502,광주,여성,80,960
2025,02,202502,광주,여성,90,210
2025,02,202502,대전,남성,10,253
2025,02,202502,대전,남성,20,17847
2025,02,202502,대전,남성,30,70728
2025,02,202502,대전,남성,40,109095
2025,02,202502,대전,남성,50,133075
2025,02,202502,대전,남성,60,99096
2025,02,202502,대전,남성,70,30599
2025,02,202502,대전,남성,80,4272
2025,02,202502,대전,남성,90,294
2025,02,202502,대전,여성,10,147
2025,02,202502,대전,여성,20,9792
2025,02,202502,대전,여성,30,32455
2025,02,202502,대전,여성,40,46157
2025,02,202502,대전,여성,50,55027
2025,02,202502,대전,여성,60,34325
2025,02,202502,대전,여성,70,6905
2025,02,202502,대전,여성,80,1008
2025,02,202502,대전,여성,90,203
2025,02,202502,울산,남성,10,214
2025,02,202502,울산,남성,20,14493
2025,02,202502,울산,남성,30,55393
2025,02,202502,울산,남성,40,98299
2025,02,202502,울산,남성,50,124631
2025,02,202502,울산,남성,60,104469
2025,02,202502,울산,남성,70,26949
2025,02,202502,울산,남성,80,2898
2025,02,202502,울산,남성,90,177
2025,02,202502,울산,여성,10,76
2025,02,202502,울산,여성,20,5916
2025,02,202502,울산,여성,30,21102
2025,02,202502,울산,여성,40,32569
2025,02,202502,울산,여성,50,40154
2025,02,202502,울산,여성,60,24713
2025,02,202502,울산,여성,70,4743
2025,02,202502,울산,여성,80,571
2025,02,202502,울산,여성,90,137
2025,02,202502,세종,남성,10,72
2025,02,202502,세종,남성,20,3395
2025,02,202502,세종,남성,30,23849
2025,02,202502,세종,남성,40,44268
2025,02,202502,세종,남성,50,36623
2025,02,202502,세종,남성,60,21888
2025,02,202502,세종,남성,70,6254
2025,02,202502,세종,남성,80,812
2025,02,202502,세종,남성,90,51
2025,02,202502,세종,여성,10,38
2025,02,202502,세종,여성,20,2289
2025,02,202502,세종,여성,30,12363
2025,02,202502,세종,여성,40,17801
2025,02,202502,세종,여성,50,13367
2025,02,202502,세종,여성,60,7290
2025,02,202502,세종,여성,70,1329
2025,02,202502,세종,여성,80,190
2025,02,202502,세종,여성,90,30
2025,02,202502,경기,남성,10,2640
2025,02,202502,경기,남성,20,143577
2025,02,202502,경기,남성,30,684704
2025,02,202502,경기,남성,40,1119669
2025,02,202502,경기,남성,50,1201881
2025,02,202502,경기,남성,60,873744
2025,02,202502,경기,남성,70,249465
2025,02,202502,경기,남성,80,40330
2025,02,202502,경기,남성,90,3030
2025,02,202502,경기,여성,10,1322
2025,02,202502,경기,여성,20,69328
2025,02,202502,경기,여성,30,280755
2025,02,202502,경기,여성,40,416808
2025,02,202502,경기,여성,50,488702
2025,02,202502,경기,여성,60,302022
2025,02,202502,경기,여성,70,64800
2025,02,202502,경기,여성,80,10316
2025,02,202502,경기,여성,90,1952
2025,02,202502,강원,남성,10,266
2025,02,202502,강원,남성,20,20307
2025,02,202502,강원,남성,30,67900
2025,02,202502,강원,남성,40,113669
2025,02,202502,강원,남성,50,164097
2025,02,202502,강원,남성,60,152564
2025,02,202502,강원,남성,70,53712
2025,02,202502,강원,남성,80,10032
2025,02,202502,강원,남성,90,506
2025,02,202502,강원,여성,10,134
2025,02,202502,강원,여성,20,10152
2025,02,202502,강원,여성,30,31233
2025,02,202502,강원,여성,40,48614
2025,02,202502,강원,여성,50,68062
2025,02,202502,강원,여성,60,52693
2025,02,202502,강원,여성,70,12133
2025,02,202502,강원,여성,80,1688
2025,02,202502,강원,여성,90,392
2025,02,202502,충북,남성,10,388
2025,02,202502,충북,남성,20,23902
2025,02,202502,충북,남성,30,84654
2025,02,202502,충북,남성,40,132145
2025,02,202502,충북,남성,50,176234
2025,02,202502,충북,남성,60,152697
2025,02,202502,충북,남성,70,49043
2025,02,202502,충북,남성,80,7847
2025,02,202502,충북,남성,90,396
2025,02,202502,충북,여성,10,177
2025,02,202502,충북,여성,20,12642
2025,02,202502,충북,여성,30,36735
2025,02,202502,충북,여성,40,52058
2025,02,202502,충북,여성,50,69524
2025,02,202502,충북,여성,60,47023
2025,02,202502,충북,여성,70,9925
2025,02,202502,충북,여성,80,1360
2025,02,202502,충북,여성,90,235
2025,02,202502,충남,남성,10,386
2025,02,202502,충남,남성,20,31129
2025,02,202502,충남,남성,30,117170
2025,02,202502,충남,남성,40,200334
2025,02,202502,충남,남성,50,236344
2025,02,202502,충남,남성,60,197546
2025,02,202502,충남,남성,70,68432
2025,02,202502,충남,남성,80,10905
2025,02,202502,충남,남성,90,701
2025,02,202502,충남,여성,10,189
2025,02,202502,충남,여성,20,15440
2025,02,202502,충남,여성,30,48442
2025,02,202502,충남,여성,40,69921
2025,02,202502,충남,여성,50,88092
2025,02,202502,충남,여성,60,63420
2025,02,202502,충남,여성,70,13562
2025,02,202502,충남,여성,80,2009
2025,02,202502,충남,여성,90,415
2025,02,202502,전북,남성,10,368
2025,02,202502,전북,남성,20,20910
2025,02,202502,전북,남성,30,69537
2025,02,202502,전북,남성,40,135719
2025,02,202502,전북,남성,50,195680
2025,02,202502,전북,남성,60,164501
2025,02,202502,전북,남성,70,62038
2025,02,202502,전북,남성,80,9804
2025,02,202502,전북,남성,90,812
2025,02,202502,전북,여성,10,173
2025,02,202502,전북,여성,20,11981
2025,02,202502,전북,여성,30,35816
2025,02,202502,전북,여성,40,56022
2025,02,202502,전북,여성,50,76918
2025,02,202502,전북,여성,60,53824
2025,02,202502,전북,여성,70,12740
2025,02,202502,전북,여성,80,2125
2025,02,202502,전북,여성,90,546
2025,02,202502,전남,남성,10,312
2025,02,202502,전남,남성,20,23371
2025,02,202502,전남,남성,30,74290
2025,02,202502,전남,남성,40,142572
2025,02,202502,전남,남성,50,212593
2025,02,202502,전남,남성,60,186620
2025,02,202502,전남,남성,70,67975
2025,02,202502,전남,남성,80,10165
2025,02,202502,전남,남성,90,732
2025,02,202502,전남,여성,10,178
2025,02,202502,전남,여성,20,12278
2025,02,202502,전남,여성,30,35593
2025,02,202502,전남,여성,40,54621
2025,02,202502,전남,여성,50,75876
2025,02,202502,전남,여성,60,54858
2025,02,202502,전남,여성,70,11758
2025,02,202502,전남,여성,80,2137
2025,02,202502,전남,여성,90,455
2025,02,202502,경북,남성,10,271
2025,02,202502,경북,남성,20,31410
2025,02,202502,경북,남성,30,113732
2025,02,202502,경북,남성,40,211904
2025,02,202502,경북,남성,50,306362
2025,02,202502,경북,남성,60,285931
2025,02,202502,경북,남성,70,105460
2025,02,202502,경북,남성,80,15662
2025,02,202502,경북,남성,90,973
2025,02,202502,경북,여성,10,124
2025,02,202502,경북,여성,20,15036
2025,02,202502,경북,여성,30,48184
2025,02,202502,경북,여성,40,78629
2025,02,202502,경북,여성,50,110012
2025,02,202502,경북,여성,60,83032
2025,02,202502,경북,여성,70,18602
2025,02,202502,경북,여성,80,2500
2025,02,202502,경북,여성,90,456
2025,02,202502,경남,남성,10,655
2025,02,202502,경남,남성,20,35091
2025,02,202502,경남,남성,30,146077
2025,02,202502,경남,남성,40,278507
2025,02,202502,경남,남성,50,355163
2025,02,202502,경남,남성,60,295605
2025,02,202502,경남,남성,70,94102
2025,02,202502,경남,남성,80,12517
2025,02,202502,경남,남성,90,818
2025,02,202502,경남,여성,10,345
2025,02,202502,경남,여성,20,17067
2025,02,202502,경남,여성,30,62649
2025,02,202502,경남,여성,40,105840
2025,02,202502,경남,여성,50,135650
2025,02,202502,경남,여성,60,89547
2025,02,202502,경남,여성,70,17860
2025,02,202502,경남,여성,80,2474
2025,02,202502,경남,여성,90,515
2025,02,202502,제주,남성,10,188
2025,02,202502,제주,남성,20,6584
2025,02,202502,제주,남성,30,28487
2025,02,202502,제주,남성,40,57372
2025,02,202502,제주,남성,50,71803
2025,02,202502,제주,남성,60,52697
2025,02,202502,제주,남성,70,18272
2025,02,202502,제주,남성,80,3522
2025,02,202502,제주,남성,90,251
2025,02,202502,제주,여성,10,71
2025,02,202502,제주,여성,20,4479
2025,02,202502,제주,여성,30,16946
2025,02,202502,제주,여성,40,28103
2025,02,202502,제주,여성,50,34567
2025,02,202502,제주,여성,60,22946
2025,02,202502,제주,여성,70,5348
2025,02,202502,제주,여성,80,766
2025,02,202502,제주,여성,90,133
2025,03,202503,서울,남성,10,2008
2025,03,202503,서울,남성,20,48705
2025,03,202503,서울,남성,30,302915
2025,03,202503,서울,남성,40,487556
2025,03,202503,서울,남성,50,533006
2025,03,202503,서울,남성,60,430463
2025,03,202503,서울,남성,70,168707
2025,03,202503,서울,남성,80,29287
2025,03,202503,서울,남성,90,2804
2025,03,202503,서울,여성,10,1068
2025,03,202503,서울,여성,20,24420
2025,03,202503,서울,여성,30,124661
2025,03,202503,서울,여성,40,184693
2025,03,202503,서울,여성,50,202784
2025,03,202503,서울,여성,60,138647
2025,03,202503,서울,여성,70,41479
2025,03,202503,서울,여성,80,7284
2025,03,202503,서울,여성,90,1306
2025,03,202503,부산,남성,10,580
2025,03,202503,부산,남성,20,25173
2025,03,202503,부산,남성,30,121843
2025,03,202503,부산,남성,40,207605
2025,03,202503,부산,남성,50,227538
2025,03,202503,부산,남성,60,201278
2025,03,202503,부산,남성,70,72384
2025,03,202503,부산,남성,80,10008
2025,03,202503,부산,남성,90,953
2025,03,202503,부산,여성,10,284
2025,03,202503,부산,여성,20,11607
2025,03,202503,부산,여성,30,48998
2025,03,202503,부산,여성,40,77950
2025,03,202503,부산,여성,50,92930
2025,03,202503,부산,여성,60,65128
2025,03,202503,부산,여성,70,15388
2025,03,202503,부산,여성,80,2255
2025,03,202503,부산,여성,90,428
2025,03,202503,대구,남성,10,205
2025,03,202503,대구,남성,20,22920
2025,03,202503,대구,남성,30,108365
2025,03,202503,대구,남성,40,184856
2025,03,202503,대구,남성,50,230900
2025,03,202503,대구,남성,60,182320
2025,03,202503,대구,남성,70,61602
2025,03,202503,대구,남성,80,9205
2025,03,202503,대구,남성,90,736
2025,03,202503,대구,여성,10,104
2025,03,202503,대구,여성,20,11965
2025,03,202503,대구,여성,30,44999
2025,03,202503,대구,여성,40,71685
2025,03,202503,대구,여성,50,95455
2025,03,202503,대구,여성,60,61767
2025,03,202503,대구,여성,70,14045
2025,03,202503,대구,여성,80,1847
2025,03,202503,대구,여성,90,331
2025,03,202503,인천,남성,10,493
2025,03,202503,인천,남성,20,30907
2025,03,202503,인천,남성,30,145875
2025,03,202503,인천,남성,40,225890
2025,03,202503,인천,남성,50,241599
2025,03,202503,인천,남성,60,191647
2025,03,202503,인천,남성,70,52155
2025,03,202503,인천,남성,80,6590
2025,03,202503,인천,남성,90,538
2025,03,202503,인천,여성,10,1557
2025,03,202503,인천,여성,20,14922
2025,03,202503,인천,여성,30,60821
2025,03,202503,인천,여성,40,86530
2025,03,202503,인천,여성,50,99103
2025,03,202503,인천,여성,60,63716
2025,03,202503,인천,여성,70,11969
2025,03,202503,인천,여성,80,1693
2025,03,202503,인천,여성,90,348
2025,03,202503,광주,남성,10,173
2025,03,202503,광주,남성,20,18106
2025,03,202503,광주,남성,30,65739
2025,03,202503,광주,남성,40,113866
2025,03,202503,광주,남성,50,133476
2025,03,202503,광주,남성,60,90573
2025,03,202503,광주,남성,70,28397
2025,03,202503,광주,남성,80,4168
2025,03,202503,광주,남성,90,280
2025,03,202503,광주,여성,10,97
2025,03,202503,광주,여성,20,11185
2025,03,202503,광주,여성,30,34400
2025,03,202503,광주,여성,40,50656
2025,03,202503,광주,여성,50,59358
2025,03,202503,광주,여성,60,32950
2025,03,202503,광주,여성,70,7057
2025,03,202503,광주,여성,80,970
2025,03,202503,광주,여성,90,210
2025,03,202503,대전,남성,10,248
2025,03,202503,대전,남성,20,17774
2025,03,202503,대전,남성,30,70973
2025,03,202503,대전,남성,40,108657
2025,03,202503,대전,남성,50,132744
2025,03,202503,대전,남성,60,99097
2025,03,202503,대전,남성,70,31101
2025,03,202503,대전,남성,80,4319
2025,03,202503,대전,남성,90,294
2025,03,202503,대전,여성,10,145
2025,03,202503,대전,여성,20,9715
2025,03,202503,대전,여성,30,32537
2025,03,202503,대전,여성,40,45996
2025,03,202503,대전,여성,50,54908
2025,03,202503,대전,여성,60,34452
2025,03,202503,대전,여성,70,7134
2025,03,202503,대전,여성,80,999
2025,03,202503,대전,여성,90,199
2025,03,202503,울산,남성,10,212
2025,03,202503,울산,남성,20,14467
2025,03,202503,울산,남성,30,55423
2025,03,202503,울산,남성,40,97767
2025,03,202503,울산,남성,50,123781
2025,03,202503,울산,남성,60,105042
2025,03,202503,울산,남성,70,27475
2025,03,202503,울산,남성,80,2957
2025,03,202503,울산,남성,90,174
2025,03,202503,울산,여성,10,76
2025,03,202503,울산,여성,20,5920
2025,03,202503,울산,여성,30,21119
2025,03,202503,울산,여성,40,32469
2025,03,202503,울산,여성,50,40023
2025,03,202503,울산,여성,60,24847
2025,03,202503,울산,여성,70,4912
2025,03,202503,울산,여성,80,568
2025,03,202503,울산,여성,90,137
2025,03,202503,세종,남성,10,72
2025,03,202503,세종,남성,20,3385
2025,03,202503,세종,남성,30,23873
2025,03,202503,세종,남성,40,44137
2025,03,202503,세종,남성,50,36727
2025,03,202503,세종,남성,60,21953
2025,03,202503,세종,남성,70,6394
2025,03,202503,세종,남성,80,824
2025,03,202503,세종,남성,90,52
2025,03,202503,세종,여성,10,36
2025,03,202503,세종,여성,20,2290
2025,03,202503,세종,여성,30,12351
2025,03,202503,세종,여성,40,17799
2025,03,202503,세종,여성,50,13411
2025,03,202503,세종,여성,60,7361
2025,03,202503,세종,여성,70,1366
2025,03,202503,세종,여성,80,193
2025,03,202503,세종,여성,90,31
2025,03,202503,경기,남성,10,2673
2025,03,202503,경기,남성,20,143110
2025,03,202503,경기,남성,30,685259
2025,03,202503,경기,남성,40,1116519
2025,03,202503,경기,남성,50,1200096
2025,03,202503,경기,남성,60,875703
2025,03,202503,경기,남성,70,254488
2025,03,202503,경기,남성,80,40787
2025,03,202503,경기,남성,90,3047
2025,03,202503,경기,여성,10,1314
2025,03,202503,경기,여성,20,69010
2025,03,202503,경기,여성,30,281495
2025,03,202503,경기,여성,40,415787
2025,03,202503,경기,여성,50,488277
2025,03,202503,경기,여성,60,303784
2025,03,202503,경기,여성,70,66425
2025,03,202503,경기,여성,80,10377
2025,03,202503,경기,여성,90,1966
2025,03,202503,강원,남성,10,265
2025,03,202503,강원,남성,20,20196
2025,03,202503,강원,남성,30,67925
2025,03,202503,강원,남성,40,113071
2025,03,202503,강원,남성,50,163699
2025,03,202503,강원,남성,60,152422
2025,03,202503,강원,남성,70,54829
2025,03,202503,강원,남성,80,10137
2025,03,202503,강원,남성,90,509
2025,03,202503,강원,여성,10,133
2025,03,202503,강원,여성,20,10142
2025,03,202503,강원,여성,30,31226
2025,03,202503,강원,여성,40,48456
2025,03,202503,강원,여성,50,67903
2025,03,202503,강원,여성,60,52876
2025,03,202503,강원,여성,70,12493
2025,03,202503,강원,여성,80,1696
2025,03,202503,강원,여성,90,389
2025,03,202503,충북,남성,10,398
2025,03,202503,충북,남성,20,23947
2025,03,202503,충북,남성,30,84708
2025,03,202503,충북,남성,40,131859
2025,03,202503,충북,남성,50,175771
2025,03,202503,충북,남성,60,153055
2025,03,202503,충북,남성,70,49950
2025,03,202503,충북,남성,80,7925
2025,03,202503,충북,남성,90,401
2025,03,202503,충북,여성,10,179
2025,03,202503,충북,여성,20,12619
2025,03,202503,충북,여성,30,36837
2025,03,202503,충북,여성,40,51900
2025,03,202503,충북,여성,50,69465
2025,03,202503,충북,여성,60,47325
2025,03,202503,충북,여성,70,10203
2025,03,202503,충북,여성,80,1388
2025,03,202503,충북,여성,90,233
2025,03,202503,충남,남성,10,385
2025,03,202503,충남,남성,20,31037
2025,03,202503,충남,남성,30,117145
2025,03,202503,충남,남성,40,200157
2025,03,202503,충남,남성,50,235413
2025,03,202503,충남,남성,60,198185
2025,03,202503,충남,남성,70,69689
2025,03,202503,충남,남성,80,11005
2025,03,202503,충남,남성,90,718
2025,03,202503,충남,여성,10,195
2025,03,202503,충남,여성,20,15402
2025,03,202503,충남,여성,30,48661
2025,03,202503,충남,여성,40,69814
2025,03,202503,충남,여성,50,87949
2025,03,202503,충남,여성,60,63900
2025,03,202503,충남,여성,70,13929
2025,03,202503,충남,여성,80,2004
2025,03,202503,충남,여성,90,418
2025,03,202503,전북,남성,10,376
2025,03,202503,전북,남성,20,20859
2025,03,202503,전북,남성,30,69687
2025,03,202503,전북,남성,40,135018
2025,03,202503,전북,남성,50,195446
2025,03,202503,전북,남성,60,164457
2025,03,202503,전북,남성,70,63063
2025,03,202503,전북,남성,80,9877
2025,03,202503,전북,남성,90,818
2025,03,202503,전북,여성,10,173
2025,03,202503,전북,여성,20,11964
2025,03,202503,전북,여성,30,35901
2025,03,202503,전북,여성,40,55910
2025,03,202503,전북,여성,50,76916
2025,03,202503,전북,여성,60,53951
2025,03,202503,전북,여성,70,13023
2025,03,202503,전북,여성,80,2118
2025,03,202503,전북,여성,90,550
2025,03,202503,전남,남성,10,324
2025,03,202503,전남,남성,20,23357
2025,03,202503,전남,남성,30,74515
2025,03,202503,전남,남성,40,142175
2025,03,202503,전남,남성,50,212342
2025,03,202503,전남,남성,60,186663
2025,03,202503,전남,남성,70,68992
2025,03,202503,전남,남성,80,10284
2025,03,202503,전남,남성,90,743
2025,03,202503,전남,여성,10,178
2025,03,202503,전남,여성,20,12285
2025,03,202503,전남,여성,30,35835
2025,03,202503,전남,여성,40,54444
2025,03,202503,전남,여성,50,75859
2025,03,202503,전남,여성,60,55167
2025,03,202503,전남,여성,70,12031
2025,03,202503,전남,여성,80,2106
2025,03,202503,전남,여성,90,468
2025,03,202503,경북,남성,10,267
2025,03,202503,경북,남성,20,31264
2025,03,202503,경북,남성,30,113790
2025,03,202503,경북,남성,40,211085
2025,03,202503,경북,남성,50,305524
2025,03,202503,경북,남성,60,286361
2025,03,202503,경북,남성,70,106999
2025,03,202503,경북,남성,80,15859
2025,03,202503,경북,남성,90,981
2025,03,202503,경북,여성,10,124
2025,03,202503,경북,여성,20,14947
2025,03,202503,경북,여성,30,48369
2025,03,202503,경북,여성,40,78446
2025,03,202503,경북,여성,50,109836
2025,03,202503,경북,여성,60,83445
2025,03,202503,경북,여성,70,19100
2025,03,202503,경북,여성,80,2494
2025,03,202503,경북,여성,90,464
2025,03,202503,경남,남성,10,646
2025,03,202503,경남,남성,20,35021
2025,03,202503,경남,남성,30,146302
2025,03,202503,경남,남성,40,277415
2025,03,202503,경남,남성,50,353812
2025,03,202503,경남,남성,60,296366
2025,03,202503,경남,남성,70,95700
2025,03,202503,경남,남성,80,12662
2025,03,202503,경남,남성,90,817
2025,03,202503,경남,여성,10,346
2025,03,202503,경남,여성,20,16993
2025,03,202503,경남,여성,30,62838
2025,03,202503,경남,여성,40,105427
2025,03,202503,경남,여성,50,135401
2025,03,202503,경남,여성,60,90289
2025,03,202503,경남,여성,70,18294
2025,03,202503,경남,여성,80,2488
2025,03,202503,경남,여성,90,520
2025,03,202503,제주,남성,10,190
2025,03,202503,제주,남성,20,6568
2025,03,202503,제주,남성,30,28473
2025,03,202503,제주,남성,40,57029
2025,03,202503,제주,남성,50,71705
2025,03,202503,제주,남성,60,52652
2025,03,202503,제주,남성,70,18530
2025,03,202503,제주,남성,80,3538
2025,03,202503,제주,남성,90,255
2025,03,202503,제주,여성,10,70
2025,03,202503,제주,여성,20,4497
2025,03,202503,제주,여성,30,16928
2025,03,202503,제주,여성,40,28076
2025,03,202503,제주,여성,50,34559
2025,03,202503,제주,여성,60,22967
2025,03,202503,제주,여성,70,5491
2025,03,202503,제주,여성,80,772
2025,03,202503,제주,여성,90,136
2025,04,202504,서울,남성,10,1968
2025,04,202504,서울,남성,20,48641
2025,04,202504,서울,남성,30,302680
2025,04,202504,서울,남성,40,486152
2025,04,202504,서울,남성,50,532651
2025,04,202504,서울,남성,60,430525
2025,04,202504,서울,남성,70,169738
2025,04,202504,서울,남성,80,29494
2025,04,202504,서울,남성,90,2841
2025,04,202504,서울,여성,10,1056
2025,04,202504,서울,여성,20,24255
2025,04,202504,서울,여성,30,124603
2025,04,202504,서울,여성,40,184299
2025,04,202504,서울,여성,50,202793
2025,04,202504,서울,여성,60,138727
2025,04,202504,서울,여성,70,41839
2025,04,202504,서울,여성,80,7320
2025,04,202504,서울,여성,90,1320
2025,04,202504,부산,남성,10,579
2025,04,202504,부산,남성,20,25122
2025,04,202504,부산,남성,30,121777
2025,04,202504,부산,남성,40,207375
2025,04,202504,부산,남성,50,227537
2025,04,202504,부산,남성,60,201139
2025,04,202504,부산,남성,70,72932
2025,04,202504,부산,남성,80,10103
2025,04,202504,부산,남성,90,959
2025,04,202504,부산,여성,10,282
2025,04,202504,부산,여성,20,11551
2025,04,202504,부산,여성,30,48974
2025,04,202504,부산,여성,40,77845
2025,04,202504,부산,여성,50,92858
2025,04,202504,부산,여성,60,65276
2025,04,202504,부산,여성,70,15536
2025,04,202504,부산,여성,80,2261
2025,04,202504,부산,여성,90,428
2025,04,202504,대구,남성,10,204
2025,04,202504,대구,남성,20,22877
2025,04,202504,대구,남성,30,108217
2025,04,202504,대구,남성,40,183988
2025,04,202504,대구,남성,50,230417
2025,04,202504,대구,남성,60,182460
2025,04,202504,대구,남성,70,61887
2025,04,202504,대구,남성,80,9250
2025,04,202504,대구,남성,90,749
2025,04,202504,대구,여성,10,103
2025,04,202504,대구,여성,20,11878
2025,04,202504,대구,여성,30,45039
2025,04,202504,대구,여성,40,71511
2025,04,202504,대구,여성,50,95350
2025,04,202504,대구,여성,60,61924
2025,04,202504,대구,여성,70,14153
2025,04,202504,대구,여성,80,1848
2025,04,202504,대구,여성,90,328
2025,04,202504,인천,남성,10,483
2025,04,202504,인천,남성,20,30858
2025,04,202504,인천,남성,30,145946
2025,04,202504,인천,남성,40,225154
2025,04,202504,인천,남성,50,241135
2025,04,202504,인천,남성,60,191834
2025,04,202504,인천,남성,70,52625
2025,04,202504,인천,남성,80,6654
2025,04,202504,인천,남성,90,536
2025,04,202504,인천,여성,10,1514
2025,04,202504,인천,여성,20,14868
2025,04,202504,인천,여성,30,60990
2025,04,202504,인천,여성,40,86369
2025,04,202504,인천,여성,50,99060
2025,04,202504,인천,여성,60,63907
2025,04,202504,인천,여성,70,12148
2025,04,202504,인천,여성,80,1678
2025,04,202504,인천,여성,90,350
2025,04,202504,광주,남성,10,176
2025,04,202504,광주,남성,20,18106
2025,04,202504,광주,남성,30,65707
2025,04,202504,광주,남성,40,113348
2025,04,202504,광주,남성,50,133327
2025,04,202504,광주,남성,60,90609
2025,04,202504,광주,남성,70,28535
2025,04,202504,광주,남성,80,4239
2025,04,202504,광주,남성,90,279
2025,04,202504,광주,여성,10,101
2025,04,202504,광주,여성,20,11132
2025,04,202504,광주,여성,30,34386
2025,04,202504,광주,여성,40,50511
2025,04,202504,광주,여성,50,59466
2025,04,202504,광주,여성,60,33071
2025,04,202504,광주,여성,70,7142
2025,04,202504,광주,여성,80,958
2025,04,202504,광주,여성,90,204
2025,04,202504,대전,남성,10,245
2025,04,202504,대전,남성,20,17780
2025,04,202504,대전,남성,30,70990
2025,04,202504,대전,남성,40,108308
2025,04,202504,대전,남성,50,132593
2025,04,202504,대전,남성,60,99182
2025,04,202504,대전,남성,70,31412
2025,04,202504,대전,남성,80,4376
2025,04,202504,대전,남성,90,289
2025,04,202504,대전,여성,10,141
2025,04,202504,대전,여성,20,9685
2025,04,202504,대전,여성,30,32653
2025,04,202504,대전,여성,40,45889
2025,04,202504,대전,여성,50,54854
2025,04,202504,대전,여성,60,34611
2025,04,202504,대전,여성,70,7195
2025,04,202504,대전,여성,80,1003
2025,04,202504,대전,여성,90,196
2025,04,202504,울산,남성,10,212
2025,04,202504,울산,남성,20,14398
2025,04,202504,울산,남성,30,55505
2025,04,202504,울산,남성,40,97556
2025,04,202504,울산,남성,50,123474
2025,04,202504,울산,남성,60,105434
2025,04,202504,울산,남성,70,27727
2025,04,202504,울산,남성,80,3007
2025,04,202504,울산,남성,90,172
2025,04,202504,울산,여성,10,78
2025,04,202504,울산,여성,20,5929
2025,04,202504,울산,여성,30,21118
2025,04,202504,울산,여성,40,32478
2025,04,202504,울산,여성,50,40067
2025,04,202504,울산,여성,60,24936
2025,04,202504,울산,여성,70,4972
2025,04,202504,울산,여성,80,569
2025,04,202504,울산,여성,90,136
2025,04,202504,세종,남성,10,73
2025,04,202504,세종,남성,20,3398
2025,04,202504,세종,남성,30,23853
2025,04,202504,세종,남성,40,44042
2025,04,202504,세종,남성,50,36697
2025,04,202504,세종,남성,60,22015
2025,04,202504,세종,남성,70,6466
2025,04,202504,세종,남성,80,822
2025,04,202504,세종,남성,90,51
2025,04,202504,세종,여성,10,37
2025,04,202504,세종,여성,20,2291
2025,04,202504,세종,여성,30,12358
2025,04,202504,세종,여성,40,17746
2025,04,202504,세종,여성,50,13458
2025,04,202504,세종,여성,60,7361
2025,04,202504,세종,여성,70,1385
2025,04,202504,세종,여성,80,190
2025,04,202504,세종,여성,90,32
2025,04,202504,경기,남성,10,2689
2025,04,202504,경기,남성,20,142891
2025,04,202504,경기,남성,30,684874
2025,04,202504,경기,남성,40,1113892
2025,04,202504,경기,남성,50,1198541
2025,04,202504,경기,남성,60,877088
2025,04,202504,경기,남성,70,256438
2025,04,202504,경기,남성,80,41144
2025,04,202504,경기,남성,90,3070
2025,04,202504,경기,여성,10,1305
2025,04,202504,경기,여성,20,68817
2025,04,202504,경기,여성,30,282045
2025,04,202504,경기,여성,40,414997
2025,04,202504,경기,여성,50,488220
2025,04,202504,경기,여성,60,305061
2025,04,202504,경기,여성,70,67072
2025,04,202504,경기,여성,80,10432
2025,04,202504,경기,여성,90,1966
2025,04,202504,강원,남성,10,260
2025,04,202504,강원,남성,20,20221
2025,04,202504,강원,남성,30,67854
2025,04,202504,강원,남성,40,112601
2025,04,202504,강원,남성,50,163507
2025,04,202504,강원,남성,60,152587
2025,04,202504,강원,남성,70,55176
2025,04,202504,강원,남성,80,10262
2025,04,202504,강원,남성,90,523
2025,04,202504,강원,여성,10,134
2025,04,202504,강원,여성,20,10112
2025,04,202504,강원,여성,30,31272
2025,04,202504,강원,여성,40,48282
2025,04,202504,강원,여성,50,67966
2025,04,202504,강원,여성,60,53171
2025,04,202504,강원,여성,70,12599
2025,04,202504,강원,여성,80,1708
2025,04,202504,강원,여성,90,394
2025,04,202504,충북,남성,10,399
2025,04,202504,충북,남성,20,24001
2025,04,202504,충북,남성,30,84942
2025,04,202504,충북,남성,40,131348
2025,04,202504,충북,남성,50,175454
2025,04,202504,충북,남성,60,153224
2025,04,202504,충북,남성,70,50308
2025,04,202504,충북,남성,80,8009
2025,04,202504,충북,남성,90,407
2025,04,202504,충북,여성,10,182
2025,04,202504,충북,여성,20,12625
2025,04,202504,충북,여성,30,36932
2025,04,202504,충북,여성,40,51775
2025,04,202504,충북,여성,50,69433
2025,04,202504,충북,여성,60,47639
2025,04,202504,충북,여성,70,10320
2025,04,202504,충북,여성,80,1398
2025,04,202504,충북,여성,90,234
2025,04,202504,충남,남성,10,387
2025,04,202504,충남,남성,20,31013
2025,04,202504,충남,남성,30,117157
2025,04,202504,충남,남성,40,199470
2025,04,202504,충남,남성,50,234983
2025,04,202504,충남,남성,60,198672
2025,04,202504,충남,남성,70,70363
2025,04,202504,충남,남성,80,11082
2025,04,202504,충남,남성,90,718
2025,04,202504,충남,여성,10,191
2025,04,202504,충남,여성,20,15350
2025,04,202504,충남,여성,30,48805
2025,04,202504,충남,여성,40,69690
2025,04,202504,충남,여성,50,87889
2025,04,202504,충남,여성,60,64221
2025,04,202504,충남,여성,70,14118
2025,04,202504,충남,여성,80,2001
2025,04,202504,충남,여성,90,420
2025,04,202504,전북,남성,10,379
2025,04,202504,전북,남성,20,20842
2025,04,202504,전북,남성,30,69793
2025,04,202504,전북,남성,40,134275
2025,04,202504,전북,남성,50,195179
2025,04,202504,전북,남성,60,164616
2025,04,202504,전북,남성,70,63323
2025,04,202504,전북,남성,80,9920
2025,04,202504,전북,남성,90,837
2025,04,202504,전북,여성,10,172
2025,04,202504,전북,여성,20,11939
2025,04,202504,전북,여성,30,36018
2025,04,202504,전북,여성,40,55801
2025,04,202504,전북,여성,50,76898
2025,04,202504,전북,여성,60,54125
2025,04,202504,전북,여성,70,13130
2025,04,202504,전북,여성,80,2113
2025,04,202504,전북,여성,90,544
2025,04,202504,전남,남성,10,326
2025,04,202504,전남,남성,20,23379
2025,04,202504,전남,남성,30,74655
2025,04,202504,전남,남성,40,141693
2025,04,202504,전남,남성,50,212010
2025,04,202504,전남,남성,60,187135
2025,04,202504,전남,남성,70,69341
2025,04,202504,전남,남성,80,10437
2025,04,202504,전남,남성,90,756
2025,04,202504,전남,여성,10,172
2025,04,202504,전남,여성,20,12308
2025,04,202504,전남,여성,30,35983
2025,04,202504,전남,여성,40,54321
2025,04,202504,전남,여성,50,75955
2025,04,202504,전남,여성,60,55554
2025,04,202504,전남,여성,70,12105
2025,04,202504,전남,여성,80,2100
2025,04,202504,전남,여성,90,471
2025,04,202504,경북,남성,10,275
2025,04,202504,경북,남성,20,31169
2025,04,202504,경북,남성,30,113702
2025,04,202504,경북,남성,40,210419
2025,04,202504,경북,남성,50,304846
2025,04,202504,경북,남성,60,286627
2025,04,202504,경북,남성,70,107567
2025,04,202504,경북,남성,80,15993
2025,04,202504,경북,남성,90,991
2025,04,202504,경북,여성,10,120
2025,04,202504,경북,여성,20,14940
2025,04,202504,경북,여성,30,48411
2025,04,202504,경북,여성,40,78160
2025,04,202504,경북,여성,50,109773
2025,04,202504,경북,여성,60,83866
2025,04,202504,경북,여성,70,19296
2025,04,202504,경북,여성,80,2506
2025,04,202504,경북,여성,90,471
2025,04,202504,경남,남성,10,645
2025,04,202504,경남,남성,20,35078
2025,04,202504,경남,남성,30,146443
2025,04,202504,경남,남성,40,276733
2025,04,202504,경남,남성,50,353529
2025,04,202504,경남,남성,60,296463
2025,04,202504,경남,남성,70,96427
2025,04,202504,경남,남성,80,12795
2025,04,202504,경남,남성,90,825
2025,04,202504,경남,여성,10,344
2025,04,202504,경남,여성,20,17049
2025,04,202504,경남,여성,30,62933
2025,04,202504,경남,여성,40,105129
2025,04,202504,경남,여성,50,135274
2025,04,202504,경남,여성,60,90768
2025,04,202504,경남,여성,70,18542
2025,04,202504,경남,여성,80,2479
2025,04,202504,경남,여성,90,515
2025,04,202504,제주,남성,10,186
2025,04,202504,제주,남성,20,6546
2025,04,202504,제주,남성,30,28376
2025,04,202504,제주,남성,40,56732
2025,04,202504,제주,남성,50,71675
2025,04,202504,제주,남성,60,52677
2025,04,202504,제주,남성,70,18604
2025,04,202504,제주,남성,80,3572
2025,04,202504,제주,남성,90,260
2025,04,202504,제주,여성,10,70
2025,04,202504,제주,여성,20,4550
2025,04,202504,제주,여성,30,16968
2025,04,202504,제주,여성,40,28009
2025,04,202504,제주,여성,50,34635
2025,04,202504,제주,여성,60,22990
2025,04,202504,제주,여성,70,5531
2025,04,202504,제주,여성,80,784
2025,04,202504,제주,여성,90,137
2025,05,202505,서울,남성,10,1944
2025,05,202505,서울,남성,20,48459
2025,05,202505,서울,남성,30,302332
2025,05,202505,서울,남성,40,485220
2025,05,202505,서울,남성,50,532156
2025,05,202505,서울,남성,60,430348
2025,05,202505,서울,남성,70,170812
2025,05,202505,서울,남성,80,29672
2025,05,202505,서울,남성,90,2853
2025,05,202505,서울,여성,10,1042
2025,05,202505,서울,여성,20,24091
2025,05,202505,서울,여성,30,124647
2025,05,202505,서울,여성,40,184233
2025,05,202505,서울,여성,50,202666
2025,05,202505,서울,여성,60,138892
2025,05,202505,서울,여성,70,42142
2025,05,202505,서울,여성,80,7341
2025,05,202505,서울,여성,90,1324
2025,05,202505,부산,남성,10,576
2025,05,202505,부산,남성,20,25033
2025,05,202505,부산,남성,30,121700
2025,05,202505,부산,남성,40,207142
2025,05,202505,부산,남성,50,227603
2025,05,202505,부산,남성,60,201048
2025,05,202505,부산,남성,70,73443
2025,05,202505,부산,남성,80,10221
2025,05,202505,부산,남성,90,952
2025,05,202505,부산,여성,10,281
2025,05,202505,부산,여성,20,11510
2025,05,202505,부산,여성,30,48948
2025,05,202505,부산,여성,40,77748
2025,05,202505,부산,여성,50,92931
2025,05,202505,부산,여성,60,65416
2025,05,202505,부산,여성,70,15751
2025,05,202505,부산,여성,80,2275
2025,05,202505,부산,여성,90,429
2025,05,202505,대구,남성,10,200
2025,05,202505,대구,남성,20,22844
2025,05,202505,대구,남성,30,108352
2025,05,202505,대구,남성,40,183805
2025,05,202505,대구,남성,50,230027
2025,05,202505,대구,남성,60,182674
2025,05,202505,대구,남성,70,62276
2025,05,202505,대구,남성,80,9346
2025,05,202505,대구,남성,90,748
2025,05,202505,대구,여성,10,102
2025,05,202505,대구,여성,20,11850
2025,05,202505,대구,여성,30,45112
2025,05,202505,대구,여성,40,71399
2025,05,202505,대구,여성,50,95317
2025,05,202505,대구,여성,60,62075
2025,05,202505,대구,여성,70,14342
2025,05,202505,대구,여성,80,1855
2025,05,202505,대구,여성,90,330
2025,05,202505,인천,남성,10,491
2025,05,202505,인천,남성,20,30737
2025,05,202505,인천,남성,30,146270
2025,05,202505,인천,남성,40,225224
2025,05,202505,인천,남성,50,241010
2025,05,202505,인천,남성,60,192434
2025,05,202505,인천,남성,70,53028
2025,05,202505,인천,남성,80,6725
2025,05,202505,인천,남성,90,540
2025,05,202505,인천,여성,10,1461
2025,05,202505,인천,여성,20,14854
2025,05,202505,인천,여성,30,61226
2025,05,202505,인천,여성,40,86398
2025,05,202505,인천,여성,50,99056
2025,05,202505,인천,여성,60,64189
2025,05,202505,인천,여성,70,12313
2025,05,202505,인천,여성,80,1686
2025,05,202505,인천,여성,90,358
2025,05,202505,광주,남성,10,171
2025,05,202505,광주,남성,20,18055
2025,05,202505,광주,남성,30,65775
2025,05,202505,광주,남성,40,112937
2025,05,202505,광주,남성,50,133333
2025,05,202505,광주,남성,60,90770
2025,05,202505,광주,남성,70,28771
2025,05,202505,광주,남성,80,4297
2025,05,202505,광주,남성,90,277
2025,05,202505,광주,여성,10,104
2025,05,202505,광주,여성,20,11100
2025,05,202505,광주,여성,30,34444
2025,05,202505,광주,여성,40,50419
2025,05,202505,광주,여성,50,59500
2025,05,202505,광주,여성,60,33231
2025,05,202505,광주,여성,70,7226
2025,05,202505,광주,여성,80,963
2025,05,202505,광주,여성,90,202
2025,05,202505,대전,남성,10,250
2025,05,202505,대전,남성,20,17670
2025,05,202505,대전,남성,30,71149
2025,05,202505,대전,남성,40,108134
2025,05,202505,대전,남성,50,132420
2025,05,202505,대전,남성,60,99541
2025,05,202505,대전,남성,70,31636
2025,05,202505,대전,남성,80,4426
2025,05,202505,대전,남성,90,296
2025,05,202505,대전,여성,10,139
2025,05,202505,대전,여성,20,9648
2025,05,202505,대전,여성,30,32784
2025,05,202505,대전,여성,40,45940
2025,05,202505,대전,여성,50,54824
2025,05,202505,대전,여성,60,34748
2025,05,202505,대전,여성,70,7273
2025,05,202505,대전,여성,80,1007
2025,05,202505,대전,여성,90,193
2025,05,202505,울산,남성,10,209
2025,05,202505,울산,남성,20,14361
2025,05,202505,울산,남성,30,55490
2025,05,202505,울산,남성,40,97362
2025,05,202505,울산,남성,50,123107
2025,05,202505,울산,남성,60,105715
2025,05,202505,울산,남성,70,27993
2025,05,202505,울산,남성,80,3040
2025,05,202505,울산,남성,90,179
2025,05,202505,울산,여성,10,77
2025,05,202505,울산,여성,20,5931
2025,05,202505,울산,여성,30,21169
2025,05,202505,울산,여성,40,32376
2025,05,202505,울산,여성,50,40117
2025,05,202505,울산,여성,60,25100
2025,05,202505,울산,여성,70,5021
2025,05,202505,울산,여성,80,572
2025,05,202505,울산,여성,90,135
2025,05,202505,세종,남성,10,74
2025,05,202505,세종,남성,20,3378
2025,05,202505,세종,남성,30,23873
2025,05,202505,세종,남성,40,43927
2025,05,202505,세종,남성,50,36732
2025,05,202505,세종,남성,60,22087
2025,05,202505,세종,남성,70,6514
2025,05,202505,세종,남성,80,834
2025,05,202505,세종,남성,90,51
2025,05,202505,세종,여성,10,37
2025,05,202505,세종,여성,20,2290
2025,05,202505,세종,여성,30,12382
2025,05,202505,세종,여성,40,17712
2025,05,202505,세종,여성,50,13538
2025,05,202505,세종,여성,60,7397
2025,05,202505,세종,여성,70,1411
2025,05,202505,세종,여성,80,190
2025,05,202505,세종,여성,90,31
2025,05,202505,경기,남성,10,2719
2025,05,202505,경기,남성,20,142414
2025,05,202505,경기,남성,30,684942
2025,05,202505,경기,남성,40,1112520
2025,05,202505,경기,남성,50,1198302
2025,05,202505,경기,남성,60,879871
2025,05,202505,경기,남성,70,258734
2025,05,202505,경기,남성,80,41545
2025,05,202505,경기,남성,90,3105
2025,05,202505,경기,여성,10,1308
2025,05,202505,경기,여성,20,68593
2025,05,202505,경기,여성,30,282250
2025,05,202505,경기,여성,40,414452
2025,05,202505,경기,여성,50,488511
2025,05,202505,경기,여성,60,306533
2025,05,202505,경기,여성,70,67819
2025,05,202505,경기,여성,80,10509
2025,05,202505,경기,여성,90,1970
2025,05,202505,강원,남성,10,258
2025,05,202505,강원,남성,20,20169
2025,05,202505,강원,남성,30,67750
2025,05,202505,강원,남성,40,112269
2025,05,202505,강원,남성,50,163554
2025,05,202505,강원,남성,60,152708
2025,05,202505,강원,남성,70,55418
2025,05,202505,강원,남성,80,10374
2025,05,202505,강원,남성,90,531
2025,05,202505,강원,여성,10,133
2025,05,202505,강원,여성,20,10043
2025,05,202505,강원,여성,30,31333
2025,05,202505,강원,여성,40,48236
2025,05,202505,강원,여성,50,67953
2025,05,202505,강원,여성,60,53381
2025,05,202505,강원,여성,70,12779
2025,05,202505,강원,여성,80,1724
2025,05,202505,강원,여성,90,396
2025,05,202505,충북,남성,10,408
2025,05,202505,충북,남성,20,23978
2025,05,202505,충북,남성,30,85129
2025,05,202505,충북,남성,40,131297
2025,05,202505,충북,남성,50,175037
2025,05,202505,충북,남성,60,153623
2025,05,202505,충북,남성,70,50670
2025,05,202505,충북,남성,80,8099
2025,05,202505,충북,남성,90,406
2025,05,202505,충북,여성,10,186
2025,05,202505,충북,여성,20,12648
2025,05,202505,충북,여성,30,37024
2025,05,202505,충북,여성,40,51769
2025,05,202505,충북,여성,50,69394
2025,05,202505,충북,여성,60,47918
2025,05,202505,충북,여성,70,10476
2025,05,202505,충북,여성,80,1390
2025,05,202505,충북,여성,90,233
2025,05,202505,충남,남성,10,387
2025,05,202505,충남,남성,20,31031
2025,05,202505,충남,남성,30,117143
2025,05,202505,충남,남성,40,199013
2025,05,202505,충남,남성,50,234786
2025,05,202505,충남,남성,60,199272
2025,05,202505,충남,남성,70,70963
2025,05,202505,충남,남성,80,11185
2025,05,202505,충남,남성,90,716
2025,05,202505,충남,여성,10,188
2025,05,202505,충남,여성,20,15348
2025,05,202505,충남,여성,30,48858
2025,05,202505,충남,여성,40,69802
2025,05,202505,충남,여성,50,87762
2025,05,202505,충남,여성,60,64633
2025,05,202505,충남,여성,70,14315
2025,05,202505,충남,여성,80,1990
2025,05,202505,충남,여성,90,420
2025,05,202505,전북,남성,10,384
2025,05,202505,전북,남성,20,20811
2025,05,202505,전북,남성,30,69609
2025,05,202505,전북,남성,40,133937
2025,05,202505,전북,남성,50,194866
2025,05,202505,전북,남성,60,164765
2025,05,202505,전북,남성,70,63797
2025,05,202505,전북,남성,80,10036
2025,05,202505,전북,남성,90,845
2025,05,202505,전북,여성,10,175
2025,05,202505,전북,여성,20,11848
2025,05,202505,전북,여성,30,36090
2025,05,202505,전북,여성,40,55732
2025,05,202505,전북,여성,50,76820
2025,05,202505,전북,여성,60,54360
2025,05,202505,전북,여성,70,13274
2025,05,202505,전북,여성,80,2109
2025,05,202505,전북,여성,90,551
2025,05,202505,전남,남성,10,324
2025,05,202505,전남,남성,20,23291
2025,05,202505,전남,남성,30,74791
2025,05,202505,전남,남성,40,141566
2025,05,202505,전남,남성,50,211623
2025,05,202505,전남,남성,60,187791
2025,05,202505,전남,남성,70,69794
2025,05,202505,전남,남성,80,10600
2025,05,202505,전남,남성,90,758
2025,05,202505,전남,여성,10,163
2025,05,202505,전남,여성,20,12265
2025,05,202505,전남,여성,30,36041
2025,05,202505,전남,여성,40,54242
2025,05,202505,전남,여성,50,76039
2025,05,202505,전남,여성,60,55795
2025,05,202505,전남,여성,70,12274
2025,05,202505,전남,여성,80,2109
2025,05,202505,전남,여성,90,459
2025,05,202505,경북,남성,10,267
2025,05,202505,경북,남성,20,31149
2025,05,202505,경북,남성,30,113565
2025,05,202505,경북,남성,40,209856
2025,05,202505,경북,남성,50,304213
2025,05,202505,경북,남성,60,287098
2025,05,202505,경북,남성,70,108321
2025,05,202505,경북,남성,80,16114
2025,05,202505,경북,남성,90,988
2025,05,202505,경북,여성,10,118
2025,05,202505,경북,여성,20,14867
2025,05,202505,경북,여성,30,48428
2025,05,202505,경북,여성,40,78001
2025,05,202505,경북,여성,50,109685
2025,05,202505,경북,여성,60,84417
2025,05,202505,경북,여성,70,19566
2025,05,202505,경북,여성,80,2486
2025,05,202505,경북,여성,90,473
2025,05,202505,경남,남성,10,650
2025,05,202505,경남,남성,20,35019
2025,05,202505,경남,남성,30,146595
2025,05,202505,경남,남성,40,276244
2025,05,202505,경남,남성,50,353239
2025,05,202505,경남,남성,60,297025
2025,05,202505,경남,남성,70,97286
2025,05,202505,경남,남성,80,12919
2025,05,202505,경남,남성,90,824
2025,05,202505,경남,여성,10,343
2025,05,202505,경남,여성,20,16930
2025,05,202505,경남,여성,30,63036
2025,05,202505,경남,여성,40,104852
2025,05,202505,경남,여성,50,135306
2025,05,202505,경남,여성,60,90985
2025,05,202505,경남,여성,70,18809
2025,05,202505,경남,여성,80,2481
2025,05,202505,경남,여성,90,511
2025,05,202505,제주,남성,10,187
2025,05,202505,제주,남성,20,6533
2025,05,202505,제주,남성,30,28307
2025,05,202505,제주,남성,40,56526
2025,05,202505,제주,남성,50,71725
2025,05,202505,제주,남성,60,52664
2025,05,202505,제주,남성,70,18730
2025,05,202505,제주,남성,80,3617
2025,05,202505,제주,남성,90,261
2025,05,202505,제주,여성,10,70
2025,05,202505,제주,여성,20,4532
2025,05,202505,제주,여성,30,16990
2025,05,202505,제주,여성,40,27935
2025,05,202505,제주,여성,50,34735
2025,05,202505,제주,여성,60,23108
2025,05,202505,제주,여성,70,5571
2025,05,202505,제주,여성,80,795
2025,05,202505,제주,여성,90,137
2025,06,202506,서울,남성,10,1524
2025,06,202506,서울,남성,20,48347
2025,06,202506,서울,남성,30,301984
2025,06,202506,서울,남성,40,484714
2025,06,202506,서울,남성,50,531882
2025,06,202506,서울,남성,60,429663
2025,06,202506,서울,남성,70,171240
2025,06,202506,서울,남성,80,29689
2025,06,202506,서울,남성,90,3658
2025,06,202506,서울,여성,10,760
2025,06,202506,서울,여성,20,24016
2025,06,202506,서울,여성,30,124942
2025,06,202506,서울,여성,40,183867
2025,06,202506,서울,여성,50,202727
2025,06,202506,서울,여성,60,138836
2025,06,202506,서울,여성,70,42310
2025,06,202506,서울,여성,80,7355
2025,06,202506,서울,여성,90,1998
2025,06,202506,부산,남성,10,579
2025,06,202506,부산,남성,20,25102
2025,06,202506,부산,남성,30,121643
2025,06,202506,부산,남성,40,207360
2025,06,202506,부산,남성,50,227627
2025,06,202506,부산,남성,60,200808
2025,06,202506,부산,남성,70,73749
2025,06,202506,부산,남성,80,10241
2025,06,202506,부산,남성,90,1064
2025,06,202506,부산,여성,10,277
2025,06,202506,부산,여성,20,11491
2025,06,202506,부산,여성,30,49060
2025,06,202506,부산,여성,40,77731
2025,06,202506,부산,여성,50,93042
2025,06,202506,부산,여성,60,65516
2025,06,202506,부산,여성,70,15835
2025,06,202506,부산,여성,80,2265
2025,06,202506,부산,여성,90,506
2025,06,202506,대구,남성,10,193
2025,06,202506,대구,남성,20,22809
2025,06,202506,대구,남성,30,108247
2025,06,202506,대구,남성,40,183871
2025,06,202506,대구,남성,50,230004
2025,06,202506,대구,남성,60,182851
2025,06,202506,대구,남성,70,62339
2025,06,202506,대구,남성,80,9417
2025,06,202506,대구,남성,90,830
2025,06,202506,대구,여성,10,103
2025,06,202506,대구,여성,20,11846
2025,06,202506,대구,여성,30,45237
2025,06,202506,대구,여성,40,71428
2025,06,202506,대구,여성,50,95398
2025,06,202506,대구,여성,60,62230
2025,06,202506,대구,여성,70,14405
2025,06,202506,대구,여성,80,1854
2025,06,202506,대구,여성,90,400
2025,06,202506,인천,남성,10,484
2025,06,202506,인천,남성,20,30631
2025,06,202506,인천,남성,30,146306
2025,06,202506,인천,남성,40,225482
2025,06,202506,인천,남성,50,241323
2025,06,202506,인천,남성,60,192828
2025,06,202506,인천,남성,70,53379
2025,06,202506,인천,남성,80,6735
2025,06,202506,인천,남성,90,624
2025,06,202506,인천,여성,10,263
2025,06,202506,인천,여성,20,14792
2025,06,202506,인천,여성,30,61408
2025,06,202506,인천,여성,40,86388
2025,06,202506,인천,여성,50,99166
2025,06,202506,인천,여성,60,64586
2025,06,202506,인천,여성,70,12432
2025,06,202506,인천,여성,80,1691
2025,06,202506,인천,여성,90,416
2025,06,202506,광주,남성,10,168
2025,06,202506,광주,남성,20,18070
2025,06,202506,광주,남성,30,65777
2025,06,202506,광주,남성,40,112738
2025,06,202506,광주,남성,50,133292
2025,06,202506,광주,남성,60,90930
2025,06,202506,광주,남성,70,28855
2025,06,202506,광주,남성,80,4340
2025,06,202506,광주,남성,90,304
2025,06,202506,광주,여성,10,99
2025,06,202506,광주,여성,20,11052
2025,06,202506,광주,여성,30,34485
2025,06,202506,광주,여성,40,50369
2025,06,202506,광주,여성,50,59472
2025,06,202506,광주,여성,60,33418
2025,06,202506,광주,여성,70,7246
2025,06,202506,광주,여성,80,969
2025,06,202506,광주,여성,90,246
2025,06,202506,대전,남성,10,244
2025,06,202506,대전,남성,20,17658
2025,06,202506,대전,남성,30,71270
2025,06,202506,대전,남성,40,108022
2025,06,202506,대전,남성,50,132344
2025,06,202506,대전,남성,60,99670
2025,06,202506,대전,남성,70,31834
2025,06,202506,대전,남성,80,4438
2025,06,202506,대전,남성,90,326
2025,06,202506,대전,여성,10,138
2025,06,202506,대전,여성,20,9665
2025,06,202506,대전,여성,30,32829
2025,06,202506,대전,여성,40,45973
2025,06,202506,대전,여성,50,54887
2025,06,202506,대전,여성,60,34877
2025,06,202506,대전,여성,70,7355
2025,06,202506,대전,여성,80,994
2025,06,202506,대전,여성,90,235
2025,06,202506,울산,남성,10,214
2025,06,202506,울산,남성,20,14405
2025,06,202506,울산,남성,30,55463
2025,06,202506,울산,남성,40,97347
2025,06,202506,울산,남성,50,122886
2025,06,202506,울산,남성,60,106023
2025,06,202506,울산,남성,70,28170
2025,06,202506,울산,남성,80,3036
2025,06,202506,울산,남성,90,188
2025,06,202506,울산,여성,10,83
2025,06,202506,울산,여성,20,5952
2025,06,202506,울산,여성,30,21188
2025,06,202506,울산,여성,40,32388
2025,06,202506,울산,여성,50,40158
2025,06,202506,울산,여성,60,25154
2025,06,202506,울산,여성,70,5090
2025,06,202506,울산,여성,80,576
2025,06,202506,울산,여성,90,158
2025,06,202506,세종,남성,10,73
2025,06,202506,세종,남성,20,3327
2025,06,202506,세종,남성,30,23826
2025,06,202506,세종,남성,40,43832
2025,06,202506,세종,남성,50,36867
2025,06,202506,세종,남성,60,22078
2025,06,202506,세종,남성,70,6570
2025,06,202506,세종,남성,80,853
2025,06,202506,세종,남성,90,54
2025,06,202506,세종,여성,10,35
2025,06,202506,세종,여성,20,2282
2025,06,202506,세종,여성,30,12408
2025,06,202506,세종,여성,40,17674
2025,06,202506,세종,여성,50,13583
2025,06,202506,세종,여성,60,7404
2025,06,202506,세종,여성,70,1430
2025,06,202506,세종,여성,80,187
2025,06,202506,세종,여성,90,36
2025,06,202506,경기,남성,10,2653
2025,06,202506,경기,남성,20,142199
2025,06,202506,경기,남성,30,684968
2025,06,202506,경기,남성,40,1111939
2025,06,202506,경기,남성,50,1198662
2025,06,202506,경기,남성,60,881613
2025,06,202506,경기,남성,70,260172
2025,06,202506,경기,남성,80,41785
2025,06,202506,경기,남성,90,3599
2025,06,202506,경기,여성,10,1252
2025,06,202506,경기,여성,20,68360
2025,06,202506,경기,여성,30,282627
2025,06,202506,경기,여성,40,414662
2025,06,202506,경기,여성,50,489122
2025,06,202506,경기,여성,60,307647
2025,06,202506,경기,여성,70,68412
2025,06,202506,경기,여성,80,10523
2025,06,202506,경기,여성,90,2313
2025,06,202506,강원,남성,10,250
2025,06,202506,강원,남성,20,20035
2025,06,202506,강원,남성,30,67654
2025,06,202506,강원,남성,40,112031
2025,06,202506,강원,남성,50,163539
2025,06,202506,강원,남성,60,152732
2025,06,202506,강원,남성,70,55652
2025,06,202506,강원,남성,80,10454
2025,06,202506,강원,남성,90,582
2025,06,202506,강원,여성,10,134
2025,06,202506,강원,여성,20,10022
2025,06,202506,강원,여성,30,31363
2025,06,202506,강원,여성,40,48261
2025,06,202506,강원,여성,50,68115
2025,06,202506,강원,여성,60,53536
2025,06,202506,강원,여성,70,12924
2025,06,202506,강원,여성,80,1731
2025,06,202506,강원,여성,90,437
2025,06,202506,충북,남성,10,402
2025,06,202506,충북,남성,20,23934
2025,06,202506,충북,남성,30,85284
2025,06,202506,충북,남성,40,131077
2025,06,202506,충북,남성,50,175049
2025,06,202506,충북,남성,60,153848
2025,06,202506,충북,남성,70,50940
2025,06,202506,충북,남성,80,8176
2025,06,202506,충북,남성,90,477
2025,06,202506,충북,여성,10,183
2025,06,202506,충북,여성,20,12612
2025,06,202506,충북,여성,30,37119
2025,06,202506,충북,여성,40,51826
2025,06,202506,충북,여성,50,69475
2025,06,202506,충북,여성,60,48058
2025,06,202506,충북,여성,70,10590
2025,06,202506,충북,여성,80,1382
2025,06,202506,충북,여성,90,279
2025,06,202506,충남,남성,10,378
2025,06,202506,충남,남성,20,30855
2025,06,202506,충남,남성,30,117098
2025,06,202506,충남,남성,40,198956
2025,06,202506,충남,남성,50,234705
2025,06,202506,충남,남성,60,199724
2025,06,202506,충남,남성,70,71306
2025,06,202506,충남,남성,80,11262
2025,06,202506,충남,남성,90,809
2025,06,202506,충남,여성,10,179
2025,06,202506,충남,여성,20,15324
2025,06,202506,충남,여성,30,48901
2025,06,202506,충남,여성,40,69847
2025,06,202506,충남,여성,50,87762
2025,06,202506,충남,여성,60,64878
2025,06,202506,충남,여성,70,14441
2025,06,202506,충남,여성,80,1976
2025,06,202506,충남,여성,90,475
2025,06,202506,전북,남성,10,381
2025,06,202506,전북,남성,20,20774
2025,06,202506,전북,남성,30,69563
2025,06,202506,전북,남성,40,133664
2025,06,202506,전북,남성,50,194878
2025,06,202506,전북,남성,60,164926
2025,06,202506,전북,남성,70,64165
2025,06,202506,전북,남성,80,10092
2025,06,202506,전북,남성,90,930
2025,06,202506,전북,여성,10,174
2025,06,202506,전북,여성,20,11873
2025,06,202506,전북,여성,30,36075
2025,06,202506,전북,여성,40,55738
2025,06,202506,전북,여성,50,76875
2025,06,202506,전북,여성,60,54507
2025,06,202506,전북,여성,70,13405
2025,06,202506,전북,여성,80,2089
2025,06,202506,전북,여성,90,667
2025,06,202506,전남,남성,10,324
2025,06,202506,전남,남성,20,23306
2025,06,202506,전남,남성,30,74782
2025,06,202506,전남,남성,40,141357
2025,06,202506,전남,남성,50,211280
2025,06,202506,전남,남성,60,188065
2025,06,202506,전남,남성,70,70317
2025,06,202506,전남,남성,80,10665
2025,06,202506,전남,남성,90,862
2025,06,202506,전남,여성,10,164
2025,06,202506,전남,여성,20,12255
2025,06,202506,전남,여성,30,36250
2025,06,202506,전남,여성,40,54340
2025,06,202506,전남,여성,50,75991
2025,06,202506,전남,여성,60,56029
2025,06,202506,전남,여성,70,12428
2025,06,202506,전남,여성,80,2091
2025,06,202506,전남,여성,90,520
2025,06,202506,경북,남성,10,261
2025,06,202506,경북,남성,20,31047
2025,06,202506,경북,남성,30,113521
2025,06,202506,경북,남성,40,209744
2025,06,202506,경북,남성,50,304070
2025,06,202506,경북,남성,60,287215
2025,06,202506,경북,남성,70,108832
2025,06,202506,경북,남성,80,16202
2025,06,202506,경북,남성,90,1094
2025,06,202506,경북,여성,10,112
2025,06,202506,경북,여성,20,14823
2025,06,202506,경북,여성,30,48510
2025,06,202506,경북,여성,40,77788
2025,06,202506,경북,여성,50,109705
2025,06,202506,경북,여성,60,84756
2025,06,202506,경북,여성,70,19787
2025,06,202506,경북,여성,80,2498
2025,06,202506,경북,여성,90,527
2025,06,202506,경남,남성,10,661
2025,06,202506,경남,남성,20,35055
2025,06,202506,경남,남성,30,146483
2025,06,202506,경남,남성,40,276197
2025,06,202506,경남,남성,50,353402
2025,06,202506,경남,남성,60,297121
2025,06,202506,경남,남성,70,97792
2025,06,202506,경남,남성,80,12990
2025,06,202506,경남,남성,90,891
2025,06,202506,경남,여성,10,316
2025,06,202506,경남,여성,20,16940
2025,06,202506,경남,여성,30,63087
2025,06,202506,경남,여성,40,104752
2025,06,202506,경남,여성,50,135439
2025,06,202506,경남,여성,60,91365
2025,06,202506,경남,여성,70,18974
2025,06,202506,경남,여성,80,2471
2025,06,202506,경남,여성,90,592
2025,06,202506,제주,남성,10,178
2025,06,202506,제주,남성,20,6547
2025,06,202506,제주,남성,30,28245
2025,06,202506,제주,남성,40,56242
2025,06,202506,제주,남성,50,71845
2025,06,202506,제주,남성,60,52726
2025,06,202506,제주,남성,70,18848
2025,06,202506,제주,남성,80,3632
2025,06,202506,제주,남성,90,277
2025,06,202506,제주,여성,10,70
2025,06,202506,제주,여성,20,4526
2025,06,202506,제주,여성,30,17016
2025,06,202506,제주,여성,40,27878
2025,06,202506,제주,여성,50,34775
2025,06,202506,제주,여성,60,23170
2025,06,202506,제주,여성,70,5627
2025,06,202506,제주,여성,80,800
2025,06,202506,제주,여성,90,161
2025,07,202507,서울,남성,10,1501
2025,07,202507,서울,남성,20,48162
2025,07,202507,서울,남성,30,301644
2025,07,202507,서울,남성,40,483972
2025,07,202507,서울,남성,50,531365
2025,07,202507,서울,남성,60,429560
2025,07,202507,서울,남성,70,171887
2025,07,202507,서울,남성,80,29841
2025,07,202507,서울,남성,90,3677
2025,07,202507,서울,여성,10,750
2025,07,202507,서울,여성,20,23973
2025,07,202507,서울,여성,30,124989
2025,07,202507,서울,여성,40,183730
2025,07,202507,서울,여성,50,202957
2025,07,202507,서울,여성,60,138926
2025,07,202507,서울,여성,70,42572
2025,07,202507,서울,여성,80,7397
2025,07,202507,서울,여성,90,1998
2025,07,202507,부산,남성,10,585
2025,07,202507,부산,남성,20,25063
2025,07,202507,부산,남성,30,121755
2025,07,202507,부산,남성,40,207057
2025,07,202507,부산,남성,50,227675
2025,07,202507,부산,남성,60,200524
2025,07,202507,부산,남성,70,74158
2025,07,202507,부산,남성,80,10321
2025,07,202507,부산,남성,90,1073
2025,07,202507,부산,여성,10,277
2025,07,202507,부산,여성,20,11494
2025,07,202507,부산,여성,30,49198
2025,07,202507,부산,여성,40,77595
2025,07,202507,부산,여성,50,92959
2025,07,202507,부산,여성,60,65687
2025,07,202507,부산,여성,70,16015
2025,07,202507,부산,여성,80,2263
2025,07,202507,부산,여성,90,506
2025,07,202507,대구,남성,10,191
2025,07,202507,대구,남성,20,22861
2025,07,202507,대구,남성,30,108099
2025,07,202507,대구,남성,40,183403
2025,07,202507,대구,남성,50,229749
2025,07,202507,대구,남성,60,183086
2025,07,202507,대구,남성,70,62641
2025,07,202507,대구,남성,80,9428
2025,07,202507,대구,남성,90,833
2025,07,202507,대구,여성,10,101
2025,07,202507,대구,여성,20,11855
2025,07,202507,대구,여성,30,45352
2025,07,202507,대구,여성,40,71367
2025,07,202507,대구,여성,50,95452
2025,07,202507,대구,여성,60,62351
2025,07,202507,대구,여성,70,14547
2025,07,202507,대구,여성,80,1852
2025,07,202507,대구,여성,90,396
2025,07,202507,인천,남성,10,489
2025,07,202507,인천,남성,20,30565
2025,07,202507,인천,남성,30,146444
2025,07,202507,인천,남성,40,225275
2025,07,202507,인천,남성,50,241131
2025,07,202507,인천,남성,60,193450
2025,07,202507,인천,남성,70,53756
2025,07,202507,인천,남성,80,6812
2025,07,202507,인천,남성,90,626
2025,07,202507,인천,여성,10,261
2025,07,202507,인천,여성,20,14792
2025,07,202507,인천,여성,30,61479
2025,07,202507,인천,여성,40,86342
2025,07,202507,인천,여성,50,99241
2025,07,202507,인천,여성,60,64840
2025,07,202507,인천,여성,70,12561
2025,07,202507,인천,여성,80,1707
2025,07,202507,인천,여성,90,423
2025,07,202507,광주,남성,10,166
2025,07,202507,광주,남성,20,18044
2025,07,202507,광주,남성,30,65652
2025,07,202507,광주,남성,40,112522
2025,07,202507,광주,남성,50,132901
2025,07,202507,광주,남성,60,91225
2025,07,202507,광주,남성,70,28957
2025,07,202507,광주,남성,80,4389
2025,07,202507,광주,남성,90,306
2025,07,202507,광주,여성,10,101
2025,07,202507,광주,여성,20,11046
2025,07,202507,광주,여성,30,34507
2025,07,202507,광주,여성,40,50249
2025,07,202507,광주,여성,50,59479
2025,07,202507,광주,여성,60,33548
2025,07,202507,광주,여성,70,7335
2025,07,202507,광주,여성,80,968
2025,07,202507,광주,여성,90,248
2025,07,202507,대전,남성,10,243
2025,07,202507,대전,남성,20,17658
2025,07,202507,대전,남성,30,71360
2025,07,202507,대전,남성,40,107891
2025,07,202507,대전,남성,50,132491
2025,07,202507,대전,남성,60,99683
2025,07,202507,대전,남성,70,31950
2025,07,202507,대전,남성,80,4482
2025,07,202507,대전,남성,90,328
2025,07,202507,대전,여성,10,140
2025,07,202507,대전,여성,20,9628
2025,07,202507,대전,여성,30,32946
2025,07,202507,대전,여성,40,45960
2025,07,202507,대전,여성,50,54951
2025,07,202507,대전,여성,60,34994
2025,07,202507,대전,여성,70,7419
2025,07,202507,대전,여성,80,993
2025,07,202507,대전,여성,90,237
2025,07,202507,울산,남성,10,209
2025,07,202507,울산,남성,20,14478
2025,07,202507,울산,남성,30,55521
2025,07,202507,울산,남성,40,97145
2025,07,202507,울산,남성,50,122603
2025,07,202507,울산,남성,60,106267
2025,07,202507,울산,남성,70,28333
2025,07,202507,울산,남성,80,3059
2025,07,202507,울산,남성,90,191
2025,07,202507,울산,여성,10,83
2025,07,202507,울산,여성,20,5974
2025,07,202507,울산,여성,30,21233
2025,07,202507,울산,여성,40,32334
2025,07,202507,울산,여성,50,40186
2025,07,202507,울산,여성,60,25242
2025,07,202507,울산,여성,70,5173
2025,07,202507,울산,여성,80,569
2025,07,202507,울산,여성,90,158
2025,07,202507,세종,남성,10,72
2025,07,202507,세종,남성,20,3343
2025,07,202507,세종,남성,30,23678
2025,07,202507,세종,남성,40,43817
2025,07,202507,세종,남성,50,37008
2025,07,202507,세종,남성,60,22109
2025,07,202507,세종,남성,70,6599
2025,07,202507,세종,남성,80,864
2025,07,202507,세종,남성,90,53
2025,07,202507,세종,여성,10,36
2025,07,202507,세종,여성,20,2274
2025,07,202507,세종,여성,30,12404
2025,07,202507,세종,여성,40,17627
2025,07,202507,세종,여성,50,13631
2025,07,202507,세종,여성,60,7407
2025,07,202507,세종,여성,70,1441
2025,07,202507,세종,여성,80,185
2025,07,202507,세종,여성,90,36
2025,07,202507,경기,남성,10,2660
2025,07,202507,경기,남성,20,142178
2025,07,202507,경기,남성,30,684073
2025,07,202507,경기,남성,40,1109417
2025,07,202507,경기,남성,50,1199423
2025,07,202507,경기,남성,60,883662
2025,07,202507,경기,남성,70,261930
2025,07,202507,경기,남성,80,41985
2025,07,202507,경기,남성,90,3626
2025,07,202507,경기,여성,10,1264
2025,07,202507,경기,여성,20,68318
2025,07,202507,경기,여성,30,282671
2025,07,202507,경기,여성,40,414108
2025,07,202507,경기,여성,50,489661
2025,07,202507,경기,여성,60,308920
2025,07,202507,경기,여성,70,69020
2025,07,202507,경기,여성,80,10550
2025,07,202507,경기,여성,90,2321
2025,07,202507,강원,남성,10,251
2025,07,202507,강원,남성,20,20076
2025,07,202507,강원,남성,30,67688
2025,07,202507,강원,남성,40,111750
2025,07,202507,강원,남성,50,163587
2025,07,202507,강원,남성,60,152778
2025,07,202507,강원,남성,70,56015
2025,07,202507,강원,남성,80,10540
2025,07,202507,강원,남성,90,585
2025,07,202507,강원,여성,10,140
2025,07,202507,강원,여성,20,10009
2025,07,202507,강원,여성,30,31402
2025,07,202507,강원,여성,40,48268
2025,07,202507,강원,여성,50,68183
2025,07,202507,강원,여성,60,53692
2025,07,202507,강원,여성,70,13027
2025,07,202507,강원,여성,80,1731
2025,07,202507,강원,여성,90,437
2025,07,202507,충북,남성,10,400
2025,07,202507,충북,남성,20,23941
2025,07,202507,충북,남성,30,85464
2025,07,202507,충북,남성,40,130904
2025,07,202507,충북,남성,50,175173
2025,07,202507,충북,남성,60,154082
2025,07,202507,충북,남성,70,51309
2025,07,202507,충북,남성,80,8243
2025,07,202507,충북,남성,90,472
2025,07,202507,충북,여성,10,192
2025,07,202507,충북,여성,20,12603
2025,07,202507,충북,여성,30,37252
2025,07,202507,충북,여성,40,51789
2025,07,202507,충북,여성,50,69607
2025,07,202507,충북,여성,60,48395
2025,07,202507,충북,여성,70,10670
2025,07,202507,충북,여성,80,1412
2025,07,202507,충북,여성,90,284
2025,07,202507,충남,남성,10,376
2025,07,202507,충남,남성,20,30957
2025,07,202507,충남,남성,30,117000
2025,07,202507,충남,남성,40,198722
2025,07,202507,충남,남성,50,235020
2025,07,202507,충남,남성,60,200037
2025,07,202507,충남,남성,70,71595
2025,07,202507,충남,남성,80,11319
2025,07,202507,충남,남성,90,815
2025,07,202507,충남,여성,10,175
2025,07,202507,충남,여성,20,15348
2025,07,202507,충남,여성,30,48921
2025,07,202507,충남,여성,40,69735
2025,07,202507,충남,여성,50,88149
2025,07,202507,충남,여성,60,65049
2025,07,202507,충남,여성,70,14585
2025,07,202507,충남,여성,80,1987
2025,07,202507,충남,여성,90,472
2025,07,202507,전북,남성,10,388
2025,07,202507,전북,남성,20,20862
2025,07,202507,전북,남성,30,69554
2025,07,202507,전북,남성,40,133354
2025,07,202507,전북,남성,50,194687
2025,07,202507,전북,남성,60,165381
2025,07,202507,전북,남성,70,64500
2025,07,202507,전북,남성,80,10189
2025,07,202507,전북,남성,90,942
2025,07,202507,전북,여성,10,171
2025,07,202507,전북,여성,20,11837
2025,07,202507,전북,여성,30,36220
2025,07,202507,전북,여성,40,55687
2025,07,202507,전북,여성,50,76974
2025,07,202507,전북,여성,60,54750
2025,07,202507,전북,여성,70,13506
2025,07,202507,전북,여성,80,2085
2025,07,202507,전북,여성,90,658
2025,07,202507,전남,남성,10,320
2025,07,202507,전남,남성,20,23318
2025,07,202507,전남,남성,30,74809
2025,07,202507,전남,남성,40,141063
2025,07,202507,전남,남성,50,211001
2025,07,202507,전남,남성,60,188707
2025,07,202507,전남,남성,70,70670
2025,07,202507,전남,남성,80,10764
2025,07,202507,전남,남성,90,868
2025,07,202507,전남,여성,10,165
2025,07,202507,전남,여성,20,12299
2025,07,202507,전남,여성,30,36349
2025,07,202507,전남,여성,40,54309
2025,07,202507,전남,여성,50,76009
2025,07,202507,전남,여성,60,56291
2025,07,202507,전남,여성,70,12597
2025,07,202507,전남,여성,80,2081
2025,07,202507,전남,여성,90,523
2025,07,202507,경북,남성,10,268
2025,07,202507,경북,남성,20,30928
2025,07,202507,경북,남성,30,113417
2025,07,202507,경북,남성,40,209504
2025,07,202507,경북,남성,50,303908
2025,07,202507,경북,남성,60,287834
2025,07,202507,경북,남성,70,109299
2025,07,202507,경북,남성,80,16292
2025,07,202507,경북,남성,90,1097
2025,07,202507,경북,여성,10,113
2025,07,202507,경북,여성,20,14834
2025,07,202507,경북,여성,30,48678
2025,07,202507,경북,여성,40,77684
2025,07,202507,경북,여성,50,109826
2025,07,202507,경북,여성,60,85102
2025,07,202507,경북,여성,70,19941
2025,07,202507,경북,여성,80,2479
2025,07,202507,경북,여성,90,530
2025,07,202507,경남,남성,10,675
2025,07,202507,경남,남성,20,35074
2025,07,202507,경남,남성,30,146074
2025,07,202507,경남,남성,40,275623
2025,07,202507,경남,남성,50,353197
2025,07,202507,경남,남성,60,297323
2025,07,202507,경남,남성,70,98342
2025,07,202507,경남,남성,80,13064
2025,07,202507,경남,남성,90,894
2025,07,202507,경남,여성,10,316
2025,07,202507,경남,여성,20,16896
2025,07,202507,경남,여성,30,63096
2025,07,202507,경남,여성,40,104560
2025,07,202507,경남,여성,50,135707
2025,07,202507,경남,여성,60,91690
2025,07,202507,경남,여성,70,19207
2025,07,202507,경남,여성,80,2451
2025,07,202507,경남,여성,90,592
2025,07,202507,제주,남성,10,172
2025,07,202507,제주,남성,20,6543
2025,07,202507,제주,남성,30,28225
2025,07,202507,제주,남성,40,56126
2025,07,202507,제주,남성,50,71813
2025,07,202507,제주,남성,60,52899
2025,07,202507,제주,남성,70,18935
2025,07,202507,제주,남성,80,3646
2025,07,202507,제주,남성,90,272
2025,07,202507,제주,여성,10,71
2025,07,202507,제주,여성,20,4508
2025,07,202507,제주,여성,30,17014
2025,07,202507,제주,여성,40,27904
2025,07,202507,제주,여성,50,34715
2025,07,202507,제주,여성,60,23314
2025,07,202507,제주,여성,70,5691
2025,07,202507,제주,여성,80,798
2025,07,202507,제주,여성,90,164
2025,08,202508,서울,남성,10,1500
2025,08,202508,서울,남성,20,47962
2025,08,202508,서울,남성,30,301040
2025,08,202508,서울,남성,40,483382
2025,08,202508,서울,남성,50,530816
2025,08,202508,서울,남성,60,429746
2025,08,202508,서울,남성,70,173082
2025,08,202508,서울,남성,80,30033
2025,08,202508,서울,남성,90,3676
2025,08,202508,서울,여성,10,745
2025,08,202508,서울,여성,20,23778
2025,08,202508,서울,여성,30,124865
2025,08,202508,서울,여성,40,183468
2025,08,202508,서울,여성,50,202948
2025,08,202508,서울,여성,60,139234
2025,08,202508,서울,여성,70,42965
2025,08,202508,서울,여성,80,7433
2025,08,202508,서울,여성,90,1998
2025,08,202508,부산,남성,10,582
2025,08,202508,부산,남성,20,24930
2025,08,202508,부산,남성,30,121716
2025,08,202508,부산,남성,40,206725
2025,08,202508,부산,남성,50,227453
2025,08,202508,부산,남성,60,200527
2025,08,202508,부산,남성,70,74823
2025,08,202508,부산,남성,80,10341
2025,08,202508,부산,남성,90,1080
2025,08,202508,부산,여성,10,280
2025,08,202508,부산,여성,20,11435
2025,08,202508,부산,여성,30,49228
2025,08,202508,부산,여성,40,77525
2025,08,202508,부산,여성,50,92843
2025,08,202508,부산,여성,60,65811
2025,08,202508,부산,여성,70,16220
2025,08,202508,부산,여성,80,2259
2025,08,202508,부산,여성,90,501
2025,08,202508,대구,남성,10,185
2025,08,202508,대구,남성,20,22732
2025,08,202508,대구,남성,30,107864
2025,08,202508,대구,남성,40,183016
2025,08,202508,대구,남성,50,229417
2025,08,202508,대구,남성,60,183472
2025,08,202508,대구,남성,70,63013
2025,08,202508,대구,남성,80,9441
2025,08,202508,대구,남성,90,844
2025,08,202508,대구,여성,10,102
2025,08,202508,대구,여성,20,11771
2025,08,202508,대구,여성,30,45424
2025,08,202508,대구,여성,40,71253
2025,08,202508,대구,여성,50,95511
2025,08,202508,대구,여성,60,62682
2025,08,202508,대구,여성,70,14705
2025,08,202508,대구,여성,80,1852
2025,08,202508,대구,여성,90,394
2025,08,202508,인천,남성,10,487
2025,08,202508,인천,남성,20,30418
2025,08,202508,인천,남성,30,146271
2025,08,202508,인천,남성,40,224876
2025,08,202508,인천,남성,50,241081
2025,08,202508,인천,남성,60,193829
2025,08,202508,인천,남성,70,54181
2025,08,202508,인천,남성,80,6876
2025,08,202508,인천,남성,90,627
2025,08,202508,인천,여성,10,259
2025,08,202508,인천,여성,20,14737
2025,08,202508,인천,여성,30,61620
2025,08,202508,인천,여성,40,86238
2025,08,202508,인천,여성,50,99231
2025,08,202508,인천,여성,60,65106
2025,08,202508,인천,여성,70,12730
2025,08,202508,인천,여성,80,1710
2025,08,202508,인천,여성,90,424
2025,08,202508,광주,남성,10,166
2025,08,202508,광주,남성,20,17987
2025,08,202508,광주,남성,30,65597
2025,08,202508,광주,남성,40,112191
2025,08,202508,광주,남성,50,132680
2025,08,202508,광주,남성,60,91637
2025,08,202508,광주,남성,70,29192
2025,08,202508,광주,남성,80,4422
2025,08,202508,광주,남성,90,307
2025,08,202508,광주,여성,10,104
2025,08,202508,광주,여성,20,10941
2025,08,202508,광주,여성,30,34512
2025,08,202508,광주,여성,40,50214
2025,08,202508,광주,여성,50,59425
2025,08,202508,광주,여성,60,33810
2025,08,202508,광주,여성,70,7403
2025,08,202508,광주,여성,80,968
2025,08,202508,광주,여성,90,253
2025,08,202508,대전,남성,10,234
2025,08,202508,대전,남성,20,17585
2025,08,202508,대전,남성,30,71310
2025,08,202508,대전,남성,40,107746
2025,08,202508,대전,남성,50,132379
2025,08,202508,대전,남성,60,99832
2025,08,202508,대전,남성,70,32179
2025,08,202508,대전,남성,80,4494
2025,08,202508,대전,남성,90,331
2025,08,202508,대전,여성,10,137
2025,08,202508,대전,여성,20,9639
2025,08,202508,대전,여성,30,32955
2025,08,202508,대전,여성,40,45873
2025,08,202508,대전,여성,50,55018
2025,08,202508,대전,여성,60,35192
2025,08,202508,대전,여성,70,7481
2025,08,202508,대전,여성,80,982
2025,08,202508,대전,여성,90,236
2025,08,202508,울산,남성,10,207
2025,08,202508,울산,남성,20,14426
2025,08,202508,울산,남성,30,55538
2025,08,202508,울산,남성,40,96921
2025,08,202508,울산,남성,50,122302
2025,08,202508,울산,남성,60,106573
2025,08,202508,울산,남성,70,28624
2025,08,202508,울산,남성,80,3086
2025,08,202508,울산,남성,90,192
2025,08,202508,울산,여성,10,82
2025,08,202508,울산,여성,20,5925
2025,08,202508,울산,여성,30,21309
2025,08,202508,울산,여성,40,32265
2025,08,202508,울산,여성,50,40220
2025,08,202508,울산,여성,60,25332
2025,08,202508,울산,여성,70,5208
2025,08,202508,울산,여성,80,575
2025,08,202508,울산,여성,90,158
2025,08,202508,세종,남성,10,74
2025,08,202508,세종,남성,20,3360
2025,08,202508,세종,남성,30,23601
2025,08,202508,세종,남성,40,43757
2025,08,202508,세종,남성,50,37089
2025,08,202508,세종,남성,60,22085
2025,08,202508,세종,남성,70,6675
2025,08,202508,세종,남성,80,863
2025,08,202508,세종,남성,90,54
2025,08,202508,세종,여성,10,38
2025,08,202508,세종,여성,20,2251
2025,08,202508,세종,여성,30,12403
2025,08,202508,세종,여성,40,17598
2025,08,202508,세종,여성,50,13682
2025,08,202508,세종,여성,60,7462
2025,08,202508,세종,여성,70,1457
2025,08,202508,세종,여성,80,185
2025,08,202508,세종,여성,90,35
2025,08,202508,경기,남성,10,2651
2025,08,202508,경기,남성,20,141709
2025,08,202508,경기,남성,30,683269
2025,08,202508,경기,남성,40,1107362
2025,08,202508,경기,남성,50,1197881
2025,08,202508,경기,남성,60,887003
2025,08,202508,경기,남성,70,263929
2025,08,202508,경기,남성,80,42300
2025,08,202508,경기,남성,90,3658
2025,08,202508,경기,여성,10,1243
2025,08,202508,경기,여성,20,67988
2025,08,202508,경기,여성,30,282907
2025,08,202508,경기,여성,40,413504
2025,08,202508,경기,여성,50,489609
2025,08,202508,경기,여성,60,310602
2025,08,202508,경기,여성,70,69830
2025,08,202508,경기,여성,80,10572
2025,08,202508,경기,여성,90,2337
2025,08,202508,강원,남성,10,248
2025,08,202508,강원,남성,20,20063
2025,08,202508,강원,남성,30,67388
2025,08,202508,강원,남성,40,111669
2025,08,202508,강원,남성,50,163118
2025,08,202508,강원,남성,60,152980
2025,08,202508,강원,남성,70,56485
2025,08,202508,강원,남성,80,10577
2025,08,202508,강원,남성,90,583
2025,08,202508,강원,여성,10,143
2025,08,202508,강원,여성,20,9944
2025,08,202508,강원,여성,30,31448
2025,08,202508,강원,여성,40,48107
2025,08,202508,강원,여성,50,68215
2025,08,202508,강원,여성,60,54021
2025,08,202508,강원,여성,70,13177
2025,08,202508,강원,여성,80,1720
2025,08,202508,강원,여성,90,450
2025,08,202508,충북,남성,10,394
2025,08,202508,충북,남성,20,23884
2025,08,202508,충북,남성,30,85423
2025,08,202508,충북,남성,40,130716
2025,08,202508,충북,남성,50,175054
2025,08,202508,충북,남성,60,154451
2025,08,202508,충북,남성,70,51746
2025,08,202508,충북,남성,80,8280
2025,08,202508,충북,남성,90,474
2025,08,202508,충북,여성,10,197
2025,08,202508,충북,여성,20,12516
2025,08,202508,충북,여성,30,37349
2025,08,202508,충북,여성,40,51787
2025,08,202508,충북,여성,50,69682
2025,08,202508,충북,여성,60,48657
2025,08,202508,충북,여성,70,10805
2025,08,202508,충북,여성,80,1394
2025,08,202508,충북,여성,90,284
2025,08,202508,충남,남성,10,387
2025,08,202508,충남,남성,20,30874
2025,08,202508,충남,남성,30,116873
2025,08,202508,충남,남성,40,198668
2025,08,202508,충남,남성,50,235117
2025,08,202508,충남,남성,60,200312
2025,08,202508,충남,남성,70,72178
2025,08,202508,충남,남성,80,11388
2025,08,202508,충남,남성,90,823
2025,08,202508,충남,여성,10,170
2025,08,202508,충남,여성,20,15335
2025,08,202508,충남,여성,30,49015
2025,08,202508,충남,여성,40,69662
2025,08,202508,충남,여성,50,88296
2025,08,202508,충남,여성,60,65457
2025,08,202508,충남,여성,70,14785
2025,08,202508,충남,여성,80,1980
2025,08,202508,충남,여성,90,472
2025,08,202508,전북,남성,10,375
2025,08,202508,전북,남성,20,20799
2025,08,202508,전북,남성,30,69490
2025,08,202508,전북,남성,40,132889
2025,08,202508,전북,남성,50,194461
2025,08,202508,전북,남성,60,165783
2025,08,202508,전북,남성,70,64936
2025,08,202508,전북,남성,80,10251
2025,08,202508,전북,남성,90,954
2025,08,202508,전북,여성,10,166
2025,08,202508,전북,여성,20,11765
2025,08,202508,전북,여성,30,36267
2025,08,202508,전북,여성,40,55496
2025,08,202508,전북,여성,50,77028
2025,08,202508,전북,여성,60,55074
2025,08,202508,전북,여성,70,13644
2025,08,202508,전북,여성,80,2072
2025,08,202508,전북,여성,90,671
2025,08,202508,전남,남성,10,317
2025,08,202508,전남,남성,20,23082
2025,08,202508,전남,남성,30,74789
2025,08,202508,전남,남성,40,140508
2025,08,202508,전남,남성,50,210485
2025,08,202508,전남,남성,60,189443
2025,08,202508,전남,남성,70,71156
2025,08,202508,전남,남성,80,10893
2025,08,202508,전남,남성,90,863
2025,08,202508,전남,여성,10,160
2025,08,202508,전남,여성,20,12241
2025,08,202508,전남,여성,30,36356
2025,08,202508,전남,여성,40,54267
2025,08,202508,전남,여성,50,75904
2025,08,202508,전남,여성,60,56737
2025,08,202508,전남,여성,70,12732
2025,08,202508,전남,여성,80,2095
2025,08,202508,전남,여성,90,517
2025,08,202508,경북,남성,10,262
2025,08,202508,경북,남성,20,30756
2025,08,202508,경북,남성,30,113142
2025,08,202508,경북,남성,40,209063
2025,08,202508,경북,남성,50,303371
2025,08,202508,경북,남성,60,288298
2025,08,202508,경북,남성,70,110155
2025,08,202508,경북,남성,80,16309
2025,08,202508,경북,남성,90,1103
2025,08,202508,경북,여성,10,112
2025,08,202508,경북,여성,20,14740
2025,08,202508,경북,여성,30,48742
2025,08,202508,경북,여성,40,77563
2025,08,202508,경북,여성,50,109805
2025,08,202508,경북,여성,60,85598
2025,08,202508,경북,여성,70,20152
2025,08,202508,경북,여성,80,2481
2025,08,202508,경북,여성,90,535
2025,08,202508,경남,남성,10,674
2025,08,202508,경남,남성,20,34963
2025,08,202508,경남,남성,30,145885
2025,08,202508,경남,남성,40,274830
2025,08,202508,경남,남성,50,352767
2025,08,202508,경남,남성,60,297760
2025,08,202508,경남,남성,70,99297
2025,08,202508,경남,남성,80,13125
2025,08,202508,경남,남성,90,907
2025,08,202508,경남,여성,10,308
2025,08,202508,경남,여성,20,16847
2025,08,202508,경남,여성,30,63032
2025,08,202508,경남,여성,40,104426
2025,08,202508,경남,여성,50,135826
2025,08,202508,경남,여성,60,92051
2025,08,202508,경남,여성,70,19438
2025,08,202508,경남,여성,80,2446
2025,08,202508,경남,여성,90,591
2025,08,202508,제주,남성,10,171
2025,08,202508,제주,남성,20,6519
2025,08,202508,제주,남성,30,28160
2025,08,202508,제주,남성,40,56008
2025,08,202508,제주,남성,50,71722
2025,08,202508,제주,남성,60,53134
2025,08,202508,제주,남성,70,19031
2025,08,202508,제주,남성,80,3698
2025,08,202508,제주,남성,90,271
2025,08,202508,제주,여성,10,73
2025,08,202508,제주,여성,20,4485
2025,08,202508,제주,여성,30,17045
2025,08,202508,제주,여성,40,27880
2025,08,202508,제주,여성,50,34742
2025,08,202508,제주,여성,60,23424
2025,08,202508,제주,여성,70,5780
2025,08,202508,제주,여성,80,808
2025,08,202508,제주,여성,90,166
2025,09,202509,서울,남성,10,1500
2025,09,202509,서울,남성,20,47505
2025,09,202509,서울,남성,30,300686
2025,09,202509,서울,남성,40,483413
2025,09,202509,서울,남성,50,529765
2025,09,202509,서울,남성,60,429745
2025,09,202509,서울,남성,70,174325
2025,09,202509,서울,남성,80,30086
2025,09,202509,서울,남성,90,3676
2025,09,202509,서울,여성,10,740
2025,09,202509,서울,여성,20,23607
2025,09,202509,서울,여성,30,124958
2025,09,202509,서울,여성,40,183341
2025,09,202509,서울,여성,50,202799
2025,09,202509,서울,여성,60,139474
2025,09,202509,서울,여성,70,43394
2025,09,202509,서울,여성,80,7427
2025,09,202509,서울,여성,90,1990
2025,09,202509,부산,남성,10,590
2025,09,202509,부산,남성,20,24831
2025,09,202509,부산,남성,30,121815
2025,09,202509,부산,남성,40,206356
2025,09,202509,부산,남성,50,227273
2025,09,202509,부산,남성,60,200611
2025,09,202509,부산,남성,70,75531
2025,09,202509,부산,남성,80,10330
2025,09,202509,부산,남성,90,1087
2025,09,202509,부산,여성,10,270
2025,09,202509,부산,여성,20,11340
2025,09,202509,부산,여성,30,49273
2025,09,202509,부산,여성,40,77521
2025,09,202509,부산,여성,50,92644
2025,09,202509,부산,여성,60,66031
2025,09,202509,부산,여성,70,16438
2025,09,202509,부산,여성,80,2252
2025,09,202509,부산,여성,90,503
2025,09,202509,대구,남성,10,184
2025,09,202509,대구,남성,20,22584
2025,09,202509,대구,남성,30,107728
2025,09,202509,대구,남성,40,182551
2025,09,202509,대구,남성,50,229124
2025,09,202509,대구,남성,60,183775
2025,09,202509,대구,남성,70,63463
2025,09,202509,대구,남성,80,9420
2025,09,202509,대구,남성,90,863
2025,09,202509,대구,여성,10,99
2025,09,202509,대구,여성,20,11703
2025,09,202509,대구,여성,30,45533
2025,09,202509,대구,여성,40,71200
2025,09,202509,대구,여성,50,95569
2025,09,202509,대구,여성,60,62923
2025,09,202509,대구,여성,70,14894
2025,09,202509,대구,여성,80,1858
2025,09,202509,대구,여성,90,397
2025,09,202509,인천,남성,10,492
2025,09,202509,인천,남성,20,30349
2025,09,202509,인천,남성,30,146296
2025,09,202509,인천,남성,40,224851
2025,09,202509,인천,남성,50,240767
2025,09,202509,인천,남성,60,194562
2025,09,202509,인천,남성,70,54723
2025,09,202509,인천,남성,80,6889
2025,09,202509,인천,남성,90,639
2025,09,202509,인천,여성,10,253
2025,09,202509,인천,여성,20,14658
2025,09,202509,인천,여성,30,61766
2025,09,202509,인천,여성,40,86355
2025,09,202509,인천,여성,50,99272
2025,09,202509,인천,여성,60,65451
2025,09,202509,인천,여성,70,12919
2025,09,202509,인천,여성,80,1704
2025,09,202509,인천,여성,90,423
2025,09,202509,광주,남성,10,176
2025,09,202509,광주,남성,20,17928
2025,09,202509,광주,남성,30,65610
2025,09,202509,광주,남성,40,112041
2025,09,202509,광주,남성,50,132441
2025,09,202509,광주,남성,60,92024
2025,09,202509,광주,남성,70,29444
2025,09,202509,광주,남성,80,4436
2025,09,202509,광주,남성,90,309
2025,09,202509,광주,여성,10,99
2025,09,202509,광주,여성,20,10857
2025,09,202509,광주,여성,30,34618
2025,09,202509,광주,여성,40,50194
2025,09,202509,광주,여성,50,59508
2025,09,202509,광주,여성,60,34002
2025,09,202509,광주,여성,70,7491
2025,09,202509,광주,여성,80,964
2025,09,202509,광주,여성,90,253
2025,09,202509,대전,남성,10,227
2025,09,202509,대전,남성,20,17581
2025,09,202509,대전,남성,30,71518
2025,09,202509,대전,남성,40,107476
2025,09,202509,대전,남성,50,132262
2025,09,202509,대전,남성,60,99968
2025,09,202509,대전,남성,70,32453
2025,09,202509,대전,남성,80,4494
2025,09,202509,대전,남성,90,334
2025,09,202509,대전,여성,10,142
2025,09,202509,대전,여성,20,9624
2025,09,202509,대전,여성,30,33060
2025,09,202509,대전,여성,40,45926
2025,09,202509,대전,여성,50,55104
2025,09,202509,대전,여성,60,35376
2025,09,202509,대전,여성,70,7540
2025,09,202509,대전,여성,80,986
2025,09,202509,대전,여성,90,233
2025,09,202509,울산,남성,10,202
2025,09,202509,울산,남성,20,14365
2025,09,202509,울산,남성,30,55605
2025,09,202509,울산,남성,40,96899
2025,09,202509,울산,남성,50,121654
2025,09,202509,울산,남성,60,107062
2025,09,202509,울산,남성,70,28878
2025,09,202509,울산,남성,80,3099
2025,09,202509,울산,남성,90,193
2025,09,202509,울산,여성,10,80
2025,09,202509,울산,여성,20,5938
2025,09,202509,울산,여성,30,21347
2025,09,202509,울산,여성,40,32236
2025,09,202509,울산,여성,50,40242
2025,09,202509,울산,여성,60,25450
2025,09,202509,울산,여성,70,5273
2025,09,202509,울산,여성,80,582
2025,09,202509,울산,여성,90,158
2025,09,202509,세종,남성,10,71
2025,09,202509,세종,남성,20,3330
2025,09,202509,세종,남성,30,23547
2025,09,202509,세종,남성,40,43729
2025,09,202509,세종,남성,50,37095
2025,09,202509,세종,남성,60,22120
2025,09,202509,세종,남성,70,6737
2025,09,202509,세종,남성,80,865
2025,09,202509,세종,남성,90,51
2025,09,202509,세종,여성,10,38
2025,09,202509,세종,여성,20,2261
2025,09,202509,세종,여성,30,12395
2025,09,202509,세종,여성,40,17602
2025,09,202509,세종,여성,50,13712
2025,09,202509,세종,여성,60,7511
2025,09,202509,세종,여성,70,1470
2025,09,202509,세종,여성,80,186
2025,09,202509,세종,여성,90,36
2025,09,202509,경기,남성,10,2651
2025,09,202509,경기,남성,20,141114
2025,09,202509,경기,남성,30,682915
2025,09,202509,경기,남성,40,1105838
2025,09,202509,경기,남성,50,1196004
2025,09,202509,경기,남성,60,890606
2025,09,202509,경기,남성,70,266318
2025,09,202509,경기,남성,80,42405
2025,09,202509,경기,남성,90,3707
2025,09,202509,경기,여성,10,1236
2025,09,202509,경기,여성,20,67432
2025,09,202509,경기,여성,30,283481
2025,09,202509,경기,여성,40,413696
2025,09,202509,경기,여성,50,489525
2025,09,202509,경기,여성,60,312299
2025,09,202509,경기,여성,70,70656
2025,09,202509,경기,여성,80,10567
2025,09,202509,경기,여성,90,2355
2025,09,202509,강원,남성,10,260
2025,09,202509,강원,남성,20,19955
2025,09,202509,강원,남성,30,67398
2025,09,202509,강원,남성,40,111413
2025,09,202509,강원,남성,50,163085
2025,09,202509,강원,남성,60,153242
2025,09,202509,강원,남성,70,56920
2025,09,202509,강원,남성,80,10630
2025,09,202509,강원,남성,90,587
2025,09,202509,강원,여성,10,142
2025,09,202509,강원,여성,20,9887
2025,09,202509,강원,여성,30,31538
2025,09,202509,강원,여성,40,48107
2025,09,202509,강원,여성,50,68170
2025,09,202509,강원,여성,60,54242
2025,09,202509,강원,여성,70,13355
2025,09,202509,강원,여성,80,1711
2025,09,202509,강원,여성,90,454
2025,09,202509,충북,남성,10,388
2025,09,202509,충북,남성,20,23796
2025,09,202509,충북,남성,30,85727
2025,09,202509,충북,남성,40,130678
2025,09,202509,충북,남성,50,174688
2025,09,202509,충북,남성,60,154744
2025,09,202509,충북,남성,70,52256
2025,09,202509,충북,남성,80,8293
2025,09,202509,충북,남성,90,479
2025,09,202509,충북,여성,10,195
2025,09,202509,충북,여성,20,12458
2025,09,202509,충북,여성,30,37501
2025,09,202509,충북,여성,40,51792
2025,09,202509,충북,여성,50,69527
2025,09,202509,충북,여성,60,48950
2025,09,202509,충북,여성,70,10958
2025,09,202509,충북,여성,80,1381
2025,09,202509,충북,여성,90,286
2025,09,202509,충남,남성,10,387
2025,09,202509,충남,남성,20,30760
2025,09,202509,충남,남성,30,116786
2025,09,202509,충남,남성,40,198490
2025,09,202509,충남,남성,50,235064
2025,09,202509,충남,남성,60,200638
2025,09,202509,충남,남성,70,72847
2025,09,202509,충남,남성,80,11398
2025,09,202509,충남,남성,90,836
2025,09,202509,충남,여성,10,172
2025,09,202509,충남,여성,20,15300
2025,09,202509,충남,여성,30,49189
2025,09,202509,충남,여성,40,69480
2025,09,202509,충남,여성,50,88385
2025,09,202509,충남,여성,60,65743
2025,09,202509,충남,여성,70,14943
2025,09,202509,충남,여성,80,1952
2025,09,202509,충남,여성,90,487
2025,09,202509,전북,남성,10,383
2025,09,202509,전북,남성,20,20742
2025,09,202509,전북,남성,30,69511
2025,09,202509,전북,남성,40,132368
2025,09,202509,전북,남성,50,193898
2025,09,202509,전북,남성,60,166252
2025,09,202509,전북,남성,70,65502
2025,09,202509,전북,남성,80,10273
2025,09,202509,전북,남성,90,965
2025,09,202509,전북,여성,10,167
2025,09,202509,전북,여성,20,11772
2025,09,202509,전북,여성,30,36349
2025,09,202509,전북,여성,40,55414
2025,09,202509,전북,여성,50,76915
2025,09,202509,전북,여성,60,55420
2025,09,202509,전북,여성,70,13844
2025,09,202509,전북,여성,80,2063
2025,09,202509,전북,여성,90,664
2025,09,202509,전남,남성,10,318
2025,09,202509,전남,남성,20,23026
2025,09,202509,전남,남성,30,74922
2025,09,202509,전남,남성,40,140221
2025,09,202509,전남,남성,50,209996
2025,09,202509,전남,남성,60,189866
2025,09,202509,전남,남성,70,71902
2025,09,202509,전남,남성,80,10929
2025,09,202509,전남,남성,90,868
2025,09,202509,전남,여성,10,156
2025,09,202509,전남,여성,20,12194
2025,09,202509,전남,여성,30,36402
2025,09,202509,전남,여성,40,54142
2025,09,202509,전남,여성,50,75885
2025,09,202509,전남,여성,60,57044
2025,09,202509,전남,여성,70,12881
2025,09,202509,전남,여성,80,2079
2025,09,202509,전남,여성,90,516
2025,09,202509,경북,남성,10,263
2025,09,202509,경북,남성,20,30620
2025,09,202509,경북,남성,30,113163
2025,09,202509,경북,남성,40,208652
2025,09,202509,경북,남성,50,303060
2025,09,202509,경북,남성,60,288628
2025,09,202509,경북,남성,70,111053
2025,09,202509,경북,남성,80,16274
2025,09,202509,경북,남성,90,1115
2025,09,202509,경북,여성,10,111
2025,09,202509,경북,여성,20,14658
2025,09,202509,경북,여성,30,48900
2025,09,202509,경북,여성,40,77567
2025,09,202509,경북,여성,50,109722
2025,09,202509,경북,여성,60,86042
2025,09,202509,경북,여성,70,20403
2025,09,202509,경북,여성,80,2460
2025,09,202509,경북,여성,90,537
2025,09,202509,경남,남성,10,676
2025,09,202509,경남,남성,20,34881
2025,09,202509,경남,남성,30,145785
2025,09,202509,경남,남성,40,274739
2025,09,202509,경남,남성,50,352283
2025,09,202509,경남,남성,60,298525
2025,09,202509,경남,남성,70,100257
2025,09,202509,경남,남성,80,13131
2025,09,202509,경남,남성,90,915
2025,09,202509,경남,여성,10,314
2025,09,202509,경남,여성,20,16788
2025,09,202509,경남,여성,30,63205
2025,09,202509,경남,여성,40,104319
2025,09,202509,경남,여성,50,135989
2025,09,202509,경남,여성,60,92575
2025,09,202509,경남,여성,70,19715
2025,09,202509,경남,여성,80,2425
2025,09,202509,경남,여성,90,595
2025,09,202509,제주,남성,10,169
2025,09,202509,제주,남성,20,6472
2025,09,202509,제주,남성,30,28153
2025,09,202509,제주,남성,40,55788
2025,09,202509,제주,남성,50,71778
2025,09,202509,제주,남성,60,53325
2025,09,202509,제주,남성,70,19175
2025,09,202509,제주,남성,80,3728
2025,09,202509,제주,남성,90,273
2025,09,202509,제주,여성,10,73
2025,09,202509,제주,여성,20,4467
2025,09,202509,제주,여성,30,17102
2025,09,202509,제주,여성,40,27914
2025,09,202509,제주,여성,50,34757
2025,09,202509,제주,여성,60,23533
2025,09,202509,제주,여성,70,5853
2025,09,202509,제주,여성,80,810
2025,09,202509,제주,여성,90,165
2025,10,202510,서울,남성,10,1499
2025,10,202510,서울,남성,20,46859
2025,10,202510,서울,남성,30,299771
2025,10,202510,서울,남성,40,482971
2025,10,202510,서울,남성,50,528952
2025,10,202510,서울,남성,60,429975
2025,10,202510,서울,남성,70,175507
2025,10,202510,서울,남성,80,30070
2025,10,202510,서울,남성,90,3712
2025,10,202510,서울,여성,10,733
2025,10,202510,서울,여성,20,23372
2025,10,202510,서울,여성,30,124455
2025,10,202510,서울,여성,40,183345
2025,10,202510,서울,여성,50,202545
2025,10,202510,서울,여성,60,139755
2025,10,202510,서울,여성,70,43782
2025,10,202510,서울,여성,80,7434
2025,10,202510,서울,여성,90,1992
2025,10,202510,부산,남성,10,582
2025,10,202510,부산,남성,20,24519
2025,10,202510,부산,남성,30,121495
2025,10,202510,부산,남성,40,205893
2025,10,202510,부산,남성,50,226829
2025,10,202510,부산,남성,60,200710
2025,10,202510,부산,남성,70,76200
2025,10,202510,부산,남성,80,10359
2025,10,202510,부산,남성,90,1089
2025,10,202510,부산,여성,10,261
2025,10,202510,부산,여성,20,11174
2025,10,202510,부산,여성,30,49212
2025,10,202510,부산,여성,40,77352
2025,10,202510,부산,여성,50,92620
2025,10,202510,부산,여성,60,66196
2025,10,202510,부산,여성,70,16661
2025,10,202510,부산,여성,80,2225
2025,10,202510,부산,여성,90,509
2025,10,202510,대구,남성,10,182
2025,10,202510,대구,남성,20,22449
2025,10,202510,대구,남성,30,107419
2025,10,202510,대구,남성,40,181975
2025,10,202510,대구,남성,50,228624
2025,10,202510,대구,남성,60,184269
2025,10,202510,대구,남성,70,63950
2025,10,202510,대구,남성,80,9414
2025,10,202510,대구,남성,90,862
2025,10,202510,대구,여성,10,97
2025,10,202510,대구,여성,20,11535
2025,10,202510,대구,여성,30,45506
2025,10,202510,대구,여성,40,70996
2025,10,202510,대구,여성,50,95539
2025,10,202510,대구,여성,60,63260
2025,10,202510,대구,여성,70,15068
2025,10,202510,대구,여성,80,1852
2025,10,202510,대구,여성,90,393
2025,10,202510,인천,남성,10,485
2025,10,202510,인천,남성,20,30167
2025,10,202510,인천,남성,30,146215
2025,10,202510,인천,남성,40,224849
2025,10,202510,인천,남성,50,240586
2025,10,202510,인천,남성,60,195241
2025,10,202510,인천,남성,70,55201
2025,10,202510,인천,남성,80,6919
2025,10,202510,인천,남성,90,643
2025,10,202510,인천,여성,10,254
2025,10,202510,인천,여성,20,14431
2025,10,202510,인천,여성,30,61866
2025,10,202510,인천,여성,40,86447
2025,10,202510,인천,여성,50,99126
2025,10,202510,인천,여성,60,65742
2025,10,202510,인천,여성,70,13077
2025,10,202510,인천,여성,80,1703
2025,10,202510,인천,여성,90,429
2025,10,202510,광주,남성,10,173
2025,10,202510,광주,남성,20,17788
2025,10,202510,광주,남성,30,65505
2025,10,202510,광주,남성,40,111690
2025,10,202510,광주,남성,50,132187
2025,10,202510,광주,남성,60,92386
2025,10,202510,광주,남성,70,29669
2025,10,202510,광주,남성,80,4465
2025,10,202510,광주,남성,90,309
2025,10,202510,광주,여성,10,100
2025,10,202510,광주,여성,20,10744
2025,10,202510,광주,여성,30,34644
2025,10,202510,광주,여성,40,50096
2025,10,202510,광주,여성,50,59467
2025,10,202510,광주,여성,60,34203
2025,10,202510,광주,여성,70,7579
2025,10,202510,광주,여성,80,962
2025,10,202510,광주,여성,90,254
2025,10,202510,대전,남성,10,225
2025,10,202510,대전,남성,20,17476
2025,10,202510,대전,남성,30,71440
2025,10,202510,대전,남성,40,107290
2025,10,202510,대전,남성,50,132063
2025,10,202510,대전,남성,60,100077
2025,10,202510,대전,남성,70,32747
2025,10,202510,대전,남성,80,4504
2025,10,202510,대전,남성,90,342
2025,10,202510,대전,여성,10,144
2025,10,202510,대전,여성,20,9545
2025,10,202510,대전,여성,30,33163
2025,10,202510,대전,여성,40,45851
2025,10,202510,대전,여성,50,55114
2025,10,202510,대전,여성,60,35474
2025,10,202510,대전,여성,70,7644
2025,10,202510,대전,여성,80,982
2025,10,202510,대전,여성,90,236
2025,10,202510,울산,남성,10,197
2025,10,202510,울산,남성,20,14318
2025,10,202510,울산,남성,30,55438
2025,10,202510,울산,남성,40,96797
2025,10,202510,울산,남성,50,121178
2025,10,202510,울산,남성,60,107707
2025,10,202510,울산,남성,70,29173
2025,10,202510,울산,남성,80,3081
2025,10,202510,울산,남성,90,198
2025,10,202510,울산,여성,10,79
2025,10,202510,울산,여성,20,5861
2025,10,202510,울산,여성,30,21332
2025,10,202510,울산,여성,40,32242
2025,10,202510,울산,여성,50,40209
2025,10,202510,울산,여성,60,25567
2025,10,202510,울산,여성,70,5351
2025,10,202510,울산,여성,80,574
2025,10,202510,울산,여성,90,155
2025,10,202510,세종,남성,10,75
2025,10,202510,세종,남성,20,3288
2025,10,202510,세종,남성,30,23460
2025,10,202510,세종,남성,40,43675
2025,10,202510,세종,남성,50,37122
2025,10,202510,세종,남성,60,22170
2025,10,202510,세종,남성,70,6820
2025,10,202510,세종,남성,80,864
2025,10,202510,세종,남성,90,55
2025,10,202510,세종,여성,10,33
2025,10,202510,세종,여성,20,2235
2025,10,202510,세종,여성,30,12395
2025,10,202510,세종,여성,40,17597
2025,10,202510,세종,여성,50,13722
2025,10,202510,세종,여성,60,7532
2025,10,202510,세종,여성,70,1491
2025,10,202510,세종,여성,80,191
2025,10,202510,세종,여성,90,36
2025,10,202510,경기,남성,10,2646
2025,10,202510,경기,남성,20,139936
2025,10,202510,경기,남성,30,680917
2025,10,202510,경기,남성,40,1104234
2025,10,202510,경기,남성,50,1193495
2025,10,202510,경기,남성,60,893993
2025,10,202510,경기,남성,70,269046
2025,10,202510,경기,남성,80,42534
2025,10,202510,경기,남성,90,3770
2025,10,202510,경기,여성,10,1222
2025,10,202510,경기,여성,20,66679
2025,10,202510,경기,여성,30,283414
2025,10,202510,경기,여성,40,413125
2025,10,202510,경기,여성,50,489730
2025,10,202510,경기,여성,60,314129
2025,10,202510,경기,여성,70,71478
2025,10,202510,경기,여성,80,10555
2025,10,202510,경기,여성,90,2364
2025,10,202510,강원,남성,10,258
2025,10,202510,강원,남성,20,19733
2025,10,202510,강원,남성,30,67426
2025,10,202510,강원,남성,40,111166
2025,10,202510,강원,남성,50,162808
2025,10,202510,강원,남성,60,153419
2025,10,202510,강원,남성,70,57493
2025,10,202510,강원,남성,80,10661
2025,10,202510,강원,남성,90,593
2025,10,202510,강원,여성,10,137
2025,10,202510,강원,여성,20,9802
2025,10,202510,강원,여성,30,31585
2025,10,202510,강원,여성,40,47960
2025,10,202510,강원,여성,50,68166
2025,10,202510,강원,여성,60,54474
2025,10,202510,강원,여성,70,13487
2025,10,202510,강원,여성,80,1718
2025,10,202510,강원,여성,90,454
2025,10,202510,충북,남성,10,381
2025,10,202510,충북,남성,20,23612
2025,10,202510,충북,남성,30,85726
2025,10,202510,충북,남성,40,130541
2025,10,202510,충북,남성,50,174332
2025,10,202510,충북,남성,60,155133
2025,10,202510,충북,남성,70,52725
2025,10,202510,충북,남성,80,8306
2025,10,202510,충북,남성,90,479
2025,10,202510,충북,여성,10,193
2025,10,202510,충북,여성,20,12316
2025,10,202510,충북,여성,30,37585
2025,10,202510,충북,여성,40,51842
2025,10,202510,충북,여성,50,69613
2025,10,202510,충북,여성,60,49176
2025,10,202510,충북,여성,70,11142
2025,10,202510,충북,여성,80,1377
2025,10,202510,충북,여성,90,281
2025,10,202510,충남,남성,10,397
2025,10,202510,충남,남성,20,30591
2025,10,202510,충남,남성,30,116608
2025,10,202510,충남,남성,40,198352
2025,10,202510,충남,남성,50,234967
2025,10,202510,충남,남성,60,200789
2025,10,202510,충남,남성,70,73519
2025,10,202510,충남,남성,80,11375
2025,10,202510,충남,남성,90,837
2025,10,202510,충남,여성,10,171
2025,10,202510,충남,여성,20,15232
2025,10,202510,충남,여성,30,49107
2025,10,202510,충남,여성,40,69527
2025,10,202510,충남,여성,50,88375
2025,10,202510,충남,여성,60,66064
2025,10,202510,충남,여성,70,15141
2025,10,202510,충남,여성,80,1947
2025,10,202510,충남,여성,90,479
2025,10,202510,전북,남성,10,383
2025,10,202510,전북,남성,20,20551
2025,10,202510,전북,남성,30,69640
2025,10,202510,전북,남성,40,131845
2025,10,202510,전북,남성,50,193292
2025,10,202510,전북,남성,60,166770
2025,10,202510,전북,남성,70,66127
2025,10,202510,전북,남성,80,10315
2025,10,202510,전북,남성,90,963
2025,10,202510,전북,여성,10,165
2025,10,202510,전북,여성,20,11694
2025,10,202510,전북,여성,30,36383
2025,10,202510,전북,여성,40,55493
2025,10,202510,전북,여성,50,76798
2025,10,202510,전북,여성,60,55825
2025,10,202510,전북,여성,70,13999
2025,10,202510,전북,여성,80,1983
2025,10,202510,전북,여성,90,723
2025,10,202510,전남,남성,10,312
2025,10,202510,전남,남성,20,22861
2025,10,202510,전남,남성,30,74941
2025,10,202510,전남,남성,40,139831
2025,10,202510,전남,남성,50,209285
2025,10,202510,전남,남성,60,190845
2025,10,202510,전남,남성,70,72508
2025,10,202510,전남,남성,80,10955
2025,10,202510,전남,남성,90,872
2025,10,202510,전남,여성,10,150
2025,10,202510,전남,여성,20,12064
2025,10,202510,전남,여성,30,36368
2025,10,202510,전남,여성,40,54090
2025,10,202510,전남,여성,50,75851
2025,10,202510,전남,여성,60,57511
2025,10,202510,전남,여성,70,13091
2025,10,202510,전남,여성,80,2066
2025,10,202510,전남,여성,90,519
2025,10,202510,경북,남성,10,242
2025,10,202510,경북,남성,20,30439
2025,10,202510,경북,남성,30,112803
2025,10,202510,경북,남성,40,208151
2025,10,202510,경북,남성,50,302394
2025,10,202510,경북,남성,60,289436
2025,10,202510,경북,남성,70,112009
2025,10,202510,경북,남성,80,16288
2025,10,202510,경북,남성,90,1119
2025,10,202510,경북,여성,10,112
2025,10,202510,경북,여성,20,14516
2025,10,202510,경북,여성,30,48934
2025,10,202510,경북,여성,40,77478
2025,10,202510,경북,여성,50,109587
2025,10,202510,경북,여성,60,86592
2025,10,202510,경북,여성,70,20681
2025,10,202510,경북,여성,80,2436
2025,10,202510,경북,여성,90,542
2025,10,202510,경남,남성,10,678
2025,10,202510,경남,남성,20,34669
2025,10,202510,경남,남성,30,145462
2025,10,202510,경남,남성,40,274059
2025,10,202510,경남,남성,50,351881
2025,10,202510,경남,남성,60,299441
2025,10,202510,경남,남성,70,101132
2025,10,202510,경남,남성,80,13134
2025,10,202510,경남,남성,90,918
2025,10,202510,경남,여성,10,312
2025,10,202510,경남,여성,20,16660
2025,10,202510,경남,여성,30,63222
2025,10,202510,경남,여성,40,104322
2025,10,202510,경남,여성,50,135929
2025,10,202510,경남,여성,60,93173
2025,10,202510,경남,여성,70,19963
2025,10,202510,경남,여성,80,2405
2025,10,202510,경남,여성,90,595
2025,10,202510,제주,남성,10,171
2025,10,202510,제주,남성,20,6432
2025,10,202510,제주,남성,30,28031
2025,10,202510,제주,남성,40,55678
2025,10,202510,제주,남성,50,71618
2025,10,202510,제주,남성,60,53583
2025,10,202510,제주,남성,70,19342
2025,10,202510,제주,남성,80,3730
2025,10,202510,제주,남성,90,275
2025,10,202510,제주,여성,10,75
2025,10,202510,제주,여성,20,4388
2025,10,202510,제주,여성,30,17099
2025,10,202510,제주,여성,40,27920
2025,10,202510,제주,여성,50,34729
2025,10,202510,제주,여성,60,23590
2025,10,202510,제주,여성,70,5935
2025,10,202510,제주,여성,80,810
2025,10,202510,제주,여성,90,167
2025,11,202511,서울,남성,10,1494
2025,11,202511,서울,남성,20,46431
2025,11,202511,서울,남성,30,299093
2025,11,202511,서울,남성,40,482525
2025,11,202511,서울,남성,50,528345
2025,11,202511,서울,남성,60,430054
2025,11,202511,서울,남성,70,176517
2025,11,202511,서울,남성,80,30015
2025,11,202511,서울,남성,90,3753
2025,11,202511,서울,여성,10,726
2025,11,202511,서울,여성,20,23180
2025,11,202511,서울,여성,30,124511
2025,11,202511,서울,여성,40,183281
2025,11,202511,서울,여성,50,202575
2025,11,202511,서울,여성,60,140153
2025,11,202511,서울,여성,70,44019
2025,11,202511,서울,여성,80,7471
2025,11,202511,서울,여성,90,1980
2025,11,202511,부산,남성,10,589
2025,11,202511,부산,남성,20,24394
2025,11,202511,부산,남성,30,121370
2025,11,202511,부산,남성,40,205813
2025,11,202511,부산,남성,50,226878
2025,11,202511,부산,남성,60,200854
2025,11,202511,부산,남성,70,76816
2025,11,202511,부산,남성,80,10353
2025,11,202511,부산,남성,90,1090
2025,11,202511,부산,여성,10,262
2025,11,202511,부산,여성,20,11061
2025,11,202511,부산,여성,30,49250
2025,11,202511,부산,여성,40,77335
2025,11,202511,부산,여성,50,92584
2025,11,202511,부산,여성,60,66444
2025,11,202511,부산,여성,70,16846
2025,11,202511,부산,여성,80,2207
2025,11,202511,부산,여성,90,515
2025,11,202511,대구,남성,10,175
2025,11,202511,대구,남성,20,22194
2025,11,202511,대구,남성,30,107306
2025,11,202511,대구,남성,40,182032
2025,11,202511,대구,남성,50,228515
2025,11,202511,대구,남성,60,184631
2025,11,202511,대구,남성,70,64344
2025,11,202511,대구,남성,80,9412
2025,11,202511,대구,남성,90,863
2025,11,202511,대구,여성,10,99
2025,11,202511,대구,여성,20,11415
2025,11,202511,대구,여성,30,45608
2025,11,202511,대구,여성,40,70993
2025,11,202511,대구,여성,50,95502
2025,11,202511,대구,여성,60,63534
2025,11,202511,대구,여성,70,15244
2025,11,202511,대구,여성,80,1842
2025,11,202511,대구,여성,90,391
2025,11,202511,인천,남성,10,486
2025,11,202511,인천,남성,20,29970
2025,11,202511,인천,남성,30,146093
2025,11,202511,인천,남성,40,225070
2025,11,202511,인천,남성,50,240337
2025,11,202511,인천,남성,60,195837
2025,11,202511,인천,남성,70,55660
2025,11,202511,인천,남성,80,6935
2025,11,202511,인천,남성,90,644
2025,11,202511,인천,여성,10,255
2025,11,202511,인천,여성,20,14317
2025,11,202511,인천,여성,30,61930
2025,11,202511,인천,여성,40,86431
2025,11,202511,인천,여성,50,99213
2025,11,202511,인천,여성,60,66133
2025,11,202511,인천,여성,70,13171
2025,11,202511,인천,여성,80,1698
2025,11,202511,인천,여성,90,431
2025,11,202511,광주,남성,10,171
2025,11,202511,광주,남성,20,17619
2025,11,202511,광주,남성,30,65364
2025,11,202511,광주,남성,40,111362
2025,11,202511,광주,남성,50,132072
2025,11,202511,광주,남성,60,92648
2025,11,202511,광주,남성,70,29939
2025,11,202511,광주,남성,80,4459
2025,11,202511,광주,남성,90,306
2025,11,202511,광주,여성,10,98
2025,11,202511,광주,여성,20,10651
2025,11,202511,광주,여성,30,34590
2025,11,202511,광주,여성,40,50050
2025,11,202511,광주,여성,50,59416
2025,11,202511,광주,여성,60,34447
2025,11,202511,광주,여성,70,7640
2025,11,202511,광주,여성,80,958
2025,11,202511,광주,여성,90,255
2025,11,202511,대전,남성,10,229
2025,11,202511,대전,남성,20,17318
2025,11,202511,대전,남성,30,71455
2025,11,202511,대전,남성,40,107207
2025,11,202511,대전,남성,50,132042
2025,11,202511,대전,남성,60,100220
2025,11,202511,대전,남성,70,32928
2025,11,202511,대전,남성,80,4478
2025,11,202511,대전,남성,90,349
2025,11,202511,대전,여성,10,136
2025,11,202511,대전,여성,20,9455
2025,11,202511,대전,여성,30,33273
2025,11,202511,대전,여성,40,45752
2025,11,202511,대전,여성,50,55115
2025,11,202511,대전,여성,60,35670
2025,11,202511,대전,여성,70,7725
2025,11,202511,대전,여성,80,964
2025,11,202511,대전,여성,90,240
2025,11,202511,울산,남성,10,194
2025,11,202511,울산,남성,20,14311
2025,11,202511,울산,남성,30,55386
2025,11,202511,울산,남성,40,96774
2025,11,202511,울산,남성,50,120923
2025,11,202511,울산,남성,60,108066
2025,11,202511,울산,남성,70,29398
2025,11,202511,울산,남성,80,3060
2025,11,202511,울산,남성,90,200
2025,11,202511,울산,여성,10,79
2025,11,202511,울산,여성,20,5816
2025,11,202511,울산,여성,30,21363
2025,11,202511,울산,여성,40,32273
2025,11,202511,울산,여성,50,40206
2025,11,202511,울산,여성,60,25723
2025,11,202511,울산,여성,70,5426
2025,11,202511,울산,여성,80,571
2025,11,202511,울산,여성,90,154
2025,11,202511,세종,남성,10,78
2025,11,202511,세종,남성,20,3245
2025,11,202511,세종,남성,30,23373
2025,11,202511,세종,남성,40,43643
2025,11,202511,세종,남성,50,37200
2025,11,202511,세종,남성,60,22229
2025,11,202511,세종,남성,70,6848
2025,11,202511,세종,남성,80,866
2025,11,202511,세종,남성,90,56
2025,11,202511,세종,여성,10,32
2025,11,202511,세종,여성,20,2199
2025,11,202511,세종,여성,30,12355
2025,11,202511,세종,여성,40,17608
2025,11,202511,세종,여성,50,13802
2025,11,202511,세종,여성,60,7557
2025,11,202511,세종,여성,70,1510
2025,11,202511,세종,여성,80,186
2025,11,202511,세종,여성,90,36
2025,11,202511,경기,남성,10,2638
2025,11,202511,경기,남성,20,138934
2025,11,202511,경기,남성,30,680747
2025,11,202511,경기,남성,40,1103878
2025,11,202511,경기,남성,50,1193712
2025,11,202511,경기,남성,60,897532
2025,11,202511,경기,남성,70,271280
2025,11,202511,경기,남성,80,42548
2025,11,202511,경기,남성,90,3801
2025,11,202511,경기,여성,10,1212
2025,11,202511,경기,여성,20,65960
2025,11,202511,경기,여성,30,283576
2025,11,202511,경기,여성,40,413433
2025,11,202511,경기,여성,50,489812
2025,11,202511,경기,여성,60,316000
2025,11,202511,경기,여성,70,72165
2025,11,202511,경기,여성,80,10506
2025,11,202511,경기,여성,90,2376
2025,11,202511,강원,남성,10,250
2025,11,202511,강원,남성,20,19635
2025,11,202511,강원,남성,30,67395
2025,11,202511,강원,남성,40,111120
2025,11,202511,강원,남성,50,162299
2025,11,202511,강원,남성,60,153770
2025,11,202511,강원,남성,70,57884
2025,11,202511,강원,남성,80,10690
2025,11,202511,강원,남성,90,589
2025,11,202511,강원,여성,10,128
2025,11,202511,강원,여성,20,9733
2025,11,202511,강원,여성,30,31636
2025,11,202511,강원,여성,40,47921
2025,11,202511,강원,여성,50,68118
2025,11,202511,강원,여성,60,54783
2025,11,202511,강원,여성,70,13653
2025,11,202511,강원,여성,80,1734
2025,11,202511,강원,여성,90,454
2025,11,202511,충북,남성,10,377
2025,11,202511,충북,남성,20,23548
2025,11,202511,충북,남성,30,85812
2025,11,202511,충북,남성,40,130511
2025,11,202511,충북,남성,50,174147
2025,11,202511,충북,남성,60,155466
2025,11,202511,충북,남성,70,53214
2025,11,202511,충북,남성,80,8279
2025,11,202511,충북,남성,90,495
2025,11,202511,충북,여성,10,189
2025,11,202511,충북,여성,20,12183
2025,11,202511,충북,여성,30,37657
2025,11,202511,충북,여성,40,51840
2025,11,202511,충북,여성,50,69593
2025,11,202511,충북,여성,60,49431
2025,11,202511,충북,여성,70,11277
2025,11,202511,충북,여성,80,1376
2025,11,202511,충북,여성,90,282
2025,11,202511,충남,남성,10,399
2025,11,202511,충남,남성,20,30406
2025,11,202511,충남,남성,30,116438
2025,11,202511,충남,남성,40,198281
2025,11,202511,충남,남성,50,235308
2025,11,202511,충남,남성,60,201003
2025,11,202511,충남,남성,70,74102
2025,11,202511,충남,남성,80,11351
2025,11,202511,충남,남성,90,852
2025,11,202511,충남,여성,10,176
2025,11,202511,충남,여성,20,15123
2025,11,202511,충남,여성,30,49178
2025,11,202511,충남,여성,40,69570
2025,11,202511,충남,여성,50,88494
2025,11,202511,충남,여성,60,66377
2025,11,202511,충남,여성,70,15275
2025,11,202511,충남,여성,80,1936
2025,11,202511,충남,여성,90,472
2025,11,202511,전북,남성,10,383
2025,11,202511,전북,남성,20,20330
2025,11,202511,전북,남성,30,69629
2025,11,202511,전북,남성,40,131567
2025,11,202511,전북,남성,50,192949
2025,11,202511,전북,남성,60,167338
2025,11,202511,전북,남성,70,66640
2025,11,202511,전북,남성,80,10333
2025,11,202511,전북,남성,90,968
2025,11,202511,전북,여성,10,163
2025,11,202511,전북,여성,20,11553
2025,11,202511,전북,여성,30,36402
2025,11,202511,전북,여성,40,55451
2025,11,202511,전북,여성,50,76795
2025,11,202511,전북,여성,60,56182
2025,11,202511,전북,여성,70,14156
2025,11,202511,전북,여성,80,1981
2025,11,202511,전북,여성,90,721
2025,11,202511,전남,남성,10,301
2025,11,202511,전남,남성,20,22741
2025,11,202511,전남,남성,30,74888
2025,11,202511,전남,남성,40,139756
2025,11,202511,전남,남성,50,208922
2025,11,202511,전남,남성,60,191727
2025,11,202511,전남,남성,70,72997
2025,11,202511,전남,남성,80,10985
2025,11,202511,전남,남성,90,877
2025,11,202511,전남,여성,10,145
2025,11,202511,전남,여성,20,11991
2025,11,202511,전남,여성,30,36409
2025,11,202511,전남,여성,40,54180
2025,11,202511,전남,여성,50,75912
2025,11,202511,전남,여성,60,57901
2025,11,202511,전남,여성,70,13217
2025,11,202511,전남,여성,80,2059
2025,11,202511,전남,여성,90,518
2025,11,202511,경북,남성,10,243
2025,11,202511,경북,남성,20,30241
2025,11,202511,경북,남성,30,112506
2025,11,202511,경북,남성,40,207831
2025,11,202511,경북,남성,50,302164
2025,11,202511,경북,남성,60,290224
2025,11,202511,경북,남성,70,112826
2025,11,202511,경북,남성,80,16209
2025,11,202511,경북,남성,90,1140
2025,11,202511,경북,여성,10,106
2025,11,202511,경북,여성,20,14385
2025,11,202511,경북,여성,30,48850
2025,11,202511,경북,여성,40,77387
2025,11,202511,경북,여성,50,109597
2025,11,202511,경북,여성,60,87105
2025,11,202511,경북,여성,70,20896
2025,11,202511,경북,여성,80,2413
2025,11,202511,경북,여성,90,548
2025,11,202511,경남,남성,10,676
2025,11,202511,경남,남성,20,34439
2025,11,202511,경남,남성,30,145042
2025,11,202511,경남,남성,40,273607
2025,11,202511,경남,남성,50,351564
2025,11,202511,경남,남성,60,300400
2025,11,202511,경남,남성,70,101985
2025,11,202511,경남,남성,80,13115
2025,11,202511,경남,남성,90,920
2025,11,202511,경남,여성,10,309
2025,11,202511,경남,여성,20,16540
2025,11,202511,경남,여성,30,63181
2025,11,202511,경남,여성,40,104246
2025,11,202511,경남,여성,50,135988
2025,11,202511,경남,여성,60,93688
2025,11,202511,경남,여성,70,20254
2025,11,202511,경남,여성,80,2375
2025,11,202511,경남,여성,90,596
2025,11,202511,제주,남성,10,162
2025,11,202511,제주,남성,20,6357
2025,11,202511,제주,남성,30,28002
2025,11,202511,제주,남성,40,55546
2025,11,202511,제주,남성,50,71426
2025,11,202511,제주,남성,60,53778
2025,11,202511,제주,남성,70,19500
2025,11,202511,제주,남성,80,3731
2025,11,202511,제주,남성,90,278
2025,11,202511,제주,여성,10,76
2025,11,202511,제주,여성,20,4346
2025,11,202511,제주,여성,30,17126
2025,11,202511,제주,여성,40,27903
2025,11,202511,제주,여성,50,34726
2025,11,202511,제주,여성,60,23729
2025,11,202511,제주,여성,70,5994
2025,11,202511,제주,여성,80,818
2025,11,202511,제주,여성,90,168
2025,12,202512,서울,남성,10,1480
2025,12,202512,서울,남성,20,45957
2025,12,202512,서울,남성,30,298695
2025,12,202512,서울,남성,40,481354
2025,12,202512,서울,남성,50,527039
2025,12,202512,서울,남성,60,430228
2025,12,202512,서울,남성,70,177431
2025,12,202512,서울,남성,80,29905
2025,12,202512,서울,남성,90,3780
2025,12,202512,서울,여성,10,715
2025,12,202512,서울,여성,20,22918
2025,12,202512,서울,여성,30,124440
2025,12,202512,서울,여성,40,182997
2025,12,202512,서울,여성,50,202201
2025,12,202512,서울,여성,60,140655
2025,12,202512,서울,여성,70,44304
2025,12,202512,서울,여성,80,7461
2025,12,202512,서울,여성,90,1978
2025,12,202512,부산,남성,10,584
2025,12,202512,부산,남성,20,24311
2025,12,202512,부산,남성,30,121311
2025,12,202512,부산,남성,40,205774
2025,12,202512,부산,남성,50,226597
2025,12,202512,부산,남성,60,200958
2025,12,202512,부산,남성,70,77381
2025,12,202512,부산,남성,80,10282
2025,12,202512,부산,남성,90,1095
2025,12,202512,부산,여성,10,260
2025,12,202512,부산,여성,20,10944
2025,12,202512,부산,여성,30,49284
2025,12,202512,부산,여성,40,77098
2025,12,202512,부산,여성,50,92457
2025,12,202512,부산,여성,60,66805
2025,12,202512,부산,여성,70,17000
2025,12,202512,부산,여성,80,2173
2025,12,202512,부산,여성,90,526
2025,12,202512,대구,남성,10,179
2025,12,202512,대구,남성,20,21994
2025,12,202512,대구,남성,30,107342
2025,12,202512,대구,남성,40,182337
2025,12,202512,대구,남성,50,228402
2025,12,202512,대구,남성,60,185279
2025,12,202512,대구,남성,70,64670
2025,12,202512,대구,남성,80,9326
2025,12,202512,대구,남성,90,866
2025,12,202512,대구,여성,10,96
2025,12,202512,대구,여성,20,11270
2025,12,202512,대구,여성,30,45623
2025,12,202512,대구,여성,40,70879
2025,12,202512,대구,여성,50,95450
2025,12,202512,대구,여성,60,64022
2025,12,202512,대구,여성,70,15367
2025,12,202512,대구,여성,80,1834
2025,12,202512,대구,여성,90,385
2025,12,202512,인천,남성,10,489
2025,12,202512,인천,남성,20,29867
2025,12,202512,인천,남성,30,146147
2025,12,202512,인천,남성,40,224996
2025,12,202512,인천,남성,50,240202
2025,12,202512,인천,남성,60,196531
2025,12,202512,인천,남성,70,56078
2025,12,202512,인천,남성,80,6908
2025,12,202512,인천,남성,90,653
2025,12,202512,인천,여성,10,255
2025,12,202512,인천,여성,20,14121
2025,12,202512,인천,여성,30,62018
2025,12,202512,인천,여성,40,86513
2025,12,202512,인천,여성,50,99181
2025,12,202512,인천,여성,60,66471
2025,12,202512,인천,여성,70,13326
2025,12,202512,인천,여성,80,1685
2025,12,202512,인천,여성,90,432
2025,12,202512,광주,남성,10,176
2025,12,202512,광주,남성,20,17511
2025,12,202512,광주,남성,30,65306
2025,12,202512,광주,남성,40,110923
2025,12,202512,광주,남성,50,131714
2025,12,202512,광주,남성,60,92835
2025,12,202512,광주,남성,70,30090
2025,12,202512,광주,남성,80,4450
2025,12,202512,광주,남성,90,309
2025,12,202512,광주,여성,10,94
2025,12,202512,광주,여성,20,10515
2025,12,202512,광주,여성,30,34552
2025,12,202512,광주,여성,40,49885
2025,12,202512,광주,여성,50,59313
2025,12,202512,광주,여성,60,34690
2025,12,202512,광주,여성,70,7708
2025,12,202512,광주,여성,80,955
2025,12,202512,광주,여성,90,254
2025,12,202512,대전,남성,10,228
2025,12,202512,대전,남성,20,17171
2025,12,202512,대전,남성,30,71490
2025,12,202512,대전,남성,40,106855
2025,12,202512,대전,남성,50,131835
2025,12,202512,대전,남성,60,100368
2025,12,202512,대전,남성,70,33225
2025,12,202512,대전,남성,80,4446
2025,12,202512,대전,남성,90,360
2025,12,202512,대전,여성,10,133
2025,12,202512,대전,여성,20,9388
2025,12,202512,대전,여성,30,33277
2025,12,202512,대전,여성,40,45662
2025,12,202512,대전,여성,50,55017
2025,12,202512,대전,여성,60,35831
2025,12,202512,대전,여성,70,7813
2025,12,202512,대전,여성,80,955
2025,12,202512,대전,여성,90,243
2025,12,202512,울산,남성,10,193
2025,12,202512,울산,남성,20,14257
2025,12,202512,울산,남성,30,55504
2025,12,202512,울산,남성,40,96546
2025,12,202512,울산,남성,50,120259
2025,12,202512,울산,남성,60,108501
2025,12,202512,울산,남성,70,29692
2025,12,202512,울산,남성,80,3050
2025,12,202512,울산,남성,90,201
2025,12,202512,울산,여성,10,77
2025,12,202512,울산,여성,20,5735
2025,12,202512,울산,여성,30,21407
2025,12,202512,울산,여성,40,32099
2025,12,202512,울산,여성,50,40252
2025,12,202512,울산,여성,60,25920
2025,12,202512,울산,여성,70,5519
2025,12,202512,울산,여성,80,566
2025,12,202512,울산,여성,90,156
2025,12,202512,세종,남성,10,80
2025,12,202512,세종,남성,20,3242
2025,12,202512,세종,남성,30,23252
2025,12,202512,세종,남성,40,43421
2025,12,202512,세종,남성,50,37188
2025,12,202512,세종,남성,60,22226
2025,12,202512,세종,남성,70,6923
2025,12,202512,세종,남성,80,860
2025,12,202512,세종,남성,90,55
2025,12,202512,세종,여성,10,32
2025,12,202512,세종,여성,20,2165
2025,12,202512,세종,여성,30,12322
2025,12,202512,세종,여성,40,17566
2025,12,202512,세종,여성,50,13825
2025,12,202512,세종,여성,60,7586
2025,12,202512,세종,여성,70,1511
2025,12,202512,세종,여성,80,180
2025,12,202512,세종,여성,90,39
2025,12,202512,경기,남성,10,2643
2025,12,202512,경기,남성,20,138202
2025,12,202512,경기,남성,30,681284
2025,12,202512,경기,남성,40,1103277
2025,12,202512,경기,남성,50,1194572
2025,12,202512,경기,남성,60,901208
2025,12,202512,경기,남성,70,273346
2025,12,202512,경기,남성,80,42474
2025,12,202512,경기,남성,90,3836
2025,12,202512,경기,여성,10,1224
2025,12,202512,경기,여성,20,65271
2025,12,202512,경기,여성,30,283855
2025,12,202512,경기,여성,40,413067
2025,12,202512,경기,여성,50,489676
2025,12,202512,경기,여성,60,318366
2025,12,202512,경기,여성,70,72850
2025,12,202512,경기,여성,80,10472
2025,12,202512,경기,여성,90,2370
2025,12,202512,강원,남성,10,253
2025,12,202512,강원,남성,20,19571
2025,12,202512,강원,남성,30,67420
2025,12,202512,강원,남성,40,110820
2025,12,202512,강원,남성,50,161911
2025,12,202512,강원,남성,60,154250
2025,12,202512,강원,남성,70,58245
2025,12,202512,강원,남성,80,10663
2025,12,202512,강원,남성,90,597
2025,12,202512,강원,여성,10,130
2025,12,202512,강원,여성,20,9669
2025,12,202512,강원,여성,30,31684
2025,12,202512,강원,여성,40,47700
2025,12,202512,강원,여성,50,68049
2025,12,202512,강원,여성,60,55125
2025,12,202512,강원,여성,70,13796
2025,12,202512,강원,여성,80,1726
2025,12,202512,강원,여성,90,451
2025,12,202512,충북,남성,10,378
2025,12,202512,충북,남성,20,23493
2025,12,202512,충북,남성,30,85954
2025,12,202512,충북,남성,40,130586
2025,12,202512,충북,남성,50,173733
2025,12,202512,충북,남성,60,156247
2025,12,202512,충북,남성,70,53768
2025,12,202512,충북,남성,80,8231
2025,12,202512,충북,남성,90,492
2025,12,202512,충북,여성,10,192
2025,12,202512,충북,여성,20,12149
2025,12,202512,충북,여성,30,37795
2025,12,202512,충북,여성,40,51759
2025,12,202512,충북,여성,50,69763
2025,12,202512,충북,여성,60,49945
2025,12,202512,충북,여성,70,11463
2025,12,202512,충북,여성,80,1365
2025,12,202512,충북,여성,90,282
2025,12,202512,충남,남성,10,400
2025,12,202512,충남,남성,20,30184
2025,12,202512,충남,남성,30,116359
2025,12,202512,충남,남성,40,198039
2025,12,202512,충남,남성,50,235358
2025,12,202512,충남,남성,60,201511
2025,12,202512,충남,남성,70,74679
2025,12,202512,충남,남성,80,11316
2025,12,202512,충남,남성,90,864
2025,12,202512,충남,여성,10,165
2025,12,202512,충남,여성,20,15024
2025,12,202512,충남,여성,30,49170
2025,12,202512,충남,여성,40,69358
2025,12,202512,충남,여성,50,88547
2025,12,202512,충남,여성,60,66759
2025,12,202512,충남,여성,70,15456
2025,12,202512,충남,여성,80,1899
2025,12,202512,충남,여성,90,478
2025,12,202512,전북,남성,10,380
2025,12,202512,전북,남성,20,20154
2025,12,202512,전북,남성,30,69671
2025,12,202512,전북,남성,40,131233
2025,12,202512,전북,남성,50,192842
2025,12,202512,전북,남성,60,167832
2025,12,202512,전북,남성,70,67129
2025,12,202512,전북,남성,80,10302
2025,12,202512,전북,남성,90,974
2025,12,202512,전북,여성,10,161
2025,12,202512,전북,여성,20,11459
2025,12,202512,전북,여성,30,36365
2025,12,202512,전북,여성,40,55340
2025,12,202512,전북,여성,50,76825
2025,12,202512,전북,여성,60,56535
2025,12,202512,전북,여성,70,14295
2025,12,202512,전북,여성,80,1946
2025,12,202512,전북,여성,90,721
2025,12,202512,전남,남성,10,309
2025,12,202512,전남,남성,20,22553
2025,12,202512,전남,남성,30,75000
2025,12,202512,전남,남성,40,139390
2025,12,202512,전남,남성,50,208631
2025,12,202512,전남,남성,60,192536
2025,12,202512,전남,남성,70,73546
2025,12,202512,전남,남성,80,10957
2025,12,202512,전남,남성,90,882
2025,12,202512,전남,여성,10,147
2025,12,202512,전남,여성,20,11924
2025,12,202512,전남,여성,30,36432
2025,12,202512,전남,여성,40,54155
2025,12,202512,전남,여성,50,75930
2025,12,202512,전남,여성,60,58446
2025,12,202512,전남,여성,70,13364
2025,12,202512,전남,여성,80,2050
2025,12,202512,전남,여성,90,511
2025,12,202512,경북,남성,10,239
2025,12,202512,경북,남성,20,30078
2025,12,202512,경북,남성,30,112259
2025,12,202512,경북,남성,40,207422
2025,12,202512,경북,남성,50,301503
2025,12,202512,경북,남성,60,290913
2025,12,202512,경북,남성,70,113622
2025,12,202512,경북,남성,80,16100
2025,12,202512,경북,남성,90,1140
2025,12,202512,경북,여성,10,102
2025,12,202512,경북,여성,20,14260
2025,12,202512,경북,여성,30,48768
2025,12,202512,경북,여성,40,77163
2025,12,202512,경북,여성,50,109467
2025,12,202512,경북,여성,60,87649
2025,12,202512,경북,여성,70,21178
2025,12,202512,경북,여성,80,2392
2025,12,202512,경북,여성,90,549
2025,12,202512,경남,남성,10,671
2025,12,202512,경남,남성,20,34310
2025,12,202512,경남,남성,30,144661
2025,12,202512,경남,남성,40,272872
2025,12,202512,경남,남성,50,350953
2025,12,202512,경남,남성,60,301640
2025,12,202512,경남,남성,70,102876
2025,12,202512,경남,남성,80,13046
2025,12,202512,경남,남성,90,934
2025,12,202512,경남,여성,10,304
2025,12,202512,경남,여성,20,16460
2025,12,202512,경남,여성,30,63148
2025,12,202512,경남,여성,40,104033
2025,12,202512,경남,여성,50,136026
2025,12,202512,경남,여성,60,94477
2025,12,202512,경남,여성,70,20440
2025,12,202512,경남,여성,80,2360
2025,12,202512,경남,여성,90,592
2025,12,202512,제주,남성,10,162
2025,12,202512,제주,남성,20,6292
2025,12,202512,제주,남성,30,28015
2025,12,202512,제주,남성,40,55372
2025,12,202512,제주,남성,50,71320
2025,12,202512,제주,남성,60,53965
2025,12,202512,제주,남성,70,19542
2025,12,202512,제주,남성,80,3732
2025,12,202512,제주,남성,90,280
2025,12,202512,제주,여성,10,74
2025,12,202512,제주,여성,20,4305
2025,12,202512,제주,여성,30,17083
2025,12,202512,제주,여성,40,27869
2025,12,202512,제주,여성,50,34636
2025,12,202512,제주,여성,60,23835
2025,12,202512,제주,여성,70,6047
2025,12,202512,제주,여성,80,809
2025,12,202512,제주,여성,90,169
