year,month,yyyymm,sido,sigungu,passenger_imported,van_imported
2018,1,201801,강원,강릉시,5249,50
2018,1,201801,강원,고성군,465,2
2018,1,201801,강원,동해시,1420,58
2018,1,201801,강원,삼척시,938,13
2018,1,201801,강원,속초시,1735,24
2018,1,201801,강원,양구군,368,7
2018,1,201801,강원,양양군,621,11
2018,1,201801,강원,영월군,770,10
2018,1,201801,강원,원주시,9817,92
2018,1,201801,강원,인제군,509,8
2018,1,201801,강원,정선군,797,11
2018,1,201801,강원,철원군,643,9
2018,1,201801,강원,춘천시,6325,60
2018,1,201801,강원,태백시,1023,5
2018,1,201801,강원,평창군,1305,3
2018,1,201801,강원,홍천군,1292,9
2018,1,201801,강원,화천군,336,4
2018,1,201801,강원,횡성군,1119,17
2018,1,201801,경기,가평군,1940,22
2018,1,201801,경기,고양시,42111,207
2018,1,201801,경기,과천시,2913,13
2018,1,201801,경기,광명시,7192,34
2018,1,201801,경기,광주시,14052,100
2018,1,201801,경기,구리시,5598,29
2018,1,201801,경기,군포시,6450,35
2018,1,201801,경기,김포시,16666,162
2018,1,201801,경기,남양주시,21855,219
2018,1,201801,경기,동두천시,1698,14
2018,1,201801,경기,부천시,19933,93
2018,1,201801,경기,성남시,54142,172
2018,1,201801,경기,수원시,42247,242
2018,1,201801,경기,시흥시,9697,60
2018,1,201801,경기,안산시,14667,138
2018,1,201801,경기,안성시,4633,58
2018,1,201801,경기,안양시,16602,79
2018,1,201801,경기,양주시,5002,61
2018,1,201801,경기,양평군,5278,65
2018,1,201801,경기,여주시,2910,46
2018,1,201801,경기,연천군,1018,19
2018,1,201801,경기,오산시,5152,61
2018,1,201801,경기,용인시,54625,355
2018,1,201801,경기,의왕시,5125,22
2018,1,201801,경기,의정부시,8949,67
2018,1,201801,경기,이천시,6034,86
2018,1,201801,경기,파주시,13641,150
2018,1,201801,경기,평택시,15169,157
2018,1,201801,경기,포천시,3816,48
2018,1,201801,경기,하남시,10276,57
2018,1,201801,경기,화성시,27189,258
2018,1,201801,경남,거제시,5205,42
2018,1,201801,경남,거창군,1025,10
2018,1,201801,경남,고성군,809,5
2018,1,201801,경남,김해시,13300,112
2018,1,201801,경남,남해군,590,10
2018,1,201801,경남,밀양시,1889,15
2018,1,201801,경남,사천시,2009,13
2018,1,201801,경남,산청군,636,3
2018,1,201801,경남,양산시,7833,49
2018,1,201801,경남,의령군,401,7
2018,1,201801,경남,진주시,8058,53
2018,1,201801,경남,창녕군,1221,9
2018,1,201801,경남,창원시,66862,183
2018,1,201801,경남,통영시,2497,14
2018,1,201801,경남,하동군,735,8
2018,1,201801,경남,함안군,2982,22
2018,1,201801,경남,함양군,974,7
2018,1,201801,경남,합천군,662,12
2018,1,201801,경북,경산시,6183,44
2018,1,201801,경북,경주시,5856,85
2018,1,201801,경북,고령군,786,16
2018,1,201801,경북,구미시,8436,80
2018,1,201801,경북,군위군,457,5
2018,1,201801,경북,김천시,2448,39
2018,1,201801,경북,문경시,1060,13
2018,1,201801,경북,봉화군,372,4
2018,1,201801,경북,상주시,1340,19
2018,1,201801,경북,성주군,1054,13
2018,1,201801,경북,안동시,3034,44
2018,1,201801,경북,영덕군,578,14
2018,1,201801,경북,영양군,187,4
2018,1,201801,경북,영주시,1635,25
2018,1,201801,경북,영천시,1955,20
2018,1,201801,경북,예천군,715,11
2018,1,201801,경북,울릉군,120,1
2018,1,201801,경북,울진군,895,17
2018,1,201801,경북,의성군,621,7
2018,1,201801,경북,청도군,926,12
2018,1,201801,경북,청송군,346,2
2018,1,201801,경북,칠곡군,2854,35
2018,1,201801,경북,포항시,11676,125
2018,1,201801,광주,광산구,11136,129
2018,1,201801,광주,남구,7748,28
2018,1,201801,광주,동구,3402,14
2018,1,201801,광주,북구,11906,90
2018,1,201801,광주,서구,16365,75
2018,1,201801,대구,남구,4444,15
2018,1,201801,대구,달서구,23104,118
2018,1,201801,대구,달성군,5878,51
2018,1,201801,대구,동구,9836,71
2018,1,201801,대구,북구,10830,82
2018,1,201801,대구,서구,4154,21
2018,1,201801,대구,수성구,48135,103
2018,1,201801,대구,중구,22268,21
2018,1,201801,대전,대덕구,3768,23
2018,1,201801,대전,동구,3867,23
2018,1,201801,대전,서구,13826,98
2018,1,201801,대전,유성구,16544,101
2018,1,201801,대전,중구,5733,55
2018,1,201801,부산,강서구,5308,52
2018,1,201801,부산,금정구,6932,30
2018,1,201801,부산,기장군,5143,29
2018,1,201801,부산,남구,9087,26
2018,1,201801,부산,동구,17341,22
2018,1,201801,부산,동래구,7442,25
2018,1,201801,부산,부산진구,16033,25
2018,1,201801,부산,북구,5524,28
2018,1,201801,부산,사상구,4318,22
2018,1,201801,부산,사하구,5931,22
2018,1,201801,부산,서구,2347,7
2018,1,201801,부산,수영구,14246,17
2018,1,201801,부산,연제구,16412,16
2018,1,201801,부산,영도구,1818,8
2018,1,201801,부산,중구,7949,3
2018,1,201801,부산,해운대구,33244,44
2018,1,201801,서울,강남구,71496,184
2018,1,201801,서울,강동구,13673,70
2018,1,201801,서울,강북구,5308,16
2018,1,201801,서울,강서구,19856,76
2018,1,201801,서울,관악구,9775,33
2018,1,201801,서울,광진구,12801,50
2018,1,201801,서울,구로구,10724,41
2018,1,201801,서울,금천구,5850,26
2018,1,201801,서울,노원구,11067,68
2018,1,201801,서울,도봉구,6299,30
2018,1,201801,서울,동대문구,10024,44
2018,1,201801,서울,동작구,12761,29
2018,1,201801,서울,마포구,18503,64
2018,1,201801,서울,서대문구,10096,46
2018,1,201801,서울,서초구,50717,158
2018,1,201801,서울,성동구,18723,57
2018,1,201801,서울,성북구,12856,55
2018,1,201801,서울,송파구,38906,89
2018,1,201801,서울,양천구,17204,41
2018,1,201801,서울,영등포구,22903,59
2018,1,201801,서울,용산구,20892,52
2018,1,201801,서울,은평구,10605,33
2018,1,201801,서울,종로구,8692,59
2018,1,201801,서울,중구,10965,65
2018,1,201801,서울,중랑구,7375,37
2018,1,201801,세종,세종시,9927,101
2018,1,201801,울산,남구,8953,42
2018,1,201801,울산,동구,2143,28
2018,1,201801,울산,북구,3108,47
2018,1,201801,울산,울주군,5095,39
2018,1,201801,울산,중구,4641,37
2018,1,201801,인천,강화군,1564,22
2018,1,201801,인천,계양구,13800,42
2018,1,201801,인천,남동구,38697,75
2018,1,201801,인천,동구,1157,4
2018,1,201801,인천,미추홀구,11304,48
2018,1,201801,인천,부평구,19818,60
2018,1,201801,인천,서구,15915,95
2018,1,201801,인천,연수구,45355,96
2018,1,201801,인천,옹진군,405,3
2018,1,201801,인천,중구,4199,25
2018,1,201801,전남,강진군,540,7
2018,1,201801,전남,고흥군,953,7
2018,1,201801,전남,곡성군,532,5
2018,1,201801,전남,광양시,3084,25
2018,1,201801,전남,구례군,420,16
2018,1,201801,전남,나주시,2828,31
2018,1,201801,전남,담양군,1200,7
2018,1,201801,전남,목포시,4120,31
2018,1,201801,전남,무안군,1676,16
2018,1,201801,전남,보성군,2819,6
2018,1,201801,전남,순천시,6725,66
2018,1,201801,전남,신안군,583,5
2018,1,201801,전남,여수시,5937,34
2018,1,201801,전남,영광군,1138,7
2018,1,201801,전남,영암군,1374,8
2018,1,201801,전남,완도군,934,4
2018,1,201801,전남,장성군,1014,17
2018,1,201801,전남,장흥군,659,6
2018,1,201801,전남,진도군,526,4
2018,1,201801,전남,함평군,643,5
2018,1,201801,전남,해남군,1122,7
2018,1,201801,전남,화순군,1436,15
2018,1,201801,전북,고창군,996,15
2018,1,201801,전북,군산시,6839,51
2018,1,201801,전북,김제시,1552,6
2018,1,201801,전북,남원시,1331,16
2018,1,201801,전북,무주군,440,7
2018,1,201801,전북,부안군,903,9
2018,1,201801,전북,순창군,449,3
2018,1,201801,전북,완주군,2140,38
2018,1,201801,전북,익산시,6263,50
2018,1,201801,전북,임실군,421,4
2018,1,201801,전북,장수군,309,3
2018,1,201801,전북,전주시,25583,164
2018,1,201801,전북,정읍시,1927,16
2018,1,201801,전북,진안군,398,8
2018,1,201801,제주,서귀포시,4616,50
2018,1,201801,제주,제주시,18890,201
2018,1,201801,충남,계룡시,1018,13
2018,1,201801,충남,공주시,2299,29
2018,1,201801,충남,금산군,1212,11
2018,1,201801,충남,논산시,1962,14
2018,1,201801,충남,당진시,3855,46
2018,1,201801,충남,보령시,1924,24
2018,1,201801,충남,부여군,1032,8
2018,1,201801,충남,서산시,3601,48
2018,1,201801,충남,서천군,816,7
2018,1,201801,충남,아산시,8152,135
2018,1,201801,충남,예산군,1502,13
2018,1,201801,충남,천안시,19269,213
2018,1,201801,충남,청양군,498,5
2018,1,201801,충남,태안군,1236,15
2018,1,201801,충남,홍성군,2039,26
2018,1,201801,충북,괴산군,637,9
2018,1,201801,충북,단양군,402,6
2018,1,201801,충북,보은군,551,7
2018,1,201801,충북,영동군,660,14
2018,1,201801,충북,옥천군,861,9
2018,1,201801,충북,음성군,2190,22
2018,1,201801,충북,제천시,2686,16
2018,1,201801,충북,증평군,679,6
2018,1,201801,충북,진천군,1567,26
2018,1,201801,충북,청주시,22396,210
2018,1,201801,충북,충주시,4128,55
2018,2,201802,강원,강릉시,5309,52
2018,2,201802,강원,고성군,467,2
2018,2,201802,강원,동해시,1426,59
2018,2,201802,강원,삼척시,950,13
2018,2,201802,강원,속초시,1759,24
2018,2,201802,강원,양구군,371,7
2018,2,201802,강원,양양군,632,11
2018,2,201802,강원,영월군,787,11
2018,2,201802,강원,원주시,9914,95
2018,2,201802,강원,인제군,512,8
2018,2,201802,강원,정선군,808,11
2018,2,201802,강원,철원군,663,9
2018,2,201802,강원,춘천시,6428,59
2018,2,201802,강원,태백시,1025,5
2018,2,201802,강원,평창군,1303,3
2018,2,201802,강원,홍천군,1310,11
2018,2,201802,강원,화천군,342,4
2018,2,201802,강원,횡성군,1136,17
2018,2,201802,경기,가평군,1943,23
2018,2,201802,경기,고양시,42558,206
2018,2,201802,경기,과천시,2927,13
2018,2,201802,경기,광명시,7302,34
2018,2,201802,경기,광주시,14298,103
2018,2,201802,경기,구리시,5655,31
2018,2,201802,경기,군포시,6470,34
2018,2,201802,경기,김포시,16965,172
2018,2,201802,경기,남양주시,22153,225
2018,2,201802,경기,동두천시,1707,15
2018,2,201802,경기,부천시,20253,91
2018,2,201802,경기,성남시,54622,174
2018,2,201802,경기,수원시,42891,251
2018,2,201802,경기,시흥시,9924,67
2018,2,201802,경기,안산시,14813,140
2018,2,201802,경기,안성시,4671,57
2018,2,201802,경기,안양시,16745,81
2018,2,201802,경기,양주시,5061,62
2018,2,201802,경기,양평군,5341,64
2018,2,201802,경기,여주시,2955,47
2018,2,201802,경기,연천군,1046,18
2018,2,201802,경기,오산시,5213,60
2018,2,201802,경기,용인시,55306,359
2018,2,201802,경기,의왕시,5182,22
2018,2,201802,경기,의정부시,9073,69
2018,2,201802,경기,이천시,6115,87
2018,2,201802,경기,파주시,13797,154
2018,2,201802,경기,평택시,15374,157
2018,2,201802,경기,포천시,3844,51
2018,2,201802,경기,하남시,10485,55
2018,2,201802,경기,화성시,27882,265
2018,2,201802,경남,거제시,5214,43
2018,2,201802,경남,거창군,1044,10
2018,2,201802,경남,고성군,817,5
2018,2,201802,경남,김해시,13412,114
2018,2,201802,경남,남해군,610,10
2018,2,201802,경남,밀양시,1907,15
2018,2,201802,경남,사천시,2034,13
2018,2,201802,경남,산청군,641,3
2018,2,201802,경남,양산시,7971,48
2018,2,201802,경남,의령군,402,6
2018,2,201802,경남,진주시,8157,58
2018,2,201802,경남,창녕군,1229,10
2018,2,201802,경남,창원시,67061,184
2018,2,201802,경남,통영시,2513,15
2018,2,201802,경남,하동군,746,8
2018,2,201802,경남,함안군,2937,21
2018,2,201802,경남,함양군,964,7
2018,2,201802,경남,합천군,660,10
2018,2,201802,경북,경산시,6236,44
2018,2,201802,경북,경주시,5931,86
2018,2,201802,경북,고령군,794,17
2018,2,201802,경북,구미시,8543,81
2018,2,201802,경북,군위군,465,5
2018,2,201802,경북,김천시,2487,39
2018,2,201802,경북,문경시,1072,13
2018,2,201802,경북,봉화군,379,4
2018,2,201802,경북,상주시,1351,19
2018,2,201802,경북,성주군,1055,13
2018,2,201802,경북,안동시,3065,44
2018,2,201802,경북,영덕군,590,15
2018,2,201802,경북,영양군,191,4
2018,2,201802,경북,영주시,1652,26
2018,2,201802,경북,영천시,1985,20
2018,2,201802,경북,예천군,748,13
2018,2,201802,경북,울릉군,119,1
2018,2,201802,경북,울진군,903,17
2018,2,201802,경북,의성군,628,7
2018,2,201802,경북,청도군,944,12
2018,2,201802,경북,청송군,358,2
2018,2,201802,경북,칠곡군,2869,36
2018,2,201802,경북,포항시,11844,131
2018,2,201802,광주,광산구,11239,128
2018,2,201802,광주,남구,7832,29
2018,2,201802,광주,동구,3440,14
2018,2,201802,광주,북구,12000,93
2018,2,201802,광주,서구,16434,70
2018,2,201802,대구,남구,4481,18
2018,2,201802,대구,달서구,23367,126
2018,2,201802,대구,달성군,5974,54
2018,2,201802,대구,동구,9927,74
2018,2,201802,대구,북구,10985,84
2018,2,201802,대구,서구,4234,21
2018,2,201802,대구,수성구,48552,102
2018,2,201802,대구,중구,22296,22
2018,2,201802,대전,대덕구,3804,25
2018,2,201802,대전,동구,3904,24
2018,2,201802,대전,서구,14007,99
2018,2,201802,대전,유성구,16658,103
2018,2,201802,대전,중구,5778,56
2018,2,201802,부산,강서구,5371,51
2018,2,201802,부산,금정구,7028,31
2018,2,201802,부산,기장군,5224,30
2018,2,201802,부산,남구,9142,28
2018,2,201802,부산,동구,17621,22
2018,2,201802,부산,동래구,7528,25
2018,2,201802,부산,부산진구,16102,25
2018,2,201802,부산,북구,5589,29
2018,2,201802,부산,사상구,4361,21
2018,2,201802,부산,사하구,5980,22
2018,2,201802,부산,서구,2383,6
2018,2,201802,부산,수영구,14373,17
2018,2,201802,부산,연제구,16707,16
2018,2,201802,부산,영도구,1837,9
2018,2,201802,부산,중구,8133,3
2018,2,201802,부산,해운대구,33611,45
2018,2,201802,서울,강남구,71959,191
2018,2,201802,서울,강동구,13845,70
2018,2,201802,서울,강북구,5343,15
2018,2,201802,서울,강서구,20040,80
2018,2,201802,서울,관악구,9892,31
2018,2,201802,서울,광진구,12884,51
2018,2,201802,서울,구로구,10742,40
2018,2,201802,서울,금천구,5892,28
2018,2,201802,서울,노원구,11099,65
2018,2,201802,서울,도봉구,6380,30
2018,2,201802,서울,동대문구,10125,45
2018,2,201802,서울,동작구,12819,29
2018,2,201802,서울,마포구,18662,65
2018,2,201802,서울,서대문구,10222,45
2018,2,201802,서울,서초구,51157,157
2018,2,201802,서울,성동구,18905,59
2018,2,201802,서울,성북구,12951,55
2018,2,201802,서울,송파구,39320,88
2018,2,201802,서울,양천구,17375,42
2018,2,201802,서울,영등포구,22968,60
2018,2,201802,서울,용산구,20978,50
2018,2,201802,서울,은평구,10676,34
2018,2,201802,서울,종로구,8755,61
2018,2,201802,서울,중구,10962,65
2018,2,201802,서울,중랑구,7437,38
2018,2,201802,세종,세종시,10192,103
2018,2,201802,울산,남구,9059,43
2018,2,201802,울산,동구,2159,27
2018,2,201802,울산,북구,3176,48
2018,2,201802,울산,울주군,5180,39
2018,2,201802,울산,중구,4672,38
2018,2,201802,인천,강화군,1589,22
2018,2,201802,인천,계양구,13837,42
2018,2,201802,인천,남동구,38807,76
2018,2,201802,인천,동구,1170,4
2018,2,201802,인천,미추홀구,11691,48
2018,2,201802,인천,부평구,20096,57
2018,2,201802,인천,서구,16249,98
2018,2,201802,인천,연수구,45681,101
2018,2,201802,인천,옹진군,408,3
2018,2,201802,인천,중구,4255,26
2018,2,201802,전남,강진군,549,6
2018,2,201802,전남,고흥군,962,7
2018,2,201802,전남,곡성군,537,5
2018,2,201802,전남,광양시,3118,25
2018,2,201802,전남,구례군,416,16
2018,2,201802,전남,나주시,2889,33
2018,2,201802,전남,담양군,1213,7
2018,2,201802,전남,목포시,4174,31
2018,2,201802,전남,무안군,1691,15
2018,2,201802,전남,보성군,2872,6
2018,2,201802,전남,순천시,6832,69
2018,2,201802,전남,신안군,585,5
2018,2,201802,전남,여수시,6011,37
2018,2,201802,전남,영광군,1152,7
2018,2,201802,전남,영암군,1362,9
2018,2,201802,전남,완도군,949,4
2018,2,201802,전남,장성군,1023,18
2018,2,201802,전남,장흥군,658,6
2018,2,201802,전남,진도군,528,4
2018,2,201802,전남,함평군,655,5
2018,2,201802,전남,해남군,1137,7
2018,2,201802,전남,화순군,1442,16
2018,2,201802,전북,고창군,1001,15
2018,2,201802,전북,군산시,6881,50
2018,2,201802,전북,김제시,1568,6
2018,2,201802,전북,남원시,1353,16
2018,2,201802,전북,무주군,445,7
2018,2,201802,전북,부안군,907,9
2018,2,201802,전북,순창군,454,3
2018,2,201802,전북,완주군,2156,38
2018,2,201802,전북,익산시,6298,52
2018,2,201802,전북,임실군,420,4
2018,2,201802,전북,장수군,316,3
2018,2,201802,전북,전주시,25974,161
2018,2,201802,전북,정읍시,1944,17
2018,2,201802,전북,진안군,396,9
2018,2,201802,제주,서귀포시,4689,52
2018,2,201802,제주,제주시,19267,200
2018,2,201802,충남,계룡시,1040,11
2018,2,201802,충남,공주시,2310,29
2018,2,201802,충남,금산군,1233,11
2018,2,201802,충남,논산시,1984,17
2018,2,201802,충남,당진시,3877,47
2018,2,201802,충남,보령시,1952,24
2018,2,201802,충남,부여군,1032,9
2018,2,201802,충남,서산시,3657,50
2018,2,201802,충남,서천군,816,7
2018,2,201802,충남,아산시,8241,142
2018,2,201802,충남,예산군,1507,11
2018,2,201802,충남,천안시,19568,219
2018,2,201802,충남,청양군,496,5
2018,2,201802,충남,태안군,1263,15
2018,2,201802,충남,홍성군,2067,28
2018,2,201802,충북,괴산군,637,9
2018,2,201802,충북,단양군,409,6
2018,2,201802,충북,보은군,562,7
2018,2,201802,충북,영동군,666,14
2018,2,201802,충북,옥천군,867,9
2018,2,201802,충북,음성군,2208,26
2018,2,201802,충북,제천시,2704,15
2018,2,201802,충북,증평군,682,6
2018,2,201802,충북,진천군,1591,29
2018,2,201802,충북,청주시,22592,216
2018,2,201802,충북,충주시,4195,54
2018,3,201803,강원,강릉시,5419,51
2018,3,201803,강원,고성군,473,2
2018,3,201803,강원,동해시,1442,59
2018,3,201803,강원,삼척시,971,14
2018,3,201803,강원,속초시,1786,25
2018,3,201803,강원,양구군,390,7
2018,3,201803,강원,양양군,654,12
2018,3,201803,강원,영월군,794,11
2018,3,201803,강원,원주시,10090,95
2018,3,201803,강원,인제군,522,8
2018,3,201803,강원,정선군,818,11
2018,3,201803,강원,철원군,679,11
2018,3,201803,강원,춘천시,6535,62
2018,3,201803,강원,태백시,1034,6
2018,3,201803,강원,평창군,1318,4
2018,3,201803,강원,홍천군,1324,12
2018,3,201803,강원,화천군,359,4
2018,3,201803,강원,횡성군,1149,16
2018,3,201803,경기,가평군,1952,24
2018,3,201803,경기,고양시,43097,209
2018,3,201803,경기,과천시,2957,11
2018,3,201803,경기,광명시,7488,34
2018,3,201803,경기,광주시,14550,113
2018,3,201803,경기,구리시,5744,31
2018,3,201803,경기,군포시,6537,32
2018,3,201803,경기,김포시,17464,192
2018,3,201803,경기,남양주시,22541,225
2018,3,201803,경기,동두천시,1714,16
2018,3,201803,경기,부천시,20568,93
2018,3,201803,경기,성남시,55277,185
2018,3,201803,경기,수원시,43815,252
2018,3,201803,경기,시흥시,10200,72
2018,3,201803,경기,안산시,15044,142
2018,3,201803,경기,안성시,4779,58
2018,3,201803,경기,안양시,17010,80
2018,3,201803,경기,양주시,5130,63
2018,3,201803,경기,양평군,5422,67
2018,3,201803,경기,여주시,3009,47
2018,3,201803,경기,연천군,1074,19
2018,3,201803,경기,오산시,5304,59
2018,3,201803,경기,용인시,56237,372
2018,3,201803,경기,의왕시,5246,22
2018,3,201803,경기,의정부시,9256,69
2018,3,201803,경기,이천시,6218,88
2018,3,201803,경기,파주시,14023,154
2018,3,201803,경기,평택시,15667,166
2018,3,201803,경기,포천시,3882,54
2018,3,201803,경기,하남시,10729,56
2018,3,201803,경기,화성시,28739,265
2018,3,201803,경남,거제시,5235,43
2018,3,201803,경남,거창군,1070,11
2018,3,201803,경남,고성군,815,5
2018,3,201803,경남,김해시,13606,118
2018,3,201803,경남,남해군,616,10
2018,3,201803,경남,밀양시,1931,16
2018,3,201803,경남,사천시,2052,12
2018,3,201803,경남,산청군,660,3
2018,3,201803,경남,양산시,8132,48
2018,3,201803,경남,의령군,404,6
2018,3,201803,경남,진주시,8311,58
2018,3,201803,경남,창녕군,1250,10
2018,3,201803,경남,창원시,67192,191
2018,3,201803,경남,통영시,2566,16
2018,3,201803,경남,하동군,760,8
2018,3,201803,경남,함안군,2877,21
2018,3,201803,경남,함양군,947,8
2018,3,201803,경남,합천군,672,11
2018,3,201803,경북,경산시,6303,49
2018,3,201803,경북,경주시,6022,87
2018,3,201803,경북,고령군,802,18
2018,3,201803,경북,구미시,8698,85
2018,3,201803,경북,군위군,482,8
2018,3,201803,경북,김천시,2534,41
2018,3,201803,경북,문경시,1085,13
2018,3,201803,경북,봉화군,385,5
2018,3,201803,경북,상주시,1377,20
2018,3,201803,경북,성주군,1067,13
2018,3,201803,경북,안동시,3111,49
2018,3,201803,경북,영덕군,595,14
2018,3,201803,경북,영양군,201,4
2018,3,201803,경북,영주시,1672,26
2018,3,201803,경북,영천시,2029,21
2018,3,201803,경북,예천군,781,12
2018,3,201803,경북,울릉군,124,1
2018,3,201803,경북,울진군,901,17
2018,3,201803,경북,의성군,643,7
2018,3,201803,경북,청도군,964,12
2018,3,201803,경북,청송군,370,2
2018,3,201803,경북,칠곡군,2896,36
2018,3,201803,경북,포항시,11984,138
2018,3,201803,광주,광산구,11380,127
2018,3,201803,광주,남구,7918,31
2018,3,201803,광주,동구,3499,15
2018,3,201803,광주,북구,12189,95
2018,3,201803,광주,서구,16546,78
2018,3,201803,대구,남구,4581,20
2018,3,201803,대구,달서구,23797,134
2018,3,201803,대구,달성군,6073,55
2018,3,201803,대구,동구,10141,77
2018,3,201803,대구,북구,11180,91
2018,3,201803,대구,서구,4289,20
2018,3,201803,대구,수성구,49222,106
2018,3,201803,대구,중구,22249,19
2018,3,201803,대전,대덕구,3900,26
2018,3,201803,대전,동구,3949,23
2018,3,201803,대전,서구,14243,101
2018,3,201803,대전,유성구,16887,104
2018,3,201803,대전,중구,5839,54
2018,3,201803,부산,강서구,5443,49
2018,3,201803,부산,금정구,7174,31
2018,3,201803,부산,기장군,5298,29
2018,3,201803,부산,남구,9406,29
2018,3,201803,부산,동구,17861,22
2018,3,201803,부산,동래구,7620,25
2018,3,201803,부산,부산진구,16210,23
2018,3,201803,부산,북구,5649,28
2018,3,201803,부산,사상구,4380,21
2018,3,201803,부산,사하구,6082,22
2018,3,201803,부산,서구,2409,5
2018,3,201803,부산,수영구,14525,17
2018,3,201803,부산,연제구,16982,18
2018,3,201803,부산,영도구,1849,10
2018,3,201803,부산,중구,8388,3
2018,3,201803,부산,해운대구,33850,48
2018,3,201803,서울,강남구,72425,200
2018,3,201803,서울,강동구,14003,72
2018,3,201803,서울,강북구,5406,15
2018,3,201803,서울,강서구,20430,80
2018,3,201803,서울,관악구,10022,31
2018,3,201803,서울,광진구,13002,50
2018,3,201803,서울,구로구,10870,42
2018,3,201803,서울,금천구,5959,27
2018,3,201803,서울,노원구,11266,66
2018,3,201803,서울,도봉구,6471,30
2018,3,201803,서울,동대문구,10198,44
2018,3,201803,서울,동작구,12937,31
2018,3,201803,서울,마포구,18879,67
2018,3,201803,서울,서대문구,10326,42
2018,3,201803,서울,서초구,51596,153
2018,3,201803,서울,성동구,19277,58
2018,3,201803,서울,성북구,13100,54
2018,3,201803,서울,송파구,39816,90
2018,3,201803,서울,양천구,17571,43
2018,3,201803,서울,영등포구,22931,56
2018,3,201803,서울,용산구,21297,51
2018,3,201803,서울,은평구,10904,35
2018,3,201803,서울,종로구,8793,64
2018,3,201803,서울,중구,10983,65
2018,3,201803,서울,중랑구,7504,39
2018,3,201803,세종,세종시,10473,109
2018,3,201803,울산,남구,9183,47
2018,3,201803,울산,동구,2192,29
2018,3,201803,울산,북구,3273,47
2018,3,201803,울산,울주군,5235,40
2018,3,201803,울산,중구,4716,38
2018,3,201803,인천,강화군,1617,23
2018,3,201803,인천,계양구,13800,42
2018,3,201803,인천,남동구,39006,78
2018,3,201803,인천,동구,1195,4
2018,3,201803,인천,미추홀구,12247,46
2018,3,201803,인천,부평구,20433,58
2018,3,201803,인천,서구,16756,100
2018,3,201803,인천,연수구,46009,102
2018,3,201803,인천,옹진군,408,4
2018,3,201803,인천,중구,4324,25
2018,3,201803,전남,강진군,556,5
2018,3,201803,전남,고흥군,969,6
2018,3,201803,전남,곡성군,538,5
2018,3,201803,전남,광양시,3182,26
2018,3,201803,전남,구례군,427,16
2018,3,201803,전남,나주시,2972,33
2018,3,201803,전남,담양군,1226,7
2018,3,201803,전남,목포시,4229,33
2018,3,201803,전남,무안군,1728,15
2018,3,201803,전남,보성군,2816,8
2018,3,201803,전남,순천시,6981,70
2018,3,201803,전남,신안군,579,5
2018,3,201803,전남,여수시,6138,37
2018,3,201803,전남,영광군,1172,7
2018,3,201803,전남,영암군,1433,9
2018,3,201803,전남,완도군,967,6
2018,3,201803,전남,장성군,1065,19
2018,3,201803,전남,장흥군,670,4
2018,3,201803,전남,진도군,528,4
2018,3,201803,전남,함평군,668,4
2018,3,201803,전남,해남군,1159,7
2018,3,201803,전남,화순군,1467,16
2018,3,201803,전북,고창군,1030,16
2018,3,201803,전북,군산시,6961,52
2018,3,201803,전북,김제시,1587,6
2018,3,201803,전북,남원시,1371,18
2018,3,201803,전북,무주군,453,7
2018,3,201803,전북,부안군,931,10
2018,3,201803,전북,순창군,457,3
2018,3,201803,전북,완주군,2197,35
2018,3,201803,전북,익산시,6397,51
2018,3,201803,전북,임실군,425,4
2018,3,201803,전북,장수군,328,4
2018,3,201803,전북,전주시,26453,164
2018,3,201803,전북,정읍시,1976,17
2018,3,201803,전북,진안군,407,9
2018,3,201803,제주,서귀포시,4770,52
2018,3,201803,제주,제주시,19822,206
2018,3,201803,충남,계룡시,1066,11
2018,3,201803,충남,공주시,2334,31
2018,3,201803,충남,금산군,1233,11
2018,3,201803,충남,논산시,2005,20
2018,3,201803,충남,당진시,3945,49
2018,3,201803,충남,보령시,1977,24
2018,3,201803,충남,부여군,1051,10
2018,3,201803,충남,서산시,3729,49
2018,3,201803,충남,서천군,831,7
2018,3,201803,충남,아산시,8367,143
2018,3,201803,충남,예산군,1545,11
2018,3,201803,충남,천안시,19923,222
2018,3,201803,충남,청양군,502,6
2018,3,201803,충남,태안군,1301,15
2018,3,201803,충남,홍성군,2095,29
2018,3,201803,충북,괴산군,639,12
2018,3,201803,충북,단양군,420,6
2018,3,201803,충북,보은군,562,7
2018,3,201803,충북,영동군,668,15
2018,3,201803,충북,옥천군,882,9
2018,3,201803,충북,음성군,2205,26
2018,3,201803,충북,제천시,2726,16
2018,3,201803,충북,증평군,691,6
2018,3,201803,충북,진천군,1652,29
2018,3,201803,충북,청주시,22935,224
2018,3,201803,충북,충주시,4269,53
2018,4,201804,강원,강릉시,5526,53
2018,4,201804,강원,고성군,482,4
2018,4,201804,강원,동해시,1477,60
2018,4,201804,강원,삼척시,999,14
2018,4,201804,강원,속초시,1811,27
2018,4,201804,강원,양구군,398,8
2018,4,201804,강원,양양군,666,11
2018,4,201804,강원,영월군,802,11
2018,4,201804,강원,원주시,10243,97
2018,4,201804,강원,인제군,535,8
2018,4,201804,강원,정선군,834,11
2018,4,201804,강원,철원군,687,13
2018,4,201804,강원,춘천시,6636,64
2018,4,201804,강원,태백시,1035,6
2018,4,201804,강원,평창군,1325,4
2018,4,201804,강원,홍천군,1343,13
2018,4,201804,강원,화천군,361,4
2018,4,201804,강원,횡성군,1165,14
2018,4,201804,경기,가평군,1968,24
2018,4,201804,경기,고양시,43709,218
2018,4,201804,경기,과천시,2990,12
2018,4,201804,경기,광명시,7630,34
2018,4,201804,경기,광주시,14803,122
2018,4,201804,경기,구리시,5837,34
2018,4,201804,경기,군포시,6649,33
2018,4,201804,경기,김포시,17866,196
2018,4,201804,경기,남양주시,22939,232
2018,4,201804,경기,동두천시,1739,16
2018,4,201804,경기,부천시,20884,95
2018,4,201804,경기,성남시,55935,189
2018,4,201804,경기,수원시,44552,256
2018,4,201804,경기,시흥시,10468,74
2018,4,201804,경기,안산시,15265,154
2018,4,201804,경기,안성시,4890,57
2018,4,201804,경기,안양시,17253,83
2018,4,201804,경기,양주시,5216,61
2018,4,201804,경기,양평군,5497,70
2018,4,201804,경기,여주시,3047,51
2018,4,201804,경기,연천군,1098,23
2018,4,201804,경기,오산시,5446,61
2018,4,201804,경기,용인시,57059,391
2018,4,201804,경기,의왕시,5323,23
2018,4,201804,경기,의정부시,9433,71
2018,4,201804,경기,이천시,6364,93
2018,4,201804,경기,파주시,14326,155
2018,4,201804,경기,평택시,15962,177
2018,4,201804,경기,포천시,3906,55
2018,4,201804,경기,하남시,10964,59
2018,4,201804,경기,화성시,29610,272
2018,4,201804,경남,거제시,5257,45
2018,4,201804,경남,거창군,1097,12
2018,4,201804,경남,고성군,826,4
2018,4,201804,경남,김해시,13810,121
2018,4,201804,경남,남해군,634,11
2018,4,201804,경남,밀양시,1963,16
2018,4,201804,경남,사천시,2085,13
2018,4,201804,경남,산청군,674,3
2018,4,201804,경남,양산시,8265,48
2018,4,201804,경남,의령군,408,7
2018,4,201804,경남,진주시,8451,58
2018,4,201804,경남,창녕군,1270,12
2018,4,201804,경남,창원시,67180,191
2018,4,201804,경남,통영시,2596,16
2018,4,201804,경남,하동군,759,8
2018,4,201804,경남,함안군,2831,21
2018,4,201804,경남,함양군,935,7
2018,4,201804,경남,합천군,686,11
2018,4,201804,경북,경산시,6391,49
2018,4,201804,경북,경주시,6143,93
2018,4,201804,경북,고령군,810,18
2018,4,201804,경북,구미시,8845,93
2018,4,201804,경북,군위군,494,10
2018,4,201804,경북,김천시,2564,39
2018,4,201804,경북,문경시,1106,13
2018,4,201804,경북,봉화군,389,5
2018,4,201804,경북,상주시,1395,20
2018,4,201804,경북,성주군,1080,11
2018,4,201804,경북,안동시,3171,49
2018,4,201804,경북,영덕군,605,14
2018,4,201804,경북,영양군,210,4
2018,4,201804,경북,영주시,1692,27
2018,4,201804,경북,영천시,2059,22
2018,4,201804,경북,예천군,802,14
2018,4,201804,경북,울릉군,128,1
2018,4,201804,경북,울진군,909,18
2018,4,201804,경북,의성군,664,7
2018,4,201804,경북,청도군,984,12
2018,4,201804,경북,청송군,384,2
2018,4,201804,경북,칠곡군,2928,39
2018,4,201804,경북,포항시,12142,141
2018,4,201804,광주,광산구,11624,133
2018,4,201804,광주,남구,8044,31
2018,4,201804,광주,동구,3538,15
2018,4,201804,광주,북구,12367,100
2018,4,201804,광주,서구,16502,78
2018,4,201804,대구,남구,4628,21
2018,4,201804,대구,달서구,24193,139
2018,4,201804,대구,달성군,6230,55
2018,4,201804,대구,동구,10330,75
2018,4,201804,대구,북구,11374,93
2018,4,201804,대구,서구,4323,20
2018,4,201804,대구,수성구,49395,109
2018,4,201804,대구,중구,22229,19
2018,4,201804,대전,대덕구,3943,27
2018,4,201804,대전,동구,3992,25
2018,4,201804,대전,서구,14447,106
2018,4,201804,대전,유성구,17131,112
2018,4,201804,대전,중구,5893,58
2018,4,201804,부산,강서구,5514,48
2018,4,201804,부산,금정구,7314,30
2018,4,201804,부산,기장군,5374,32
2018,4,201804,부산,남구,9630,28
2018,4,201804,부산,동구,18102,22
2018,4,201804,부산,동래구,7725,26
2018,4,201804,부산,부산진구,16282,25
2018,4,201804,부산,북구,5709,30
2018,4,201804,부산,사상구,4444,23
2018,4,201804,부산,사하구,6145,24
2018,4,201804,부산,서구,2441,6
2018,4,201804,부산,수영구,14630,18
2018,4,201804,부산,연제구,17206,18
2018,4,201804,부산,영도구,1861,10
2018,4,201804,부산,중구,8647,3
2018,4,201804,부산,해운대구,34190,47
2018,4,201804,서울,강남구,72820,202
2018,4,201804,서울,강동구,14180,74
2018,4,201804,서울,강북구,5461,15
2018,4,201804,서울,강서구,20732,78
2018,4,201804,서울,관악구,10111,33
2018,4,201804,서울,광진구,13134,50
2018,4,201804,서울,구로구,11010,41
2018,4,201804,서울,금천구,6008,27
2018,4,201804,서울,노원구,11410,71
2018,4,201804,서울,도봉구,6548,30
2018,4,201804,서울,동대문구,10340,43
2018,4,201804,서울,동작구,13103,31
2018,4,201804,서울,마포구,19132,68
2018,4,201804,서울,서대문구,10446,41
2018,4,201804,서울,서초구,52232,157
2018,4,201804,서울,성동구,19566,61
2018,4,201804,서울,성북구,13257,55
2018,4,201804,서울,송파구,40342,96
2018,4,201804,서울,양천구,17793,45
2018,4,201804,서울,영등포구,23069,56
2018,4,201804,서울,용산구,21467,49
2018,4,201804,서울,은평구,11024,39
2018,4,201804,서울,종로구,8841,65
2018,4,201804,서울,중구,10990,67
2018,4,201804,서울,중랑구,7689,41
2018,4,201804,세종,세종시,10842,109
2018,4,201804,울산,남구,9326,49
2018,4,201804,울산,동구,2201,29
2018,4,201804,울산,북구,3323,53
2018,4,201804,울산,울주군,5323,41
2018,4,201804,울산,중구,4795,40
2018,4,201804,인천,강화군,1644,23
2018,4,201804,인천,계양구,13827,43
2018,4,201804,인천,남동구,39772,88
2018,4,201804,인천,동구,1202,5
2018,4,201804,인천,미추홀구,12680,47
2018,4,201804,인천,부평구,20771,61
2018,4,201804,인천,서구,17042,101
2018,4,201804,인천,연수구,46284,101
2018,4,201804,인천,옹진군,421,6
2018,4,201804,인천,중구,4371,24
2018,4,201804,전남,강진군,564,5
2018,4,201804,전남,고흥군,992,7
2018,4,201804,전남,곡성군,542,5
2018,4,201804,전남,광양시,3220,27
2018,4,201804,전남,구례군,434,16
2018,4,201804,전남,나주시,3065,33
2018,4,201804,전남,담양군,1240,9
2018,4,201804,전남,목포시,4316,36
2018,4,201804,전남,무안군,1758,16
2018,4,201804,전남,보성군,2836,9
2018,4,201804,전남,순천시,7081,72
2018,4,201804,전남,신안군,590,5
2018,4,201804,전남,여수시,6233,38
2018,4,201804,전남,영광군,1186,10
2018,4,201804,전남,영암군,1419,9
2018,4,201804,전남,완도군,989,6
2018,4,201804,전남,장성군,1094,18
2018,4,201804,전남,장흥군,677,4
2018,4,201804,전남,진도군,537,3
2018,4,201804,전남,함평군,679,4
2018,4,201804,전남,해남군,1167,7
2018,4,201804,전남,화순군,1489,16
2018,4,201804,전북,고창군,1058,16
2018,4,201804,전북,군산시,7041,51
2018,4,201804,전북,김제시,1615,6
2018,4,201804,전북,남원시,1414,21
2018,4,201804,전북,무주군,465,7
2018,4,201804,전북,부안군,960,10
2018,4,201804,전북,순창군,463,4
2018,4,201804,전북,완주군,2222,37
2018,4,201804,전북,익산시,6504,53
2018,4,201804,전북,임실군,427,4
2018,4,201804,전북,장수군,336,4
2018,4,201804,전북,전주시,27042,167
2018,4,201804,전북,정읍시,1986,18
2018,4,201804,전북,진안군,416,8
2018,4,201804,제주,서귀포시,4846,53
2018,4,201804,제주,제주시,20389,234
2018,4,201804,충남,계룡시,1077,14
2018,4,201804,충남,공주시,2357,32
2018,4,201804,충남,금산군,1261,11
2018,4,201804,충남,논산시,2049,21
2018,4,201804,충남,당진시,4013,46
2018,4,201804,충남,보령시,1996,24
2018,4,201804,충남,부여군,1052,10
2018,4,201804,충남,서산시,3789,50
2018,4,201804,충남,서천군,841,7
2018,4,201804,충남,아산시,8505,146
2018,4,201804,충남,예산군,1558,10
2018,4,201804,충남,천안시,20242,229
2018,4,201804,충남,청양군,508,6
2018,4,201804,충남,태안군,1327,17
2018,4,201804,충남,홍성군,2132,27
2018,4,201804,충북,괴산군,640,12
2018,4,201804,충북,단양군,427,7
2018,4,201804,충북,보은군,569,7
2018,4,201804,충북,영동군,673,14
2018,4,201804,충북,옥천군,909,9
2018,4,201804,충북,음성군,2220,25
2018,4,201804,충북,제천시,2776,18
2018,4,201804,충북,증평군,700,6
2018,4,201804,충북,진천군,1704,36
2018,4,201804,충북,청주시,23336,232
2018,4,201804,충북,충주시,4350,57
2018,5,201805,강원,강릉시,5641,57
2018,5,201805,강원,고성군,481,4
2018,5,201805,강원,동해시,1485,63
2018,5,201805,강원,삼척시,1017,15
2018,5,201805,강원,속초시,1853,26
2018,5,201805,강원,양구군,413,8
2018,5,201805,강원,양양군,680,10
2018,5,201805,강원,영월군,811,11
2018,5,201805,강원,원주시,10423,101
2018,5,201805,강원,인제군,534,9
2018,5,201805,강원,정선군,848,11
2018,5,201805,강원,철원군,691,14
2018,5,201805,강원,춘천시,6734,63
2018,5,201805,강원,태백시,1047,6
2018,5,201805,강원,평창군,1343,4
2018,5,201805,강원,홍천군,1367,13
2018,5,201805,강원,화천군,361,5
2018,5,201805,강원,횡성군,1178,13
2018,5,201805,경기,가평군,2021,25
2018,5,201805,경기,고양시,44386,220
2018,5,201805,경기,과천시,3019,12
2018,5,201805,경기,광명시,7731,34
2018,5,201805,경기,광주시,15080,125
2018,5,201805,경기,구리시,5978,34
2018,5,201805,경기,군포시,6730,33
2018,5,201805,경기,김포시,18232,202
2018,5,201805,경기,남양주시,23337,241
2018,5,201805,경기,동두천시,1775,16
2018,5,201805,경기,부천시,21211,100
2018,5,201805,경기,성남시,56478,197
2018,5,201805,경기,수원시,45192,261
2018,5,201805,경기,시흥시,10686,78
2018,5,201805,경기,안산시,15438,154
2018,5,201805,경기,안성시,4933,59
2018,5,201805,경기,안양시,17493,88
2018,5,201805,경기,양주시,5283,60
2018,5,201805,경기,양평군,5570,71
2018,5,201805,경기,여주시,3082,52
2018,5,201805,경기,연천군,1103,24
2018,5,201805,경기,오산시,5558,64
2018,5,201805,경기,용인시,57880,392
2018,5,201805,경기,의왕시,5376,23
2018,5,201805,경기,의정부시,9566,75
2018,5,201805,경기,이천시,6453,94
2018,5,201805,경기,파주시,14525,158
2018,5,201805,경기,평택시,16195,182
2018,5,201805,경기,포천시,3958,59
2018,5,201805,경기,하남시,11242,62
2018,5,201805,경기,화성시,30240,270
2018,5,201805,경남,거제시,5304,45
2018,5,201805,경남,거창군,1110,11
2018,5,201805,경남,고성군,830,4
2018,5,201805,경남,김해시,14019,123
2018,5,201805,경남,남해군,634,11
2018,5,201805,경남,밀양시,1982,16
2018,5,201805,경남,사천시,2137,13
2018,5,201805,경남,산청군,681,3
2018,5,201805,경남,양산시,8393,52
2018,5,201805,경남,의령군,418,6
2018,5,201805,경남,진주시,8557,61
2018,5,201805,경남,창녕군,1284,11
2018,5,201805,경남,창원시,67115,194
2018,5,201805,경남,통영시,2608,15
2018,5,201805,경남,하동군,781,8
2018,5,201805,경남,함안군,2794,22
2018,5,201805,경남,함양군,913,10
2018,5,201805,경남,합천군,695,11
2018,5,201805,경북,경산시,6472,50
2018,5,201805,경북,경주시,6251,98
2018,5,201805,경북,고령군,809,17
2018,5,201805,경북,구미시,8997,90
2018,5,201805,경북,군위군,505,10
2018,5,201805,경북,김천시,2605,41
2018,5,201805,경북,문경시,1120,13
2018,5,201805,경북,봉화군,398,5
2018,5,201805,경북,상주시,1433,22
2018,5,201805,경북,성주군,1088,14
2018,5,201805,경북,안동시,3214,50
2018,5,201805,경북,영덕군,613,14
2018,5,201805,경북,영양군,221,5
2018,5,201805,경북,영주시,1706,28
2018,5,201805,경북,영천시,2094,21
2018,5,201805,경북,예천군,827,14
2018,5,201805,경북,울릉군,129,1
2018,5,201805,경북,울진군,929,17
2018,5,201805,경북,의성군,682,9
2018,5,201805,경북,청도군,1008,12
2018,5,201805,경북,청송군,391,2
2018,5,201805,경북,칠곡군,2985,38
2018,5,201805,경북,포항시,12340,143
2018,5,201805,광주,광산구,11817,134
2018,5,201805,광주,남구,8138,35
2018,5,201805,광주,동구,3605,16
2018,5,201805,광주,북구,12536,98
2018,5,201805,광주,서구,16588,78
2018,5,201805,대구,남구,4670,21
2018,5,201805,대구,달서구,24596,140
2018,5,201805,대구,달성군,6367,56
2018,5,201805,대구,동구,10463,84
2018,5,201805,대구,북구,11521,96
2018,5,201805,대구,서구,4327,21
2018,5,201805,대구,수성구,49792,111
2018,5,201805,대구,중구,22378,20
2018,5,201805,대전,대덕구,3991,29
2018,5,201805,대전,동구,4042,24
2018,5,201805,대전,서구,14646,110
2018,5,201805,대전,유성구,17281,113
2018,5,201805,대전,중구,5956,56
2018,5,201805,부산,강서구,5598,49
2018,5,201805,부산,금정구,7352,31
2018,5,201805,부산,기장군,5437,30
2018,5,201805,부산,남구,9915,27
2018,5,201805,부산,동구,18466,22
2018,5,201805,부산,동래구,7841,26
2018,5,201805,부산,부산진구,16423,26
2018,5,201805,부산,북구,5776,32
2018,5,201805,부산,사상구,4505,23
2018,5,201805,부산,사하구,6217,23
2018,5,201805,부산,서구,2491,6
2018,5,201805,부산,수영구,14738,19
2018,5,201805,부산,연제구,17411,18
2018,5,201805,부산,영도구,1878,9
2018,5,201805,부산,중구,8942,3
2018,5,201805,부산,해운대구,34438,52
2018,5,201805,서울,강남구,73193,199
2018,5,201805,서울,강동구,14381,77
2018,5,201805,서울,강북구,5536,15
2018,5,201805,서울,강서구,20904,79
2018,5,201805,서울,관악구,10178,37
2018,5,201805,서울,광진구,13312,50
2018,5,201805,서울,구로구,11189,42
2018,5,201805,서울,금천구,6106,27
2018,5,201805,서울,노원구,11593,69
2018,5,201805,서울,도봉구,6623,31
2018,5,201805,서울,동대문구,10430,41
2018,5,201805,서울,동작구,13286,33
2018,5,201805,서울,마포구,19394,66
2018,5,201805,서울,서대문구,10570,44
2018,5,201805,서울,서초구,52588,154
2018,5,201805,서울,성동구,19672,59
2018,5,201805,서울,성북구,13363,54
2018,5,201805,서울,송파구,40797,99
2018,5,201805,서울,양천구,17936,46
2018,5,201805,서울,영등포구,22996,59
2018,5,201805,서울,용산구,21573,52
2018,5,201805,서울,은평구,11163,40
2018,5,201805,서울,종로구,8935,62
2018,5,201805,서울,중구,11011,65
2018,5,201805,서울,중랑구,7765,43
2018,5,201805,세종,세종시,11159,113
2018,5,201805,울산,남구,9439,51
2018,5,201805,울산,동구,2206,30
2018,5,201805,울산,북구,3395,55
2018,5,201805,울산,울주군,5395,43
2018,5,201805,울산,중구,4821,41
2018,5,201805,인천,강화군,1675,21
2018,5,201805,인천,계양구,13961,43
2018,5,201805,인천,남동구,40319,95
2018,5,201805,인천,동구,1215,5
2018,5,201805,인천,미추홀구,13168,48
2018,5,201805,인천,부평구,21206,59
2018,5,201805,인천,서구,17331,104
2018,5,201805,인천,연수구,46531,100
2018,5,201805,인천,옹진군,417,7
2018,5,201805,인천,중구,4389,25
2018,5,201805,전남,강진군,581,5
2018,5,201805,전남,고흥군,1011,7
2018,5,201805,전남,곡성군,549,5
2018,5,201805,전남,광양시,3277,29
2018,5,201805,전남,구례군,455,16
2018,5,201805,전남,나주시,3122,35
2018,5,201805,전남,담양군,1244,10
2018,5,201805,전남,목포시,4356,34
2018,5,201805,전남,무안군,1765,15
2018,5,201805,전남,보성군,2717,8
2018,5,201805,전남,순천시,7198,75
2018,5,201805,전남,신안군,607,7
2018,5,201805,전남,여수시,6348,39
2018,5,201805,전남,영광군,1202,10
2018,5,201805,전남,영암군,1578,9
2018,5,201805,전남,완도군,1003,6
2018,5,201805,전남,장성군,1115,18
2018,5,201805,전남,장흥군,690,4
2018,5,201805,전남,진도군,543,3
2018,5,201805,전남,함평군,686,4
2018,5,201805,전남,해남군,1183,8
2018,5,201805,전남,화순군,1507,15
2018,5,201805,전북,고창군,1079,16
2018,5,201805,전북,군산시,7101,51
2018,5,201805,전북,김제시,1630,9
2018,5,201805,전북,남원시,1443,21
2018,5,201805,전북,무주군,476,6
2018,5,201805,전북,부안군,964,9
2018,5,201805,전북,순창군,465,4
2018,5,201805,전북,완주군,2271,37
2018,5,201805,전북,익산시,6594,54
2018,5,201805,전북,임실군,434,6
2018,5,201805,전북,장수군,347,4
2018,5,201805,전북,전주시,27540,171
2018,5,201805,전북,정읍시,2020,20
2018,5,201805,전북,진안군,411,8
2018,5,201805,제주,서귀포시,4935,54
2018,5,201805,제주,제주시,21000,236
2018,5,201805,충남,계룡시,1104,16
2018,5,201805,충남,공주시,2378,33
2018,5,201805,충남,금산군,1281,11
2018,5,201805,충남,논산시,2100,21
2018,5,201805,충남,당진시,4066,47
2018,5,201805,충남,보령시,2028,26
2018,5,201805,충남,부여군,1066,10
2018,5,201805,충남,서산시,3863,55
2018,5,201805,충남,서천군,853,7
2018,5,201805,충남,아산시,8606,153
2018,5,201805,충남,예산군,1580,12
2018,5,201805,충남,천안시,20580,234
2018,5,201805,충남,청양군,507,6
2018,5,201805,충남,태안군,1342,17
2018,5,201805,충남,홍성군,2159,26
2018,5,201805,충북,괴산군,655,12
2018,5,201805,충북,단양군,436,8
2018,5,201805,충북,보은군,575,7
2018,5,201805,충북,영동군,688,14
2018,5,201805,충북,옥천군,934,9
2018,5,201805,충북,음성군,2258,26
2018,5,201805,충북,제천시,2824,19
2018,5,201805,충북,증평군,719,6
2018,5,201805,충북,진천군,1710,38
2018,5,201805,충북,청주시,23695,242
2018,5,201805,충북,충주시,4449,58
2018,6,201806,강원,강릉시,5712,58
2018,6,201806,강원,고성군,492,5
2018,6,201806,강원,동해시,1528,65
2018,6,201806,강원,삼척시,1042,15
2018,6,201806,강원,속초시,1886,27
2018,6,201806,강원,양구군,415,8
2018,6,201806,강원,양양군,693,12
2018,6,201806,강원,영월군,823,11
2018,6,201806,강원,원주시,10631,105
2018,6,201806,강원,인제군,545,9
2018,6,201806,강원,정선군,849,12
2018,6,201806,강원,철원군,701,14
2018,6,201806,강원,춘천시,6883,69
2018,6,201806,강원,태백시,1056,8
2018,6,201806,강원,평창군,1350,5
2018,6,201806,강원,홍천군,1392,13
2018,6,201806,강원,화천군,364,5
2018,6,201806,강원,횡성군,1196,13
2018,6,201806,경기,가평군,2059,26
2018,6,201806,경기,고양시,45019,226
2018,6,201806,경기,과천시,3043,13
2018,6,201806,경기,광명시,7812,39
2018,6,201806,경기,광주시,15359,131
2018,6,201806,경기,구리시,6136,36
2018,6,201806,경기,군포시,6849,34
2018,6,201806,경기,김포시,18692,219
2018,6,201806,경기,남양주시,23699,247
2018,6,201806,경기,동두천시,1785,16
2018,6,201806,경기,부천시,21495,99
2018,6,201806,경기,성남시,57079,202
2018,6,201806,경기,수원시,45726,267
2018,6,201806,경기,시흥시,10886,81
2018,6,201806,경기,안산시,15635,151
2018,6,201806,경기,안성시,4993,65
2018,6,201806,경기,안양시,17772,93
2018,6,201806,경기,양주시,5417,62
2018,6,201806,경기,양평군,5624,72
2018,6,201806,경기,여주시,3094,54
2018,6,201806,경기,연천군,1108,26
2018,6,201806,경기,오산시,5726,65
2018,6,201806,경기,용인시,58668,402
2018,6,201806,경기,의왕시,5453,24
2018,6,201806,경기,의정부시,9705,74
2018,6,201806,경기,이천시,6605,98
2018,6,201806,경기,파주시,14778,161
2018,6,201806,경기,평택시,16579,182
2018,6,201806,경기,포천시,4009,60
2018,6,201806,경기,하남시,11480,64
2018,6,201806,경기,화성시,30905,285
2018,6,201806,경남,거제시,5336,45
2018,6,201806,경남,거창군,1127,11
2018,6,201806,경남,고성군,835,4
2018,6,201806,경남,김해시,14228,124
2018,6,201806,경남,남해군,639,11
2018,6,201806,경남,밀양시,1999,16
2018,6,201806,경남,사천시,2180,14
2018,6,201806,경남,산청군,677,5
2018,6,201806,경남,양산시,8534,53
2018,6,201806,경남,의령군,426,7
2018,6,201806,경남,진주시,8681,62
2018,6,201806,경남,창녕군,1289,13
2018,6,201806,경남,창원시,67059,196
2018,6,201806,경남,통영시,2659,16
2018,6,201806,경남,하동군,786,9
2018,6,201806,경남,함안군,2772,24
2018,6,201806,경남,함양군,901,10
2018,6,201806,경남,합천군,703,10
2018,6,201806,경북,경산시,6595,52
2018,6,201806,경북,경주시,6325,99
2018,6,201806,경북,고령군,827,18
2018,6,201806,경북,구미시,9136,92
2018,6,201806,경북,군위군,519,10
2018,6,201806,경북,김천시,2633,49
2018,6,201806,경북,문경시,1134,13
2018,6,201806,경북,봉화군,406,5
2018,6,201806,경북,상주시,1458,21
2018,6,201806,경북,성주군,1097,13
2018,6,201806,경북,안동시,3242,52
2018,6,201806,경북,영덕군,631,16
2018,6,201806,경북,영양군,222,4
2018,6,201806,경북,영주시,1725,29
2018,6,201806,경북,영천시,2127,21
2018,6,201806,경북,예천군,842,15
2018,6,201806,경북,울릉군,134,1
2018,6,201806,경북,울진군,934,17
2018,6,201806,경북,의성군,696,9
2018,6,201806,경북,청도군,1031,12
2018,6,201806,경북,청송군,398,2
2018,6,201806,경북,칠곡군,3014,38
2018,6,201806,경북,포항시,12526,144
2018,6,201806,광주,광산구,12025,141
2018,6,201806,광주,남구,8257,35
2018,6,201806,광주,동구,3657,15
2018,6,201806,광주,북구,12730,101
2018,6,201806,광주,서구,16595,81
2018,6,201806,대구,남구,4714,21
2018,6,201806,대구,달서구,25084,143
2018,6,201806,대구,달성군,6512,60
2018,6,201806,대구,동구,10695,86
2018,6,201806,대구,북구,11732,98
2018,6,201806,대구,서구,4370,23
2018,6,201806,대구,수성구,50492,120
2018,6,201806,대구,중구,22583,20
2018,6,201806,대전,대덕구,4010,30
2018,6,201806,대전,동구,4078,23
2018,6,201806,대전,서구,14902,110
2018,6,201806,대전,유성구,17511,118
2018,6,201806,대전,중구,6004,57
2018,6,201806,부산,강서구,5665,49
2018,6,201806,부산,금정구,7426,30
2018,6,201806,부산,기장군,5518,30
2018,6,201806,부산,남구,10162,27
2018,6,201806,부산,동구,18725,20
2018,6,201806,부산,동래구,7939,27
2018,6,201806,부산,부산진구,16564,25
2018,6,201806,부산,북구,5851,32
2018,6,201806,부산,사상구,4512,25
2018,6,201806,부산,사하구,6268,23
2018,6,201806,부산,서구,2539,6
2018,6,201806,부산,수영구,14789,18
2018,6,201806,부산,연제구,13506,14
2018,6,201806,부산,영도구,1895,9
2018,6,201806,부산,중구,9252,3
2018,6,201806,부산,해운대구,38842,53
2018,6,201806,서울,강남구,73620,199
2018,6,201806,서울,강동구,14560,82
2018,6,201806,서울,강북구,5601,18
2018,6,201806,서울,강서구,21016,81
2018,6,201806,서울,관악구,10321,40
2018,6,201806,서울,광진구,13424,49
2018,6,201806,서울,구로구,11318,42
2018,6,201806,서울,금천구,6181,27
2018,6,201806,서울,노원구,11735,69
2018,6,201806,서울,도봉구,6699,32
2018,6,201806,서울,동대문구,10610,45
2018,6,201806,서울,동작구,13458,33
2018,6,201806,서울,마포구,19643,64
2018,6,201806,서울,서대문구,10682,43
2018,6,201806,서울,서초구,52974,157
2018,6,201806,서울,성동구,19836,59
2018,6,201806,서울,성북구,13520,54
2018,6,201806,서울,송파구,41280,100
2018,6,201806,서울,양천구,18124,47
2018,6,201806,서울,영등포구,22985,57
2018,6,201806,서울,용산구,21564,52
2018,6,201806,서울,은평구,11286,41
2018,6,201806,서울,종로구,9008,63
2018,6,201806,서울,중구,11109,65
2018,6,201806,서울,중랑구,7832,43
2018,6,201806,세종,세종시,11485,117
2018,6,201806,울산,남구,9512,51
2018,6,201806,울산,동구,2242,29
2018,6,201806,울산,북구,3438,60
2018,6,201806,울산,울주군,5492,44
2018,6,201806,울산,중구,4859,41
2018,6,201806,인천,강화군,1707,21
2018,6,201806,인천,계양구,14167,43
2018,6,201806,인천,남동구,41023,96
2018,6,201806,인천,동구,1229,4
2018,6,201806,인천,미추홀구,13585,48
2018,6,201806,인천,부평구,21567,60
2018,6,201806,인천,서구,17718,108
2018,6,201806,인천,연수구,46776,103
2018,6,201806,인천,옹진군,417,7
2018,6,201806,인천,중구,4460,26
2018,6,201806,전남,강진군,580,5
2018,6,201806,전남,고흥군,1026,7
2018,6,201806,전남,곡성군,545,5
2018,6,201806,전남,광양시,3301,31
2018,6,201806,전남,구례군,467,16
2018,6,201806,전남,나주시,3196,33
2018,6,201806,전남,담양군,1263,10
2018,6,201806,전남,목포시,4411,35
2018,6,201806,전남,무안군,1802,16
2018,6,201806,전남,보성군,2726,8
2018,6,201806,전남,순천시,7334,86
2018,6,201806,전남,신안군,620,9
2018,6,201806,전남,여수시,6441,40
2018,6,201806,전남,영광군,1217,10
2018,6,201806,전남,영암군,1551,9
2018,6,201806,전남,완도군,1018,6
2018,6,201806,전남,장성군,1125,19
2018,6,201806,전남,장흥군,704,4
2018,6,201806,전남,진도군,558,3
2018,6,201806,전남,함평군,687,4
2018,6,201806,전남,해남군,1189,8
2018,6,201806,전남,화순군,1530,16
2018,6,201806,전북,고창군,1107,16
2018,6,201806,전북,군산시,7159,54
2018,6,201806,전북,김제시,1650,10
2018,6,201806,전북,남원시,1463,22
2018,6,201806,전북,무주군,483,6
2018,6,201806,전북,부안군,979,9
2018,6,201806,전북,순창군,472,3
2018,6,201806,전북,완주군,2316,38
2018,6,201806,전북,익산시,6672,54
2018,6,201806,전북,임실군,439,6
2018,6,201806,전북,장수군,349,4
2018,6,201806,전북,전주시,27980,169
2018,6,201806,전북,정읍시,2048,22
2018,6,201806,전북,진안군,420,8
2018,6,201806,제주,서귀포시,5025,52
2018,6,201806,제주,제주시,21751,235
2018,6,201806,충남,계룡시,1130,15
2018,6,201806,충남,공주시,2415,34
2018,6,201806,충남,금산군,1293,13
2018,6,201806,충남,논산시,2121,21
2018,6,201806,충남,당진시,4103,49
2018,6,201806,충남,보령시,2063,28
2018,6,201806,충남,부여군,1077,10
2018,6,201806,충남,서산시,3929,56
2018,6,201806,충남,서천군,870,7
2018,6,201806,충남,아산시,8740,157
2018,6,201806,충남,예산군,1610,12
2018,6,201806,충남,천안시,20946,238
2018,6,201806,충남,청양군,514,7
2018,6,201806,충남,태안군,1371,17
2018,6,201806,충남,홍성군,2191,28
2018,6,201806,충북,괴산군,658,12
2018,6,201806,충북,단양군,442,8
2018,6,201806,충북,보은군,578,7
2018,6,201806,충북,영동군,694,14
2018,6,201806,충북,옥천군,936,8
2018,6,201806,충북,음성군,2292,25
2018,6,201806,충북,제천시,2871,20
2018,6,201806,충북,증평군,729,6
2018,6,201806,충북,진천군,1740,39
2018,6,201806,충북,청주시,24006,252
2018,6,201806,충북,충주시,4521,57
2018,7,201807,강원,강릉시,5824,58
2018,7,201807,강원,고성군,509,6
2018,7,201807,강원,동해시,1533,66
2018,7,201807,강원,삼척시,1059,16
2018,7,201807,강원,속초시,1930,27
2018,7,201807,강원,양구군,420,8
2018,7,201807,강원,양양군,709,13
2018,7,201807,강원,영월군,833,12
2018,7,201807,강원,원주시,10804,109
2018,7,201807,강원,인제군,555,8
2018,7,201807,강원,정선군,849,12
2018,7,201807,강원,철원군,713,14
2018,7,201807,강원,춘천시,6976,70
2018,7,201807,강원,태백시,1064,8
2018,7,201807,강원,평창군,1369,5
2018,7,201807,강원,홍천군,1410,14
2018,7,201807,강원,화천군,368,5
2018,7,201807,강원,횡성군,1218,14
2018,7,201807,경기,가평군,2067,28
2018,7,201807,경기,고양시,45555,232
2018,7,201807,경기,과천시,3067,13
2018,7,201807,경기,광명시,7890,36
2018,7,201807,경기,광주시,15609,136
2018,7,201807,경기,구리시,6258,36
2018,7,201807,경기,군포시,6928,35
2018,7,201807,경기,김포시,19222,229
2018,7,201807,경기,남양주시,24114,251
2018,7,201807,경기,동두천시,1809,16
2018,7,201807,경기,부천시,21711,101
2018,7,201807,경기,성남시,57493,200
2018,7,201807,경기,수원시,46248,278
2018,7,201807,경기,시흥시,11127,86
2018,7,201807,경기,안산시,15854,152
2018,7,201807,경기,안성시,5003,66
2018,7,201807,경기,안양시,17959,98
2018,7,201807,경기,양주시,5526,64
2018,7,201807,경기,양평군,5689,73
2018,7,201807,경기,여주시,3142,54
2018,7,201807,경기,연천군,1119,26
2018,7,201807,경기,오산시,5777,68
2018,7,201807,경기,용인시,59400,412
2018,7,201807,경기,의왕시,5532,25
2018,7,201807,경기,의정부시,9839,77
2018,7,201807,경기,이천시,6720,103
2018,7,201807,경기,파주시,14976,165
2018,7,201807,경기,평택시,16980,188
2018,7,201807,경기,포천시,4048,60
2018,7,201807,경기,하남시,11734,68
2018,7,201807,경기,화성시,31484,295
2018,7,201807,경남,거제시,5384,46
2018,7,201807,경남,거창군,1157,10
2018,7,201807,경남,고성군,841,6
2018,7,201807,경남,김해시,14407,129
2018,7,201807,경남,남해군,654,12
2018,7,201807,경남,밀양시,2027,16
2018,7,201807,경남,사천시,2215,15
2018,7,201807,경남,산청군,691,5
2018,7,201807,경남,양산시,8659,58
2018,7,201807,경남,의령군,431,7
2018,7,201807,경남,진주시,8767,60
2018,7,201807,경남,창녕군,1319,12
2018,7,201807,경남,창원시,66980,206
2018,7,201807,경남,통영시,2675,16
2018,7,201807,경남,하동군,780,9
2018,7,201807,경남,함안군,2727,23
2018,7,201807,경남,함양군,884,12
2018,7,201807,경남,합천군,707,10
2018,7,201807,경북,경산시,6683,55
2018,7,201807,경북,경주시,6401,101
2018,7,201807,경북,고령군,832,17
2018,7,201807,경북,구미시,9229,99
2018,7,201807,경북,군위군,512,10
2018,7,201807,경북,김천시,2683,48
2018,7,201807,경북,문경시,1150,15
2018,7,201807,경북,봉화군,404,4
2018,7,201807,경북,상주시,1475,22
2018,7,201807,경북,성주군,1108,14
2018,7,201807,경북,안동시,3289,57
2018,7,201807,경북,영덕군,641,17
2018,7,201807,경북,영양군,221,4
2018,7,201807,경북,영주시,1762,32
2018,7,201807,경북,영천시,2177,22
2018,7,201807,경북,예천군,869,15
2018,7,201807,경북,울릉군,137,2
2018,7,201807,경북,울진군,940,17
2018,7,201807,경북,의성군,711,9
2018,7,201807,경북,청도군,1045,12
2018,7,201807,경북,청송군,396,3
2018,7,201807,경북,칠곡군,3046,38
2018,7,201807,경북,포항시,12667,145
2018,7,201807,광주,광산구,12232,151
2018,7,201807,광주,남구,8355,35
2018,7,201807,광주,동구,3664,15
2018,7,201807,광주,북구,12931,100
2018,7,201807,광주,서구,16649,81
2018,7,201807,대구,남구,4772,21
2018,7,201807,대구,달서구,25490,146
2018,7,201807,대구,달성군,6613,63
2018,7,201807,대구,동구,10852,92
2018,7,201807,대구,북구,11853,105
2018,7,201807,대구,서구,4335,25
2018,7,201807,대구,수성구,50849,124
2018,7,201807,대구,중구,22684,20
2018,7,201807,대전,대덕구,4092,33
2018,7,201807,대전,동구,4107,24
2018,7,201807,대전,서구,15049,119
2018,7,201807,대전,유성구,17808,123
2018,7,201807,대전,중구,6146,60
2018,7,201807,부산,강서구,5781,49
2018,7,201807,부산,금정구,7470,29
2018,7,201807,부산,기장군,5584,32
2018,7,201807,부산,남구,10417,28
2018,7,201807,부산,동구,19000,21
2018,7,201807,부산,동래구,8024,27
2018,7,201807,부산,부산진구,16876,25
2018,7,201807,부산,북구,5926,33
2018,7,201807,부산,사상구,4519,25
2018,7,201807,부산,사하구,6354,22
2018,7,201807,부산,서구,2555,6
2018,7,201807,부산,수영구,14731,18
2018,7,201807,부산,연제구,13634,15
2018,7,201807,부산,영도구,1899,8
2018,7,201807,부산,중구,9535,4
2018,7,201807,부산,해운대구,39086,55
2018,7,201807,서울,강남구,73964,204
2018,7,201807,서울,강동구,14662,82
2018,7,201807,서울,강북구,5660,18
2018,7,201807,서울,강서구,21254,80
2018,7,201807,서울,관악구,10418,39
2018,7,201807,서울,광진구,13522,48
2018,7,201807,서울,구로구,11423,41
2018,7,201807,서울,금천구,6247,27
2018,7,201807,서울,노원구,11843,71
2018,7,201807,서울,도봉구,6785,34
2018,7,201807,서울,동대문구,10840,42
2018,7,201807,서울,동작구,13608,34
2018,7,201807,서울,마포구,19775,63
2018,7,201807,서울,서대문구,10772,43
2018,7,201807,서울,서초구,53253,157
2018,7,201807,서울,성동구,20068,58
2018,7,201807,서울,성북구,13630,62
2018,7,201807,서울,송파구,41661,106
2018,7,201807,서울,양천구,18305,48
2018,7,201807,서울,영등포구,22917,55
2018,7,201807,서울,용산구,21490,55
2018,7,201807,서울,은평구,11432,41
2018,7,201807,서울,종로구,9060,64
2018,7,201807,서울,중구,11065,66
2018,7,201807,서울,중랑구,7932,42
2018,7,201807,세종,세종시,11744,130
2018,7,201807,울산,남구,9582,50
2018,7,201807,울산,동구,2286,30
2018,7,201807,울산,북구,3482,61
2018,7,201807,울산,울주군,5578,42
2018,7,201807,울산,중구,4895,41
2018,7,201807,인천,강화군,1722,21
2018,7,201807,인천,계양구,14247,44
2018,7,201807,인천,남동구,41280,97
2018,7,201807,인천,동구,1249,4
2018,7,201807,인천,미추홀구,13889,50
2018,7,201807,인천,부평구,21836,62
2018,7,201807,인천,서구,17910,110
2018,7,201807,인천,연수구,46960,107
2018,7,201807,인천,옹진군,420,7
2018,7,201807,인천,중구,4547,24
2018,7,201807,전남,강진군,574,5
2018,7,201807,전남,고흥군,1037,8
2018,7,201807,전남,곡성군,554,5
2018,7,201807,전남,광양시,3344,34
2018,7,201807,전남,구례군,470,17
2018,7,201807,전남,나주시,3256,34
2018,7,201807,전남,담양군,1272,11
2018,7,201807,전남,목포시,4447,37
2018,7,201807,전남,무안군,1812,16
2018,7,201807,전남,보성군,2712,7
2018,7,201807,전남,순천시,7451,90
2018,7,201807,전남,신안군,637,9
2018,7,201807,전남,여수시,6515,41
2018,7,201807,전남,영광군,1233,10
2018,7,201807,전남,영암군,1607,10
2018,7,201807,전남,완도군,1030,6
2018,7,201807,전남,장성군,1137,19
2018,7,201807,전남,장흥군,716,4
2018,7,201807,전남,진도군,562,3
2018,7,201807,전남,함평군,702,4
2018,7,201807,전남,해남군,1208,8
2018,7,201807,전남,화순군,1549,16
2018,7,201807,전북,고창군,1114,17
2018,7,201807,전북,군산시,7242,56
2018,7,201807,전북,김제시,1667,10
2018,7,201807,전북,남원시,1474,24
2018,7,201807,전북,무주군,484,7
2018,7,201807,전북,부안군,1004,11
2018,7,201807,전북,순창군,478,2
2018,7,201807,전북,완주군,2306,37
2018,7,201807,전북,익산시,6730,53
2018,7,201807,전북,임실군,436,7
2018,7,201807,전북,장수군,358,5
2018,7,201807,전북,전주시,28548,177
2018,7,201807,전북,정읍시,2090,21
2018,7,201807,전북,진안군,419,8
2018,7,201807,제주,서귀포시,5149,51
2018,7,201807,제주,제주시,22630,238
2018,7,201807,충남,계룡시,1151,16
2018,7,201807,충남,공주시,2438,35
2018,7,201807,충남,금산군,1305,13
2018,7,201807,충남,논산시,2131,21
2018,7,201807,충남,당진시,4147,52
2018,7,201807,충남,보령시,2088,28
2018,7,201807,충남,부여군,1088,13
2018,7,201807,충남,서산시,4004,55
2018,7,201807,충남,서천군,872,6
2018,7,201807,충남,아산시,8824,162
2018,7,201807,충남,예산군,1636,12
2018,7,201807,충남,천안시,21254,245
2018,7,201807,충남,청양군,509,8
2018,7,201807,충남,태안군,1393,18
2018,7,201807,충남,홍성군,2238,28
2018,7,201807,충북,괴산군,665,13
2018,7,201807,충북,단양군,459,7
2018,7,201807,충북,보은군,584,8
2018,7,201807,충북,영동군,706,15
2018,7,201807,충북,옥천군,956,9
2018,7,201807,충북,음성군,2349,26
2018,7,201807,충북,제천시,2896,19
2018,7,201807,충북,증평군,745,5
2018,7,201807,충북,진천군,1773,37
2018,7,201807,충북,청주시,24304,249
2018,7,201807,충북,충주시,4573,59
2018,8,201808,강원,강릉시,5904,61
2018,8,201808,강원,고성군,517,6
2018,8,201808,강원,동해시,1564,69
2018,8,201808,강원,삼척시,1085,17
2018,8,201808,강원,속초시,1951,28
2018,8,201808,강원,양구군,426,8
2018,8,201808,강원,양양군,735,13
2018,8,201808,강원,영월군,844,11
2018,8,201808,강원,원주시,10970,110
2018,8,201808,강원,인제군,559,9
2018,8,201808,강원,정선군,860,12
2018,8,201808,강원,철원군,724,14
2018,8,201808,강원,춘천시,7073,77
2018,8,201808,강원,태백시,1079,8
2018,8,201808,강원,평창군,1383,5
2018,8,201808,강원,홍천군,1428,14
2018,8,201808,강원,화천군,372,5
2018,8,201808,강원,횡성군,1234,14
2018,8,201808,경기,가평군,2066,27
2018,8,201808,경기,고양시,46007,239
2018,8,201808,경기,과천시,3141,13
2018,8,201808,경기,광명시,7961,35
2018,8,201808,경기,광주시,15851,140
2018,8,201808,경기,구리시,6321,37
2018,8,201808,경기,군포시,6968,37
2018,8,201808,경기,김포시,19584,239
2018,8,201808,경기,남양주시,24445,251
2018,8,201808,경기,동두천시,1812,17
2018,8,201808,경기,부천시,21932,103
2018,8,201808,경기,성남시,57858,200
2018,8,201808,경기,수원시,46700,281
2018,8,201808,경기,시흥시,11389,88
2018,8,201808,경기,안산시,15942,151
2018,8,201808,경기,안성시,5042,66
2018,8,201808,경기,안양시,18118,100
2018,8,201808,경기,양주시,5602,67
2018,8,201808,경기,양평군,5770,76
2018,8,201808,경기,여주시,3171,58
2018,8,201808,경기,연천군,1137,25
2018,8,201808,경기,오산시,5838,67
2018,8,201808,경기,용인시,60243,417
2018,8,201808,경기,의왕시,5568,25
2018,8,201808,경기,의정부시,9964,82
2018,8,201808,경기,이천시,6830,104
2018,8,201808,경기,파주시,15254,164
2018,8,201808,경기,평택시,17422,191
2018,8,201808,경기,포천시,4063,61
2018,8,201808,경기,하남시,11963,68
2018,8,201808,경기,화성시,32097,300
2018,8,201808,경남,거제시,5438,46
2018,8,201808,경남,거창군,1172,10
2018,8,201808,경남,고성군,857,7
2018,8,201808,경남,김해시,14581,130
2018,8,201808,경남,남해군,658,12
2018,8,201808,경남,밀양시,2054,18
2018,8,201808,경남,사천시,2241,14
2018,8,201808,경남,산청군,709,5
2018,8,201808,경남,양산시,8790,59
2018,8,201808,경남,의령군,437,6
2018,8,201808,경남,진주시,8855,60
2018,8,201808,경남,창녕군,1324,13
2018,8,201808,경남,창원시,66721,214
2018,8,201808,경남,통영시,2711,17
2018,8,201808,경남,하동군,789,10
2018,8,201808,경남,함안군,2718,21
2018,8,201808,경남,함양군,876,12
2018,8,201808,경남,합천군,716,9
2018,8,201808,경북,경산시,6761,58
2018,8,201808,경북,경주시,6474,105
2018,8,201808,경북,고령군,839,17
2018,8,201808,경북,구미시,9348,103
2018,8,201808,경북,군위군,518,10
2018,8,201808,경북,김천시,2706,46
2018,8,201808,경북,문경시,1155,16
2018,8,201808,경북,봉화군,406,4
2018,8,201808,경북,상주시,1475,23
2018,8,201808,경북,성주군,1125,16
2018,8,201808,경북,안동시,3315,59
2018,8,201808,경북,영덕군,640,17
2018,8,201808,경북,영양군,224,4
2018,8,201808,경북,영주시,1772,32
2018,8,201808,경북,영천시,2198,23
2018,8,201808,경북,예천군,888,16
2018,8,201808,경북,울릉군,134,2
2018,8,201808,경북,울진군,941,17
2018,8,201808,경북,의성군,722,10
2018,8,201808,경북,청도군,1068,13
2018,8,201808,경북,청송군,398,4
2018,8,201808,경북,칠곡군,3069,37
2018,8,201808,경북,포항시,12806,143
2018,8,201808,광주,광산구,12423,152
2018,8,201808,광주,남구,8420,39
2018,8,201808,광주,동구,3721,16
2018,8,201808,광주,북구,13051,101
2018,8,201808,광주,서구,16659,80
2018,8,201808,대구,남구,4828,24
2018,8,201808,대구,달서구,25725,143
2018,8,201808,대구,달성군,6719,68
2018,8,201808,대구,동구,10993,98
2018,8,201808,대구,북구,11991,107
2018,8,201808,대구,서구,4341,25
2018,8,201808,대구,수성구,51026,125
2018,8,201808,대구,중구,22629,21
2018,8,201808,대전,대덕구,4084,33
2018,8,201808,대전,동구,4174,23
2018,8,201808,대전,서구,15238,118
2018,8,201808,대전,유성구,17990,122
2018,8,201808,대전,중구,6200,59
2018,8,201808,부산,강서구,5865,51
2018,8,201808,부산,금정구,7504,27
2018,8,201808,부산,기장군,5645,32
2018,8,201808,부산,남구,10550,27
2018,8,201808,부산,동구,19344,21
2018,8,201808,부산,동래구,8130,27
2018,8,201808,부산,부산진구,17067,27
2018,8,201808,부산,북구,5964,34
2018,8,201808,부산,사상구,4581,24
2018,8,201808,부산,사하구,6412,24
2018,8,201808,부산,서구,2590,6
2018,8,201808,부산,수영구,14702,20
2018,8,201808,부산,연제구,13746,15
2018,8,201808,부산,영도구,1903,8
2018,8,201808,부산,중구,9753,5
2018,8,201808,부산,해운대구,39152,59
2018,8,201808,서울,강남구,74301,212
2018,8,201808,서울,강동구,14766,75
2018,8,201808,서울,강북구,5705,16
2018,8,201808,서울,강서구,21369,82
2018,8,201808,서울,관악구,10543,41
2018,8,201808,서울,광진구,13688,51
2018,8,201808,서울,구로구,11499,41
2018,8,201808,서울,금천구,6355,27
2018,8,201808,서울,노원구,11944,74
2018,8,201808,서울,도봉구,6856,35
2018,8,201808,서울,동대문구,11010,42
2018,8,201808,서울,동작구,13740,36
2018,8,201808,서울,마포구,19979,63
2018,8,201808,서울,서대문구,10845,44
2018,8,201808,서울,서초구,53526,158
2018,8,201808,서울,성동구,20172,67
2018,8,201808,서울,성북구,13768,63
2018,8,201808,서울,송파구,41914,107
2018,8,201808,서울,양천구,18506,48
2018,8,201808,서울,영등포구,22833,55
2018,8,201808,서울,용산구,21694,55
2018,8,201808,서울,은평구,11532,42
2018,8,201808,서울,종로구,9107,63
2018,8,201808,서울,중구,11086,65
2018,8,201808,서울,중랑구,8039,41
2018,8,201808,세종,세종시,12018,140
2018,8,201808,울산,남구,9673,51
2018,8,201808,울산,동구,2300,31
2018,8,201808,울산,북구,3505,61
2018,8,201808,울산,울주군,5661,44
2018,8,201808,울산,중구,4935,41
2018,8,201808,인천,강화군,1742,21
2018,8,201808,인천,계양구,14267,45
2018,8,201808,인천,남동구,42152,106
2018,8,201808,인천,동구,1277,5
2018,8,201808,인천,미추홀구,14239,50
2018,8,201808,인천,부평구,22000,62
2018,8,201808,인천,서구,18182,109
2018,8,201808,인천,연수구,47067,106
2018,8,201808,인천,옹진군,425,8
2018,8,201808,인천,중구,4596,24
2018,8,201808,전남,강진군,585,4
2018,8,201808,전남,고흥군,1043,8
2018,8,201808,전남,곡성군,565,5
2018,8,201808,전남,광양시,3378,36
2018,8,201808,전남,구례군,476,17
2018,8,201808,전남,나주시,3315,33
2018,8,201808,전남,담양군,1292,11
2018,8,201808,전남,목포시,4494,40
2018,8,201808,전남,무안군,1837,16
2018,8,201808,전남,보성군,2722,7
2018,8,201808,전남,순천시,7547,91
2018,8,201808,전남,신안군,640,9
2018,8,201808,전남,여수시,6582,42
2018,8,201808,전남,영광군,1234,11
2018,8,201808,전남,영암군,1591,12
2018,8,201808,전남,완도군,1036,5
2018,8,201808,전남,장성군,1144,19
2018,8,201808,전남,장흥군,721,4
2018,8,201808,전남,진도군,560,3
2018,8,201808,전남,함평군,720,4
2018,8,201808,전남,해남군,1224,7
2018,8,201808,전남,화순군,1557,15
2018,8,201808,전북,고창군,1126,17
2018,8,201808,전북,군산시,7321,57
2018,8,201808,전북,김제시,1694,9
2018,8,201808,전북,남원시,1492,23
2018,8,201808,전북,무주군,496,7
2018,8,201808,전북,부안군,1017,11
2018,8,201808,전북,순창군,485,2
2018,8,201808,전북,완주군,2329,40
2018,8,201808,전북,익산시,6779,54
2018,8,201808,전북,임실군,443,7
2018,8,201808,전북,장수군,357,5
2018,8,201808,전북,전주시,29021,182
2018,8,201808,전북,정읍시,2106,21
2018,8,201808,전북,진안군,439,7
2018,8,201808,제주,서귀포시,5241,51
2018,8,201808,제주,제주시,23260,240
2018,8,201808,충남,계룡시,1162,18
2018,8,201808,충남,공주시,2467,36
2018,8,201808,충남,금산군,1347,14
2018,8,201808,충남,논산시,2147,22
2018,8,201808,충남,당진시,4190,54
2018,8,201808,충남,보령시,2097,29
2018,8,201808,충남,부여군,1102,13
2018,8,201808,충남,서산시,4062,58
2018,8,201808,충남,서천군,882,6
2018,8,201808,충남,아산시,8910,160
2018,8,201808,충남,예산군,1641,9
2018,8,201808,충남,천안시,21517,249
2018,8,201808,충남,청양군,514,8
2018,8,201808,충남,태안군,1397,18
2018,8,201808,충남,홍성군,2265,31
2018,8,201808,충북,괴산군,672,14
2018,8,201808,충북,단양군,460,8
2018,8,201808,충북,보은군,586,8
2018,8,201808,충북,영동군,709,15
2018,8,201808,충북,옥천군,961,10
2018,8,201808,충북,음성군,2369,26
2018,8,201808,충북,제천시,2920,19
2018,8,201808,충북,증평군,753,6
2018,8,201808,충북,진천군,1807,40
2018,8,201808,충북,청주시,24563,253
2018,8,201808,충북,충주시,4651,59
2018,9,201809,강원,강릉시,5968,63
2018,9,201809,강원,고성군,521,6
2018,9,201809,강원,동해시,1587,70
2018,9,201809,강원,삼척시,1097,16
2018,9,201809,강원,속초시,1970,29
2018,9,201809,강원,양구군,428,8
2018,9,201809,강원,양양군,745,12
2018,9,201809,강원,영월군,851,13
2018,9,201809,강원,원주시,11050,112
2018,9,201809,강원,인제군,569,9
2018,9,201809,강원,정선군,868,12
2018,9,201809,강원,철원군,723,13
2018,9,201809,강원,춘천시,7142,79
2018,9,201809,강원,태백시,1084,8
2018,9,201809,강원,평창군,1389,5
2018,9,201809,강원,홍천군,1447,13
2018,9,201809,강원,화천군,381,5
2018,9,201809,강원,횡성군,1258,14
2018,9,201809,경기,가평군,2073,26
2018,9,201809,경기,고양시,46374,246
2018,9,201809,경기,과천시,3180,12
2018,9,201809,경기,광명시,7999,36
2018,9,201809,경기,광주시,15986,149
2018,9,201809,경기,구리시,6381,36
2018,9,201809,경기,군포시,7039,39
2018,9,201809,경기,김포시,19847,244
2018,9,201809,경기,남양주시,24646,252
2018,9,201809,경기,동두천시,1829,18
2018,9,201809,경기,부천시,22150,104
2018,9,201809,경기,성남시,58146,207
2018,9,201809,경기,수원시,47012,285
2018,9,201809,경기,시흥시,11511,91
2018,9,201809,경기,안산시,16023,154
2018,9,201809,경기,안성시,5091,65
2018,9,201809,경기,안양시,18202,98
2018,9,201809,경기,양주시,5652,69
2018,9,201809,경기,양평군,5803,79
2018,9,201809,경기,여주시,3187,57
2018,9,201809,경기,연천군,1136,26
2018,9,201809,경기,오산시,5880,69
2018,9,201809,경기,용인시,60812,433
2018,9,201809,경기,의왕시,5618,27
2018,9,201809,경기,의정부시,10070,85
2018,9,201809,경기,이천시,6875,106
2018,9,201809,경기,파주시,15476,167
2018,9,201809,경기,평택시,17694,199
2018,9,201809,경기,포천시,4101,61
2018,9,201809,경기,하남시,12160,72
2018,9,201809,경기,화성시,32557,308
2018,9,201809,경남,거제시,5448,49
2018,9,201809,경남,거창군,1182,10
2018,9,201809,경남,고성군,866,7
2018,9,201809,경남,김해시,14676,134
2018,9,201809,경남,남해군,671,12
2018,9,201809,경남,밀양시,2083,18
2018,9,201809,경남,사천시,2258,15
2018,9,201809,경남,산청군,711,5
2018,9,201809,경남,양산시,8874,61
2018,9,201809,경남,의령군,444,6
2018,9,201809,경남,진주시,8908,62
2018,9,201809,경남,창녕군,1329,13
2018,9,201809,경남,창원시,66009,220
2018,9,201809,경남,통영시,2714,17
2018,9,201809,경남,하동군,789,9
2018,9,201809,경남,함안군,2678,21
2018,9,201809,경남,함양군,874,11
2018,9,201809,경남,합천군,717,10
2018,9,201809,경북,경산시,6829,59
2018,9,201809,경북,경주시,6515,103
2018,9,201809,경북,고령군,843,19
2018,9,201809,경북,구미시,9453,106
2018,9,201809,경북,군위군,520,10
2018,9,201809,경북,김천시,2720,46
2018,9,201809,경북,문경시,1151,17
2018,9,201809,경북,봉화군,406,4
2018,9,201809,경북,상주시,1476,25
2018,9,201809,경북,성주군,1129,15
2018,9,201809,경북,안동시,3327,60
2018,9,201809,경북,영덕군,657,18
2018,9,201809,경북,영양군,231,4
2018,9,201809,경북,영주시,1787,35
2018,9,201809,경북,영천시,2218,24
2018,9,201809,경북,예천군,915,17
2018,9,201809,경북,울릉군,138,2
2018,9,201809,경북,울진군,949,16
2018,9,201809,경북,의성군,732,9
2018,9,201809,경북,청도군,1081,13
2018,9,201809,경북,청송군,395,4
2018,9,201809,경북,칠곡군,3089,38
2018,9,201809,경북,포항시,12923,145
2018,9,201809,광주,광산구,12496,156
2018,9,201809,광주,남구,8459,41
2018,9,201809,광주,동구,3755,16
2018,9,201809,광주,북구,13217,108
2018,9,201809,광주,서구,16687,78
2018,9,201809,대구,남구,4859,26
2018,9,201809,대구,달서구,25897,149
2018,9,201809,대구,달성군,6807,74
2018,9,201809,대구,동구,11077,97
2018,9,201809,대구,북구,12116,108
2018,9,201809,대구,서구,4388,25
2018,9,201809,대구,수성구,51317,125
2018,9,201809,대구,중구,22861,21
2018,9,201809,대전,대덕구,4088,32
2018,9,201809,대전,동구,4221,24
2018,9,201809,대전,서구,15361,117
2018,9,201809,대전,유성구,18057,129
2018,9,201809,대전,중구,6234,58
2018,9,201809,부산,강서구,5922,50
2018,9,201809,부산,금정구,7548,27
2018,9,201809,부산,기장군,5674,32
2018,9,201809,부산,남구,10688,26
2018,9,201809,부산,동구,19608,20
2018,9,201809,부산,동래구,8164,27
2018,9,201809,부산,부산진구,17054,27
2018,9,201809,부산,북구,5996,33
2018,9,201809,부산,사상구,4625,24
2018,9,201809,부산,사하구,6436,25
2018,9,201809,부산,서구,2608,6
2018,9,201809,부산,수영구,14676,21
2018,9,201809,부산,연제구,13804,17
2018,9,201809,부산,영도구,1906,8
2018,9,201809,부산,중구,9927,5
2018,9,201809,부산,해운대구,39297,60
2018,9,201809,서울,강남구,74565,211
2018,9,201809,서울,강동구,14805,75
2018,9,201809,서울,강북구,5730,17
2018,9,201809,서울,강서구,21403,80
2018,9,201809,서울,관악구,10632,41
2018,9,201809,서울,광진구,13867,53
2018,9,201809,서울,구로구,11571,40
2018,9,201809,서울,금천구,6404,28
2018,9,201809,서울,노원구,12014,75
2018,9,201809,서울,도봉구,6917,35
2018,9,201809,서울,동대문구,11114,45
2018,9,201809,서울,동작구,13788,39
2018,9,201809,서울,마포구,20084,66
2018,9,201809,서울,서대문구,10940,46
2018,9,201809,서울,서초구,53631,156
2018,9,201809,서울,성동구,20388,66
2018,9,201809,서울,성북구,13820,62
2018,9,201809,서울,송파구,42136,107
2018,9,201809,서울,양천구,18666,47
2018,9,201809,서울,영등포구,22838,56
2018,9,201809,서울,용산구,21785,54
2018,9,201809,서울,은평구,11635,41
2018,9,201809,서울,종로구,9167,64
2018,9,201809,서울,중구,11069,65
2018,9,201809,서울,중랑구,8105,41
2018,9,201809,세종,세종시,12276,143
2018,9,201809,울산,남구,9772,51
2018,9,201809,울산,동구,2303,32
2018,9,201809,울산,북구,3519,63
2018,9,201809,울산,울주군,5686,46
2018,9,201809,울산,중구,4969,39
2018,9,201809,인천,강화군,1767,21
2018,9,201809,인천,계양구,14141,47
2018,9,201809,인천,남동구,45981,104
2018,9,201809,인천,동구,1282,5
2018,9,201809,인천,미추홀구,14365,51
2018,9,201809,인천,부평구,22264,61
2018,9,201809,인천,서구,18322,115
2018,9,201809,인천,연수구,47042,109
2018,9,201809,인천,옹진군,428,9
2018,9,201809,인천,중구,4660,23
2018,9,201809,전남,강진군,592,4
2018,9,201809,전남,고흥군,1046,9
2018,9,201809,전남,곡성군,567,5
2018,9,201809,전남,광양시,3404,41
2018,9,201809,전남,구례군,478,18
2018,9,201809,전남,나주시,3345,33
2018,9,201809,전남,담양군,1297,10
2018,9,201809,전남,목포시,4519,41
2018,9,201809,전남,무안군,1844,17
2018,9,201809,전남,보성군,2709,7
2018,9,201809,전남,순천시,7627,91
2018,9,201809,전남,신안군,656,9
2018,9,201809,전남,여수시,6654,41
2018,9,201809,전남,영광군,1252,10
2018,9,201809,전남,영암군,1586,12
2018,9,201809,전남,완도군,1032,5
2018,9,201809,전남,장성군,1151,19
2018,9,201809,전남,장흥군,724,3
2018,9,201809,전남,진도군,556,3
2018,9,201809,전남,함평군,841,4
2018,9,201809,전남,해남군,1230,7
2018,9,201809,전남,화순군,1560,16
2018,9,201809,전북,고창군,1137,17
2018,9,201809,전북,군산시,7395,58
2018,9,201809,전북,김제시,1711,8
2018,9,201809,전북,남원시,1512,23
2018,9,201809,전북,무주군,500,7
2018,9,201809,전북,부안군,1016,11
2018,9,201809,전북,순창군,487,2
2018,9,201809,전북,완주군,2352,42
2018,9,201809,전북,익산시,6824,55
2018,9,201809,전북,임실군,437,8
2018,9,201809,전북,장수군,369,5
2018,9,201809,전북,전주시,29507,185
2018,9,201809,전북,정읍시,2135,22
2018,9,201809,전북,진안군,440,8
2018,9,201809,제주,서귀포시,5295,54
2018,9,201809,제주,제주시,23770,239
2018,9,201809,충남,계룡시,1181,20
2018,9,201809,충남,공주시,2477,36
2018,9,201809,충남,금산군,1347,14
2018,9,201809,충남,논산시,2169,22
2018,9,201809,충남,당진시,4214,55
2018,9,201809,충남,보령시,2123,29
2018,9,201809,충남,부여군,1109,12
2018,9,201809,충남,서산시,4120,58
2018,9,201809,충남,서천군,885,6
2018,9,201809,충남,아산시,8997,163
2018,9,201809,충남,예산군,1649,7
2018,9,201809,충남,천안시,21712,260
2018,9,201809,충남,청양군,517,9
2018,9,201809,충남,태안군,1404,18
2018,9,201809,충남,홍성군,2283,32
2018,9,201809,충북,괴산군,680,15
2018,9,201809,충북,단양군,474,7
2018,9,201809,충북,보은군,593,8
2018,9,201809,충북,영동군,710,15
2018,9,201809,충북,옥천군,987,9
2018,9,201809,충북,음성군,2373,27
2018,9,201809,충북,제천시,2960,20
2018,9,201809,충북,증평군,755,5
2018,9,201809,충북,진천군,1843,41
2018,9,201809,충북,청주시,24768,261
2018,9,201809,충북,충주시,4696,62
2018,10,201810,강원,강릉시,6026,64
2018,10,201810,강원,고성군,512,6
2018,10,201810,강원,동해시,1625,70
2018,10,201810,강원,삼척시,1124,18
2018,10,201810,강원,속초시,1994,30
2018,10,201810,강원,양구군,430,8
2018,10,201810,강원,양양군,759,12
2018,10,201810,강원,영월군,855,12
2018,10,201810,강원,원주시,11176,111
2018,10,201810,강원,인제군,574,9
2018,10,201810,강원,정선군,877,12
2018,10,201810,강원,철원군,739,12
2018,10,201810,강원,춘천시,7212,84
2018,10,201810,강원,태백시,1080,9
2018,10,201810,강원,평창군,1393,6
2018,10,201810,강원,홍천군,1450,13
2018,10,201810,강원,화천군,383,6
2018,10,201810,강원,횡성군,1265,15
2018,10,201810,경기,가평군,2101,26
2018,10,201810,경기,고양시,46847,257
2018,10,201810,경기,과천시,3228,13
2018,10,201810,경기,광명시,8132,36
2018,10,201810,경기,광주시,16274,150
2018,10,201810,경기,구리시,6480,42
2018,10,201810,경기,군포시,7128,40
2018,10,201810,경기,김포시,20186,246
2018,10,201810,경기,남양주시,24963,248
2018,10,201810,경기,동두천시,1830,17
2018,10,201810,경기,부천시,22381,106
2018,10,201810,경기,성남시,58449,211
2018,10,201810,경기,수원시,47533,284
2018,10,201810,경기,시흥시,11720,94
2018,10,201810,경기,안산시,16202,152
2018,10,201810,경기,안성시,5174,66
2018,10,201810,경기,안양시,18330,100
2018,10,201810,경기,양주시,5725,73
2018,10,201810,경기,양평군,5868,79
2018,10,201810,경기,여주시,3228,58
2018,10,201810,경기,연천군,1141,26
2018,10,201810,경기,오산시,5947,75
2018,10,201810,경기,용인시,61806,452
2018,10,201810,경기,의왕시,5661,27
2018,10,201810,경기,의정부시,10190,86
2018,10,201810,경기,이천시,6961,111
2018,10,201810,경기,파주시,15704,164
2018,10,201810,경기,평택시,18038,201
2018,10,201810,경기,포천시,4156,64
2018,10,201810,경기,하남시,12444,70
2018,10,201810,경기,화성시,33307,326
2018,10,201810,경남,거제시,5500,52
2018,10,201810,경남,거창군,1195,11
2018,10,201810,경남,고성군,872,8
2018,10,201810,경남,김해시,14826,135
2018,10,201810,경남,남해군,669,12
2018,10,201810,경남,밀양시,2108,18
2018,10,201810,경남,사천시,2282,17
2018,10,201810,경남,산청군,719,5
2018,10,201810,경남,양산시,8996,70
2018,10,201810,경남,의령군,446,8
2018,10,201810,경남,진주시,9007,67
2018,10,201810,경남,창녕군,1348,13
2018,10,201810,경남,창원시,65723,228
2018,10,201810,경남,통영시,2724,19
2018,10,201810,경남,하동군,811,9
2018,10,201810,경남,함안군,2660,22
2018,10,201810,경남,함양군,856,11
2018,10,201810,경남,합천군,736,10
2018,10,201810,경북,경산시,6932,62
2018,10,201810,경북,경주시,6587,104
2018,10,201810,경북,고령군,853,19
2018,10,201810,경북,구미시,9560,109
2018,10,201810,경북,군위군,527,10
2018,10,201810,경북,김천시,2752,47
2018,10,201810,경북,문경시,1169,16
2018,10,201810,경북,봉화군,425,5
2018,10,201810,경북,상주시,1497,26
2018,10,201810,경북,성주군,1143,17
2018,10,201810,경북,안동시,3385,61
2018,10,201810,경북,영덕군,647,18
2018,10,201810,경북,영양군,234,4
2018,10,201810,경북,영주시,1799,36
2018,10,201810,경북,영천시,2264,25
2018,10,201810,경북,예천군,946,16
2018,10,201810,경북,울릉군,140,2
2018,10,201810,경북,울진군,954,16
2018,10,201810,경북,의성군,743,8
2018,10,201810,경북,청도군,1096,13
2018,10,201810,경북,청송군,404,4
2018,10,201810,경북,칠곡군,3119,36
2018,10,201810,경북,포항시,13064,155
2018,10,201810,광주,광산구,12664,156
2018,10,201810,광주,남구,8541,40
2018,10,201810,광주,동구,3793,16
2018,10,201810,광주,북구,13394,107
2018,10,201810,광주,서구,16704,81
2018,10,201810,대구,남구,4915,26
2018,10,201810,대구,달서구,26270,152
2018,10,201810,대구,달성군,6895,74
2018,10,201810,대구,동구,11158,97
2018,10,201810,대구,북구,12291,108
2018,10,201810,대구,서구,4433,26
2018,10,201810,대구,수성구,51479,130
2018,10,201810,대구,중구,22841,20
2018,10,201810,대전,대덕구,4123,34
2018,10,201810,대전,동구,4281,25
2018,10,201810,대전,서구,15507,120
2018,10,201810,대전,유성구,18263,134
2018,10,201810,대전,중구,6277,60
2018,10,201810,부산,강서구,5994,51
2018,10,201810,부산,금정구,7584,28
2018,10,201810,부산,기장군,5753,35
2018,10,201810,부산,남구,10822,28
2018,10,201810,부산,동구,19756,20
2018,10,201810,부산,동래구,8253,26
2018,10,201810,부산,부산진구,17101,27
2018,10,201810,부산,북구,6033,35
2018,10,201810,부산,사상구,4670,24
2018,10,201810,부산,사하구,6525,25
2018,10,201810,부산,서구,2638,6
2018,10,201810,부산,수영구,14740,21
2018,10,201810,부산,연제구,13853,18
2018,10,201810,부산,영도구,1913,8
2018,10,201810,부산,중구,10166,7
2018,10,201810,부산,해운대구,39521,61
2018,10,201810,서울,강남구,75129,210
2018,10,201810,서울,강동구,14857,77
2018,10,201810,서울,강북구,5790,17
2018,10,201810,서울,강서구,21598,80
2018,10,201810,서울,관악구,10728,39
2018,10,201810,서울,광진구,14041,52
2018,10,201810,서울,구로구,11641,40
2018,10,201810,서울,금천구,6444,28
2018,10,201810,서울,노원구,12140,77
2018,10,201810,서울,도봉구,6986,37
2018,10,201810,서울,동대문구,11295,46
2018,10,201810,서울,동작구,13849,38
2018,10,201810,서울,마포구,20287,66
2018,10,201810,서울,서대문구,11053,48
2018,10,201810,서울,서초구,53999,160
2018,10,201810,서울,성동구,20551,69
2018,10,201810,서울,성북구,13881,61
2018,10,201810,서울,송파구,42473,102
2018,10,201810,서울,양천구,18810,53
2018,10,201810,서울,영등포구,22815,56
2018,10,201810,서울,용산구,21987,54
2018,10,201810,서울,은평구,11798,44
2018,10,201810,서울,종로구,9231,65
2018,10,201810,서울,중구,11120,67
2018,10,201810,서울,중랑구,8206,42
2018,10,201810,세종,세종시,12550,145
2018,10,201810,울산,남구,9842,52
2018,10,201810,울산,동구,2338,31
2018,10,201810,울산,북구,3555,64
2018,10,201810,울산,울주군,5718,46
2018,10,201810,울산,중구,4990,39
2018,10,201810,인천,강화군,1769,22
2018,10,201810,인천,계양구,14196,46
2018,10,201810,인천,남동구,47444,109
2018,10,201810,인천,동구,1307,5
2018,10,201810,인천,미추홀구,14616,50
2018,10,201810,인천,부평구,22480,60
2018,10,201810,인천,서구,18614,119
2018,10,201810,인천,연수구,47196,110
2018,10,201810,인천,옹진군,439,9
2018,10,201810,인천,중구,4735,24
2018,10,201810,전남,강진군,586,4
2018,10,201810,전남,고흥군,1052,8
2018,10,201810,전남,곡성군,575,5
2018,10,201810,전남,광양시,3427,43
2018,10,201810,전남,구례군,485,18
2018,10,201810,전남,나주시,3410,35
2018,10,201810,전남,담양군,1304,10
2018,10,201810,전남,목포시,4553,41
2018,10,201810,전남,무안군,1859,17
2018,10,201810,전남,보성군,2674,7
2018,10,201810,전남,순천시,7733,90
2018,10,201810,전남,신안군,665,10
2018,10,201810,전남,여수시,6710,44
2018,10,201810,전남,영광군,1266,10
2018,10,201810,전남,영암군,1552,12
2018,10,201810,전남,완도군,1043,5
2018,10,201810,전남,장성군,1145,20
2018,10,201810,전남,장흥군,738,3
2018,10,201810,전남,진도군,567,4
2018,10,201810,전남,함평군,885,4
2018,10,201810,전남,해남군,1249,8
2018,10,201810,전남,화순군,1583,16
2018,10,201810,전북,고창군,1161,17
2018,10,201810,전북,군산시,7481,59
2018,10,201810,전북,김제시,1734,9
2018,10,201810,전북,남원시,1529,22
2018,10,201810,전북,무주군,498,7
2018,10,201810,전북,부안군,1015,13
2018,10,201810,전북,순창군,502,2
2018,10,201810,전북,완주군,2380,42
2018,10,201810,전북,익산시,6903,56
2018,10,201810,전북,임실군,436,8
2018,10,201810,전북,장수군,377,5
2018,10,201810,전북,전주시,29966,187
2018,10,201810,전북,정읍시,2186,21
2018,10,201810,전북,진안군,443,8
2018,10,201810,제주,서귀포시,5329,54
2018,10,201810,제주,제주시,24148,238
2018,10,201810,충남,계룡시,1190,20
2018,10,201810,충남,공주시,2516,36
2018,10,201810,충남,금산군,1349,14
2018,10,201810,충남,논산시,2174,22
2018,10,201810,충남,당진시,4252,54
2018,10,201810,충남,보령시,2153,31
2018,10,201810,충남,부여군,1123,12
2018,10,201810,충남,서산시,4171,61
2018,10,201810,충남,서천군,888,6
2018,10,201810,충남,아산시,9055,168
2018,10,201810,충남,예산군,1665,9
2018,10,201810,충남,천안시,21965,261
2018,10,201810,충남,청양군,526,9
2018,10,201810,충남,태안군,1419,18
2018,10,201810,충남,홍성군,2300,30
2018,10,201810,충북,괴산군,680,14
2018,10,201810,충북,단양군,481,6
2018,10,201810,충북,보은군,604,6
2018,10,201810,충북,영동군,716,15
2018,10,201810,충북,옥천군,996,11
2018,10,201810,충북,음성군,2391,27
2018,10,201810,충북,제천시,3027,22
2018,10,201810,충북,증평군,762,6
2018,10,201810,충북,진천군,1880,44
2018,10,201810,충북,청주시,25096,274
2018,10,201810,충북,충주시,4770,61
2018,11,201811,강원,강릉시,6115,63
2018,11,201811,강원,고성군,522,7
2018,11,201811,강원,동해시,1647,71
2018,11,201811,강원,삼척시,1135,19
2018,11,201811,강원,속초시,2029,30
2018,11,201811,강원,양구군,433,8
2018,11,201811,강원,양양군,775,12
2018,11,201811,강원,영월군,869,12
2018,11,201811,강원,원주시,11312,113
2018,11,201811,강원,인제군,575,10
2018,11,201811,강원,정선군,883,11
2018,11,201811,강원,철원군,753,12
2018,11,201811,강원,춘천시,7301,85
2018,11,201811,강원,태백시,1077,9
2018,11,201811,강원,평창군,1398,6
2018,11,201811,강원,홍천군,1462,15
2018,11,201811,강원,화천군,388,6
2018,11,201811,강원,횡성군,1278,14
2018,11,201811,경기,가평군,2125,25
2018,11,201811,경기,고양시,47349,257
2018,11,201811,경기,과천시,3296,13
2018,11,201811,경기,광명시,8178,37
2018,11,201811,경기,광주시,16471,148
2018,11,201811,경기,구리시,6569,43
2018,11,201811,경기,군포시,7203,40
2018,11,201811,경기,김포시,20719,249
2018,11,201811,경기,남양주시,25327,251
2018,11,201811,경기,동두천시,1846,18
2018,11,201811,경기,부천시,22643,108
2018,11,201811,경기,성남시,58946,223
2018,11,201811,경기,수원시,48482,295
2018,11,201811,경기,시흥시,11948,93
2018,11,201811,경기,안산시,16449,149
2018,11,201811,경기,안성시,5247,70
2018,11,201811,경기,안양시,18461,104
2018,11,201811,경기,양주시,5847,70
2018,11,201811,경기,양평군,5944,78
2018,11,201811,경기,여주시,3264,58
2018,11,201811,경기,연천군,1184,25
2018,11,201811,경기,오산시,6031,76
2018,11,201811,경기,용인시,62722,451
2018,11,201811,경기,의왕시,5708,25
2018,11,201811,경기,의정부시,10334,89
2018,11,201811,경기,이천시,7060,110
2018,11,201811,경기,파주시,15913,168
2018,11,201811,경기,평택시,18404,200
2018,11,201811,경기,포천시,4212,64
2018,11,201811,경기,하남시,12791,71
2018,11,201811,경기,화성시,33980,333
2018,11,201811,경남,거제시,5545,54
2018,11,201811,경남,거창군,1212,11
2018,11,201811,경남,고성군,885,8
2018,11,201811,경남,김해시,14973,140
2018,11,201811,경남,남해군,671,12
2018,11,201811,경남,밀양시,2129,18
2018,11,201811,경남,사천시,2302,18
2018,11,201811,경남,산청군,729,7
2018,11,201811,경남,양산시,9138,71
2018,11,201811,경남,의령군,446,8
2018,11,201811,경남,진주시,9103,67
2018,11,201811,경남,창녕군,1371,14
2018,11,201811,경남,창원시,65516,231
2018,11,201811,경남,통영시,2750,19
2018,11,201811,경남,하동군,817,9
2018,11,201811,경남,함안군,2834,21
2018,11,201811,경남,함양군,827,11
2018,11,201811,경남,합천군,745,11
2018,11,201811,경북,경산시,7022,60
2018,11,201811,경북,경주시,6647,106
2018,11,201811,경북,고령군,858,19
2018,11,201811,경북,구미시,9679,107
2018,11,201811,경북,군위군,532,10
2018,11,201811,경북,김천시,2783,47
2018,11,201811,경북,문경시,1177,17
2018,11,201811,경북,봉화군,424,5
2018,11,201811,경북,상주시,1533,27
2018,11,201811,경북,성주군,1153,18
2018,11,201811,경북,안동시,3401,60
2018,11,201811,경북,영덕군,657,19
2018,11,201811,경북,영양군,239,2
2018,11,201811,경북,영주시,1822,38
2018,11,201811,경북,영천시,2302,26
2018,11,201811,경북,예천군,975,16
2018,11,201811,경북,울릉군,144,2
2018,11,201811,경북,울진군,969,16
2018,11,201811,경북,의성군,746,8
2018,11,201811,경북,청도군,1102,13
2018,11,201811,경북,청송군,413,4
2018,11,201811,경북,칠곡군,3155,37
2018,11,201811,경북,포항시,13197,164
2018,11,201811,광주,광산구,12842,157
2018,11,201811,광주,남구,8609,39
2018,11,201811,광주,동구,3833,15
2018,11,201811,광주,북구,13507,105
2018,11,201811,광주,서구,16706,82
2018,11,201811,대구,남구,4953,28
2018,11,201811,대구,달서구,26701,151
2018,11,201811,대구,달성군,6985,78
2018,11,201811,대구,동구,11299,98
2018,11,201811,대구,북구,12464,113
2018,11,201811,대구,서구,4396,27
2018,11,201811,대구,수성구,51835,139
2018,11,201811,대구,중구,22885,20
2018,11,201811,대전,대덕구,4197,34
2018,11,201811,대전,동구,4352,25
2018,11,201811,대전,서구,15610,121
2018,11,201811,대전,유성구,18456,133
2018,11,201811,대전,중구,6316,59
2018,11,201811,부산,강서구,6068,49
2018,11,201811,부산,금정구,7677,29
2018,11,201811,부산,기장군,5830,36
2018,11,201811,부산,남구,10943,29
2018,11,201811,부산,동구,20052,20
2018,11,201811,부산,동래구,8290,26
2018,11,201811,부산,부산진구,17242,27
2018,11,201811,부산,북구,6073,37
2018,11,201811,부산,사상구,4704,24
2018,11,201811,부산,사하구,6587,26
2018,11,201811,부산,서구,2637,8
2018,11,201811,부산,수영구,16744,21
2018,11,201811,부산,연제구,14035,17
2018,11,201811,부산,영도구,1916,8
2018,11,201811,부산,중구,10393,8
2018,11,201811,부산,해운대구,39759,66
2018,11,201811,서울,강남구,75474,209
2018,11,201811,서울,강동구,14941,71
2018,11,201811,서울,강북구,5820,19
2018,11,201811,서울,강서구,21913,87
2018,11,201811,서울,관악구,10800,37
2018,11,201811,서울,광진구,14162,51
2018,11,201811,서울,구로구,11735,42
2018,11,201811,서울,금천구,6558,32
2018,11,201811,서울,노원구,12214,77
2018,11,201811,서울,도봉구,7030,38
2018,11,201811,서울,동대문구,11471,47
2018,11,201811,서울,동작구,13990,39
2018,11,201811,서울,마포구,20498,65
2018,11,201811,서울,서대문구,11241,49
2018,11,201811,서울,서초구,54403,156
2018,11,201811,서울,성동구,20888,74
2018,11,201811,서울,성북구,14018,62
2018,11,201811,서울,송파구,42823,103
2018,11,201811,서울,양천구,18960,53
2018,11,201811,서울,영등포구,22751,55
2018,11,201811,서울,용산구,22044,58
2018,11,201811,서울,은평구,11917,44
2018,11,201811,서울,종로구,9287,64
2018,11,201811,서울,중구,11147,67
2018,11,201811,서울,중랑구,8250,44
2018,11,201811,세종,세종시,12756,153
2018,11,201811,울산,남구,9905,52
2018,11,201811,울산,동구,2351,30
2018,11,201811,울산,북구,3562,64
2018,11,201811,울산,울주군,5764,50
2018,11,201811,울산,중구,5026,39
2018,11,201811,인천,강화군,1785,22
2018,11,201811,인천,계양구,14181,48
2018,11,201811,인천,남동구,48942,108
2018,11,201811,인천,동구,1319,5
2018,11,201811,인천,미추홀구,12947,50
2018,11,201811,인천,부평구,22613,63
2018,11,201811,인천,서구,18909,119
2018,11,201811,인천,연수구,47418,110
2018,11,201811,인천,옹진군,444,9
2018,11,201811,인천,중구,4859,24
2018,11,201811,전남,강진군,591,4
2018,11,201811,전남,고흥군,1056,8
2018,11,201811,전남,곡성군,584,5
2018,11,201811,전남,광양시,3486,43
2018,11,201811,전남,구례군,496,18
2018,11,201811,전남,나주시,3453,36
2018,11,201811,전남,담양군,1325,10
2018,11,201811,전남,목포시,4599,43
2018,11,201811,전남,무안군,1913,18
2018,11,201811,전남,보성군,2661,7
2018,11,201811,전남,순천시,7821,92
2018,11,201811,전남,신안군,668,10
2018,11,201811,전남,여수시,6754,47
2018,11,201811,전남,영광군,1295,10
2018,11,201811,전남,영암군,1525,12
2018,11,201811,전남,완도군,1061,5
2018,11,201811,전남,장성군,1167,23
2018,11,201811,전남,장흥군,749,3
2018,11,201811,전남,진도군,585,4
2018,11,201811,전남,함평군,930,6
2018,11,201811,전남,해남군,1261,10
2018,11,201811,전남,화순군,1621,17
2018,11,201811,전북,고창군,1184,17
2018,11,201811,전북,군산시,7492,58
2018,11,201811,전북,김제시,1754,9
2018,11,201811,전북,남원시,1546,23
2018,11,201811,전북,무주군,509,7
2018,11,201811,전북,부안군,1024,12
2018,11,201811,전북,순창군,514,2
2018,11,201811,전북,완주군,2399,39
2018,11,201811,전북,익산시,6958,61
2018,11,201811,전북,임실군,452,9
2018,11,201811,전북,장수군,376,5
2018,11,201811,전북,전주시,30674,189
2018,11,201811,전북,정읍시,2209,24
2018,11,201811,전북,진안군,445,8
2018,11,201811,제주,서귀포시,5361,55
2018,11,201811,제주,제주시,24516,239
2018,11,201811,충남,계룡시,1214,19
2018,11,201811,충남,공주시,2544,36
2018,11,201811,충남,금산군,1348,13
2018,11,201811,충남,논산시,2191,23
2018,11,201811,충남,당진시,4279,52
2018,11,201811,충남,보령시,2170,31
2018,11,201811,충남,부여군,1133,12
2018,11,201811,충남,서산시,4230,61
2018,11,201811,충남,서천군,899,6
2018,11,201811,충남,아산시,9149,167
2018,11,201811,충남,예산군,1678,8
2018,11,201811,충남,천안시,22288,262
2018,11,201811,충남,청양군,531,9
2018,11,201811,충남,태안군,1408,20
2018,11,201811,충남,홍성군,2315,30
2018,11,201811,충북,괴산군,703,14
2018,11,201811,충북,단양군,478,7
2018,11,201811,충북,보은군,617,6
2018,11,201811,충북,영동군,725,14
2018,11,201811,충북,옥천군,1014,11
2018,11,201811,충북,음성군,2395,28
2018,11,201811,충북,제천시,3049,23
2018,11,201811,충북,증평군,759,7
2018,11,201811,충북,진천군,1919,45
2018,11,201811,충북,청주시,25413,284
2018,11,201811,충북,충주시,4814,61
2018,12,201812,강원,강릉시,6169,63
2018,12,201812,강원,고성군,529,8
2018,12,201812,강원,동해시,1647,71
2018,12,201812,강원,삼척시,1155,19
2018,12,201812,강원,속초시,2047,30
2018,12,201812,강원,양구군,438,8
2018,12,201812,강원,양양군,779,11
2018,12,201812,강원,영월군,877,14
2018,12,201812,강원,원주시,11453,113
2018,12,201812,강원,인제군,591,10
2018,12,201812,강원,정선군,887,11
2018,12,201812,강원,철원군,762,12
2018,12,201812,강원,춘천시,7351,90
2018,12,201812,강원,태백시,1081,9
2018,12,201812,강원,평창군,1420,6
2018,12,201812,강원,홍천군,1475,15
2018,12,201812,강원,화천군,390,6
2018,12,201812,강원,횡성군,1288,15
2018,12,201812,경기,가평군,2133,26
2018,12,201812,경기,고양시,47774,251
2018,12,201812,경기,과천시,3350,13
2018,12,201812,경기,광명시,8321,39
2018,12,201812,경기,광주시,16688,152
2018,12,201812,경기,구리시,6616,44
2018,12,201812,경기,군포시,7256,41
2018,12,201812,경기,김포시,21039,267
2018,12,201812,경기,남양주시,25526,258
2018,12,201812,경기,동두천시,1845,18
2018,12,201812,경기,부천시,22831,109
2018,12,201812,경기,성남시,59326,227
2018,12,201812,경기,수원시,49319,305
2018,12,201812,경기,시흥시,12174,102
2018,12,201812,경기,안산시,16632,147
2018,12,201812,경기,안성시,5279,72
2018,12,201812,경기,안양시,18645,106
2018,12,201812,경기,양주시,5916,69
2018,12,201812,경기,양평군,5984,73
2018,12,201812,경기,여주시,3286,61
2018,12,201812,경기,연천군,1203,26
2018,12,201812,경기,오산시,6139,76
2018,12,201812,경기,용인시,63706,460
2018,12,201812,경기,의왕시,5736,25
2018,12,201812,경기,의정부시,10535,87
2018,12,201812,경기,이천시,7153,111
2018,12,201812,경기,파주시,16099,173
2018,12,201812,경기,평택시,18697,202
2018,12,201812,경기,포천시,4250,67
2018,12,201812,경기,하남시,13087,72
2018,12,201812,경기,화성시,34534,340
2018,12,201812,경남,거제시,5536,57
2018,12,201812,경남,거창군,1220,12
2018,12,201812,경남,고성군,894,8
2018,12,201812,경남,김해시,15146,143
2018,12,201812,경남,남해군,688,12
2018,12,201812,경남,밀양시,2150,19
2018,12,201812,경남,사천시,2305,20
2018,12,201812,경남,산청군,730,7
2018,12,201812,경남,양산시,9229,71
2018,12,201812,경남,의령군,448,7
2018,12,201812,경남,진주시,9187,70
2018,12,201812,경남,창녕군,1383,14
2018,12,201812,경남,창원시,65327,236
2018,12,201812,경남,통영시,2759,20
2018,12,201812,경남,하동군,841,7
2018,12,201812,경남,함안군,2805,21
2018,12,201812,경남,함양군,832,11
2018,12,201812,경남,합천군,745,12
2018,12,201812,경북,경산시,7113,62
2018,12,201812,경북,경주시,6738,106
2018,12,201812,경북,고령군,866,19
2018,12,201812,경북,구미시,9803,107
2018,12,201812,경북,군위군,531,11
2018,12,201812,경북,김천시,2799,47
2018,12,201812,경북,문경시,1192,18
2018,12,201812,경북,봉화군,433,5
2018,12,201812,경북,상주시,1563,28
2018,12,201812,경북,성주군,1177,19
2018,12,201812,경북,안동시,3422,61
2018,12,201812,경북,영덕군,657,18
2018,12,201812,경북,영양군,242,2
2018,12,201812,경북,영주시,1837,40
2018,12,201812,경북,영천시,2320,26
2018,12,201812,경북,예천군,1000,17
2018,12,201812,경북,울릉군,150,2
2018,12,201812,경북,울진군,976,17
2018,12,201812,경북,의성군,762,8
2018,12,201812,경북,청도군,1111,13
2018,12,201812,경북,청송군,417,5
2018,12,201812,경북,칠곡군,3185,38
2018,12,201812,경북,포항시,13331,164
2018,12,201812,광주,광산구,12963,159
2018,12,201812,광주,남구,8661,40
2018,12,201812,광주,동구,3853,17
2018,12,201812,광주,북구,13571,111
2018,12,201812,광주,서구,16741,83
2018,12,201812,대구,남구,5001,28
2018,12,201812,대구,달서구,26982,155
2018,12,201812,대구,달성군,7072,81
2018,12,201812,대구,동구,11527,100
2018,12,201812,대구,북구,12562,113
2018,12,201812,대구,서구,4415,27
2018,12,201812,대구,수성구,52380,142
2018,12,201812,대구,중구,22835,19
2018,12,201812,대전,대덕구,4252,35
2018,12,201812,대전,동구,4400,27
2018,12,201812,대전,서구,15781,127
2018,12,201812,대전,유성구,18631,136
2018,12,201812,대전,중구,6354,60
2018,12,201812,부산,강서구,6168,52
2018,12,201812,부산,금정구,7746,26
2018,12,201812,부산,기장군,5906,37
2018,12,201812,부산,남구,11020,30
2018,12,201812,부산,동구,20413,20
2018,12,201812,부산,동래구,8361,27
2018,12,201812,부산,부산진구,17308,29
2018,12,201812,부산,북구,6133,37
2018,12,201812,부산,사상구,4738,25
2018,12,201812,부산,사하구,6613,25
2018,12,201812,부산,서구,2675,7
2018,12,201812,부산,수영구,16728,20
2018,12,201812,부산,연제구,14252,18
2018,12,201812,부산,영도구,1947,9
2018,12,201812,부산,중구,10648,8
2018,12,201812,부산,해운대구,39707,66
2018,12,201812,서울,강남구,75986,202
2018,12,201812,서울,강동구,15014,72
2018,12,201812,서울,강북구,5846,19
2018,12,201812,서울,강서구,22212,87
2018,12,201812,서울,관악구,10858,37
2018,12,201812,서울,광진구,14281,51
2018,12,201812,서울,구로구,11811,41
2018,12,201812,서울,금천구,6643,30
2018,12,201812,서울,노원구,12278,76
2018,12,201812,서울,도봉구,7098,38
2018,12,201812,서울,동대문구,11572,49
2018,12,201812,서울,동작구,14172,39
2018,12,201812,서울,마포구,20684,65
2018,12,201812,서울,서대문구,11349,47
2018,12,201812,서울,서초구,54951,152
2018,12,201812,서울,성동구,21132,78
2018,12,201812,서울,성북구,14110,72
2018,12,201812,서울,송파구,43096,101
2018,12,201812,서울,양천구,19107,55
2018,12,201812,서울,영등포구,22835,54
2018,12,201812,서울,용산구,22317,59
2018,12,201812,서울,은평구,12000,44
2018,12,201812,서울,종로구,9329,71
2018,12,201812,서울,중구,11142,67
2018,12,201812,서울,중랑구,8316,46
2018,12,201812,세종,세종시,12941,153
2018,12,201812,울산,남구,9994,56
2018,12,201812,울산,동구,2347,32
2018,12,201812,울산,북구,3593,65
2018,12,201812,울산,울주군,5800,48
2018,12,201812,울산,중구,5051,36
2018,12,201812,인천,강화군,1804,22
2018,12,201812,인천,계양구,14281,48
2018,12,201812,인천,남동구,49546,110
2018,12,201812,인천,동구,1319,6
2018,12,201812,인천,미추홀구,13242,52
2018,12,201812,인천,부평구,22696,63
2018,12,201812,인천,서구,19244,120
2018,12,201812,인천,연수구,47593,108
2018,12,201812,인천,옹진군,449,9
2018,12,201812,인천,중구,4939,24
2018,12,201812,전남,강진군,609,3
2018,12,201812,전남,고흥군,1069,8
2018,12,201812,전남,곡성군,592,5
2018,12,201812,전남,광양시,3620,44
2018,12,201812,전남,구례군,514,18
2018,12,201812,전남,나주시,3509,33
2018,12,201812,전남,담양군,1333,11
2018,12,201812,전남,목포시,4620,44
2018,12,201812,전남,무안군,1946,18
2018,12,201812,전남,보성군,2647,8
2018,12,201812,전남,순천시,7890,91
2018,12,201812,전남,신안군,678,11
2018,12,201812,전남,여수시,6815,46
2018,12,201812,전남,영광군,1308,10
2018,12,201812,전남,영암군,1521,12
2018,12,201812,전남,완도군,1072,5
2018,12,201812,전남,장성군,1175,23
2018,12,201812,전남,장흥군,749,3
2018,12,201812,전남,진도군,589,4
2018,12,201812,전남,함평군,965,7
2018,12,201812,전남,해남군,1267,9
2018,12,201812,전남,화순군,1623,16
2018,12,201812,전북,고창군,1205,18
2018,12,201812,전북,군산시,7544,59
2018,12,201812,전북,김제시,1773,9
2018,12,201812,전북,남원시,1564,21
2018,12,201812,전북,무주군,513,7
2018,12,201812,전북,부안군,1032,11
2018,12,201812,전북,순창군,520,2
2018,12,201812,전북,완주군,2409,36
2018,12,201812,전북,익산시,6998,62
2018,12,201812,전북,임실군,493,10
2018,12,201812,전북,장수군,385,5
2018,12,201812,전북,전주시,31027,189
2018,12,201812,전북,정읍시,2234,24
2018,12,201812,전북,진안군,452,7
2018,12,201812,제주,서귀포시,5412,59
2018,12,201812,제주,제주시,24889,241
2018,12,201812,충남,계룡시,1231,20
2018,12,201812,충남,공주시,2558,37
2018,12,201812,충남,금산군,1329,13
2018,12,201812,충남,논산시,2203,23
2018,12,201812,충남,당진시,4303,53
2018,12,201812,충남,보령시,2191,30
2018,12,201812,충남,부여군,1149,12
2018,12,201812,충남,서산시,4245,62
2018,12,201812,충남,서천군,906,6
2018,12,201812,충남,아산시,9251,169
2018,12,201812,충남,예산군,1687,10
2018,12,201812,충남,천안시,22514,268
2018,12,201812,충남,청양군,544,9
2018,12,201812,충남,태안군,1421,19
2018,12,201812,충남,홍성군,2326,29
2018,12,201812,충북,괴산군,737,15
2018,12,201812,충북,단양군,480,7
2018,12,201812,충북,보은군,622,6
2018,12,201812,충북,영동군,743,14
2018,12,201812,충북,옥천군,1020,11
2018,12,201812,충북,음성군,2417,28
2018,12,201812,충북,제천시,3083,24
2018,12,201812,충북,증평군,775,7
2018,12,201812,충북,진천군,1940,46
2018,12,201812,충북,청주시,25684,282
2018,12,201812,충북,충주시,4859,61
2019,1,201901,강원,강릉시,6225,64
2019,1,201901,강원,고성군,532,8
2019,1,201901,강원,동해시,1673,72
2019,1,201901,강원,삼척시,1174,19
2019,1,201901,강원,속초시,2062,30
2019,1,201901,강원,양구군,444,8
2019,1,201901,강원,양양군,791,10
2019,1,201901,강원,영월군,878,13
2019,1,201901,강원,원주시,11558,116
2019,1,201901,강원,인제군,589,9
2019,1,201901,강원,정선군,893,11
2019,1,201901,강원,철원군,779,11
2019,1,201901,강원,춘천시,7457,93
2019,1,201901,강원,태백시,1087,9
2019,1,201901,강원,평창군,1430,7
2019,1,201901,강원,홍천군,1495,16
2019,1,201901,강원,화천군,385,6
2019,1,201901,강원,횡성군,1297,16
2019,1,201901,경기,가평군,2160,31
2019,1,201901,경기,고양시,48201,252
2019,1,201901,경기,과천시,3373,14
2019,1,201901,경기,광명시,8429,42
2019,1,201901,경기,광주시,16934,153
2019,1,201901,경기,구리시,6669,43
2019,1,201901,경기,군포시,7319,44
2019,1,201901,경기,김포시,21287,272
2019,1,201901,경기,남양주시,25827,259
2019,1,201901,경기,동두천시,1864,18
2019,1,201901,경기,부천시,22962,106
2019,1,201901,경기,성남시,59808,225
2019,1,201901,경기,수원시,49731,317
2019,1,201901,경기,시흥시,12392,103
2019,1,201901,경기,안산시,16724,148
2019,1,201901,경기,안성시,5307,72
2019,1,201901,경기,안양시,18728,108
2019,1,201901,경기,양주시,5978,68
2019,1,201901,경기,양평군,6007,75
2019,1,201901,경기,여주시,3318,62
2019,1,201901,경기,연천군,1223,27
2019,1,201901,경기,오산시,6202,77
2019,1,201901,경기,용인시,64373,456
2019,1,201901,경기,의왕시,5781,27
2019,1,201901,경기,의정부시,10692,90
2019,1,201901,경기,이천시,7244,116
2019,1,201901,경기,파주시,16292,184
2019,1,201901,경기,평택시,18954,208
2019,1,201901,경기,포천시,4309,66
2019,1,201901,경기,하남시,13366,73
2019,1,201901,경기,화성시,35157,341
2019,1,201901,경남,거제시,5572,56
2019,1,201901,경남,거창군,1232,14
2019,1,201901,경남,고성군,904,8
2019,1,201901,경남,김해시,15255,138
2019,1,201901,경남,남해군,696,13
2019,1,201901,경남,밀양시,2176,18
2019,1,201901,경남,사천시,2335,21
2019,1,201901,경남,산청군,741,7
2019,1,201901,경남,양산시,9335,72
2019,1,201901,경남,의령군,450,6
2019,1,201901,경남,진주시,9282,69
2019,1,201901,경남,창녕군,1383,15
2019,1,201901,경남,창원시,65147,241
2019,1,201901,경남,통영시,2794,20
2019,1,201901,경남,하동군,841,8
2019,1,201901,경남,함안군,2764,21
2019,1,201901,경남,함양군,831,10
2019,1,201901,경남,합천군,753,13
2019,1,201901,경북,경산시,7212,65
2019,1,201901,경북,경주시,6786,110
2019,1,201901,경북,고령군,869,20
2019,1,201901,경북,구미시,9896,112
2019,1,201901,경북,군위군,541,11
2019,1,201901,경북,김천시,2820,47
2019,1,201901,경북,문경시,1194,19
2019,1,201901,경북,봉화군,439,5
2019,1,201901,경북,상주시,1578,29
2019,1,201901,경북,성주군,1184,20
2019,1,201901,경북,안동시,3421,62
2019,1,201901,경북,영덕군,658,18
2019,1,201901,경북,영양군,249,2
2019,1,201901,경북,영주시,1856,40
2019,1,201901,경북,영천시,2345,29
2019,1,201901,경북,예천군,1012,17
2019,1,201901,경북,울릉군,143,2
2019,1,201901,경북,울진군,987,17
2019,1,201901,경북,의성군,764,8
2019,1,201901,경북,청도군,1123,13
2019,1,201901,경북,청송군,421,5
2019,1,201901,경북,칠곡군,3205,40
2019,1,201901,경북,포항시,13497,167
2019,1,201901,광주,광산구,13073,165
2019,1,201901,광주,남구,8776,42
2019,1,201901,광주,동구,3908,19
2019,1,201901,광주,북구,13652,114
2019,1,201901,광주,서구,16812,82
2019,1,201901,대구,남구,5059,26
2019,1,201901,대구,달서구,27084,163
2019,1,201901,대구,달성군,7211,82
2019,1,201901,대구,동구,11606,102
2019,1,201901,대구,북구,12655,118
2019,1,201901,대구,서구,4411,28
2019,1,201901,대구,수성구,52891,145
2019,1,201901,대구,중구,22923,21
2019,1,201901,대전,대덕구,4255,37
2019,1,201901,대전,동구,4461,28
2019,1,201901,대전,서구,15927,127
2019,1,201901,대전,유성구,18755,139
2019,1,201901,대전,중구,6421,59
2019,1,201901,부산,강서구,6283,53
2019,1,201901,부산,금정구,7824,28
2019,1,201901,부산,기장군,5956,36
2019,1,201901,부산,남구,11132,36
2019,1,201901,부산,동구,20528,19
2019,1,201901,부산,동래구,8461,29
2019,1,201901,부산,부산진구,17430,29
2019,1,201901,부산,북구,6204,34
2019,1,201901,부산,사상구,4780,24
2019,1,201901,부산,사하구,6634,25
2019,1,201901,부산,서구,2692,7
2019,1,201901,부산,수영구,16623,21
2019,1,201901,부산,연제구,14363,17
2019,1,201901,부산,영도구,1948,9
2019,1,201901,부산,중구,10905,8
2019,1,201901,부산,해운대구,40033,69
2019,1,201901,서울,강남구,76141,200
2019,1,201901,서울,강동구,15138,71
2019,1,201901,서울,강북구,5872,18
2019,1,201901,서울,강서구,22294,89
2019,1,201901,서울,관악구,10924,36
2019,1,201901,서울,광진구,14315,53
2019,1,201901,서울,구로구,11884,41
2019,1,201901,서울,금천구,6727,31
2019,1,201901,서울,노원구,12396,76
2019,1,201901,서울,도봉구,7101,39
2019,1,201901,서울,동대문구,11660,47
2019,1,201901,서울,동작구,14454,38
2019,1,201901,서울,마포구,20742,65
2019,1,201901,서울,서대문구,11504,50
2019,1,201901,서울,서초구,55100,154
2019,1,201901,서울,성동구,21149,77
2019,1,201901,서울,성북구,14214,71
2019,1,201901,서울,송파구,43726,102
2019,1,201901,서울,양천구,19213,56
2019,1,201901,서울,영등포구,22765,57
2019,1,201901,서울,용산구,22421,57
2019,1,201901,서울,은평구,12120,47
2019,1,201901,서울,종로구,9353,69
2019,1,201901,서울,중구,11181,67
2019,1,201901,서울,중랑구,8360,43
2019,1,201901,세종,세종시,13196,161
2019,1,201901,울산,남구,10071,56
2019,1,201901,울산,동구,2365,34
2019,1,201901,울산,북구,3603,64
2019,1,201901,울산,울주군,5873,53
2019,1,201901,울산,중구,5087,36
2019,1,201901,인천,강화군,1827,23
2019,1,201901,인천,계양구,14308,48
2019,1,201901,인천,남동구,49885,109
2019,1,201901,인천,동구,1306,5
2019,1,201901,인천,미추홀구,13439,54
2019,1,201901,인천,부평구,22822,64
2019,1,201901,인천,서구,19590,125
2019,1,201901,인천,연수구,47930,109
2019,1,201901,인천,옹진군,452,9
2019,1,201901,인천,중구,5059,25
2019,1,201901,전남,강진군,615,3
2019,1,201901,전남,고흥군,1065,8
2019,1,201901,전남,곡성군,605,5
2019,1,201901,전남,광양시,3597,46
2019,1,201901,전남,구례군,512,19
2019,1,201901,전남,나주시,3563,33
2019,1,201901,전남,담양군,1346,12
2019,1,201901,전남,목포시,4653,42
2019,1,201901,전남,무안군,1955,18
2019,1,201901,전남,보성군,2622,8
2019,1,201901,전남,순천시,8001,91
2019,1,201901,전남,신안군,679,11
2019,1,201901,전남,여수시,6868,47
2019,1,201901,전남,영광군,1333,10
2019,1,201901,전남,영암군,1501,11
2019,1,201901,전남,완도군,1091,5
2019,1,201901,전남,장성군,1195,23
2019,1,201901,전남,장흥군,761,2
2019,1,201901,전남,진도군,598,4
2019,1,201901,전남,함평군,1017,6
2019,1,201901,전남,해남군,1261,9
2019,1,201901,전남,화순군,1626,16
2019,1,201901,전북,고창군,1234,19
2019,1,201901,전북,군산시,7584,59
2019,1,201901,전북,김제시,1807,8
2019,1,201901,전북,남원시,1569,20
2019,1,201901,전북,무주군,518,8
2019,1,201901,전북,부안군,1044,11
2019,1,201901,전북,순창군,529,2
2019,1,201901,전북,완주군,2412,36
2019,1,201901,전북,익산시,7104,62
2019,1,201901,전북,임실군,483,10
2019,1,201901,전북,장수군,386,5
2019,1,201901,전북,전주시,31165,186
2019,1,201901,전북,정읍시,2258,24
2019,1,201901,전북,진안군,457,8
2019,1,201901,제주,서귀포시,5477,61
2019,1,201901,제주,제주시,25276,241
2019,1,201901,충남,계룡시,1246,20
2019,1,201901,충남,공주시,2584,39
2019,1,201901,충남,금산군,1325,12
2019,1,201901,충남,논산시,2242,25
2019,1,201901,충남,당진시,4335,55
2019,1,201901,충남,보령시,2221,30
2019,1,201901,충남,부여군,1141,14
2019,1,201901,충남,서산시,4298,62
2019,1,201901,충남,서천군,918,6
2019,1,201901,충남,아산시,9371,176
2019,1,201901,충남,예산군,1696,10
2019,1,201901,충남,천안시,22718,269
2019,1,201901,충남,청양군,551,9
2019,1,201901,충남,태안군,1441,19
2019,1,201901,충남,홍성군,2327,28
2019,1,201901,충북,괴산군,751,14
2019,1,201901,충북,단양군,485,8
2019,1,201901,충북,보은군,620,6
2019,1,201901,충북,영동군,757,14
2019,1,201901,충북,옥천군,1023,11
2019,1,201901,충북,음성군,2458,29
2019,1,201901,충북,제천시,3098,24
2019,1,201901,충북,증평군,774,7
2019,1,201901,충북,진천군,1966,47
2019,1,201901,충북,청주시,25979,282
2019,1,201901,충북,충주시,4904,65
2019,2,201902,강원,강릉시,6285,64
2019,2,201902,강원,고성군,538,8
2019,2,201902,강원,동해시,1683,74
2019,2,201902,강원,삼척시,1171,19
2019,2,201902,강원,속초시,2079,32
2019,2,201902,강원,양구군,445,8
2019,2,201902,강원,양양군,806,11
2019,2,201902,강원,영월군,885,13
2019,2,201902,강원,원주시,11679,117
2019,2,201902,강원,인제군,602,9
2019,2,201902,강원,정선군,895,11
2019,2,201902,강원,철원군,773,13
2019,2,201902,강원,춘천시,7519,92
2019,2,201902,강원,태백시,1086,10
2019,2,201902,강원,평창군,1467,7
2019,2,201902,강원,홍천군,1504,18
2019,2,201902,강원,화천군,389,6
2019,2,201902,강원,횡성군,1308,16
2019,2,201902,경기,가평군,2168,33
2019,2,201902,경기,고양시,48565,260
2019,2,201902,경기,과천시,3420,14
2019,2,201902,경기,광명시,8510,41
2019,2,201902,경기,광주시,17078,153
2019,2,201902,경기,구리시,6723,43
2019,2,201902,경기,군포시,7364,46
2019,2,201902,경기,김포시,21481,281
2019,2,201902,경기,남양주시,26131,265
2019,2,201902,경기,동두천시,1881,18
2019,2,201902,경기,부천시,23086,106
2019,2,201902,경기,성남시,60048,226
2019,2,201902,경기,수원시,50004,320
2019,2,201902,경기,시흥시,12614,108
2019,2,201902,경기,안산시,16772,152
2019,2,201902,경기,안성시,5356,71
2019,2,201902,경기,안양시,18822,108
2019,2,201902,경기,양주시,6013,70
2019,2,201902,경기,양평군,6018,75
2019,2,201902,경기,여주시,3359,60
2019,2,201902,경기,연천군,1227,28
2019,2,201902,경기,오산시,6272,76
2019,2,201902,경기,용인시,64665,457
2019,2,201902,경기,의왕시,5825,28
2019,2,201902,경기,의정부시,10805,87
2019,2,201902,경기,이천시,7357,118
2019,2,201902,경기,파주시,16412,187
2019,2,201902,경기,평택시,19197,213
2019,2,201902,경기,포천시,4331,65
2019,2,201902,경기,하남시,13672,77
2019,2,201902,경기,화성시,35804,353
2019,2,201902,경남,거제시,5599,54
2019,2,201902,경남,거창군,1235,14
2019,2,201902,경남,고성군,910,8
2019,2,201902,경남,김해시,15395,142
2019,2,201902,경남,남해군,704,12
2019,2,201902,경남,밀양시,2200,19
2019,2,201902,경남,사천시,2351,21
2019,2,201902,경남,산청군,737,8
2019,2,201902,경남,양산시,9423,74
2019,2,201902,경남,의령군,458,6
2019,2,201902,경남,진주시,9391,72
2019,2,201902,경남,창녕군,1396,15
2019,2,201902,경남,창원시,63418,245
2019,2,201902,경남,통영시,2817,21
2019,2,201902,경남,하동군,853,10
2019,2,201902,경남,함안군,2729,22
2019,2,201902,경남,함양군,830,10
2019,2,201902,경남,합천군,757,14
2019,2,201902,경북,경산시,7276,65
2019,2,201902,경북,경주시,6847,108
2019,2,201902,경북,고령군,865,20
2019,2,201902,경북,구미시,9958,113
2019,2,201902,경북,군위군,548,11
2019,2,201902,경북,김천시,2837,47
2019,2,201902,경북,문경시,1213,21
2019,2,201902,경북,봉화군,442,6
2019,2,201902,경북,상주시,1594,30
2019,2,201902,경북,성주군,1202,20
2019,2,201902,경북,안동시,3441,63
2019,2,201902,경북,영덕군,659,18
2019,2,201902,경북,영양군,248,2
2019,2,201902,경북,영주시,1882,40
2019,2,201902,경북,영천시,2349,29
2019,2,201902,경북,예천군,1017,16
2019,2,201902,경북,울릉군,150,2
2019,2,201902,경북,울진군,1016,17
2019,2,201902,경북,의성군,768,8
2019,2,201902,경북,청도군,1142,13
2019,2,201902,경북,청송군,419,5
2019,2,201902,경북,칠곡군,3231,40
2019,2,201902,경북,포항시,13623,166
2019,2,201902,광주,광산구,13134,168
2019,2,201902,광주,남구,8903,42
2019,2,201902,광주,동구,3921,19
2019,2,201902,광주,북구,13759,116
2019,2,201902,광주,서구,16737,81
2019,2,201902,대구,남구,5052,26
2019,2,201902,대구,달서구,27295,167
2019,2,201902,대구,달성군,7288,87
2019,2,201902,대구,동구,11712,104
2019,2,201902,대구,북구,12734,120
2019,2,201902,대구,서구,4415,28
2019,2,201902,대구,수성구,53191,145
2019,2,201902,대구,중구,22831,21
2019,2,201902,대전,대덕구,4253,35
2019,2,201902,대전,동구,4488,29
2019,2,201902,대전,서구,16000,129
2019,2,201902,대전,유성구,18884,139
2019,2,201902,대전,중구,6466,59
2019,2,201902,부산,강서구,6363,53
2019,2,201902,부산,금정구,7848,28
2019,2,201902,부산,기장군,6012,34
2019,2,201902,부산,남구,11215,36
2019,2,201902,부산,동구,20649,18
2019,2,201902,부산,동래구,8554,29
2019,2,201902,부산,부산진구,17541,31
2019,2,201902,부산,북구,6218,36
2019,2,201902,부산,사상구,4785,23
2019,2,201902,부산,사하구,6641,25
2019,2,201902,부산,서구,2702,7
2019,2,201902,부산,수영구,18261,23
2019,2,201902,부산,연제구,14496,19
2019,2,201902,부산,영도구,1970,10
2019,2,201902,부산,중구,11154,9
2019,2,201902,부산,해운대구,40308,68
2019,2,201902,서울,강남구,76523,203
2019,2,201902,서울,강동구,15198,70
2019,2,201902,서울,강북구,5870,19
2019,2,201902,서울,강서구,22369,90
2019,2,201902,서울,관악구,10946,35
2019,2,201902,서울,광진구,14416,53
2019,2,201902,서울,구로구,11976,38
2019,2,201902,서울,금천구,6789,32
2019,2,201902,서울,노원구,12488,74
2019,2,201902,서울,도봉구,7123,43
2019,2,201902,서울,동대문구,11746,49
2019,2,201902,서울,동작구,14597,36
2019,2,201902,서울,마포구,20877,68
2019,2,201902,서울,서대문구,11589,54
2019,2,201902,서울,서초구,55363,149
2019,2,201902,서울,성동구,21181,78
2019,2,201902,서울,성북구,14263,71
2019,2,201902,서울,송파구,44478,103
2019,2,201902,서울,양천구,19340,54
2019,2,201902,서울,영등포구,22728,58
2019,2,201902,서울,용산구,22422,58
2019,2,201902,서울,은평구,12266,48
2019,2,201902,서울,종로구,9405,70
2019,2,201902,서울,중구,11237,65
2019,2,201902,서울,중랑구,8398,41
2019,2,201902,세종,세종시,13511,164
2019,2,201902,울산,남구,10113,59
2019,2,201902,울산,동구,2367,34
2019,2,201902,울산,북구,3666,65
2019,2,201902,울산,울주군,5945,54
2019,2,201902,울산,중구,5113,34
2019,2,201902,인천,강화군,1860,25
2019,2,201902,인천,계양구,14320,48
2019,2,201902,인천,남동구,50181,108
2019,2,201902,인천,동구,1304,4
2019,2,201902,인천,미추홀구,13568,54
2019,2,201902,인천,부평구,22917,63
2019,2,201902,인천,서구,19744,130
2019,2,201902,인천,연수구,48251,106
2019,2,201902,인천,옹진군,450,9
2019,2,201902,인천,중구,5136,26
2019,2,201902,전남,강진군,624,4
2019,2,201902,전남,고흥군,1067,8
2019,2,201902,전남,곡성군,613,5
2019,2,201902,전남,광양시,3592,44
2019,2,201902,전남,구례군,499,19
2019,2,201902,전남,나주시,3616,32
2019,2,201902,전남,담양군,1349,12
2019,2,201902,전남,목포시,4676,41
2019,2,201902,전남,무안군,1979,18
2019,2,201902,전남,보성군,2572,10
2019,2,201902,전남,순천시,8105,95
2019,2,201902,전남,신안군,686,10
2019,2,201902,전남,여수시,6929,49
2019,2,201902,전남,영광군,1353,10
2019,2,201902,전남,영암군,1503,10
2019,2,201902,전남,완도군,1096,5
2019,2,201902,전남,장성군,1203,24
2019,2,201902,전남,장흥군,769,2
2019,2,201902,전남,진도군,593,4
2019,2,201902,전남,함평군,1057,6
2019,2,201902,전남,해남군,1263,9
2019,2,201902,전남,화순군,1648,16
2019,2,201902,전북,고창군,1234,19
2019,2,201902,전북,군산시,7646,59
2019,2,201902,전북,김제시,1825,8
2019,2,201902,전북,남원시,1589,19
2019,2,201902,전북,무주군,518,8
2019,2,201902,전북,부안군,1054,11
2019,2,201902,전북,순창군,535,2
2019,2,201902,전북,완주군,2418,37
2019,2,201902,전북,익산시,7117,63
2019,2,201902,전북,임실군,479,8
2019,2,201902,전북,장수군,383,6
2019,2,201902,전북,전주시,31525,189
2019,2,201902,전북,정읍시,2281,26
2019,2,201902,전북,진안군,463,9
2019,2,201902,제주,서귀포시,5500,62
2019,2,201902,제주,제주시,25685,240
2019,2,201902,충남,계룡시,1249,20
2019,2,201902,충남,공주시,2587,39
2019,2,201902,충남,금산군,1331,13
2019,2,201902,충남,논산시,2268,25
2019,2,201902,충남,당진시,4350,56
2019,2,201902,충남,보령시,2236,31
2019,2,201902,충남,부여군,1145,13
2019,2,201902,충남,서산시,4344,62
2019,2,201902,충남,서천군,913,6
2019,2,201902,충남,아산시,9436,175
2019,2,201902,충남,예산군,1706,10
2019,2,201902,충남,천안시,22960,271
2019,2,201902,충남,청양군,554,9
2019,2,201902,충남,태안군,1455,20
2019,2,201902,충남,홍성군,2325,28
2019,2,201902,충북,괴산군,741,14
2019,2,201902,충북,단양군,486,8
2019,2,201902,충북,보은군,618,6
2019,2,201902,충북,영동군,765,14
2019,2,201902,충북,옥천군,1026,11
2019,2,201902,충북,음성군,2473,30
2019,2,201902,충북,제천시,3120,25
2019,2,201902,충북,증평군,785,8
2019,2,201902,충북,진천군,2001,48
2019,2,201902,충북,청주시,26228,285
2019,2,201902,충북,충주시,4924,66
2019,3,201903,강원,강릉시,6373,69
2019,3,201903,강원,고성군,542,8
2019,3,201903,강원,동해시,1696,76
2019,3,201903,강원,삼척시,1192,20
2019,3,201903,강원,속초시,2107,32
2019,3,201903,강원,양구군,447,8
2019,3,201903,강원,양양군,838,11
2019,3,201903,강원,영월군,889,13
2019,3,201903,강원,원주시,11773,127
2019,3,201903,강원,인제군,619,10
2019,3,201903,강원,정선군,906,11
2019,3,201903,강원,철원군,778,13
2019,3,201903,강원,춘천시,7590,96
2019,3,201903,강원,태백시,1095,11
2019,3,201903,강원,평창군,1486,8
2019,3,201903,강원,홍천군,1522,18
2019,3,201903,강원,화천군,394,6
2019,3,201903,강원,횡성군,1319,14
2019,3,201903,경기,가평군,2189,35
2019,3,201903,경기,고양시,49148,266
2019,3,201903,경기,과천시,3445,14
2019,3,201903,경기,광명시,8593,42
2019,3,201903,경기,광주시,17252,162
2019,3,201903,경기,구리시,6756,44
2019,3,201903,경기,군포시,7422,45
2019,3,201903,경기,김포시,21626,284
2019,3,201903,경기,남양주시,26433,271
2019,3,201903,경기,동두천시,1875,19
2019,3,201903,경기,부천시,23228,108
2019,3,201903,경기,성남시,60242,225
2019,3,201903,경기,수원시,50309,325
2019,3,201903,경기,시흥시,12858,113
2019,3,201903,경기,안산시,16849,156
2019,3,201903,경기,안성시,5412,74
2019,3,201903,경기,안양시,18975,108
2019,3,201903,경기,양주시,6084,74
2019,3,201903,경기,양평군,6085,77
2019,3,201903,경기,여주시,3387,60
2019,3,201903,경기,연천군,1262,28
2019,3,201903,경기,오산시,6311,75
2019,3,201903,경기,용인시,65254,469
2019,3,201903,경기,의왕시,5961,28
2019,3,201903,경기,의정부시,10960,94
2019,3,201903,경기,이천시,7436,118
2019,3,201903,경기,파주시,16587,193
2019,3,201903,경기,평택시,19503,213
2019,3,201903,경기,포천시,4408,64
2019,3,201903,경기,하남시,13903,82
2019,3,201903,경기,화성시,36526,369
2019,3,201903,경남,거제시,5617,54
2019,3,201903,경남,거창군,1254,14
2019,3,201903,경남,고성군,926,8
2019,3,201903,경남,김해시,15592,144
2019,3,201903,경남,남해군,705,12
2019,3,201903,경남,밀양시,2216,21
2019,3,201903,경남,사천시,2379,21
2019,3,201903,경남,산청군,739,8
2019,3,201903,경남,양산시,9522,74
2019,3,201903,경남,의령군,452,8
2019,3,201903,경남,진주시,9498,72
2019,3,201903,경남,창녕군,1404,17
2019,3,201903,경남,창원시,63167,255
2019,3,201903,경남,통영시,2827,21
2019,3,201903,경남,하동군,855,9
2019,3,201903,경남,함안군,2708,22
2019,3,201903,경남,함양군,824,10
2019,3,201903,경남,합천군,764,16
2019,3,201903,경북,경산시,7340,68
2019,3,201903,경북,경주시,6918,104
2019,3,201903,경북,고령군,874,22
2019,3,201903,경북,구미시,10018,118
2019,3,201903,경북,군위군,551,11
2019,3,201903,경북,김천시,2893,48
2019,3,201903,경북,문경시,1245,21
2019,3,201903,경북,봉화군,443,7
2019,3,201903,경북,상주시,1625,33
2019,3,201903,경북,성주군,1197,21
2019,3,201903,경북,안동시,3484,64
2019,3,201903,경북,영덕군,662,17
2019,3,201903,경북,영양군,254,4
2019,3,201903,경북,영주시,1891,38
2019,3,201903,경북,영천시,2375,28
2019,3,201903,경북,예천군,1039,17
2019,3,201903,경북,울릉군,155,3
2019,3,201903,경북,울진군,1034,17
2019,3,201903,경북,의성군,777,7
2019,3,201903,경북,청도군,1151,13
2019,3,201903,경북,청송군,424,5
2019,3,201903,경북,칠곡군,3275,42
2019,3,201903,경북,포항시,13819,169
2019,3,201903,광주,광산구,13331,167
2019,3,201903,광주,남구,9022,41
2019,3,201903,광주,동구,3943,20
2019,3,201903,광주,북구,13833,117
2019,3,201903,광주,서구,16782,80
2019,3,201903,대구,남구,5085,25
2019,3,201903,대구,달서구,27648,172
2019,3,201903,대구,달성군,7396,89
2019,3,201903,대구,동구,11787,104
2019,3,201903,대구,북구,12838,122
2019,3,201903,대구,서구,4396,27
2019,3,201903,대구,수성구,53834,143
2019,3,201903,대구,중구,23126,22
2019,3,201903,대전,대덕구,4289,36
2019,3,201903,대전,동구,4536,32
2019,3,201903,대전,서구,16167,132
2019,3,201903,대전,유성구,19009,141
2019,3,201903,대전,중구,6500,57
2019,3,201903,부산,강서구,6422,52
2019,3,201903,부산,금정구,7889,29
2019,3,201903,부산,기장군,6081,32
2019,3,201903,부산,남구,11310,32
2019,3,201903,부산,동구,20799,19
2019,3,201903,부산,동래구,8663,29
2019,3,201903,부산,부산진구,17588,32
2019,3,201903,부산,북구,6271,34
2019,3,201903,부산,사상구,4824,21
2019,3,201903,부산,사하구,6692,27
2019,3,201903,부산,서구,2709,7
2019,3,201903,부산,수영구,18203,24
2019,3,201903,부산,연제구,14590,18
2019,3,201903,부산,영도구,1986,10
2019,3,201903,부산,중구,11371,9
2019,3,201903,부산,해운대구,40467,71
2019,3,201903,서울,강남구,76991,202
2019,3,201903,서울,강동구,15300,72
2019,3,201903,서울,강북구,5867,19
2019,3,201903,서울,강서구,22528,92
2019,3,201903,서울,관악구,11012,36
2019,3,201903,서울,광진구,14489,53
2019,3,201903,서울,구로구,12014,40
2019,3,201903,서울,금천구,6844,35
2019,3,201903,서울,노원구,12581,72
2019,3,201903,서울,도봉구,7178,44
2019,3,201903,서울,동대문구,11831,51
2019,3,201903,서울,동작구,14715,36
2019,3,201903,서울,마포구,21015,68
2019,3,201903,서울,서대문구,11687,56
2019,3,201903,서울,서초구,55484,147
2019,3,201903,서울,성동구,21275,77
2019,3,201903,서울,성북구,14510,74
2019,3,201903,서울,송파구,45102,101
2019,3,201903,서울,양천구,19476,53
2019,3,201903,서울,영등포구,22691,59
2019,3,201903,서울,용산구,22590,59
2019,3,201903,서울,은평구,12396,46
2019,3,201903,서울,종로구,9467,74
2019,3,201903,서울,중구,11182,66
2019,3,201903,서울,중랑구,8465,42
2019,3,201903,세종,세종시,13798,169
2019,3,201903,울산,남구,10154,58
2019,3,201903,울산,동구,2356,35
2019,3,201903,울산,북구,3768,64
2019,3,201903,울산,울주군,6023,55
2019,3,201903,울산,중구,5146,36
2019,3,201903,인천,강화군,1890,26
2019,3,201903,인천,계양구,14335,47
2019,3,201903,인천,남동구,50007,112
2019,3,201903,인천,동구,1307,4
2019,3,201903,인천,미추홀구,13884,54
2019,3,201903,인천,부평구,23039,64
2019,3,201903,인천,서구,20005,129
2019,3,201903,인천,연수구,48617,106
2019,3,201903,인천,옹진군,460,9
2019,3,201903,인천,중구,5267,28
2019,3,201903,전남,강진군,635,4
2019,3,201903,전남,고흥군,1072,9
2019,3,201903,전남,곡성군,626,7
2019,3,201903,전남,광양시,3620,45
2019,3,201903,전남,구례군,494,19
2019,3,201903,전남,나주시,3659,34
2019,3,201903,전남,담양군,1349,12
2019,3,201903,전남,목포시,4711,42
2019,3,201903,전남,무안군,2006,19
2019,3,201903,전남,보성군,2529,11
2019,3,201903,전남,순천시,8186,99
2019,3,201903,전남,신안군,702,10
2019,3,201903,전남,여수시,7051,51
2019,3,201903,전남,영광군,1350,11
2019,3,201903,전남,영암군,1523,11
2019,3,201903,전남,완도군,1107,5
2019,3,201903,전남,장성군,1216,26
2019,3,201903,전남,장흥군,773,3
2019,3,201903,전남,진도군,596,4
2019,3,201903,전남,함평군,1099,6
2019,3,201903,전남,해남군,1279,10
2019,3,201903,전남,화순군,1650,16
2019,3,201903,전북,고창군,1238,18
2019,3,201903,전북,군산시,7716,59
2019,3,201903,전북,김제시,1830,7
2019,3,201903,전북,남원시,1610,20
2019,3,201903,전북,무주군,520,8
2019,3,201903,전북,부안군,1075,12
2019,3,201903,전북,순창군,538,2
2019,3,201903,전북,완주군,2449,36
2019,3,201903,전북,익산시,7145,67
2019,3,201903,전북,임실군,481,8
2019,3,201903,전북,장수군,391,6
2019,3,201903,전북,전주시,31805,192
2019,3,201903,전북,정읍시,2320,29
2019,3,201903,전북,진안군,460,11
2019,3,201903,제주,서귀포시,5562,61
2019,3,201903,제주,제주시,26155,239
2019,3,201903,충남,계룡시,1271,20
2019,3,201903,충남,공주시,2621,39
2019,3,201903,충남,금산군,1326,13
2019,3,201903,충남,논산시,2285,28
2019,3,201903,충남,당진시,4407,55
2019,3,201903,충남,보령시,2275,31
2019,3,201903,충남,부여군,1157,13
2019,3,201903,충남,서산시,4384,66
2019,3,201903,충남,서천군,916,5
2019,3,201903,충남,아산시,9513,176
2019,3,201903,충남,예산군,1716,10
2019,3,201903,충남,천안시,23219,274
2019,3,201903,충남,청양군,551,10
2019,3,201903,충남,태안군,1482,19
2019,3,201903,충남,홍성군,2337,28
2019,3,201903,충북,괴산군,754,14
2019,3,201903,충북,단양군,498,9
2019,3,201903,충북,보은군,628,7
2019,3,201903,충북,영동군,762,13
2019,3,201903,충북,옥천군,1023,10
2019,3,201903,충북,음성군,2495,32
2019,3,201903,충북,제천시,3136,26
2019,3,201903,충북,증평군,803,8
2019,3,201903,충북,진천군,2014,47
2019,3,201903,충북,청주시,26494,289
2019,3,201903,충북,충주시,4975,65
2019,4,201904,강원,강릉시,6447,75
2019,4,201904,강원,고성군,552,8
2019,4,201904,강원,동해시,1713,79
2019,4,201904,강원,삼척시,1205,19
2019,4,201904,강원,속초시,2146,36
2019,4,201904,강원,양구군,455,8
2019,4,201904,강원,양양군,847,11
2019,4,201904,강원,영월군,906,12
2019,4,201904,강원,원주시,11907,132
2019,4,201904,강원,인제군,621,10
2019,4,201904,강원,정선군,908,11
2019,4,201904,강원,철원군,788,13
2019,4,201904,강원,춘천시,7676,95
2019,4,201904,강원,태백시,1086,11
2019,4,201904,강원,평창군,1495,9
2019,4,201904,강원,홍천군,1538,17
2019,4,201904,강원,화천군,393,6
2019,4,201904,강원,횡성군,1329,15
2019,4,201904,경기,가평군,2210,37
2019,4,201904,경기,고양시,49095,268
2019,4,201904,경기,과천시,3468,13
2019,4,201904,경기,광명시,8671,43
2019,4,201904,경기,광주시,17442,163
2019,4,201904,경기,구리시,6827,45
2019,4,201904,경기,군포시,7460,45
2019,4,201904,경기,김포시,21845,288
2019,4,201904,경기,남양주시,26809,280
2019,4,201904,경기,동두천시,1902,17
2019,4,201904,경기,부천시,23226,115
2019,4,201904,경기,성남시,60479,224
2019,4,201904,경기,수원시,50580,326
2019,4,201904,경기,시흥시,13074,123
2019,4,201904,경기,안산시,16939,155
2019,4,201904,경기,안성시,5471,75
2019,4,201904,경기,안양시,19127,109
2019,4,201904,경기,양주시,6182,72
2019,4,201904,경기,양평군,6130,77
2019,4,201904,경기,여주시,3413,60
2019,4,201904,경기,연천군,1273,28
2019,4,201904,경기,오산시,6341,71
2019,4,201904,경기,용인시,65871,470
2019,4,201904,경기,의왕시,6084,28
2019,4,201904,경기,의정부시,11083,95
2019,4,201904,경기,이천시,7484,121
2019,4,201904,경기,파주시,16765,204
2019,4,201904,경기,평택시,19713,211
2019,4,201904,경기,포천시,4438,67
2019,4,201904,경기,하남시,14178,86
2019,4,201904,경기,화성시,37115,378
2019,4,201904,경남,거제시,5660,56
2019,4,201904,경남,거창군,1271,16
2019,4,201904,경남,고성군,931,8
2019,4,201904,경남,김해시,15728,149
2019,4,201904,경남,남해군,714,11
2019,4,201904,경남,밀양시,2250,23
2019,4,201904,경남,사천시,2410,21
2019,4,201904,경남,산청군,735,9
2019,4,201904,경남,양산시,9594,73
2019,4,201904,경남,의령군,464,8
2019,4,201904,경남,진주시,9585,71
2019,4,201904,경남,창녕군,1407,18
2019,4,201904,경남,창원시,63329,261
2019,4,201904,경남,통영시,2846,21
2019,4,201904,경남,하동군,868,9
2019,4,201904,경남,함안군,2696,23
2019,4,201904,경남,함양군,821,10
2019,4,201904,경남,합천군,770,17
2019,4,201904,경북,경산시,7389,68
2019,4,201904,경북,경주시,6977,106
2019,4,201904,경북,고령군,878,22
2019,4,201904,경북,구미시,10165,121
2019,4,201904,경북,군위군,557,11
2019,4,201904,경북,김천시,2930,50
2019,4,201904,경북,문경시,1275,21
2019,4,201904,경북,봉화군,449,8
2019,4,201904,경북,상주시,1648,33
2019,4,201904,경북,성주군,1201,21
2019,4,201904,경북,안동시,3514,66
2019,4,201904,경북,영덕군,661,17
2019,4,201904,경북,영양군,257,4
2019,4,201904,경북,영주시,1918,40
2019,4,201904,경북,영천시,2396,28
2019,4,201904,경북,예천군,1065,17
2019,4,201904,경북,울릉군,145,3
2019,4,201904,경북,울진군,1038,19
2019,4,201904,경북,의성군,783,7
2019,4,201904,경북,청도군,1167,13
2019,4,201904,경북,청송군,422,5
2019,4,201904,경북,칠곡군,3322,41
2019,4,201904,경북,포항시,13933,173
2019,4,201904,광주,광산구,13535,168
2019,4,201904,광주,남구,9154,44
2019,4,201904,광주,동구,4031,20
2019,4,201904,광주,북구,13927,121
2019,4,201904,광주,서구,16675,81
2019,4,201904,대구,남구,5100,26
2019,4,201904,대구,달서구,27999,167
2019,4,201904,대구,달성군,7491,87
2019,4,201904,대구,동구,11916,105
2019,4,201904,대구,북구,12961,124
2019,4,201904,대구,서구,4385,26
2019,4,201904,대구,수성구,54112,143
2019,4,201904,대구,중구,21665,24
2019,4,201904,대전,대덕구,4318,39
2019,4,201904,대전,동구,4589,33
2019,4,201904,대전,서구,16275,135
2019,4,201904,대전,유성구,19115,150
2019,4,201904,대전,중구,6576,57
2019,4,201904,부산,강서구,6488,53
2019,4,201904,부산,금정구,7947,29
2019,4,201904,부산,기장군,6129,35
2019,4,201904,부산,남구,11428,35
2019,4,201904,부산,동구,19425,17
2019,4,201904,부산,동래구,8815,30
2019,4,201904,부산,부산진구,17724,30
2019,4,201904,부산,북구,6322,35
2019,4,201904,부산,사상구,4863,22
2019,4,201904,부산,사하구,6703,27
2019,4,201904,부산,서구,2719,7
2019,4,201904,부산,수영구,18173,24
2019,4,201904,부산,연제구,20178,18
2019,4,201904,부산,영도구,2001,10
2019,4,201904,부산,중구,11634,11
2019,4,201904,부산,해운대구,35336,76
2019,4,201904,서울,강남구,77376,202
2019,4,201904,서울,강동구,15358,73
2019,4,201904,서울,강북구,5911,20
2019,4,201904,서울,강서구,22680,90
2019,4,201904,서울,관악구,11131,35
2019,4,201904,서울,광진구,14576,54
2019,4,201904,서울,구로구,12105,40
2019,4,201904,서울,금천구,6936,35
2019,4,201904,서울,노원구,12686,70
2019,4,201904,서울,도봉구,7271,44
2019,4,201904,서울,동대문구,11907,50
2019,4,201904,서울,동작구,14861,37
2019,4,201904,서울,마포구,21120,69
2019,4,201904,서울,서대문구,11786,54
2019,4,201904,서울,서초구,55643,144
2019,4,201904,서울,성동구,21335,79
2019,4,201904,서울,성북구,14704,75
2019,4,201904,서울,송파구,45557,108
2019,4,201904,서울,양천구,19609,56
2019,4,201904,서울,영등포구,22648,61
2019,4,201904,서울,용산구,22672,58
2019,4,201904,서울,은평구,12556,44
2019,4,201904,서울,종로구,9472,75
2019,4,201904,서울,중구,11243,66
2019,4,201904,서울,중랑구,8500,40
2019,4,201904,세종,세종시,14033,169
2019,4,201904,울산,남구,10247,56
2019,4,201904,울산,동구,2371,34
2019,4,201904,울산,북구,3862,70
2019,4,201904,울산,울주군,6071,55
2019,4,201904,울산,중구,5165,38
2019,4,201904,인천,강화군,1908,28
2019,4,201904,인천,계양구,14308,45
2019,4,201904,인천,남동구,50150,117
2019,4,201904,인천,동구,1322,6
2019,4,201904,인천,미추홀구,14276,56
2019,4,201904,인천,부평구,23265,66
2019,4,201904,인천,서구,20153,127
2019,4,201904,인천,연수구,49411,100
2019,4,201904,인천,옹진군,462,8
2019,4,201904,인천,중구,5385,31
2019,4,201904,전남,강진군,632,5
2019,4,201904,전남,고흥군,1087,9
2019,4,201904,전남,곡성군,632,7
2019,4,201904,전남,광양시,3657,45
2019,4,201904,전남,구례군,504,19
2019,4,201904,전남,나주시,3715,36
2019,4,201904,전남,담양군,1363,14
2019,4,201904,전남,목포시,4778,46
2019,4,201904,전남,무안군,2012,19
2019,4,201904,전남,보성군,2498,11
2019,4,201904,전남,순천시,8272,100
2019,4,201904,전남,신안군,713,8
2019,4,201904,전남,여수시,7165,52
2019,4,201904,전남,영광군,1356,10
2019,4,201904,전남,영암군,1519,11
2019,4,201904,전남,완도군,1119,9
2019,4,201904,전남,장성군,1236,25
2019,4,201904,전남,장흥군,782,3
2019,4,201904,전남,진도군,603,4
2019,4,201904,전남,함평군,1287,6
2019,4,201904,전남,해남군,1304,11
2019,4,201904,전남,화순군,1657,16
2019,4,201904,전북,고창군,1255,18
2019,4,201904,전북,군산시,7784,61
2019,4,201904,전북,김제시,1848,8
2019,4,201904,전북,남원시,1605,20
2019,4,201904,전북,무주군,522,8
2019,4,201904,전북,부안군,1082,13
2019,4,201904,전북,순창군,541,2
2019,4,201904,전북,완주군,2454,38
2019,4,201904,전북,익산시,7204,71
2019,4,201904,전북,임실군,480,8
2019,4,201904,전북,장수군,393,6
2019,4,201904,전북,전주시,32225,194
2019,4,201904,전북,정읍시,2338,29
2019,4,201904,전북,진안군,464,13
2019,4,201904,제주,서귀포시,5616,61
2019,4,201904,제주,제주시,26565,235
2019,4,201904,충남,계룡시,1277,21
2019,4,201904,충남,공주시,2630,41
2019,4,201904,충남,금산군,1340,14
2019,4,201904,충남,논산시,2320,29
2019,4,201904,충남,당진시,4437,55
2019,4,201904,충남,보령시,2306,31
2019,4,201904,충남,부여군,1169,15
2019,4,201904,충남,서산시,4431,68
2019,4,201904,충남,서천군,928,5
2019,4,201904,충남,아산시,9595,177
2019,4,201904,충남,예산군,1728,11
2019,4,201904,충남,천안시,23416,278
2019,4,201904,충남,청양군,557,10
2019,4,201904,충남,태안군,1502,20
2019,4,201904,충남,홍성군,2350,26
2019,4,201904,충북,괴산군,751,14
2019,4,201904,충북,단양군,507,9
2019,4,201904,충북,보은군,634,7
2019,4,201904,충북,영동군,768,12
2019,4,201904,충북,옥천군,1038,10
2019,4,201904,충북,음성군,2526,35
2019,4,201904,충북,제천시,3149,27
2019,4,201904,충북,증평군,822,9
2019,4,201904,충북,진천군,2049,51
2019,4,201904,충북,청주시,29702,298
2019,4,201904,충북,충주시,5040,68
2019,5,201905,강원,강릉시,6530,78
2019,5,201905,강원,고성군,572,8
2019,5,201905,강원,동해시,1724,77
2019,5,201905,강원,삼척시,1220,18
2019,5,201905,강원,속초시,2171,36
2019,5,201905,강원,양구군,475,8
2019,5,201905,강원,양양군,853,11
2019,5,201905,강원,영월군,901,11
2019,5,201905,강원,원주시,12054,136
2019,5,201905,강원,인제군,625,11
2019,5,201905,강원,정선군,913,11
2019,5,201905,강원,철원군,793,14
2019,5,201905,강원,춘천시,7758,96
2019,5,201905,강원,태백시,1098,11
2019,5,201905,강원,평창군,1501,9
2019,5,201905,강원,홍천군,1568,19
2019,5,201905,강원,화천군,400,6
2019,5,201905,강원,횡성군,1343,16
2019,5,201905,경기,가평군,2251,37
2019,5,201905,경기,고양시,49668,275
2019,5,201905,경기,과천시,3489,13
2019,5,201905,경기,광명시,8741,45
2019,5,201905,경기,광주시,17668,165
2019,5,201905,경기,구리시,6925,46
2019,5,201905,경기,군포시,7527,46
2019,5,201905,경기,김포시,22024,289
2019,5,201905,경기,남양주시,27101,283
2019,5,201905,경기,동두천시,1918,18
2019,5,201905,경기,부천시,23496,114
2019,5,201905,경기,성남시,60852,227
2019,5,201905,경기,수원시,50952,326
2019,5,201905,경기,시흥시,13279,123
2019,5,201905,경기,안산시,17082,160
2019,5,201905,경기,안성시,5528,75
2019,5,201905,경기,안양시,19293,110
2019,5,201905,경기,양주시,6281,70
2019,5,201905,경기,양평군,6212,78
2019,5,201905,경기,여주시,3439,60
2019,5,201905,경기,연천군,1270,28
2019,5,201905,경기,오산시,6390,72
2019,5,201905,경기,용인시,66576,471
2019,5,201905,경기,의왕시,6221,27
2019,5,201905,경기,의정부시,11248,95
2019,5,201905,경기,이천시,7545,124
2019,5,201905,경기,파주시,16939,208
2019,5,201905,경기,평택시,19881,220
2019,5,201905,경기,포천시,4474,67
2019,5,201905,경기,하남시,14378,86
2019,5,201905,경기,화성시,37729,388
2019,5,201905,경남,거제시,5664,58
2019,5,201905,경남,거창군,1293,16
2019,5,201905,경남,고성군,942,8
2019,5,201905,경남,김해시,15945,151
2019,5,201905,경남,남해군,723,13
2019,5,201905,경남,밀양시,2281,23
2019,5,201905,경남,사천시,2449,20
2019,5,201905,경남,산청군,737,9
2019,5,201905,경남,양산시,9672,74
2019,5,201905,경남,의령군,478,8
2019,5,201905,경남,진주시,9715,73
2019,5,201905,경남,창녕군,1414,18
2019,5,201905,경남,창원시,63518,268
2019,5,201905,경남,통영시,2859,22
2019,5,201905,경남,하동군,878,10
2019,5,201905,경남,함안군,2663,28
2019,5,201905,경남,함양군,814,9
2019,5,201905,경남,합천군,773,17
2019,5,201905,경북,경산시,7486,72
2019,5,201905,경북,경주시,7029,110
2019,5,201905,경북,고령군,884,22
2019,5,201905,경북,구미시,10291,126
2019,5,201905,경북,군위군,556,10
2019,5,201905,경북,김천시,2959,52
2019,5,201905,경북,문경시,1290,22
2019,5,201905,경북,봉화군,444,9
2019,5,201905,경북,상주시,1670,33
2019,5,201905,경북,성주군,1219,21
2019,5,201905,경북,안동시,3565,66
2019,5,201905,경북,영덕군,668,15
2019,5,201905,경북,영양군,261,4
2019,5,201905,경북,영주시,1928,40
2019,5,201905,경북,영천시,2431,30
2019,5,201905,경북,예천군,1088,17
2019,5,201905,경북,울릉군,151,3
2019,5,201905,경북,울진군,1066,18
2019,5,201905,경북,의성군,801,6
2019,5,201905,경북,청도군,1182,12
2019,5,201905,경북,청송군,424,9
2019,5,201905,경북,칠곡군,3337,42
2019,5,201905,경북,포항시,14103,176
2019,5,201905,광주,광산구,13716,173
2019,5,201905,광주,남구,9264,45
2019,5,201905,광주,동구,4106,20
2019,5,201905,광주,북구,13979,120
2019,5,201905,광주,서구,16673,84
2019,5,201905,대구,남구,5115,26
2019,5,201905,대구,달서구,28260,169
2019,5,201905,대구,달성군,7584,92
2019,5,201905,대구,동구,12014,109
2019,5,201905,대구,북구,13114,125
2019,5,201905,대구,서구,4379,25
2019,5,201905,대구,수성구,54356,142
2019,5,201905,대구,중구,21765,24
2019,5,201905,대전,대덕구,4387,37
2019,5,201905,대전,동구,4651,39
2019,5,201905,대전,서구,16449,136
2019,5,201905,대전,유성구,19324,153
2019,5,201905,대전,중구,6666,58
2019,5,201905,부산,강서구,6587,50
2019,5,201905,부산,금정구,7998,32
2019,5,201905,부산,기장군,6201,38
2019,5,201905,부산,남구,11565,36
2019,5,201905,부산,동구,19584,17
2019,5,201905,부산,동래구,8863,29
2019,5,201905,부산,부산진구,17843,29
2019,5,201905,부산,북구,6372,35
2019,5,201905,부산,사상구,4888,22
2019,5,201905,부산,사하구,6730,28
2019,5,201905,부산,서구,2735,7
2019,5,201905,부산,수영구,18138,25
2019,5,201905,부산,연제구,20364,18
2019,5,201905,부산,영도구,1999,9
2019,5,201905,부산,중구,11849,11
2019,5,201905,부산,해운대구,35359,77
2019,5,201905,서울,강남구,77750,202
2019,5,201905,서울,강동구,15486,72
2019,5,201905,서울,강북구,5944,20
2019,5,201905,서울,강서구,22989,91
2019,5,201905,서울,관악구,11252,36
2019,5,201905,서울,광진구,14656,56
2019,5,201905,서울,구로구,12180,43
2019,5,201905,서울,금천구,6986,37
2019,5,201905,서울,노원구,12808,67
2019,5,201905,서울,도봉구,7319,48
2019,5,201905,서울,동대문구,12023,47
2019,5,201905,서울,동작구,15006,39
2019,5,201905,서울,마포구,21271,69
2019,5,201905,서울,서대문구,11877,55
2019,5,201905,서울,서초구,55772,143
2019,5,201905,서울,성동구,21448,82
2019,5,201905,서울,성북구,14929,76
2019,5,201905,서울,송파구,45935,113
2019,5,201905,서울,양천구,19713,55
2019,5,201905,서울,영등포구,22666,62
2019,5,201905,서울,용산구,22801,58
2019,5,201905,서울,은평구,12655,45
2019,5,201905,서울,종로구,9526,69
2019,5,201905,서울,중구,11429,62
2019,5,201905,서울,중랑구,8578,41
2019,5,201905,세종,세종시,14268,171
2019,5,201905,울산,남구,10307,57
2019,5,201905,울산,동구,2393,35
2019,5,201905,울산,북구,3897,69
2019,5,201905,울산,울주군,6120,55
2019,5,201905,울산,중구,5186,37
2019,5,201905,인천,강화군,2363,28
2019,5,201905,인천,계양구,14288,45
2019,5,201905,인천,남동구,50379,117
2019,5,201905,인천,동구,1328,6
2019,5,201905,인천,미추홀구,14303,54
2019,5,201905,인천,부평구,23493,67
2019,5,201905,인천,서구,20446,126
2019,5,201905,인천,연수구,49819,98
2019,5,201905,인천,옹진군,460,8
2019,5,201905,인천,중구,5522,33
2019,5,201905,전남,강진군,642,5
2019,5,201905,전남,고흥군,1090,9
2019,5,201905,전남,곡성군,637,7
2019,5,201905,전남,광양시,3696,48
2019,5,201905,전남,구례군,503,18
2019,5,201905,전남,나주시,3752,40
2019,5,201905,전남,담양군,1381,14
2019,5,201905,전남,목포시,4832,50
2019,5,201905,전남,무안군,2035,19
2019,5,201905,전남,보성군,2448,11
2019,5,201905,전남,순천시,8359,102
2019,5,201905,전남,신안군,722,8
2019,5,201905,전남,여수시,7256,52
2019,5,201905,전남,영광군,1378,10
2019,5,201905,전남,영암군,1520,11
2019,5,201905,전남,완도군,1131,9
2019,5,201905,전남,장성군,1242,25
2019,5,201905,전남,장흥군,793,3
2019,5,201905,전남,진도군,608,4
2019,5,201905,전남,함평군,1417,6
2019,5,201905,전남,해남군,1320,12
2019,5,201905,전남,화순군,1658,16
2019,5,201905,전북,고창군,1272,18
2019,5,201905,전북,군산시,7827,62
2019,5,201905,전북,김제시,1869,9
2019,5,201905,전북,남원시,1621,19
2019,5,201905,전북,무주군,521,7
2019,5,201905,전북,부안군,1099,14
2019,5,201905,전북,순창군,542,2
2019,5,201905,전북,완주군,2466,39
2019,5,201905,전북,익산시,7256,74
2019,5,201905,전북,임실군,490,8
2019,5,201905,전북,장수군,400,6
2019,5,201905,전북,전주시,32734,193
2019,5,201905,전북,정읍시,2346,27
2019,5,201905,전북,진안군,474,14
2019,5,201905,제주,서귀포시,5701,61
2019,5,201905,제주,제주시,26974,241
2019,5,201905,충남,계룡시,1292,21
2019,5,201905,충남,공주시,2637,42
2019,5,201905,충남,금산군,1342,14
2019,5,201905,충남,논산시,2336,29
2019,5,201905,충남,당진시,4470,57
2019,5,201905,충남,보령시,2326,34
2019,5,201905,충남,부여군,1173,15
2019,5,201905,충남,서산시,4479,69
2019,5,201905,충남,서천군,935,5
2019,5,201905,충남,아산시,9736,185
2019,5,201905,충남,예산군,1744,10
2019,5,201905,충남,천안시,23605,279
2019,5,201905,충남,청양군,559,10
2019,5,201905,충남,태안군,1515,20
2019,5,201905,충남,홍성군,2385,23
2019,5,201905,충북,괴산군,750,14
2019,5,201905,충북,단양군,511,9
2019,5,201905,충북,보은군,652,8
2019,5,201905,충북,영동군,777,12
2019,5,201905,충북,옥천군,1045,11
2019,5,201905,충북,음성군,2561,38
2019,5,201905,충북,제천시,3195,27
2019,5,201905,충북,증평군,840,9
2019,5,201905,충북,진천군,2067,52
2019,5,201905,충북,청주시,29902,306
2019,5,201905,충북,충주시,5102,71
2019,6,201906,강원,강릉시,6620,74
2019,6,201906,강원,고성군,580,9
2019,6,201906,강원,동해시,1750,77
2019,6,201906,강원,삼척시,1224,18
2019,6,201906,강원,속초시,2197,37
2019,6,201906,강원,양구군,484,8
2019,6,201906,강원,양양군,872,13
2019,6,201906,강원,영월군,910,11
2019,6,201906,강원,원주시,12168,139
2019,6,201906,강원,인제군,639,13
2019,6,201906,강원,정선군,920,12
2019,6,201906,강원,철원군,793,13
2019,6,201906,강원,춘천시,7864,96
2019,6,201906,강원,태백시,1096,11
2019,6,201906,강원,평창군,1519,9
2019,6,201906,강원,홍천군,1574,18
2019,6,201906,강원,화천군,401,7
2019,6,201906,강원,횡성군,1349,17
2019,6,201906,경기,가평군,2281,38
2019,6,201906,경기,고양시,50235,278
2019,6,201906,경기,과천시,3519,13
2019,6,201906,경기,광명시,8796,47
2019,6,201906,경기,광주시,17805,165
2019,6,201906,경기,구리시,6948,45
2019,6,201906,경기,군포시,7601,47
2019,6,201906,경기,김포시,22303,309
2019,6,201906,경기,남양주시,27456,290
2019,6,201906,경기,동두천시,1909,18
2019,6,201906,경기,부천시,23770,117
2019,6,201906,경기,성남시,61256,226
2019,6,201906,경기,수원시,51577,330
2019,6,201906,경기,시흥시,13550,128
2019,6,201906,경기,안산시,17183,166
2019,6,201906,경기,안성시,5597,77
2019,6,201906,경기,안양시,19410,110
2019,6,201906,경기,양주시,6369,78
2019,6,201906,경기,양평군,6260,76
2019,6,201906,경기,여주시,3473,59
2019,6,201906,경기,연천군,1294,27
2019,6,201906,경기,오산시,6451,72
2019,6,201906,경기,용인시,67288,479
2019,6,201906,경기,의왕시,6356,28
2019,6,201906,경기,의정부시,11345,96
2019,6,201906,경기,이천시,7633,127
2019,6,201906,경기,파주시,17110,210
2019,6,201906,경기,평택시,20118,225
2019,6,201906,경기,포천시,4528,67
2019,6,201906,경기,하남시,14606,87
2019,6,201906,경기,화성시,38352,397
2019,6,201906,경남,거제시,5677,59
2019,6,201906,경남,거창군,1307,16
2019,6,201906,경남,고성군,958,8
2019,6,201906,경남,김해시,16087,155
2019,6,201906,경남,남해군,735,14
2019,6,201906,경남,밀양시,2299,22
2019,6,201906,경남,사천시,2470,19
2019,6,201906,경남,산청군,736,9
2019,6,201906,경남,양산시,9755,76
2019,6,201906,경남,의령군,489,8
2019,6,201906,경남,진주시,9818,74
2019,6,201906,경남,창녕군,1426,18
2019,6,201906,경남,창원시,63922,274
2019,6,201906,경남,통영시,2895,23
2019,6,201906,경남,하동군,891,10
2019,6,201906,경남,함안군,2634,28
2019,6,201906,경남,함양군,813,9
2019,6,201906,경남,합천군,783,17
2019,6,201906,경북,경산시,7604,74
2019,6,201906,경북,경주시,7097,113
2019,6,201906,경북,고령군,886,21
2019,6,201906,경북,구미시,10408,134
2019,6,201906,경북,군위군,561,10
2019,6,201906,경북,김천시,2990,51
2019,6,201906,경북,문경시,1315,22
2019,6,201906,경북,봉화군,451,9
2019,6,201906,경북,상주시,1688,34
2019,6,201906,경북,성주군,1225,20
2019,6,201906,경북,안동시,3611,66
2019,6,201906,경북,영덕군,674,15
2019,6,201906,경북,영양군,260,4
2019,6,201906,경북,영주시,1955,41
2019,6,201906,경북,영천시,2488,30
2019,6,201906,경북,예천군,1099,16
2019,6,201906,경북,울릉군,153,3
2019,6,201906,경북,울진군,1080,19
2019,6,201906,경북,의성군,807,7
2019,6,201906,경북,청도군,1203,11
2019,6,201906,경북,청송군,427,9
2019,6,201906,경북,칠곡군,3328,44
2019,6,201906,경북,포항시,14215,182
2019,6,201906,광주,광산구,13868,174
2019,6,201906,광주,남구,9374,46
2019,6,201906,광주,동구,4192,20
2019,6,201906,광주,북구,14060,124
2019,6,201906,광주,서구,16638,86
2019,6,201906,대구,남구,5142,26
2019,6,201906,대구,달서구,28602,171
2019,6,201906,대구,달성군,7662,95
2019,6,201906,대구,동구,12113,110
2019,6,201906,대구,북구,13285,120
2019,6,201906,대구,서구,4393,25
2019,6,201906,대구,수성구,54720,145
2019,6,201906,대구,중구,22018,24
2019,6,201906,대전,대덕구,4345,37
2019,6,201906,대전,동구,4688,39
2019,6,201906,대전,서구,16567,134
2019,6,201906,대전,유성구,19505,155
2019,6,201906,대전,중구,6749,60
2019,6,201906,부산,강서구,6637,51
2019,6,201906,부산,금정구,8048,32
2019,6,201906,부산,기장군,6266,38
2019,6,201906,부산,남구,11651,36
2019,6,201906,부산,동구,19678,17
2019,6,201906,부산,동래구,8929,32
2019,6,201906,부산,부산진구,18026,30
2019,6,201906,부산,북구,6405,37
2019,6,201906,부산,사상구,4874,22
2019,6,201906,부산,사하구,6775,29
2019,6,201906,부산,서구,2754,8
2019,6,201906,부산,수영구,18154,30
2019,6,201906,부산,연제구,20501,20
2019,6,201906,부산,영도구,2021,9
2019,6,201906,부산,중구,12126,11
2019,6,201906,부산,해운대구,35635,79
2019,6,201906,서울,강남구,77618,205
2019,6,201906,서울,강동구,15612,72
2019,6,201906,서울,강북구,6010,21
2019,6,201906,서울,강서구,23193,89
2019,6,201906,서울,관악구,11310,36
2019,6,201906,서울,광진구,14757,56
2019,6,201906,서울,구로구,12266,44
2019,6,201906,서울,금천구,7074,37
2019,6,201906,서울,노원구,12912,67
2019,6,201906,서울,도봉구,7371,47
2019,6,201906,서울,동대문구,12149,46
2019,6,201906,서울,동작구,15096,41
2019,6,201906,서울,마포구,21457,69
2019,6,201906,서울,서대문구,12004,56
2019,6,201906,서울,서초구,56011,145
2019,6,201906,서울,성동구,21550,87
2019,6,201906,서울,성북구,15104,79
2019,6,201906,서울,송파구,46149,109
2019,6,201906,서울,양천구,19839,56
2019,6,201906,서울,영등포구,22639,62
2019,6,201906,서울,용산구,22840,58
2019,6,201906,서울,은평구,12760,45
2019,6,201906,서울,종로구,9553,65
2019,6,201906,서울,중구,11466,61
2019,6,201906,서울,중랑구,8637,43
2019,6,201906,세종,세종시,14521,181
2019,6,201906,울산,남구,10327,61
2019,6,201906,울산,동구,2395,35
2019,6,201906,울산,북구,3938,69
2019,6,201906,울산,울주군,6191,56
2019,6,201906,울산,중구,5216,40
2019,6,201906,인천,강화군,2383,27
2019,6,201906,인천,계양구,14279,62
2019,6,201906,인천,남동구,50504,122
2019,6,201906,인천,동구,1342,6
2019,6,201906,인천,미추홀구,14723,60
2019,6,201906,인천,부평구,23779,69
2019,6,201906,인천,서구,20705,129
2019,6,201906,인천,연수구,50000,99
2019,6,201906,인천,옹진군,464,8
2019,6,201906,인천,중구,5625,35
2019,6,201906,전남,강진군,651,5
2019,6,201906,전남,고흥군,1100,9
2019,6,201906,전남,곡성군,643,7
2019,6,201906,전남,광양시,3729,51
2019,6,201906,전남,구례군,512,18
2019,6,201906,전남,나주시,3777,39
2019,6,201906,전남,담양군,1382,15
2019,6,201906,전남,목포시,4904,51
2019,6,201906,전남,무안군,2065,19
2019,6,201906,전남,보성군,2402,11
2019,6,201906,전남,순천시,8441,103
2019,6,201906,전남,신안군,725,8
2019,6,201906,전남,여수시,7336,52
2019,6,201906,전남,영광군,1400,10
2019,6,201906,전남,영암군,1538,13
2019,6,201906,전남,완도군,1130,11
2019,6,201906,전남,장성군,1260,26
2019,6,201906,전남,장흥군,805,3
2019,6,201906,전남,진도군,622,4
2019,6,201906,전남,함평군,1643,6
2019,6,201906,전남,해남군,1326,12
2019,6,201906,전남,화순군,1669,15
2019,6,201906,전북,고창군,1285,18
2019,6,201906,전북,군산시,7886,61
2019,6,201906,전북,김제시,1893,9
2019,6,201906,전북,남원시,1647,18
2019,6,201906,전북,무주군,523,7
2019,6,201906,전북,부안군,1104,14
2019,6,201906,전북,순창군,546,2
2019,6,201906,전북,완주군,2506,39
2019,6,201906,전북,익산시,7321,74
2019,6,201906,전북,임실군,493,9
2019,6,201906,전북,장수군,406,6
2019,6,201906,전북,전주시,33268,194
2019,6,201906,전북,정읍시,2386,25
2019,6,201906,전북,진안군,487,14
2019,6,201906,제주,서귀포시,5733,61
2019,6,201906,제주,제주시,27348,238
2019,6,201906,충남,계룡시,1309,21
2019,6,201906,충남,공주시,2677,41
2019,6,201906,충남,금산군,1346,15
2019,6,201906,충남,논산시,2357,28
2019,6,201906,충남,당진시,4498,57
2019,6,201906,충남,보령시,2351,35
2019,6,201906,충남,부여군,1183,16
2019,6,201906,충남,서산시,4521,70
2019,6,201906,충남,서천군,949,6
2019,6,201906,충남,아산시,9852,190
2019,6,201906,충남,예산군,1770,11
2019,6,201906,충남,천안시,23853,289
2019,6,201906,충남,청양군,562,10
2019,6,201906,충남,태안군,1534,20
2019,6,201906,충남,홍성군,2392,23
2019,6,201906,충북,괴산군,760,16
2019,6,201906,충북,단양군,522,10
2019,6,201906,충북,보은군,652,8
2019,6,201906,충북,영동군,779,12
2019,6,201906,충북,옥천군,1057,11
2019,6,201906,충북,음성군,2581,36
2019,6,201906,충북,제천시,3215,26
2019,6,201906,충북,증평군,852,9
2019,6,201906,충북,진천군,2109,54
2019,6,201906,충북,청주시,30218,311
2019,6,201906,충북,충주시,5134,75
2019,7,201907,강원,강릉시,6718,74
2019,7,201907,강원,고성군,589,8
2019,7,201907,강원,동해시,1763,76
2019,7,201907,강원,삼척시,1243,17
2019,7,201907,강원,속초시,2226,43
2019,7,201907,강원,양구군,484,8
2019,7,201907,강원,양양군,887,13
2019,7,201907,강원,영월군,927,12
2019,7,201907,강원,원주시,12332,146
2019,7,201907,강원,인제군,637,13
2019,7,201907,강원,정선군,927,12
2019,7,201907,강원,철원군,811,13
2019,7,201907,강원,춘천시,7944,101
2019,7,201907,강원,태백시,1100,12
2019,7,201907,강원,평창군,1545,9
2019,7,201907,강원,홍천군,1585,19
2019,7,201907,강원,화천군,414,7
2019,7,201907,강원,횡성군,1362,15
2019,7,201907,경기,가평군,2321,39
2019,7,201907,경기,고양시,50858,290
2019,7,201907,경기,과천시,3547,12
2019,7,201907,경기,광명시,8888,49
2019,7,201907,경기,광주시,17972,160
2019,7,201907,경기,구리시,7012,47
2019,7,201907,경기,군포시,7657,49
2019,7,201907,경기,김포시,22557,308
2019,7,201907,경기,남양주시,27825,299
2019,7,201907,경기,동두천시,1924,19
2019,7,201907,경기,부천시,24006,119
2019,7,201907,경기,성남시,61580,231
2019,7,201907,경기,수원시,52114,338
2019,7,201907,경기,시흥시,13814,136
2019,7,201907,경기,안산시,17356,163
2019,7,201907,경기,안성시,5688,76
2019,7,201907,경기,안양시,19598,116
2019,7,201907,경기,양주시,6439,85
2019,7,201907,경기,양평군,6296,77
2019,7,201907,경기,여주시,3489,59
2019,7,201907,경기,연천군,1284,27
2019,7,201907,경기,오산시,6523,75
2019,7,201907,경기,용인시,68108,501
2019,7,201907,경기,의왕시,6499,28
2019,7,201907,경기,의정부시,11533,98
2019,7,201907,경기,이천시,7679,130
2019,7,201907,경기,파주시,17281,207
2019,7,201907,경기,평택시,20471,229
2019,7,201907,경기,포천시,4575,69
2019,7,201907,경기,하남시,14837,87
2019,7,201907,경기,화성시,38992,415
2019,7,201907,경남,거제시,5740,61
2019,7,201907,경남,거창군,1318,15
2019,7,201907,경남,고성군,957,10
2019,7,201907,경남,김해시,16218,168
2019,7,201907,경남,남해군,754,14
2019,7,201907,경남,밀양시,2332,26
2019,7,201907,경남,사천시,2479,20
2019,7,201907,경남,산청군,746,9
2019,7,201907,경남,양산시,9822,79
2019,7,201907,경남,의령군,488,7
2019,7,201907,경남,진주시,9906,77
2019,7,201907,경남,창녕군,1430,19
2019,7,201907,경남,창원시,64367,285
2019,7,201907,경남,통영시,2911,25
2019,7,201907,경남,하동군,891,10
2019,7,201907,경남,함안군,2629,30
2019,7,201907,경남,함양군,813,9
2019,7,201907,경남,합천군,794,18
2019,7,201907,경북,경산시,7702,74
2019,7,201907,경북,경주시,7137,116
2019,7,201907,경북,고령군,886,21
2019,7,201907,경북,구미시,10508,139
2019,7,201907,경북,군위군,573,11
2019,7,201907,경북,김천시,3011,55
2019,7,201907,경북,문경시,1333,24
2019,7,201907,경북,봉화군,452,9
2019,7,201907,경북,상주시,1700,36
2019,7,201907,경북,성주군,1232,21
2019,7,201907,경북,안동시,3664,69
2019,7,201907,경북,영덕군,683,15
2019,7,201907,경북,영양군,260,3
2019,7,201907,경북,영주시,1980,42
2019,7,201907,경북,영천시,2497,28
2019,7,201907,경북,예천군,1112,19
2019,7,201907,경북,울릉군,158,3
2019,7,201907,경북,울진군,1088,19
2019,7,201907,경북,의성군,829,7
2019,7,201907,경북,청도군,1207,10
2019,7,201907,경북,청송군,431,11
2019,7,201907,경북,칠곡군,3369,44
2019,7,201907,경북,포항시,14420,189
2019,7,201907,광주,광산구,13997,181
2019,7,201907,광주,남구,9484,45
2019,7,201907,광주,동구,4340,20
2019,7,201907,광주,북구,14138,128
2019,7,201907,광주,서구,16557,84
2019,7,201907,대구,남구,5164,29
2019,7,201907,대구,달서구,29156,178
2019,7,201907,대구,달성군,7764,99
2019,7,201907,대구,동구,12191,116
2019,7,201907,대구,북구,13412,120
2019,7,201907,대구,서구,4425,24
2019,7,201907,대구,수성구,54885,152
2019,7,201907,대구,중구,21926,24
2019,7,201907,대전,대덕구,4394,38
2019,7,201907,대전,동구,4733,42
2019,7,201907,대전,서구,16705,140
2019,7,201907,대전,유성구,19681,158
2019,7,201907,대전,중구,6823,62
2019,7,201907,부산,강서구,6706,53
2019,7,201907,부산,금정구,8139,32
2019,7,201907,부산,기장군,6297,38
2019,7,201907,부산,남구,11746,36
2019,7,201907,부산,동구,19709,16
2019,7,201907,부산,동래구,9053,32
2019,7,201907,부산,부산진구,18160,31
2019,7,201907,부산,북구,6425,38
2019,7,201907,부산,사상구,4919,23
2019,7,201907,부산,사하구,6793,29
2019,7,201907,부산,서구,2777,8
2019,7,201907,부산,수영구,18160,32
2019,7,201907,부산,연제구,20658,22
2019,7,201907,부산,영도구,2038,10
2019,7,201907,부산,중구,12329,12
2019,7,201907,부산,해운대구,35876,83
2019,7,201907,서울,강남구,77980,204
2019,7,201907,서울,강동구,15828,77
2019,7,201907,서울,강북구,6091,23
2019,7,201907,서울,강서구,23434,89
2019,7,201907,서울,관악구,11385,38
2019,7,201907,서울,광진구,14873,55
2019,7,201907,서울,구로구,12349,45
2019,7,201907,서울,금천구,7124,37
2019,7,201907,서울,노원구,12980,69
2019,7,201907,서울,도봉구,7406,49
2019,7,201907,서울,동대문구,12239,51
2019,7,201907,서울,동작구,15207,40
2019,7,201907,서울,마포구,21572,74
2019,7,201907,서울,서대문구,12071,58
2019,7,201907,서울,서초구,56297,141
2019,7,201907,서울,성동구,21668,87
2019,7,201907,서울,성북구,15249,82
2019,7,201907,서울,송파구,46444,113
2019,7,201907,서울,양천구,19975,57
2019,7,201907,서울,영등포구,22594,65
2019,7,201907,서울,용산구,22841,60
2019,7,201907,서울,은평구,12866,44
2019,7,201907,서울,종로구,9620,66
2019,7,201907,서울,중구,11536,61
2019,7,201907,서울,중랑구,8671,45
2019,7,201907,세종,세종시,14758,185
2019,7,201907,울산,남구,10396,65
2019,7,201907,울산,동구,2407,33
2019,7,201907,울산,북구,3996,70
2019,7,201907,울산,울주군,6230,56
2019,7,201907,울산,중구,5234,44
2019,7,201907,인천,강화군,2400,28
2019,7,201907,인천,계양구,14261,65
2019,7,201907,인천,남동구,50938,134
2019,7,201907,인천,동구,1332,7
2019,7,201907,인천,미추홀구,15164,64
2019,7,201907,인천,부평구,23969,71
2019,7,201907,인천,서구,20906,138
2019,7,201907,인천,연수구,50132,105
2019,7,201907,인천,옹진군,465,7
2019,7,201907,인천,중구,5726,36
2019,7,201907,전남,강진군,653,5
2019,7,201907,전남,고흥군,1102,8
2019,7,201907,전남,곡성군,640,7
2019,7,201907,전남,광양시,3771,54
2019,7,201907,전남,구례군,512,18
2019,7,201907,전남,나주시,3816,42
2019,7,201907,전남,담양군,1404,15
2019,7,201907,전남,목포시,4948,54
2019,7,201907,전남,무안군,2090,21
2019,7,201907,전남,보성군,2363,12
2019,7,201907,전남,순천시,8577,104
2019,7,201907,전남,신안군,736,9
2019,7,201907,전남,여수시,7423,58
2019,7,201907,전남,영광군,1416,11
2019,7,201907,전남,영암군,1553,14
2019,7,201907,전남,완도군,1164,11
2019,7,201907,전남,장성군,1278,26
2019,7,201907,전남,장흥군,816,3
2019,7,201907,전남,진도군,621,4
2019,7,201907,전남,함평군,1800,6
2019,7,201907,전남,해남군,1329,12
2019,7,201907,전남,화순군,1690,13
2019,7,201907,전북,고창군,1297,19
2019,7,201907,전북,군산시,7941,62
2019,7,201907,전북,김제시,1898,10
2019,7,201907,전북,남원시,1643,20
2019,7,201907,전북,무주군,537,7
2019,7,201907,전북,부안군,1122,16
2019,7,201907,전북,순창군,551,2
2019,7,201907,전북,완주군,2527,39
2019,7,201907,전북,익산시,7375,73
2019,7,201907,전북,임실군,497,10
2019,7,201907,전북,장수군,416,6
2019,7,201907,전북,전주시,33570,203
2019,7,201907,전북,정읍시,2430,27
2019,7,201907,전북,진안군,490,13
2019,7,201907,제주,서귀포시,5762,60
2019,7,201907,제주,제주시,27838,242
2019,7,201907,충남,계룡시,1323,20
2019,7,201907,충남,공주시,2715,41
2019,7,201907,충남,금산군,1352,15
2019,7,201907,충남,논산시,2391,32
2019,7,201907,충남,당진시,4536,58
2019,7,201907,충남,보령시,2398,38
2019,7,201907,충남,부여군,1186,17
2019,7,201907,충남,서산시,4569,72
2019,7,201907,충남,서천군,950,6
2019,7,201907,충남,아산시,9940,191
2019,7,201907,충남,예산군,1792,12
2019,7,201907,충남,천안시,24128,315
2019,7,201907,충남,청양군,566,12
2019,7,201907,충남,태안군,1559,20
2019,7,201907,충남,홍성군,2401,25
2019,7,201907,충북,괴산군,773,18
2019,7,201907,충북,단양군,527,11
2019,7,201907,충북,보은군,663,9
2019,7,201907,충북,영동군,786,12
2019,7,201907,충북,옥천군,1067,10
2019,7,201907,충북,음성군,2601,38
2019,7,201907,충북,제천시,3252,27
2019,7,201907,충북,증평군,866,11
2019,7,201907,충북,진천군,2140,53
2019,7,201907,충북,청주시,30485,325
2019,7,201907,충북,충주시,5215,75
2019,8,201908,강원,강릉시,6783,79
2019,8,201908,강원,고성군,595,8
2019,8,201908,강원,동해시,1795,75
2019,8,201908,강원,삼척시,1254,17
2019,8,201908,강원,속초시,2250,44
2019,8,201908,강원,양구군,490,8
2019,8,201908,강원,양양군,893,14
2019,8,201908,강원,영월군,934,14
2019,8,201908,강원,원주시,12420,150
2019,8,201908,강원,인제군,638,15
2019,8,201908,강원,정선군,933,13
2019,8,201908,강원,철원군,815,13
2019,8,201908,강원,춘천시,8029,105
2019,8,201908,강원,태백시,1114,12
2019,8,201908,강원,평창군,1551,9
2019,8,201908,강원,홍천군,1591,19
2019,8,201908,강원,화천군,423,7
2019,8,201908,강원,횡성군,1360,17
2019,8,201908,경기,가평군,2347,41
2019,8,201908,경기,고양시,51507,298
2019,8,201908,경기,과천시,3569,11
2019,8,201908,경기,광명시,8945,52
2019,8,201908,경기,광주시,18141,162
2019,8,201908,경기,구리시,7009,44
2019,8,201908,경기,군포시,7707,50
2019,8,201908,경기,김포시,22751,319
2019,8,201908,경기,남양주시,28288,305
2019,8,201908,경기,동두천시,1950,20
2019,8,201908,경기,부천시,24129,121
2019,8,201908,경기,성남시,61907,240
2019,8,201908,경기,수원시,52516,347
2019,8,201908,경기,시흥시,13973,145
2019,8,201908,경기,안산시,17522,172
2019,8,201908,경기,안성시,5721,75
2019,8,201908,경기,안양시,19762,117
2019,8,201908,경기,양주시,6470,88
2019,8,201908,경기,양평군,6360,81
2019,8,201908,경기,여주시,3527,58
2019,8,201908,경기,연천군,1298,28
2019,8,201908,경기,오산시,6611,78
2019,8,201908,경기,용인시,68744,506
2019,8,201908,경기,의왕시,6629,29
2019,8,201908,경기,의정부시,11654,105
2019,8,201908,경기,이천시,7755,136
2019,8,201908,경기,파주시,17411,202
2019,8,201908,경기,평택시,20914,235
2019,8,201908,경기,포천시,4617,69
2019,8,201908,경기,하남시,15084,91
2019,8,201908,경기,화성시,39537,420
2019,8,201908,경남,거제시,5751,62
2019,8,201908,경남,거창군,1318,14
2019,8,201908,경남,고성군,959,11
2019,8,201908,경남,김해시,16409,171
2019,8,201908,경남,남해군,766,13
2019,8,201908,경남,밀양시,2365,26
2019,8,201908,경남,사천시,2482,21
2019,8,201908,경남,산청군,767,8
2019,8,201908,경남,양산시,9924,83
2019,8,201908,경남,의령군,490,8
2019,8,201908,경남,진주시,10009,78
2019,8,201908,경남,창녕군,1447,17
2019,8,201908,경남,창원시,64479,290
2019,8,201908,경남,통영시,2934,25
2019,8,201908,경남,하동군,897,10
2019,8,201908,경남,함안군,2598,31
2019,8,201908,경남,함양군,813,10
2019,8,201908,경남,합천군,794,19
2019,8,201908,경북,경산시,7787,73
2019,8,201908,경북,경주시,7211,119
2019,8,201908,경북,고령군,893,21
2019,8,201908,경북,구미시,10623,148
2019,8,201908,경북,군위군,568,10
2019,8,201908,경북,김천시,3044,53
2019,8,201908,경북,문경시,1328,24
2019,8,201908,경북,봉화군,454,9
2019,8,201908,경북,상주시,1711,36
2019,8,201908,경북,성주군,1254,21
2019,8,201908,경북,안동시,3710,69
2019,8,201908,경북,영덕군,697,13
2019,8,201908,경북,영양군,259,2
2019,8,201908,경북,영주시,1987,42
2019,8,201908,경북,영천시,2506,31
2019,8,201908,경북,예천군,1138,19
2019,8,201908,경북,울릉군,157,3
2019,8,201908,경북,울진군,1097,19
2019,8,201908,경북,의성군,848,8
2019,8,201908,경북,청도군,1204,10
2019,8,201908,경북,청송군,430,11
2019,8,201908,경북,칠곡군,3419,47
2019,8,201908,경북,포항시,14572,194
2019,8,201908,광주,광산구,14113,185
2019,8,201908,광주,남구,9563,47
2019,8,201908,광주,동구,4452,18
2019,8,201908,광주,북구,14232,127
2019,8,201908,광주,서구,16616,82
2019,8,201908,대구,남구,5220,27
2019,8,201908,대구,달서구,29637,182
2019,8,201908,대구,달성군,7858,100
2019,8,201908,대구,동구,12299,124
2019,8,201908,대구,북구,13535,125
2019,8,201908,대구,서구,4462,25
2019,8,201908,대구,수성구,55247,152
2019,8,201908,대구,중구,22172,24
2019,8,201908,대전,대덕구,4406,39
2019,8,201908,대전,동구,4749,43
2019,8,201908,대전,서구,16815,141
2019,8,201908,대전,유성구,19866,170
2019,8,201908,대전,중구,6833,67
2019,8,201908,부산,강서구,6739,54
2019,8,201908,부산,금정구,8187,35
2019,8,201908,부산,기장군,6358,40
2019,8,201908,부산,남구,11779,36
2019,8,201908,부산,동구,19822,15
2019,8,201908,부산,동래구,9140,30
2019,8,201908,부산,부산진구,18302,32
2019,8,201908,부산,북구,6445,38
2019,8,201908,부산,사상구,4932,26
2019,8,201908,부산,사하구,6836,28
2019,8,201908,부산,서구,2776,8
2019,8,201908,부산,수영구,18114,33
2019,8,201908,부산,연제구,20902,24
2019,8,201908,부산,영도구,2045,14
2019,8,201908,부산,중구,12510,12
2019,8,201908,부산,해운대구,36091,83
2019,8,201908,서울,강남구,78358,210
2019,8,201908,서울,강동구,16023,79
2019,8,201908,서울,강북구,6116,30
2019,8,201908,서울,강서구,23555,92
2019,8,201908,서울,관악구,11490,37
2019,8,201908,서울,광진구,14977,55
2019,8,201908,서울,구로구,12443,46
2019,8,201908,서울,금천구,7189,39
2019,8,201908,서울,노원구,13050,67
2019,8,201908,서울,도봉구,7453,49
2019,8,201908,서울,동대문구,12368,51
2019,8,201908,서울,동작구,15276,41
2019,8,201908,서울,마포구,21679,76
2019,8,201908,서울,서대문구,12119,58
2019,8,201908,서울,서초구,56570,137
2019,8,201908,서울,성동구,22056,87
2019,8,201908,서울,성북구,15361,84
2019,8,201908,서울,송파구,46699,113
2019,8,201908,서울,양천구,20113,57
2019,8,201908,서울,영등포구,22509,62
2019,8,201908,서울,용산구,22863,60
2019,8,201908,서울,은평구,12930,42
2019,8,201908,서울,종로구,9650,69
2019,8,201908,서울,중구,11633,64
2019,8,201908,서울,중랑구,8714,46
2019,8,201908,세종,세종시,14970,194
2019,8,201908,울산,남구,10456,67
2019,8,201908,울산,동구,2404,34
2019,8,201908,울산,북구,4026,71
2019,8,201908,울산,울주군,6306,58
2019,8,201908,울산,중구,5264,47
2019,8,201908,인천,강화군,2402,28
2019,8,201908,인천,계양구,14092,67
2019,8,201908,인천,남동구,51065,141
2019,8,201908,인천,동구,1350,7
2019,8,201908,인천,미추홀구,15683,63
2019,8,201908,인천,부평구,24173,72
2019,8,201908,인천,서구,21133,138
2019,8,201908,인천,연수구,50505,108
2019,8,201908,인천,옹진군,469,7
2019,8,201908,인천,중구,5765,38
2019,8,201908,전남,강진군,660,5
2019,8,201908,전남,고흥군,1110,8
2019,8,201908,전남,곡성군,643,7
2019,8,201908,전남,광양시,3807,51
2019,8,201908,전남,구례군,516,6
2019,8,201908,전남,나주시,3820,43
2019,8,201908,전남,담양군,1414,15
2019,8,201908,전남,목포시,4949,57
2019,8,201908,전남,무안군,2106,21
2019,8,201908,전남,보성군,2312,12
2019,8,201908,전남,순천시,8638,103
2019,8,201908,전남,신안군,749,9
2019,8,201908,전남,여수시,7512,62
2019,8,201908,전남,영광군,1424,11
2019,8,201908,전남,영암군,1565,15
2019,8,201908,전남,완도군,1166,11
2019,8,201908,전남,장성군,1275,27
2019,8,201908,전남,장흥군,807,2
2019,8,201908,전남,진도군,630,4
2019,8,201908,전남,함평군,1825,5
2019,8,201908,전남,해남군,1329,12
2019,8,201908,전남,화순군,1685,14
2019,8,201908,전북,고창군,1293,22
2019,8,201908,전북,군산시,8013,63
2019,8,201908,전북,김제시,1925,11
2019,8,201908,전북,남원시,1645,23
2019,8,201908,전북,무주군,536,7
2019,8,201908,전북,부안군,1134,16
2019,8,201908,전북,순창군,551,2
2019,8,201908,전북,완주군,2557,43
2019,8,201908,전북,익산시,7442,77
2019,8,201908,전북,임실군,504,10
2019,8,201908,전북,장수군,423,5
2019,8,201908,전북,전주시,34024,204
2019,8,201908,전북,정읍시,2431,28
2019,8,201908,전북,진안군,497,12
2019,8,201908,제주,서귀포시,5816,59
2019,8,201908,제주,제주시,28123,244
2019,8,201908,충남,계룡시,1328,20
2019,8,201908,충남,공주시,2745,40
2019,8,201908,충남,금산군,1374,15
2019,8,201908,충남,논산시,2410,32
2019,8,201908,충남,당진시,4564,60
2019,8,201908,충남,보령시,2418,37
2019,8,201908,충남,부여군,1202,17
2019,8,201908,충남,서산시,4634,76
2019,8,201908,충남,서천군,946,7
2019,8,201908,충남,아산시,9998,196
2019,8,201908,충남,예산군,1813,13
2019,8,201908,충남,천안시,24322,330
2019,8,201908,충남,청양군,581,11
2019,8,201908,충남,태안군,1566,21
2019,8,201908,충남,홍성군,2433,25
2019,8,201908,충북,괴산군,781,17
2019,8,201908,충북,단양군,534,11
2019,8,201908,충북,보은군,670,9
2019,8,201908,충북,영동군,801,12
2019,8,201908,충북,옥천군,1082,11
2019,8,201908,충북,음성군,2642,40
2019,8,201908,충북,제천시,3283,27
2019,8,201908,충북,증평군,871,14
2019,8,201908,충북,진천군,2156,53
2019,8,201908,충북,청주시,30711,336
2019,8,201908,충북,충주시,5259,81
2019,9,201909,강원,강릉시,6844,85
2019,9,201909,강원,고성군,602,9
2019,9,201909,강원,동해시,1810,75
2019,9,201909,강원,삼척시,1271,18
2019,9,201909,강원,속초시,2268,44
2019,9,201909,강원,양구군,495,8
2019,9,201909,강원,양양군,903,16
2019,9,201909,강원,영월군,940,15
2019,9,201909,강원,원주시,12558,152
2019,9,201909,강원,인제군,644,14
2019,9,201909,강원,정선군,950,13
2019,9,201909,강원,철원군,813,13
2019,9,201909,강원,춘천시,8132,108
2019,9,201909,강원,태백시,1119,12
2019,9,201909,강원,평창군,1559,9
2019,9,201909,강원,홍천군,1595,21
2019,9,201909,강원,화천군,426,7
2019,9,201909,강원,횡성군,1373,19
2019,9,201909,경기,가평군,2379,41
2019,9,201909,경기,고양시,52203,301
2019,9,201909,경기,과천시,3612,11
2019,9,201909,경기,광명시,9013,53
2019,9,201909,경기,광주시,18362,166
2019,9,201909,경기,구리시,7048,44
2019,9,201909,경기,군포시,7759,50
2019,9,201909,경기,김포시,22961,324
2019,9,201909,경기,남양주시,28620,314
2019,9,201909,경기,동두천시,1967,21
2019,9,201909,경기,부천시,24340,123
2019,9,201909,경기,성남시,62237,259
2019,9,201909,경기,수원시,53326,350
2019,9,201909,경기,시흥시,14161,150
2019,9,201909,경기,안산시,17477,175
2019,9,201909,경기,안성시,5769,75
2019,9,201909,경기,안양시,19942,115
2019,9,201909,경기,양주시,6505,88
2019,9,201909,경기,양평군,6422,84
2019,9,201909,경기,여주시,3559,59
2019,9,201909,경기,연천군,1307,28
2019,9,201909,경기,오산시,6728,85
2019,9,201909,경기,용인시,69419,516
2019,9,201909,경기,의왕시,6710,28
2019,9,201909,경기,의정부시,11784,106
2019,9,201909,경기,이천시,7808,144
2019,9,201909,경기,파주시,17541,207
2019,9,201909,경기,평택시,21303,247
2019,9,201909,경기,포천시,4700,76
2019,9,201909,경기,하남시,15334,97
2019,9,201909,경기,화성시,40147,428
2019,9,201909,경남,거제시,5788,66
2019,9,201909,경남,거창군,1327,13
2019,9,201909,경남,고성군,969,12
2019,9,201909,경남,김해시,16571,170
2019,9,201909,경남,남해군,773,13
2019,9,201909,경남,밀양시,2378,24
2019,9,201909,경남,사천시,2496,23
2019,9,201909,경남,산청군,776,8
2019,9,201909,경남,양산시,10045,87
2019,9,201909,경남,의령군,500,7
2019,9,201909,경남,진주시,10090,82
2019,9,201909,경남,창녕군,1460,18
2019,9,201909,경남,창원시,64884,297
2019,9,201909,경남,통영시,2952,25
2019,9,201909,경남,하동군,903,10
2019,9,201909,경남,함안군,2592,32
2019,9,201909,경남,함양군,808,11
2019,9,201909,경남,합천군,807,19
2019,9,201909,경북,경산시,7894,76
2019,9,201909,경북,경주시,7268,120
2019,9,201909,경북,고령군,908,21
2019,9,201909,경북,구미시,10728,156
2019,9,201909,경북,군위군,573,10
2019,9,201909,경북,김천시,3072,56
2019,9,201909,경북,문경시,1339,24
2019,9,201909,경북,봉화군,463,9
2019,9,201909,경북,상주시,1726,39
2019,9,201909,경북,성주군,1267,23
2019,9,201909,경북,안동시,3727,72
2019,9,201909,경북,영덕군,701,14
2019,9,201909,경북,영양군,277,2
2019,9,201909,경북,영주시,2005,44
2019,9,201909,경북,영천시,2534,32
2019,9,201909,경북,예천군,1160,19
2019,9,201909,경북,울릉군,162,3
2019,9,201909,경북,울진군,1103,19
2019,9,201909,경북,의성군,852,8
2019,9,201909,경북,청도군,1218,10
2019,9,201909,경북,청송군,435,11
2019,9,201909,경북,칠곡군,3426,48
2019,9,201909,경북,포항시,14701,200
2019,9,201909,광주,광산구,14240,189
2019,9,201909,광주,남구,9607,50
2019,9,201909,광주,동구,4520,19
2019,9,201909,광주,북구,14365,134
2019,9,201909,광주,서구,16732,83
2019,9,201909,대구,남구,5292,31
2019,9,201909,대구,달서구,30129,187
2019,9,201909,대구,달성군,7954,102
2019,9,201909,대구,동구,12401,129
2019,9,201909,대구,북구,13654,128
2019,9,201909,대구,서구,4493,25
2019,9,201909,대구,수성구,55558,157
2019,9,201909,대구,중구,22467,23
2019,9,201909,대전,대덕구,4433,39
2019,9,201909,대전,동구,4780,44
2019,9,201909,대전,서구,16988,141
2019,9,201909,대전,유성구,20008,173
2019,9,201909,대전,중구,6824,71
2019,9,201909,부산,강서구,6830,53
2019,9,201909,부산,금정구,8212,38
2019,9,201909,부산,기장군,6412,40
2019,9,201909,부산,남구,11890,39
2019,9,201909,부산,동구,19894,16
2019,9,201909,부산,동래구,9217,34
2019,9,201909,부산,부산진구,18422,37
2019,9,201909,부산,북구,6500,39
2019,9,201909,부산,사상구,4939,25
2019,9,201909,부산,사하구,6889,30
2019,9,201909,부산,서구,2779,8
2019,9,201909,부산,수영구,18198,35
2019,9,201909,부산,연제구,21077,32
2019,9,201909,부산,영도구,2044,14
2019,9,201909,부산,중구,12718,13
2019,9,201909,부산,해운대구,36448,90
2019,9,201909,서울,강남구,78843,209
2019,9,201909,서울,강동구,16125,83
2019,9,201909,서울,강북구,6167,32
2019,9,201909,서울,강서구,23768,98
2019,9,201909,서울,관악구,11603,39
2019,9,201909,서울,광진구,15076,53
2019,9,201909,서울,구로구,12562,47
2019,9,201909,서울,금천구,7268,36
2019,9,201909,서울,노원구,13150,72
2019,9,201909,서울,도봉구,7518,50
2019,9,201909,서울,동대문구,12442,52
2019,9,201909,서울,동작구,15420,41
2019,9,201909,서울,마포구,21942,76
2019,9,201909,서울,서대문구,12169,61
2019,9,201909,서울,서초구,56733,140
2019,9,201909,서울,성동구,22246,89
2019,9,201909,서울,성북구,15481,86
2019,9,201909,서울,송파구,47032,118
2019,9,201909,서울,양천구,20214,58
2019,9,201909,서울,영등포구,22540,68
2019,9,201909,서울,용산구,22954,62
2019,9,201909,서울,은평구,13082,44
2019,9,201909,서울,종로구,9702,68
2019,9,201909,서울,중구,11890,68
2019,9,201909,서울,중랑구,8823,47
2019,9,201909,세종,세종시,15189,197
2019,9,201909,울산,남구,10509,68
2019,9,201909,울산,동구,2407,35
2019,9,201909,울산,북구,4086,74
2019,9,201909,울산,울주군,6352,58
2019,9,201909,울산,중구,5288,48
2019,9,201909,인천,강화군,2418,28
2019,9,201909,인천,계양구,14013,71
2019,9,201909,인천,남동구,51363,143
2019,9,201909,인천,동구,1356,8
2019,9,201909,인천,미추홀구,16243,70
2019,9,201909,인천,부평구,24388,76
2019,9,201909,인천,서구,21336,148
2019,9,201909,인천,연수구,50854,113
2019,9,201909,인천,옹진군,478,7
2019,9,201909,인천,중구,5839,40
2019,9,201909,전남,강진군,665,5
2019,9,201909,전남,고흥군,1119,8
2019,9,201909,전남,곡성군,646,6
2019,9,201909,전남,광양시,3829,50
2019,9,201909,전남,구례군,513,8
2019,9,201909,전남,나주시,3874,44
2019,9,201909,전남,담양군,1430,14
2019,9,201909,전남,목포시,4980,60
2019,9,201909,전남,무안군,2122,22
2019,9,201909,전남,보성군,2268,12
2019,9,201909,전남,순천시,8728,107
2019,9,201909,전남,신안군,755,11
2019,9,201909,전남,여수시,7602,61
2019,9,201909,전남,영광군,1442,12
2019,9,201909,전남,영암군,1568,15
2019,9,201909,전남,완도군,1176,12
2019,9,201909,전남,장성군,1294,28
2019,9,201909,전남,장흥군,814,4
2019,9,201909,전남,진도군,633,5
2019,9,201909,전남,함평군,1904,5
2019,9,201909,전남,해남군,1330,12
2019,9,201909,전남,화순군,1714,14
2019,9,201909,전북,고창군,1304,22
2019,9,201909,전북,군산시,8101,65
2019,9,201909,전북,김제시,1945,13
2019,9,201909,전북,남원시,1662,24
2019,9,201909,전북,무주군,543,9
2019,9,201909,전북,부안군,1151,16
2019,9,201909,전북,순창군,554,3
2019,9,201909,전북,완주군,2571,46
2019,9,201909,전북,익산시,7518,78
2019,9,201909,전북,임실군,511,10
2019,9,201909,전북,장수군,422,5
2019,9,201909,전북,전주시,34460,212
2019,9,201909,전북,정읍시,2460,31
2019,9,201909,전북,진안군,501,12
2019,9,201909,제주,서귀포시,5842,63
2019,9,201909,제주,제주시,28342,244
2019,9,201909,충남,계룡시,1356,20
2019,9,201909,충남,공주시,2766,41
2019,9,201909,충남,금산군,1383,15
2019,9,201909,충남,논산시,2444,36
2019,9,201909,충남,당진시,4597,62
2019,9,201909,충남,보령시,2434,39
2019,9,201909,충남,부여군,1217,16
2019,9,201909,충남,서산시,4658,78
2019,9,201909,충남,서천군,966,7
2019,9,201909,충남,아산시,10072,201
2019,9,201909,충남,예산군,1828,17
2019,9,201909,충남,천안시,24542,347
2019,9,201909,충남,청양군,584,11
2019,9,201909,충남,태안군,1570,22
2019,9,201909,충남,홍성군,2456,27
2019,9,201909,충북,괴산군,781,17
2019,9,201909,충북,단양군,547,11
2019,9,201909,충북,보은군,686,12
2019,9,201909,충북,영동군,820,12
2019,9,201909,충북,옥천군,1087,9
2019,9,201909,충북,음성군,2646,41
2019,9,201909,충북,제천시,3300,33
2019,9,201909,충북,증평군,876,15
2019,9,201909,충북,진천군,2169,56
2019,9,201909,충북,청주시,30946,354
2019,9,201909,충북,충주시,5306,83
2019,10,201910,강원,강릉시,6921,89
2019,10,201910,강원,고성군,606,10
2019,10,201910,강원,동해시,1831,75
2019,10,201910,강원,삼척시,1267,18
2019,10,201910,강원,속초시,2279,43
2019,10,201910,강원,양구군,498,8
2019,10,201910,강원,양양군,914,17
2019,10,201910,강원,영월군,942,15
2019,10,201910,강원,원주시,12733,158
2019,10,201910,강원,인제군,645,14
2019,10,201910,강원,정선군,964,12
2019,10,201910,강원,철원군,816,14
2019,10,201910,강원,춘천시,8191,114
2019,10,201910,강원,태백시,1120,12
2019,10,201910,강원,평창군,1571,9
2019,10,201910,강원,홍천군,1604,22
2019,10,201910,강원,화천군,438,7
2019,10,201910,강원,횡성군,1387,20
2019,10,201910,경기,가평군,2422,42
2019,10,201910,경기,고양시,52802,305
2019,10,201910,경기,과천시,3625,11
2019,10,201910,경기,광명시,9018,55
2019,10,201910,경기,광주시,18576,171
2019,10,201910,경기,구리시,7083,43
2019,10,201910,경기,군포시,7806,53
2019,10,201910,경기,김포시,23198,331
2019,10,201910,경기,남양주시,28950,336
2019,10,201910,경기,동두천시,1994,21
2019,10,201910,경기,부천시,24611,128
2019,10,201910,경기,성남시,62535,264
2019,10,201910,경기,수원시,53976,360
2019,10,201910,경기,시흥시,14393,154
2019,10,201910,경기,안산시,17614,181
2019,10,201910,경기,안성시,5854,79
2019,10,201910,경기,안양시,20094,123
2019,10,201910,경기,양주시,6579,92
2019,10,201910,경기,양평군,6478,84
2019,10,201910,경기,여주시,3590,64
2019,10,201910,경기,연천군,1308,28
2019,10,201910,경기,오산시,6884,90
2019,10,201910,경기,용인시,70311,524
2019,10,201910,경기,의왕시,6761,27
2019,10,201910,경기,의정부시,11920,109
2019,10,201910,경기,이천시,7903,144
2019,10,201910,경기,파주시,17730,220
2019,10,201910,경기,평택시,21617,251
2019,10,201910,경기,포천시,4752,77
2019,10,201910,경기,하남시,15535,101
2019,10,201910,경기,화성시,40744,443
2019,10,201910,경남,거제시,5805,65
2019,10,201910,경남,거창군,1333,14
2019,10,201910,경남,고성군,975,13
2019,10,201910,경남,김해시,16758,172
2019,10,201910,경남,남해군,786,14
2019,10,201910,경남,밀양시,2407,23
2019,10,201910,경남,사천시,2520,21
2019,10,201910,경남,산청군,775,7
2019,10,201910,경남,양산시,10163,94
2019,10,201910,경남,의령군,508,9
2019,10,201910,경남,진주시,10181,88
2019,10,201910,경남,창녕군,1483,20
2019,10,201910,경남,창원시,64071,307
2019,10,201910,경남,통영시,2985,26
2019,10,201910,경남,하동군,912,12
2019,10,201910,경남,함안군,2588,32
2019,10,201910,경남,함양군,814,11
2019,10,201910,경남,합천군,807,18
2019,10,201910,경북,경산시,7957,87
2019,10,201910,경북,경주시,7345,127
2019,10,201910,경북,고령군,910,21
2019,10,201910,경북,구미시,10855,160
2019,10,201910,경북,군위군,590,10
2019,10,201910,경북,김천시,3083,56
2019,10,201910,경북,문경시,1361,26
2019,10,201910,경북,봉화군,466,9
2019,10,201910,경북,상주시,1740,44
2019,10,201910,경북,성주군,1273,24
2019,10,201910,경북,안동시,3782,73
2019,10,201910,경북,영덕군,705,13
2019,10,201910,경북,영양군,277,3
2019,10,201910,경북,영주시,2028,49
2019,10,201910,경북,영천시,2554,33
2019,10,201910,경북,예천군,1179,18
2019,10,201910,경북,울릉군,165,3
2019,10,201910,경북,울진군,1121,19
2019,10,201910,경북,의성군,867,9
2019,10,201910,경북,청도군,1241,9
2019,10,201910,경북,청송군,440,8
2019,10,201910,경북,칠곡군,3468,47
2019,10,201910,경북,포항시,14862,203
2019,10,201910,광주,광산구,14360,193
2019,10,201910,광주,남구,9751,49
2019,10,201910,광주,동구,4596,20
2019,10,201910,광주,북구,14470,139
2019,10,201910,광주,서구,16820,80
2019,10,201910,대구,남구,5328,32
2019,10,201910,대구,달서구,30995,193
2019,10,201910,대구,달성군,8009,104
2019,10,201910,대구,동구,12704,135
2019,10,201910,대구,북구,13821,132
2019,10,201910,대구,서구,4552,24
2019,10,201910,대구,수성구,55783,157
2019,10,201910,대구,중구,22798,22
2019,10,201910,대전,대덕구,4444,41
2019,10,201910,대전,동구,4830,48
2019,10,201910,대전,서구,17167,152
2019,10,201910,대전,유성구,20148,178
2019,10,201910,대전,중구,6858,75
2019,10,201910,부산,강서구,6919,54
2019,10,201910,부산,금정구,8254,40
2019,10,201910,부산,기장군,6470,42
2019,10,201910,부산,남구,11987,44
2019,10,201910,부산,동구,19990,16
2019,10,201910,부산,동래구,9335,37
2019,10,201910,부산,부산진구,18574,41
2019,10,201910,부산,북구,6546,39
2019,10,201910,부산,사상구,4992,25
2019,10,201910,부산,사하구,6899,31
2019,10,201910,부산,서구,2806,8
2019,10,201910,부산,수영구,18020,35
2019,10,201910,부산,연제구,21342,37
2019,10,201910,부산,영도구,2049,14
2019,10,201910,부산,중구,12975,13
2019,10,201910,부산,해운대구,36632,95
2019,10,201910,서울,강남구,79297,217
2019,10,201910,서울,강동구,16657,90
2019,10,201910,서울,강북구,6227,30
2019,10,201910,서울,강서구,24055,101
2019,10,201910,서울,관악구,11628,39
2019,10,201910,서울,광진구,15105,56
2019,10,201910,서울,구로구,12645,53
2019,10,201910,서울,금천구,7318,37
2019,10,201910,서울,노원구,13151,73
2019,10,201910,서울,도봉구,7605,54
2019,10,201910,서울,동대문구,12540,53
2019,10,201910,서울,동작구,15546,42
2019,10,201910,서울,마포구,22196,77
2019,10,201910,서울,서대문구,12265,62
2019,10,201910,서울,서초구,56936,140
2019,10,201910,서울,성동구,22395,91
2019,10,201910,서울,성북구,15707,85
2019,10,201910,서울,송파구,47263,124
2019,10,201910,서울,양천구,20354,58
2019,10,201910,서울,영등포구,22544,71
2019,10,201910,서울,용산구,23027,64
2019,10,201910,서울,은평구,13205,45
2019,10,201910,서울,종로구,9762,69
2019,10,201910,서울,중구,11902,66
2019,10,201910,서울,중랑구,8878,48
2019,10,201910,세종,세종시,15483,202
2019,10,201910,울산,남구,10579,68
2019,10,201910,울산,동구,2421,38
2019,10,201910,울산,북구,4190,77
2019,10,201910,울산,울주군,6403,59
2019,10,201910,울산,중구,5318,52
2019,10,201910,인천,강화군,2430,28
2019,10,201910,인천,계양구,13937,74
2019,10,201910,인천,남동구,51619,151
2019,10,201910,인천,동구,1365,9
2019,10,201910,인천,미추홀구,18119,70
2019,10,201910,인천,부평구,24551,79
2019,10,201910,인천,서구,21661,149
2019,10,201910,인천,연수구,51190,121
2019,10,201910,인천,옹진군,491,7
2019,10,201910,인천,중구,5944,39
2019,10,201910,전남,강진군,668,6
2019,10,201910,전남,고흥군,1120,8
2019,10,201910,전남,곡성군,659,6
2019,10,201910,전남,광양시,3878,54
2019,10,201910,전남,구례군,514,8
2019,10,201910,전남,나주시,3908,44
2019,10,201910,전남,담양군,1436,14
2019,10,201910,전남,목포시,5034,65
2019,10,201910,전남,무안군,2136,26
2019,10,201910,전남,보성군,2215,12
2019,10,201910,전남,순천시,8859,113
2019,10,201910,전남,신안군,761,11
2019,10,201910,전남,여수시,7703,64
2019,10,201910,전남,영광군,1454,11
2019,10,201910,전남,영암군,1569,16
2019,10,201910,전남,완도군,1187,12
2019,10,201910,전남,장성군,1293,28
2019,10,201910,전남,장흥군,822,4
2019,10,201910,전남,진도군,639,5
2019,10,201910,전남,함평군,1973,7
2019,10,201910,전남,해남군,1339,14
2019,10,201910,전남,화순군,1739,16
2019,10,201910,전북,고창군,1317,22
2019,10,201910,전북,군산시,8154,66
2019,10,201910,전북,김제시,1975,13
2019,10,201910,전북,남원시,1678,25
2019,10,201910,전북,무주군,545,10
2019,10,201910,전북,부안군,1153,16
2019,10,201910,전북,순창군,563,3
2019,10,201910,전북,완주군,2600,45
2019,10,201910,전북,익산시,7602,83
2019,10,201910,전북,임실군,515,12
2019,10,201910,전북,장수군,422,5
2019,10,201910,전북,전주시,34756,215
2019,10,201910,전북,정읍시,2488,32
2019,10,201910,전북,진안군,507,12
2019,10,201910,제주,서귀포시,5870,62
2019,10,201910,제주,제주시,28651,248
2019,10,201910,충남,계룡시,1380,21
2019,10,201910,충남,공주시,2806,44
2019,10,201910,충남,금산군,1393,16
2019,10,201910,충남,논산시,2455,39
2019,10,201910,충남,당진시,4631,69
2019,10,201910,충남,보령시,2452,37
2019,10,201910,충남,부여군,1240,17
2019,10,201910,충남,서산시,4698,81
2019,10,201910,충남,서천군,973,8
2019,10,201910,충남,아산시,10188,201
2019,10,201910,충남,예산군,1837,19
2019,10,201910,충남,천안시,24888,357
2019,10,201910,충남,청양군,587,11
2019,10,201910,충남,태안군,1586,22
2019,10,201910,충남,홍성군,2473,30
2019,10,201910,충북,괴산군,792,16
2019,10,201910,충북,단양군,544,11
2019,10,201910,충북,보은군,694,12
2019,10,201910,충북,영동군,823,13
2019,10,201910,충북,옥천군,1089,11
2019,10,201910,충북,음성군,2655,43
2019,10,201910,충북,제천시,3316,36
2019,10,201910,충북,증평군,896,16
2019,10,201910,충북,진천군,2192,61
2019,10,201910,충북,청주시,31217,363
2019,10,201910,충북,충주시,5361,91
2019,11,201911,강원,강릉시,6982,90
2019,11,201911,강원,고성군,618,11
2019,11,201911,강원,동해시,1847,76
2019,11,201911,강원,삼척시,1277,20
2019,11,201911,강원,속초시,2337,42
2019,11,201911,강원,양구군,498,8
2019,11,201911,강원,양양군,917,17
2019,11,201911,강원,영월군,957,16
2019,11,201911,강원,원주시,12902,161
2019,11,201911,강원,인제군,647,14
2019,11,201911,강원,정선군,979,12
2019,11,201911,강원,철원군,824,16
2019,11,201911,강원,춘천시,8305,118
2019,11,201911,강원,태백시,1121,12
2019,11,201911,강원,평창군,1573,11
2019,11,201911,강원,홍천군,1626,25
2019,11,201911,강원,화천군,455,6
2019,11,201911,강원,횡성군,1408,19
2019,11,201911,경기,가평군,2447,45
2019,11,201911,경기,고양시,53519,311
2019,11,201911,경기,과천시,3685,11
2019,11,201911,경기,광명시,9065,65
2019,11,201911,경기,광주시,18751,169
2019,11,201911,경기,구리시,7162,48
2019,11,201911,경기,군포시,7888,55
2019,11,201911,경기,김포시,23504,340
2019,11,201911,경기,남양주시,29219,347
2019,11,201911,경기,동두천시,2011,23
2019,11,201911,경기,부천시,24833,136
2019,11,201911,경기,성남시,62990,268
2019,11,201911,경기,수원시,54632,367
2019,11,201911,경기,시흥시,14632,158
2019,11,201911,경기,안산시,17896,179
2019,11,201911,경기,안성시,5929,78
2019,11,201911,경기,안양시,20288,120
2019,11,201911,경기,양주시,6687,95
2019,11,201911,경기,양평군,6530,82
2019,11,201911,경기,여주시,3635,63
2019,11,201911,경기,연천군,1334,28
2019,11,201911,경기,오산시,7022,92
2019,11,201911,경기,용인시,71175,536
2019,11,201911,경기,의왕시,6853,26
2019,11,201911,경기,의정부시,12014,110
2019,11,201911,경기,이천시,7972,148
2019,11,201911,경기,파주시,17857,218
2019,11,201911,경기,평택시,21960,261
2019,11,201911,경기,포천시,4778,78
2019,11,201911,경기,하남시,15778,107
2019,11,201911,경기,화성시,41361,463
2019,11,201911,경남,거제시,5859,66
2019,11,201911,경남,거창군,1352,14
2019,11,201911,경남,고성군,990,13
2019,11,201911,경남,김해시,16939,174
2019,11,201911,경남,남해군,787,15
2019,11,201911,경남,밀양시,2427,25
2019,11,201911,경남,사천시,2543,21
2019,11,201911,경남,산청군,787,8
2019,11,201911,경남,양산시,10247,94
2019,11,201911,경남,의령군,513,9
2019,11,201911,경남,진주시,10287,87
2019,11,201911,경남,창녕군,1493,20
2019,11,201911,경남,창원시,64425,303
2019,11,201911,경남,통영시,3018,26
2019,11,201911,경남,하동군,917,13
2019,11,201911,경남,함안군,2581,33
2019,11,201911,경남,함양군,725,11
2019,11,201911,경남,합천군,827,18
2019,11,201911,경북,경산시,8046,85
2019,11,201911,경북,경주시,7442,124
2019,11,201911,경북,고령군,910,21
2019,11,201911,경북,구미시,10945,172
2019,11,201911,경북,군위군,601,10
2019,11,201911,경북,김천시,3118,57
2019,11,201911,경북,문경시,1384,27
2019,11,201911,경북,봉화군,473,10
2019,11,201911,경북,상주시,1744,46
2019,11,201911,경북,성주군,1286,23
2019,11,201911,경북,안동시,3841,74
2019,11,201911,경북,영덕군,707,12
2019,11,201911,경북,영양군,277,3
2019,11,201911,경북,영주시,2036,47
2019,11,201911,경북,영천시,2581,35
2019,11,201911,경북,예천군,1191,17
2019,11,201911,경북,울릉군,164,4
2019,11,201911,경북,울진군,1131,20
2019,11,201911,경북,의성군,877,9
2019,11,201911,경북,청도군,1262,9
2019,11,201911,경북,청송군,442,11
2019,11,201911,경북,칠곡군,3504,51
2019,11,201911,경북,포항시,15040,202
2019,11,201911,광주,광산구,14554,192
2019,11,201911,광주,남구,9901,51
2019,11,201911,광주,동구,4662,22
2019,11,201911,광주,북구,14621,136
2019,11,201911,광주,서구,16854,85
2019,11,201911,대구,남구,5406,33
2019,11,201911,대구,달서구,31738,193
2019,11,201911,대구,달성군,8143,100
2019,11,201911,대구,동구,13452,135
2019,11,201911,대구,북구,13917,132
2019,11,201911,대구,서구,4625,25
2019,11,201911,대구,수성구,56071,163
2019,11,201911,대구,중구,23116,26
2019,11,201911,대전,대덕구,4464,45
2019,11,201911,대전,동구,4863,50
2019,11,201911,대전,서구,17211,160
2019,11,201911,대전,유성구,20492,177
2019,11,201911,대전,중구,6938,77
2019,11,201911,부산,강서구,7016,58
2019,11,201911,부산,금정구,8284,40
2019,11,201911,부산,기장군,6544,42
2019,11,201911,부산,남구,12104,48
2019,11,201911,부산,동구,20278,16
2019,11,201911,부산,동래구,9434,37
2019,11,201911,부산,부산진구,18626,41
2019,11,201911,부산,북구,6610,41
2019,11,201911,부산,사상구,5022,24
2019,11,201911,부산,사하구,6963,33
2019,11,201911,부산,서구,2842,8
2019,11,201911,부산,수영구,18001,33
2019,11,201911,부산,연제구,21726,38
2019,11,201911,부산,영도구,2079,13
2019,11,201911,부산,중구,13271,13
2019,11,201911,부산,해운대구,36897,95
2019,11,201911,서울,강남구,79910,212
2019,11,201911,서울,강동구,17077,96
2019,11,201911,서울,강북구,6311,30
2019,11,201911,서울,강서구,24418,101
2019,11,201911,서울,관악구,11692,40
2019,11,201911,서울,광진구,15338,59
2019,11,201911,서울,구로구,12733,51
2019,11,201911,서울,금천구,7399,36
2019,11,201911,서울,노원구,13263,74
2019,11,201911,서울,도봉구,7671,57
2019,11,201911,서울,동대문구,12662,54
2019,11,201911,서울,동작구,15639,42
2019,11,201911,서울,마포구,22364,76
2019,11,201911,서울,서대문구,12364,63
2019,11,201911,서울,서초구,57422,143
2019,11,201911,서울,성동구,22588,89
2019,11,201911,서울,성북구,15860,86
2019,11,201911,서울,송파구,47675,127
2019,11,201911,서울,양천구,20533,59
2019,11,201911,서울,영등포구,22623,72
2019,11,201911,서울,용산구,23144,64
2019,11,201911,서울,은평구,13357,49
2019,11,201911,서울,종로구,9810,68
2019,11,201911,서울,중구,11961,66
2019,11,201911,서울,중랑구,8944,49
2019,11,201911,세종,세종시,15751,210
2019,11,201911,울산,남구,10670,70
2019,11,201911,울산,동구,2407,40
2019,11,201911,울산,북구,4404,79
2019,11,201911,울산,울주군,6467,62
2019,11,201911,울산,중구,5358,51
2019,11,201911,인천,강화군,2440,33
2019,11,201911,인천,계양구,13911,77
2019,11,201911,인천,남동구,52137,146
2019,11,201911,인천,동구,1374,10
2019,11,201911,인천,미추홀구,18641,69
2019,11,201911,인천,부평구,24761,84
2019,11,201911,인천,서구,22006,155
2019,11,201911,인천,연수구,51414,122
2019,11,201911,인천,옹진군,499,6
2019,11,201911,인천,중구,6025,42
2019,11,201911,전남,강진군,678,7
2019,11,201911,전남,고흥군,1119,8
2019,11,201911,전남,곡성군,674,6
2019,11,201911,전남,광양시,3952,57
2019,11,201911,전남,구례군,520,8
2019,11,201911,전남,나주시,3929,47
2019,11,201911,전남,담양군,1455,14
2019,11,201911,전남,목포시,5102,67
2019,11,201911,전남,무안군,2144,27
2019,11,201911,전남,보성군,2173,13
2019,11,201911,전남,순천시,8943,114
2019,11,201911,전남,신안군,833,12
2019,11,201911,전남,여수시,7831,64
2019,11,201911,전남,영광군,1469,11
2019,11,201911,전남,영암군,1752,16
2019,11,201911,전남,완도군,1195,11
2019,11,201911,전남,장성군,1309,30
2019,11,201911,전남,장흥군,822,5
2019,11,201911,전남,진도군,637,5
2019,11,201911,전남,함평군,1864,10
2019,11,201911,전남,해남군,1343,12
2019,11,201911,전남,화순군,1750,18
2019,11,201911,전북,고창군,1337,22
2019,11,201911,전북,군산시,8221,70
2019,11,201911,전북,김제시,1996,15
2019,11,201911,전북,남원시,1692,25
2019,11,201911,전북,무주군,554,10
2019,11,201911,전북,부안군,1153,16
2019,11,201911,전북,순창군,560,2
2019,11,201911,전북,완주군,2638,47
2019,11,201911,전북,익산시,7656,84
2019,11,201911,전북,임실군,525,12
2019,11,201911,전북,장수군,425,5
2019,11,201911,전북,전주시,35311,219
2019,11,201911,전북,정읍시,2510,35
2019,11,201911,전북,진안군,513,12
2019,11,201911,제주,서귀포시,5907,63
2019,11,201911,제주,제주시,28901,249
2019,11,201911,충남,계룡시,1390,23
2019,11,201911,충남,공주시,2822,46
2019,11,201911,충남,금산군,1409,13
2019,11,201911,충남,논산시,2475,42
2019,11,201911,충남,당진시,4650,72
2019,11,201911,충남,보령시,2479,38
2019,11,201911,충남,부여군,1250,18
2019,11,201911,충남,서산시,4739,86
2019,11,201911,충남,서천군,979,8
2019,11,201911,충남,아산시,10270,206
2019,11,201911,충남,예산군,1858,23
2019,11,201911,충남,천안시,25125,369
2019,11,201911,충남,청양군,596,11
2019,11,201911,충남,태안군,1608,21
2019,11,201911,충남,홍성군,2505,28
2019,11,201911,충북,괴산군,802,14
2019,11,201911,충북,단양군,552,11
2019,11,201911,충북,보은군,705,11
2019,11,201911,충북,영동군,827,13
2019,11,201911,충북,옥천군,1113,12
2019,11,201911,충북,음성군,2667,44
2019,11,201911,충북,제천시,3356,38
2019,11,201911,충북,증평군,909,17
2019,11,201911,충북,진천군,2194,64
2019,11,201911,충북,청주시,31468,372
2019,11,201911,충북,충주시,5445,94
2019,12,201912,강원,강릉시,7055,92
2019,12,201912,강원,고성군,622,11
2019,12,201912,강원,동해시,1863,76
2019,12,201912,강원,삼척시,1290,20
2019,12,201912,강원,속초시,2349,41
2019,12,201912,강원,양구군,497,8
2019,12,201912,강원,양양군,934,18
2019,12,201912,강원,영월군,974,16
2019,12,201912,강원,원주시,13053,161
2019,12,201912,강원,인제군,659,16
2019,12,201912,강원,정선군,993,12
2019,12,201912,강원,철원군,829,17
2019,12,201912,강원,춘천시,8439,120
2019,12,201912,강원,태백시,1142,13
2019,12,201912,강원,평창군,1569,13
2019,12,201912,강원,홍천군,1642,26
2019,12,201912,강원,화천군,463,7
2019,12,201912,강원,횡성군,1421,21
2019,12,201912,경기,가평군,2447,46
2019,12,201912,경기,고양시,54157,311
2019,12,201912,경기,과천시,3742,11
2019,12,201912,경기,광명시,9189,67
2019,12,201912,경기,광주시,18980,169
2019,12,201912,경기,구리시,7244,48
2019,12,201912,경기,군포시,7970,53
2019,12,201912,경기,김포시,23731,366
2019,12,201912,경기,남양주시,29579,355
2019,12,201912,경기,동두천시,2030,23
2019,12,201912,경기,부천시,25170,154
2019,12,201912,경기,성남시,63564,289
2019,12,201912,경기,수원시,55549,377
2019,12,201912,경기,시흥시,14836,158
2019,12,201912,경기,안산시,18105,185
2019,12,201912,경기,안성시,5993,80
2019,12,201912,경기,안양시,20444,121
2019,12,201912,경기,양주시,6767,97
2019,12,201912,경기,양평군,6576,81
2019,12,201912,경기,여주시,3684,63
2019,12,201912,경기,연천군,1340,28
2019,12,201912,경기,오산시,7180,93
2019,12,201912,경기,용인시,72242,543
2019,12,201912,경기,의왕시,7044,27
2019,12,201912,경기,의정부시,12209,110
2019,12,201912,경기,이천시,8064,149
2019,12,201912,경기,파주시,17995,222
2019,12,201912,경기,평택시,22274,265
2019,12,201912,경기,포천시,4810,80
2019,12,201912,경기,하남시,16029,112
2019,12,201912,경기,화성시,42029,472
2019,12,201912,경남,거제시,5908,67
2019,12,201912,경남,거창군,1379,15
2019,12,201912,경남,고성군,989,13
2019,12,201912,경남,김해시,17137,183
2019,12,201912,경남,남해군,789,15
2019,12,201912,경남,밀양시,2432,25
2019,12,201912,경남,사천시,2576,23
2019,12,201912,경남,산청군,799,7
2019,12,201912,경남,양산시,10359,105
2019,12,201912,경남,의령군,516,11
2019,12,201912,경남,진주시,10422,91
2019,12,201912,경남,창녕군,1507,22
2019,12,201912,경남,창원시,64773,317
2019,12,201912,경남,통영시,3053,28
2019,12,201912,경남,하동군,921,14
2019,12,201912,경남,함안군,2592,34
2019,12,201912,경남,함양군,734,12
2019,12,201912,경남,합천군,842,18
2019,12,201912,경북,경산시,8186,86
2019,12,201912,경북,경주시,7536,124
2019,12,201912,경북,고령군,920,21
2019,12,201912,경북,구미시,11101,178
2019,12,201912,경북,군위군,613,11
2019,12,201912,경북,김천시,3144,58
2019,12,201912,경북,문경시,1396,29
2019,12,201912,경북,봉화군,478,9
2019,12,201912,경북,상주시,1796,46
2019,12,201912,경북,성주군,1322,25
2019,12,201912,경북,안동시,3888,78
2019,12,201912,경북,영덕군,715,12
2019,12,201912,경북,영양군,280,5
2019,12,201912,경북,영주시,2059,48
2019,12,201912,경북,영천시,2596,33
2019,12,201912,경북,예천군,1217,18
2019,12,201912,경북,울릉군,167,4
2019,12,201912,경북,울진군,1153,20
2019,12,201912,경북,의성군,899,9
2019,12,201912,경북,청도군,1281,10
2019,12,201912,경북,청송군,451,11
2019,12,201912,경북,칠곡군,3528,51
2019,12,201912,경북,포항시,15198,205
2019,12,201912,광주,광산구,14694,192
2019,12,201912,광주,남구,9999,53
2019,12,201912,광주,동구,4735,23
2019,12,201912,광주,북구,14722,139
2019,12,201912,광주,서구,16988,89
2019,12,201912,대구,남구,5503,34
2019,12,201912,대구,달서구,32369,193
2019,12,201912,대구,달성군,8241,101
2019,12,201912,대구,동구,13711,139
2019,12,201912,대구,북구,14067,138
2019,12,201912,대구,서구,4631,25
2019,12,201912,대구,수성구,56630,160
2019,12,201912,대구,중구,23162,26
2019,12,201912,대전,대덕구,4499,45
2019,12,201912,대전,동구,4915,53
2019,12,201912,대전,서구,17459,162
2019,12,201912,대전,유성구,20789,176
2019,12,201912,대전,중구,7015,82
2019,12,201912,부산,강서구,7119,57
2019,12,201912,부산,금정구,8357,40
2019,12,201912,부산,기장군,6606,42
2019,12,201912,부산,남구,12263,48
2019,12,201912,부산,동구,20758,17
2019,12,201912,부산,동래구,9612,37
2019,12,201912,부산,부산진구,18819,41
2019,12,201912,부산,북구,6669,40
2019,12,201912,부산,사상구,5069,23
2019,12,201912,부산,사하구,7028,33
2019,12,201912,부산,서구,2867,8
2019,12,201912,부산,수영구,18099,33
2019,12,201912,부산,연제구,22318,41
2019,12,201912,부산,영도구,2083,14
2019,12,201912,부산,중구,13697,13
2019,12,201912,부산,해운대구,37239,94
2019,12,201912,서울,강남구,80719,210
2019,12,201912,서울,강동구,17454,99
2019,12,201912,서울,강북구,6384,32
2019,12,201912,서울,강서구,24964,104
2019,12,201912,서울,관악구,11779,38
2019,12,201912,서울,광진구,15420,63
2019,12,201912,서울,구로구,12841,54
2019,12,201912,서울,금천구,7504,37
2019,12,201912,서울,노원구,13427,78
2019,12,201912,서울,도봉구,7744,57
2019,12,201912,서울,동대문구,12836,54
2019,12,201912,서울,동작구,15760,43
2019,12,201912,서울,마포구,22572,76
2019,12,201912,서울,서대문구,12490,63
2019,12,201912,서울,서초구,57894,149
2019,12,201912,서울,성동구,22840,86
2019,12,201912,서울,성북구,16000,87
2019,12,201912,서울,송파구,48200,126
2019,12,201912,서울,양천구,20718,62
2019,12,201912,서울,영등포구,22717,70
2019,12,201912,서울,용산구,23374,63
2019,12,201912,서울,은평구,13453,53
2019,12,201912,서울,종로구,9893,68
2019,12,201912,서울,중구,12042,67
2019,12,201912,서울,중랑구,9055,49
2019,12,201912,세종,세종시,16046,214
2019,12,201912,울산,남구,10759,68
2019,12,201912,울산,동구,2415,43
2019,12,201912,울산,북구,4474,82
2019,12,201912,울산,울주군,6550,65
2019,12,201912,울산,중구,5387,50
2019,12,201912,인천,강화군,2464,32
2019,12,201912,인천,계양구,13878,78
2019,12,201912,인천,남동구,53124,155
2019,12,201912,인천,동구,1375,10
2019,12,201912,인천,미추홀구,19418,70
2019,12,201912,인천,부평구,24912,84
2019,12,201912,인천,서구,22416,159
2019,12,201912,인천,연수구,51675,125
2019,12,201912,인천,옹진군,491,6
2019,12,201912,인천,중구,6126,47
2019,12,201912,전남,강진군,684,10
2019,12,201912,전남,고흥군,1151,10
2019,12,201912,전남,곡성군,679,5
2019,12,201912,전남,광양시,4124,60
2019,12,201912,전남,구례군,540,9
2019,12,201912,전남,나주시,3991,49
2019,12,201912,전남,담양군,1469,14
2019,12,201912,전남,목포시,5166,68
2019,12,201912,전남,무안군,2153,33
2019,12,201912,전남,보성군,2231,12
2019,12,201912,전남,순천시,9045,116
2019,12,201912,전남,신안군,838,12
2019,12,201912,전남,여수시,7917,64
2019,12,201912,전남,영광군,1499,12
2019,12,201912,전남,영암군,1746,16
2019,12,201912,전남,완도군,1219,11
2019,12,201912,전남,장성군,1332,30
2019,12,201912,전남,장흥군,834,5
2019,12,201912,전남,진도군,639,5
2019,12,201912,전남,함평군,1913,10
2019,12,201912,전남,해남군,1368,14
2019,12,201912,전남,화순군,1766,18
2019,12,201912,전북,고창군,1356,21
2019,12,201912,전북,군산시,8317,70
2019,12,201912,전북,김제시,2023,15
2019,12,201912,전북,남원시,1701,27
2019,12,201912,전북,무주군,559,10
2019,12,201912,전북,부안군,1163,16
2019,12,201912,전북,순창군,577,2
2019,12,201912,전북,완주군,2656,47
2019,12,201912,전북,익산시,7712,92
2019,12,201912,전북,임실군,527,11
2019,12,201912,전북,장수군,424,5
2019,12,201912,전북,전주시,35735,223
2019,12,201912,전북,정읍시,2535,35
2019,12,201912,전북,진안군,517,11
2019,12,201912,제주,서귀포시,5934,65
2019,12,201912,제주,제주시,29105,249
2019,12,201912,충남,계룡시,1400,25
2019,12,201912,충남,공주시,2854,49
2019,12,201912,충남,금산군,1413,14
2019,12,201912,충남,논산시,2503,42
2019,12,201912,충남,당진시,4699,74
2019,12,201912,충남,보령시,2511,39
2019,12,201912,충남,부여군,1244,20
2019,12,201912,충남,서산시,4787,86
2019,12,201912,충남,서천군,987,8
2019,12,201912,충남,아산시,10387,209
2019,12,201912,충남,예산군,1892,24
2019,12,201912,충남,천안시,25419,379
2019,12,201912,충남,청양군,610,11
2019,12,201912,충남,태안군,1632,22
2019,12,201912,충남,홍성군,2534,29
2019,12,201912,충북,괴산군,844,15
2019,12,201912,충북,단양군,559,11
2019,12,201912,충북,보은군,709,12
2019,12,201912,충북,영동군,841,14
2019,12,201912,충북,옥천군,1132,10
2019,12,201912,충북,음성군,2722,45
2019,12,201912,충북,제천시,3398,39
2019,12,201912,충북,증평군,927,18
2019,12,201912,충북,진천군,2214,64
2019,12,201912,충북,청주시,31771,376
2019,12,201912,충북,충주시,5513,97
2020,1,202001,강원,강릉시,7123,91
2020,1,202001,강원,고성군,621,12
2020,1,202001,강원,동해시,1873,77
2020,1,202001,강원,삼척시,1284,22
2020,1,202001,강원,속초시,2380,40
2020,1,202001,강원,양구군,493,8
2020,1,202001,강원,양양군,934,19
2020,1,202001,강원,영월군,985,15
2020,1,202001,강원,원주시,13206,169
2020,1,202001,강원,인제군,663,18
2020,1,202001,강원,정선군,1000,11
2020,1,202001,강원,철원군,833,16
2020,1,202001,강원,춘천시,8523,122
2020,1,202001,강원,태백시,1144,12
2020,1,202001,강원,평창군,1570,14
2020,1,202001,강원,홍천군,1653,27
2020,1,202001,강원,화천군,464,8
2020,1,202001,강원,횡성군,1422,20
2020,1,202001,경기,가평군,2469,43
2020,1,202001,경기,고양시,54571,315
2020,1,202001,경기,과천시,3757,11
2020,1,202001,경기,광명시,9278,70
2020,1,202001,경기,광주시,19122,170
2020,1,202001,경기,구리시,7296,47
2020,1,202001,경기,군포시,8007,55
2020,1,202001,경기,김포시,23911,370
2020,1,202001,경기,남양주시,29776,358
2020,1,202001,경기,동두천시,2060,22
2020,1,202001,경기,부천시,25282,156
2020,1,202001,경기,성남시,63871,289
2020,1,202001,경기,수원시,55688,376
2020,1,202001,경기,시흥시,15021,158
2020,1,202001,경기,안산시,18224,184
2020,1,202001,경기,안성시,6053,84
2020,1,202001,경기,안양시,20507,117
2020,1,202001,경기,양주시,6793,99
2020,1,202001,경기,양평군,6609,84
2020,1,202001,경기,여주시,3747,62
2020,1,202001,경기,연천군,1332,28
2020,1,202001,경기,오산시,7234,97
2020,1,202001,경기,용인시,72764,542
2020,1,202001,경기,의왕시,7237,31
2020,1,202001,경기,의정부시,12310,119
2020,1,202001,경기,이천시,8094,149
2020,1,202001,경기,파주시,18132,226
2020,1,202001,경기,평택시,22540,270
2020,1,202001,경기,포천시,4889,82
2020,1,202001,경기,하남시,16250,114
2020,1,202001,경기,화성시,42503,480
2020,1,202001,경남,거제시,5936,67
2020,1,202001,경남,거창군,1381,15
2020,1,202001,경남,고성군,996,13
2020,1,202001,경남,김해시,17256,186
2020,1,202001,경남,남해군,793,15
2020,1,202001,경남,밀양시,2450,25
2020,1,202001,경남,사천시,2600,21
2020,1,202001,경남,산청군,805,7
2020,1,202001,경남,양산시,10473,109
2020,1,202001,경남,의령군,530,11
2020,1,202001,경남,진주시,10496,96
2020,1,202001,경남,창녕군,1503,22
2020,1,202001,경남,창원시,65057,321
2020,1,202001,경남,통영시,3035,28
2020,1,202001,경남,하동군,921,14
2020,1,202001,경남,함안군,2595,35
2020,1,202001,경남,함양군,738,12
2020,1,202001,경남,합천군,836,18
2020,1,202001,경북,경산시,8311,85
2020,1,202001,경북,경주시,7591,126
2020,1,202001,경북,고령군,933,21
2020,1,202001,경북,구미시,11227,183
2020,1,202001,경북,군위군,613,12
2020,1,202001,경북,김천시,3151,61
2020,1,202001,경북,문경시,1395,30
2020,1,202001,경북,봉화군,477,9
2020,1,202001,경북,상주시,1809,46
2020,1,202001,경북,성주군,1330,25
2020,1,202001,경북,안동시,3921,80
2020,1,202001,경북,영덕군,722,11
2020,1,202001,경북,영양군,281,6
2020,1,202001,경북,영주시,2089,52
2020,1,202001,경북,영천시,2619,34
2020,1,202001,경북,예천군,1233,18
2020,1,202001,경북,울릉군,166,4
2020,1,202001,경북,울진군,1171,20
2020,1,202001,경북,의성군,912,10
2020,1,202001,경북,청도군,1305,10
2020,1,202001,경북,청송군,448,11
2020,1,202001,경북,칠곡군,3531,52
2020,1,202001,경북,포항시,15365,214
2020,1,202001,광주,광산구,14831,194
2020,1,202001,광주,남구,10093,53
2020,1,202001,광주,동구,4763,24
2020,1,202001,광주,북구,14803,141
2020,1,202001,광주,서구,17001,93
2020,1,202001,대구,남구,5583,34
2020,1,202001,대구,달서구,32763,195
2020,1,202001,대구,달성군,8331,104
2020,1,202001,대구,동구,13778,137
2020,1,202001,대구,북구,14199,142
2020,1,202001,대구,서구,4613,26
2020,1,202001,대구,수성구,56810,160
2020,1,202001,대구,중구,23138,26
2020,1,202001,대전,대덕구,4543,49
2020,1,202001,대전,동구,4934,57
2020,1,202001,대전,서구,17571,164
2020,1,202001,대전,유성구,20923,171
2020,1,202001,대전,중구,7085,88
2020,1,202001,부산,강서구,7204,58
2020,1,202001,부산,금정구,8428,39
2020,1,202001,부산,기장군,6648,43
2020,1,202001,부산,남구,12256,51
2020,1,202001,부산,동구,20763,17
2020,1,202001,부산,동래구,9745,37
2020,1,202001,부산,부산진구,18842,43
2020,1,202001,부산,북구,6721,40
2020,1,202001,부산,사상구,5078,23
2020,1,202001,부산,사하구,7074,32
2020,1,202001,부산,서구,2876,8
2020,1,202001,부산,수영구,18126,35
2020,1,202001,부산,연제구,22284,41
2020,1,202001,부산,영도구,2097,14
2020,1,202001,부산,중구,13979,13
2020,1,202001,부산,해운대구,37350,92
2020,1,202001,서울,강남구,80966,226
2020,1,202001,서울,강동구,17944,101
2020,1,202001,서울,강북구,6424,36
2020,1,202001,서울,강서구,25057,103
2020,1,202001,서울,관악구,11857,44
2020,1,202001,서울,광진구,15487,62
2020,1,202001,서울,구로구,12903,54
2020,1,202001,서울,금천구,7571,35
2020,1,202001,서울,노원구,13562,79
2020,1,202001,서울,도봉구,7779,60
2020,1,202001,서울,동대문구,12915,54
2020,1,202001,서울,동작구,15792,44
2020,1,202001,서울,마포구,22695,73
2020,1,202001,서울,서대문구,12646,62
2020,1,202001,서울,서초구,57971,152
2020,1,202001,서울,성동구,22823,88
2020,1,202001,서울,성북구,16097,84
2020,1,202001,서울,송파구,48452,132
2020,1,202001,서울,양천구,20823,63
2020,1,202001,서울,영등포구,22729,71
2020,1,202001,서울,용산구,23474,64
2020,1,202001,서울,은평구,13496,55
2020,1,202001,서울,종로구,9915,70
2020,1,202001,서울,중구,12023,66
2020,1,202001,서울,중랑구,9112,53
2020,1,202001,세종,세종시,16273,218
2020,1,202001,울산,남구,10806,67
2020,1,202001,울산,동구,2429,44
2020,1,202001,울산,북구,4541,82
2020,1,202001,울산,울주군,6580,68
2020,1,202001,울산,중구,5397,50
2020,1,202001,인천,강화군,2483,33
2020,1,202001,인천,계양구,13801,80
2020,1,202001,인천,남동구,53552,157
2020,1,202001,인천,동구,1389,9
2020,1,202001,인천,미추홀구,19828,75
2020,1,202001,인천,부평구,25029,83
2020,1,202001,인천,서구,22486,157
2020,1,202001,인천,연수구,51687,129
2020,1,202001,인천,옹진군,501,5
2020,1,202001,인천,중구,6182,46
2020,1,202001,전남,강진군,686,10
2020,1,202001,전남,고흥군,1169,10
2020,1,202001,전남,곡성군,689,5
2020,1,202001,전남,광양시,4067,62
2020,1,202001,전남,구례군,541,9
2020,1,202001,전남,나주시,4006,49
2020,1,202001,전남,담양군,1468,15
2020,1,202001,전남,목포시,5220,69
2020,1,202001,전남,무안군,2194,33
2020,1,202001,전남,보성군,1880,13
2020,1,202001,전남,순천시,9189,118
2020,1,202001,전남,신안군,1438,12
2020,1,202001,전남,여수시,7951,62
2020,1,202001,전남,영광군,1509,12
2020,1,202001,전남,영암군,1667,16
2020,1,202001,전남,완도군,1242,11
2020,1,202001,전남,장성군,1346,33
2020,1,202001,전남,장흥군,835,5
2020,1,202001,전남,진도군,641,5
2020,1,202001,전남,함평군,1859,10
2020,1,202001,전남,해남군,1367,16
2020,1,202001,전남,화순군,1770,19
2020,1,202001,전북,고창군,1367,24
2020,1,202001,전북,군산시,8357,74
2020,1,202001,전북,김제시,2035,15
2020,1,202001,전북,남원시,1722,27
2020,1,202001,전북,무주군,570,10
2020,1,202001,전북,부안군,1174,14
2020,1,202001,전북,순창군,577,2
2020,1,202001,전북,완주군,2703,48
2020,1,202001,전북,익산시,7759,94
2020,1,202001,전북,임실군,521,11
2020,1,202001,전북,장수군,423,5
2020,1,202001,전북,전주시,35851,226
2020,1,202001,전북,정읍시,2557,39
2020,1,202001,전북,진안군,511,10
2020,1,202001,제주,서귀포시,5987,67
2020,1,202001,제주,제주시,29308,250
2020,1,202001,충남,계룡시,1392,25
2020,1,202001,충남,공주시,2876,47
2020,1,202001,충남,금산군,1438,15
2020,1,202001,충남,논산시,2539,41
2020,1,202001,충남,당진시,4721,75
2020,1,202001,충남,보령시,2499,38
2020,1,202001,충남,부여군,1258,22
2020,1,202001,충남,서산시,4825,89
2020,1,202001,충남,서천군,1001,8
2020,1,202001,충남,아산시,10431,206
2020,1,202001,충남,예산군,1917,27
2020,1,202001,충남,천안시,25657,386
2020,1,202001,충남,청양군,609,11
2020,1,202001,충남,태안군,1651,25
2020,1,202001,충남,홍성군,2556,31
2020,1,202001,충북,괴산군,830,16
2020,1,202001,충북,단양군,562,11
2020,1,202001,충북,보은군,717,12
2020,1,202001,충북,영동군,847,14
2020,1,202001,충북,옥천군,1141,12
2020,1,202001,충북,음성군,2744,46
2020,1,202001,충북,제천시,3414,41
2020,1,202001,충북,증평군,929,19
2020,1,202001,충북,진천군,2248,66
2020,1,202001,충북,청주시,31975,381
2020,1,202001,충북,충주시,5554,99
2020,2,202002,강원,강릉시,7191,93
2020,2,202002,강원,고성군,615,13
2020,2,202002,강원,동해시,1880,79
2020,2,202002,강원,삼척시,1282,23
2020,2,202002,강원,속초시,2380,42
2020,2,202002,강원,양구군,495,9
2020,2,202002,강원,양양군,954,20
2020,2,202002,강원,영월군,993,17
2020,2,202002,강원,원주시,13294,170
2020,2,202002,강원,인제군,663,19
2020,2,202002,강원,정선군,991,13
2020,2,202002,강원,철원군,831,17
2020,2,202002,강원,춘천시,8601,125
2020,2,202002,강원,태백시,1143,14
2020,2,202002,강원,평창군,1565,16
2020,2,202002,강원,홍천군,1665,26
2020,2,202002,강원,화천군,467,8
2020,2,202002,강원,횡성군,1448,20
2020,2,202002,경기,가평군,2473,43
2020,2,202002,경기,고양시,55006,320
2020,2,202002,경기,과천시,3785,12
2020,2,202002,경기,광명시,9407,74
2020,2,202002,경기,광주시,19255,179
2020,2,202002,경기,구리시,7308,51
2020,2,202002,경기,군포시,8071,55
2020,2,202002,경기,김포시,24117,378
2020,2,202002,경기,남양주시,30141,374
2020,2,202002,경기,동두천시,2067,23
2020,2,202002,경기,부천시,25310,157
2020,2,202002,경기,성남시,64185,289
2020,2,202002,경기,수원시,55744,382
2020,2,202002,경기,시흥시,15178,156
2020,2,202002,경기,안산시,18378,187
2020,2,202002,경기,안성시,6073,84
2020,2,202002,경기,안양시,20549,120
2020,2,202002,경기,양주시,6836,98
2020,2,202002,경기,양평군,6672,89
2020,2,202002,경기,여주시,3778,63
2020,2,202002,경기,연천군,1325,29
2020,2,202002,경기,오산시,7246,98
2020,2,202002,경기,용인시,73046,559
2020,2,202002,경기,의왕시,7400,35
2020,2,202002,경기,의정부시,12406,123
2020,2,202002,경기,이천시,8150,150
2020,2,202002,경기,파주시,18268,229
2020,2,202002,경기,평택시,22828,276
2020,2,202002,경기,포천시,4908,83
2020,2,202002,경기,하남시,16476,119
2020,2,202002,경기,화성시,43097,490
2020,2,202002,경남,거제시,5971,68
2020,2,202002,경남,거창군,1384,16
2020,2,202002,경남,고성군,1000,13
2020,2,202002,경남,김해시,17409,195
2020,2,202002,경남,남해군,814,14
2020,2,202002,경남,밀양시,2480,26
2020,2,202002,경남,사천시,2593,22
2020,2,202002,경남,산청군,816,8
2020,2,202002,경남,양산시,10541,113
2020,2,202002,경남,의령군,539,12
2020,2,202002,경남,진주시,10607,96
2020,2,202002,경남,창녕군,1521,22
2020,2,202002,경남,창원시,65321,332
2020,2,202002,경남,통영시,3056,28
2020,2,202002,경남,하동군,923,14
2020,2,202002,경남,함안군,2588,34
2020,2,202002,경남,함양군,742,11
2020,2,202002,경남,합천군,841,17
2020,2,202002,경북,경산시,8371,85
2020,2,202002,경북,경주시,7638,125
2020,2,202002,경북,고령군,939,22
2020,2,202002,경북,구미시,11315,189
2020,2,202002,경북,군위군,616,13
2020,2,202002,경북,김천시,3179,63
2020,2,202002,경북,문경시,1406,28
2020,2,202002,경북,봉화군,482,10
2020,2,202002,경북,상주시,1821,46
2020,2,202002,경북,성주군,1331,26
2020,2,202002,경북,안동시,3950,86
2020,2,202002,경북,영덕군,722,12
2020,2,202002,경북,영양군,282,6
2020,2,202002,경북,영주시,2109,55
2020,2,202002,경북,영천시,2650,35
2020,2,202002,경북,예천군,1268,17
2020,2,202002,경북,울릉군,157,3
2020,2,202002,경북,울진군,1169,21
2020,2,202002,경북,의성군,926,9
2020,2,202002,경북,청도군,1320,12
2020,2,202002,경북,청송군,457,12
2020,2,202002,경북,칠곡군,3564,52
2020,2,202002,경북,포항시,15464,214
2020,2,202002,광주,광산구,14909,197
2020,2,202002,광주,남구,10158,54
2020,2,202002,광주,동구,4798,26
2020,2,202002,광주,북구,14918,142
2020,2,202002,광주,서구,16945,98
2020,2,202002,대구,남구,5631,35
2020,2,202002,대구,달서구,33217,197
2020,2,202002,대구,달성군,8391,107
2020,2,202002,대구,동구,13796,138
2020,2,202002,대구,북구,14237,143
2020,2,202002,대구,서구,4668,26
2020,2,202002,대구,수성구,56951,160
2020,2,202002,대구,중구,23477,27
2020,2,202002,대전,대덕구,4570,49
2020,2,202002,대전,동구,4941,64
2020,2,202002,대전,서구,17708,170
2020,2,202002,대전,유성구,21060,185
2020,2,202002,대전,중구,7060,89
2020,2,202002,부산,강서구,7238,57
2020,2,202002,부산,금정구,8455,40
2020,2,202002,부산,기장군,6762,48
2020,2,202002,부산,남구,12238,50
2020,2,202002,부산,동구,20826,19
2020,2,202002,부산,동래구,9787,39
2020,2,202002,부산,부산진구,18921,46
2020,2,202002,부산,북구,6709,40
2020,2,202002,부산,사상구,5114,22
2020,2,202002,부산,사하구,7088,31
2020,2,202002,부산,서구,2887,8
2020,2,202002,부산,수영구,18288,34
2020,2,202002,부산,연제구,22343,39
2020,2,202002,부산,영도구,2107,13
2020,2,202002,부산,중구,14261,13
2020,2,202002,부산,해운대구,37602,94
2020,2,202002,서울,강남구,81314,234
2020,2,202002,서울,강동구,18615,101
2020,2,202002,서울,강북구,6453,36
2020,2,202002,서울,강서구,25080,104
2020,2,202002,서울,관악구,11924,45
2020,2,202002,서울,광진구,15629,64
2020,2,202002,서울,구로구,12967,57
2020,2,202002,서울,금천구,7620,37
2020,2,202002,서울,노원구,13651,79
2020,2,202002,서울,도봉구,7754,61
2020,2,202002,서울,동대문구,12980,55
2020,2,202002,서울,동작구,15830,42
2020,2,202002,서울,마포구,22862,73
2020,2,202002,서울,서대문구,12843,65
2020,2,202002,서울,서초구,58456,153
2020,2,202002,서울,성동구,22807,90
2020,2,202002,서울,성북구,16204,84
2020,2,202002,서울,송파구,48808,134
2020,2,202002,서울,양천구,20933,64
2020,2,202002,서울,영등포구,22958,72
2020,2,202002,서울,용산구,23608,62
2020,2,202002,서울,은평구,13588,54
2020,2,202002,서울,종로구,9997,72
2020,2,202002,서울,중구,12116,65
2020,2,202002,서울,중랑구,9132,56
2020,2,202002,세종,세종시,16493,226
2020,2,202002,울산,남구,10878,70
2020,2,202002,울산,동구,2432,45
2020,2,202002,울산,북구,4564,87
2020,2,202002,울산,울주군,6609,70
2020,2,202002,울산,중구,5420,51
2020,2,202002,인천,강화군,2483,32
2020,2,202002,인천,계양구,13747,82
2020,2,202002,인천,남동구,53778,163
2020,2,202002,인천,동구,1376,10
2020,2,202002,인천,미추홀구,20105,76
2020,2,202002,인천,부평구,25168,85
2020,2,202002,인천,서구,22508,168
2020,2,202002,인천,연수구,52071,129
2020,2,202002,인천,옹진군,503,5
2020,2,202002,인천,중구,6259,44
2020,2,202002,전남,강진군,699,11
2020,2,202002,전남,고흥군,1183,10
2020,2,202002,전남,곡성군,686,5
2020,2,202002,전남,광양시,4062,64
2020,2,202002,전남,구례군,545,9
2020,2,202002,전남,나주시,4041,49
2020,2,202002,전남,담양군,1490,16
2020,2,202002,전남,목포시,5280,70
2020,2,202002,전남,무안군,2234,36
2020,2,202002,전남,보성군,1828,13
2020,2,202002,전남,순천시,9294,124
2020,2,202002,전남,신안군,1547,15
2020,2,202002,전남,여수시,8043,68
2020,2,202002,전남,영광군,1521,13
2020,2,202002,전남,영암군,1649,16
2020,2,202002,전남,완도군,1235,13
2020,2,202002,전남,장성군,1367,33
2020,2,202002,전남,장흥군,837,8
2020,2,202002,전남,진도군,641,5
2020,2,202002,전남,함평군,1822,12
2020,2,202002,전남,해남군,1376,16
2020,2,202002,전남,화순군,1772,20
2020,2,202002,전북,고창군,1381,24
2020,2,202002,전북,군산시,8374,73
2020,2,202002,전북,김제시,2046,14
2020,2,202002,전북,남원시,1735,30
2020,2,202002,전북,무주군,578,10
2020,2,202002,전북,부안군,1186,14
2020,2,202002,전북,순창군,572,2
2020,2,202002,전북,완주군,2711,45
2020,2,202002,전북,익산시,7748,95
2020,2,202002,전북,임실군,519,10
2020,2,202002,전북,장수군,431,4
2020,2,202002,전북,전주시,36064,233
2020,2,202002,전북,정읍시,2592,39
2020,2,202002,전북,진안군,519,10
2020,2,202002,제주,서귀포시,6028,71
2020,2,202002,제주,제주시,29521,255
2020,2,202002,충남,계룡시,1392,24
2020,2,202002,충남,공주시,2887,47
2020,2,202002,충남,금산군,1439,16
2020,2,202002,충남,논산시,2546,39
2020,2,202002,충남,당진시,4742,76
2020,2,202002,충남,보령시,2532,40
2020,2,202002,충남,부여군,1264,22
2020,2,202002,충남,서산시,4878,90
2020,2,202002,충남,서천군,1021,8
2020,2,202002,충남,아산시,10464,213
2020,2,202002,충남,예산군,1926,25
2020,2,202002,충남,천안시,25850,396
2020,2,202002,충남,청양군,600,11
2020,2,202002,충남,태안군,1664,25
2020,2,202002,충남,홍성군,2586,30
2020,2,202002,충북,괴산군,829,16
2020,2,202002,충북,단양군,556,13
2020,2,202002,충북,보은군,732,12
2020,2,202002,충북,영동군,856,14
2020,2,202002,충북,옥천군,1145,15
2020,2,202002,충북,음성군,2752,46
2020,2,202002,충북,제천시,3443,44
2020,2,202002,충북,증평군,928,19
2020,2,202002,충북,진천군,2284,67
2020,2,202002,충북,청주시,32079,395
2020,2,202002,충북,충주시,5563,99
2020,3,202003,강원,강릉시,7233,95
2020,3,202003,강원,고성군,628,14
2020,3,202003,강원,동해시,1902,78
2020,3,202003,강원,삼척시,1294,24
2020,3,202003,강원,속초시,2373,42
2020,3,202003,강원,양구군,498,9
2020,3,202003,강원,양양군,953,21
2020,3,202003,강원,영월군,1002,17
2020,3,202003,강원,원주시,13362,169
2020,3,202003,강원,인제군,671,19
2020,3,202003,강원,정선군,995,14
2020,3,202003,강원,철원군,841,17
2020,3,202003,강원,춘천시,8720,127
2020,3,202003,강원,태백시,1141,13
2020,3,202003,강원,평창군,1584,16
2020,3,202003,강원,홍천군,1690,26
2020,3,202003,강원,화천군,469,7
2020,3,202003,강원,횡성군,1455,21
2020,3,202003,경기,가평군,2509,44
2020,3,202003,경기,고양시,55453,327
2020,3,202003,경기,과천시,3838,11
2020,3,202003,경기,광명시,9566,73
2020,3,202003,경기,광주시,19387,177
2020,3,202003,경기,구리시,7419,51
2020,3,202003,경기,군포시,8151,54
2020,3,202003,경기,김포시,24635,381
2020,3,202003,경기,남양주시,30481,375
2020,3,202003,경기,동두천시,2080,22
2020,3,202003,경기,부천시,25506,156
2020,3,202003,경기,성남시,64667,293
2020,3,202003,경기,수원시,56599,389
2020,3,202003,경기,시흥시,15318,159
2020,3,202003,경기,안산시,18686,191
2020,3,202003,경기,안성시,6131,83
2020,3,202003,경기,안양시,20753,119
2020,3,202003,경기,양주시,6945,103
2020,3,202003,경기,양평군,6723,93
2020,3,202003,경기,여주시,3823,62
2020,3,202003,경기,연천군,1341,28
2020,3,202003,경기,오산시,7399,93
2020,3,202003,경기,용인시,73567,562
2020,3,202003,경기,의왕시,7539,35
2020,3,202003,경기,의정부시,12549,124
2020,3,202003,경기,이천시,8255,153
2020,3,202003,경기,파주시,18508,233
2020,3,202003,경기,평택시,23130,278
2020,3,202003,경기,포천시,4953,82
2020,3,202003,경기,하남시,16705,119
2020,3,202003,경기,화성시,43729,496
2020,3,202003,경남,거제시,6019,71
2020,3,202003,경남,거창군,1399,16
2020,3,202003,경남,고성군,999,14
2020,3,202003,경남,김해시,17582,194
2020,3,202003,경남,남해군,832,13
2020,3,202003,경남,밀양시,2498,24
2020,3,202003,경남,사천시,2625,24
2020,3,202003,경남,산청군,835,8
2020,3,202003,경남,양산시,10636,116
2020,3,202003,경남,의령군,546,11
2020,3,202003,경남,진주시,10715,95
2020,3,202003,경남,창녕군,1529,23
2020,3,202003,경남,창원시,65260,341
2020,3,202003,경남,통영시,3082,27
2020,3,202003,경남,하동군,931,14
2020,3,202003,경남,함안군,2582,34
2020,3,202003,경남,함양군,750,12
2020,3,202003,경남,합천군,851,17
2020,3,202003,경북,경산시,8439,85
2020,3,202003,경북,경주시,7700,128
2020,3,202003,경북,고령군,933,23
2020,3,202003,경북,구미시,11364,188
2020,3,202003,경북,군위군,615,13
2020,3,202003,경북,김천시,3197,66
2020,3,202003,경북,문경시,1414,29
2020,3,202003,경북,봉화군,480,11
2020,3,202003,경북,상주시,1832,47
2020,3,202003,경북,성주군,1339,28
2020,3,202003,경북,안동시,3988,89
2020,3,202003,경북,영덕군,712,13
2020,3,202003,경북,영양군,283,6
2020,3,202003,경북,영주시,2111,54
2020,3,202003,경북,영천시,2669,35
2020,3,202003,경북,예천군,1280,18
2020,3,202003,경북,울릉군,160,3
2020,3,202003,경북,울진군,1166,22
2020,3,202003,경북,의성군,936,9
2020,3,202003,경북,청도군,1330,14
2020,3,202003,경북,청송군,466,12
2020,3,202003,경북,칠곡군,3574,51
2020,3,202003,경북,포항시,15609,211
2020,3,202003,광주,광산구,15028,198
2020,3,202003,광주,남구,10230,57
2020,3,202003,광주,동구,4856,27
2020,3,202003,광주,북구,15067,141
2020,3,202003,광주,서구,17061,104
2020,3,202003,대구,남구,5705,34
2020,3,202003,대구,달서구,33841,202
2020,3,202003,대구,달성군,8487,110
2020,3,202003,대구,동구,13915,142
2020,3,202003,대구,북구,14375,147
2020,3,202003,대구,서구,4708,27
2020,3,202003,대구,수성구,57233,162
2020,3,202003,대구,중구,22743,26
2020,3,202003,대전,대덕구,4605,51
2020,3,202003,대전,동구,4978,65
2020,3,202003,대전,서구,17868,174
2020,3,202003,대전,유성구,21317,190
2020,3,202003,대전,중구,7152,90
2020,3,202003,부산,강서구,7321,56
2020,3,202003,부산,금정구,8503,39
2020,3,202003,부산,기장군,6883,50
2020,3,202003,부산,남구,12345,49
2020,3,202003,부산,동구,19515,20
2020,3,202003,부산,동래구,9999,40
2020,3,202003,부산,부산진구,19001,47
2020,3,202003,부산,북구,6729,43
2020,3,202003,부산,사상구,5141,23
2020,3,202003,부산,사하구,7126,30
2020,3,202003,부산,서구,2894,8
2020,3,202003,부산,수영구,18446,33
2020,3,202003,부산,연제구,22461,39
2020,3,202003,부산,영도구,2106,12
2020,3,202003,부산,중구,14507,12
2020,3,202003,부산,해운대구,37919,96
2020,3,202003,서울,강남구,81553,233
2020,3,202003,서울,강동구,19189,100
2020,3,202003,서울,강북구,6497,37
2020,3,202003,서울,강서구,25235,104
2020,3,202003,서울,관악구,11957,45
2020,3,202003,서울,광진구,15658,63
2020,3,202003,서울,구로구,13056,58
2020,3,202003,서울,금천구,7654,36
2020,3,202003,서울,노원구,13738,81
2020,3,202003,서울,도봉구,7833,58
2020,3,202003,서울,동대문구,13078,56
2020,3,202003,서울,동작구,16007,43
2020,3,202003,서울,마포구,23097,73
2020,3,202003,서울,서대문구,13030,65
2020,3,202003,서울,서초구,58684,151
2020,3,202003,서울,성동구,22877,88
2020,3,202003,서울,성북구,16324,84
2020,3,202003,서울,송파구,49068,129
2020,3,202003,서울,양천구,21112,60
2020,3,202003,서울,영등포구,23094,73
2020,3,202003,서울,용산구,23721,61
2020,3,202003,서울,은평구,13670,54
2020,3,202003,서울,종로구,10076,73
2020,3,202003,서울,중구,12110,65
2020,3,202003,서울,중랑구,9195,57
2020,3,202003,세종,세종시,16743,232
2020,3,202003,울산,남구,10989,73
2020,3,202003,울산,동구,2447,47
2020,3,202003,울산,북구,4644,88
2020,3,202003,울산,울주군,6631,72
2020,3,202003,울산,중구,5458,50
2020,3,202003,인천,강화군,2530,32
2020,3,202003,인천,계양구,13749,85
2020,3,202003,인천,남동구,53937,169
2020,3,202003,인천,동구,1390,10
2020,3,202003,인천,미추홀구,20412,76
2020,3,202003,인천,부평구,25357,88
2020,3,202003,인천,서구,22662,176
2020,3,202003,인천,연수구,52303,130
2020,3,202003,인천,옹진군,507,4
2020,3,202003,인천,중구,6367,46
2020,3,202003,전남,강진군,711,13
2020,3,202003,전남,고흥군,1202,10
2020,3,202003,전남,곡성군,705,5
2020,3,202003,전남,광양시,4102,63
2020,3,202003,전남,구례군,546,9
2020,3,202003,전남,나주시,4070,50
2020,3,202003,전남,담양군,1497,16
2020,3,202003,전남,목포시,5296,68
2020,3,202003,전남,무안군,2280,39
2020,3,202003,전남,보성군,1752,11
2020,3,202003,전남,순천시,9465,123
2020,3,202003,전남,신안군,1594,16
2020,3,202003,전남,여수시,8137,69
2020,3,202003,전남,영광군,1545,12
2020,3,202003,전남,영암군,1663,16
2020,3,202003,전남,완도군,1238,13
2020,3,202003,전남,장성군,1393,33
2020,3,202003,전남,장흥군,840,8
2020,3,202003,전남,진도군,659,5
2020,3,202003,전남,함평군,1825,11
2020,3,202003,전남,해남군,1388,16
2020,3,202003,전남,화순군,1791,20
2020,3,202003,전북,고창군,1383,25
2020,3,202003,전북,군산시,8478,73
2020,3,202003,전북,김제시,2086,15
2020,3,202003,전북,남원시,1742,35
2020,3,202003,전북,무주군,580,10
2020,3,202003,전북,부안군,1200,15
2020,3,202003,전북,순창군,585,3
2020,3,202003,전북,완주군,2741,44
2020,3,202003,전북,익산시,7829,98
2020,3,202003,전북,임실군,523,10
2020,3,202003,전북,장수군,438,4
2020,3,202003,전북,전주시,36320,233
2020,3,202003,전북,정읍시,2629,39
2020,3,202003,전북,진안군,531,11
2020,3,202003,제주,서귀포시,6052,70
2020,3,202003,제주,제주시,29687,256
2020,3,202003,충남,계룡시,1409,24
2020,3,202003,충남,공주시,2901,51
2020,3,202003,충남,금산군,1447,16
2020,3,202003,충남,논산시,2567,40
2020,3,202003,충남,당진시,4805,78
2020,3,202003,충남,보령시,2538,38
2020,3,202003,충남,부여군,1276,22
2020,3,202003,충남,서산시,4922,93
2020,3,202003,충남,서천군,1031,8
2020,3,202003,충남,아산시,10586,212
2020,3,202003,충남,예산군,1943,28
2020,3,202003,충남,천안시,26016,398
2020,3,202003,충남,청양군,601,12
2020,3,202003,충남,태안군,1676,26
2020,3,202003,충남,홍성군,2602,30
2020,3,202003,충북,괴산군,845,16
2020,3,202003,충북,단양군,561,13
2020,3,202003,충북,보은군,743,12
2020,3,202003,충북,영동군,862,15
2020,3,202003,충북,옥천군,1154,14
2020,3,202003,충북,음성군,2793,46
2020,3,202003,충북,제천시,3467,44
2020,3,202003,충북,증평군,937,19
2020,3,202003,충북,진천군,2309,65
2020,3,202003,충북,청주시,34926,404
2020,3,202003,충북,충주시,5626,97
2020,4,202004,강원,강릉시,7321,96
2020,4,202004,강원,고성군,636,14
2020,4,202004,강원,동해시,1927,77
2020,4,202004,강원,삼척시,1299,24
2020,4,202004,강원,속초시,2404,43
2020,4,202004,강원,양구군,495,10
2020,4,202004,강원,양양군,962,21
2020,4,202004,강원,영월군,1005,18
2020,4,202004,강원,원주시,13525,164
2020,4,202004,강원,인제군,683,18
2020,4,202004,강원,정선군,1000,14
2020,4,202004,강원,철원군,839,17
2020,4,202004,강원,춘천시,8783,128
2020,4,202004,강원,태백시,1144,11
2020,4,202004,강원,평창군,1596,18
2020,4,202004,강원,홍천군,1702,26
2020,4,202004,강원,화천군,479,7
2020,4,202004,강원,횡성군,1477,22
2020,4,202004,경기,가평군,2537,47
2020,4,202004,경기,고양시,56033,331
2020,4,202004,경기,과천시,4001,13
2020,4,202004,경기,광명시,9656,74
2020,4,202004,경기,광주시,19613,178
2020,4,202004,경기,구리시,7473,51
2020,4,202004,경기,군포시,8206,56
2020,4,202004,경기,김포시,24996,381
2020,4,202004,경기,남양주시,30797,382
2020,4,202004,경기,동두천시,2100,22
2020,4,202004,경기,부천시,25633,159
2020,4,202004,경기,성남시,65137,299
2020,4,202004,경기,수원시,57552,403
2020,4,202004,경기,시흥시,15530,158
2020,4,202004,경기,안산시,18938,198
2020,4,202004,경기,안성시,6213,84
2020,4,202004,경기,안양시,20859,118
2020,4,202004,경기,양주시,7048,105
2020,4,202004,경기,양평군,6802,94
2020,4,202004,경기,여주시,3854,63
2020,4,202004,경기,연천군,1335,27
2020,4,202004,경기,오산시,7391,103
2020,4,202004,경기,용인시,73916,562
2020,4,202004,경기,의왕시,7642,35
2020,4,202004,경기,의정부시,12697,124
2020,4,202004,경기,이천시,8356,151
2020,4,202004,경기,파주시,18745,226
2020,4,202004,경기,평택시,23394,286
2020,4,202004,경기,포천시,5033,76
2020,4,202004,경기,하남시,16989,120
2020,4,202004,경기,화성시,44447,493
2020,4,202004,경남,거제시,6075,70
2020,4,202004,경남,거창군,1418,16
2020,4,202004,경남,고성군,1004,14
2020,4,202004,경남,김해시,17689,195
2020,4,202004,경남,남해군,832,14
2020,4,202004,경남,밀양시,2517,26
2020,4,202004,경남,사천시,2652,24
2020,4,202004,경남,산청군,849,8
2020,4,202004,경남,양산시,10728,117
2020,4,202004,경남,의령군,551,10
2020,4,202004,경남,진주시,10830,99
2020,4,202004,경남,창녕군,1543,23
2020,4,202004,경남,창원시,65413,356
2020,4,202004,경남,통영시,3096,28
2020,4,202004,경남,하동군,950,14
2020,4,202004,경남,함안군,2570,34
2020,4,202004,경남,함양군,757,12
2020,4,202004,경남,합천군,855,19
2020,4,202004,경북,경산시,8474,92
2020,4,202004,경북,경주시,7769,129
2020,4,202004,경북,고령군,940,24
2020,4,202004,경북,구미시,11457,196
2020,4,202004,경북,군위군,627,13
2020,4,202004,경북,김천시,3220,67
2020,4,202004,경북,문경시,1430,30
2020,4,202004,경북,봉화군,491,11
2020,4,202004,경북,상주시,1839,45
2020,4,202004,경북,성주군,1352,26
2020,4,202004,경북,안동시,4016,93
2020,4,202004,경북,영덕군,725,13
2020,4,202004,경북,영양군,281,6
2020,4,202004,경북,영주시,2114,57
2020,4,202004,경북,영천시,2717,34
2020,4,202004,경북,예천군,1305,20
2020,4,202004,경북,울릉군,162,2
2020,4,202004,경북,울진군,1173,22
2020,4,202004,경북,의성군,946,9
2020,4,202004,경북,청도군,1324,14
2020,4,202004,경북,청송군,468,10
2020,4,202004,경북,칠곡군,3619,53
2020,4,202004,경북,포항시,15712,221
2020,4,202004,광주,광산구,15225,198
2020,4,202004,광주,남구,10303,59
2020,4,202004,광주,동구,4890,27
2020,4,202004,광주,북구,15261,144
2020,4,202004,광주,서구,17120,110
2020,4,202004,대구,남구,5709,35
2020,4,202004,대구,달서구,34525,204
2020,4,202004,대구,달성군,8569,118
2020,4,202004,대구,동구,14028,140
2020,4,202004,대구,북구,14532,148
2020,4,202004,대구,서구,4657,28
2020,4,202004,대구,수성구,57484,161
2020,4,202004,대구,중구,23574,24
2020,4,202004,대전,대덕구,4602,53
2020,4,202004,대전,동구,5027,69
2020,4,202004,대전,서구,18044,175
2020,4,202004,대전,유성구,21529,204
2020,4,202004,대전,중구,7239,91
2020,4,202004,부산,강서구,7393,65
2020,4,202004,부산,금정구,8545,42
2020,4,202004,부산,기장군,6972,50
2020,4,202004,부산,남구,12437,48
2020,4,202004,부산,동구,19534,21
2020,4,202004,부산,동래구,10098,40
2020,4,202004,부산,부산진구,19147,48
2020,4,202004,부산,북구,6789,44
2020,4,202004,부산,사상구,5169,25
2020,4,202004,부산,사하구,7161,32
2020,4,202004,부산,서구,2930,7
2020,4,202004,부산,수영구,18502,33
2020,4,202004,부산,연제구,22766,42
2020,4,202004,부산,영도구,2128,12
2020,4,202004,부산,중구,14524,12
2020,4,202004,부산,해운대구,37983,96
2020,4,202004,서울,강남구,81684,230
2020,4,202004,서울,강동구,19615,104
2020,4,202004,서울,강북구,6542,35
2020,4,202004,서울,강서구,25368,108
2020,4,202004,서울,관악구,12058,44
2020,4,202004,서울,광진구,15769,65
2020,4,202004,서울,구로구,13133,61
2020,4,202004,서울,금천구,7712,37
2020,4,202004,서울,노원구,13871,86
2020,4,202004,서울,도봉구,7902,58
2020,4,202004,서울,동대문구,13150,55
2020,4,202004,서울,동작구,16118,44
2020,4,202004,서울,마포구,23349,74
2020,4,202004,서울,서대문구,13120,66
2020,4,202004,서울,서초구,58877,157
2020,4,202004,서울,성동구,23013,87
2020,4,202004,서울,성북구,16436,89
2020,4,202004,서울,송파구,49421,126
2020,4,202004,서울,양천구,21383,62
2020,4,202004,서울,영등포구,23176,73
2020,4,202004,서울,용산구,24080,60
2020,4,202004,서울,은평구,13796,53
2020,4,202004,서울,종로구,10198,73
2020,4,202004,서울,중구,12114,68
2020,4,202004,서울,중랑구,9281,59
2020,4,202004,세종,세종시,16924,237
2020,4,202004,울산,남구,11102,74
2020,4,202004,울산,동구,2479,47
2020,4,202004,울산,북구,4683,84
2020,4,202004,울산,울주군,6695,72
2020,4,202004,울산,중구,5462,51
2020,4,202004,인천,강화군,2547,32
2020,4,202004,인천,계양구,13561,83
2020,4,202004,인천,남동구,54103,170
2020,4,202004,인천,동구,1386,11
2020,4,202004,인천,미추홀구,20777,76
2020,4,202004,인천,부평구,25743,90
2020,4,202004,인천,서구,22821,175
2020,4,202004,인천,연수구,52594,130
2020,4,202004,인천,옹진군,509,5
2020,4,202004,인천,중구,6441,44
2020,4,202004,전남,강진군,731,13
2020,4,202004,전남,고흥군,1214,10
2020,4,202004,전남,곡성군,706,5
2020,4,202004,전남,광양시,4172,65
2020,4,202004,전남,구례군,545,9
2020,4,202004,전남,나주시,4088,55
2020,4,202004,전남,담양군,1512,18
2020,4,202004,전남,목포시,5338,70
2020,4,202004,전남,무안군,2320,38
2020,4,202004,전남,보성군,1706,10
2020,4,202004,전남,순천시,9545,124
2020,4,202004,전남,신안군,1648,16
2020,4,202004,전남,여수시,8234,67
2020,4,202004,전남,영광군,1564,13
2020,4,202004,전남,영암군,1667,16
2020,4,202004,전남,완도군,1245,12
2020,4,202004,전남,장성군,1399,33
2020,4,202004,전남,장흥군,851,9
2020,4,202004,전남,진도군,661,5
2020,4,202004,전남,함평군,1820,11
2020,4,202004,전남,해남군,1416,16
2020,4,202004,전남,화순군,1816,22
2020,4,202004,전북,고창군,1381,24
2020,4,202004,전북,군산시,8565,74
2020,4,202004,전북,김제시,2108,16
2020,4,202004,전북,남원시,1750,33
2020,4,202004,전북,무주군,585,10
2020,4,202004,전북,부안군,1204,15
2020,4,202004,전북,순창군,590,4
2020,4,202004,전북,완주군,2771,49
2020,4,202004,전북,익산시,7909,97
2020,4,202004,전북,임실군,516,10
2020,4,202004,전북,장수군,443,4
2020,4,202004,전북,전주시,36960,243
2020,4,202004,전북,정읍시,2656,40
2020,4,202004,전북,진안군,534,12
2020,4,202004,제주,서귀포시,6095,72
2020,4,202004,제주,제주시,29914,254
2020,4,202004,충남,계룡시,1403,25
2020,4,202004,충남,공주시,2950,50
2020,4,202004,충남,금산군,1458,17
2020,4,202004,충남,논산시,2600,40
2020,4,202004,충남,당진시,4853,82
2020,4,202004,충남,보령시,2563,38
2020,4,202004,충남,부여군,1300,22
2020,4,202004,충남,서산시,4983,97
2020,4,202004,충남,서천군,1036,9
2020,4,202004,충남,아산시,10687,217
2020,4,202004,충남,예산군,1959,32
2020,4,202004,충남,천안시,26237,401
2020,4,202004,충남,청양군,611,12
2020,4,202004,충남,태안군,1709,27
2020,4,202004,충남,홍성군,2615,30
2020,4,202004,충북,괴산군,850,17
2020,4,202004,충북,단양군,568,14
2020,4,202004,충북,보은군,745,11
2020,4,202004,충북,영동군,868,15
2020,4,202004,충북,옥천군,1177,14
2020,4,202004,충북,음성군,2814,46
2020,4,202004,충북,제천시,3500,44
2020,4,202004,충북,증평군,939,19
2020,4,202004,충북,진천군,2343,66
2020,4,202004,충북,청주시,35202,414
2020,4,202004,충북,충주시,5662,99
2020,5,202005,강원,강릉시,7420,98
2020,5,202005,강원,고성군,644,14
2020,5,202005,강원,동해시,1950,79
2020,5,202005,강원,삼척시,1305,25
2020,5,202005,강원,속초시,2431,42
2020,5,202005,강원,양구군,490,11
2020,5,202005,강원,양양군,974,21
2020,5,202005,강원,영월군,1017,20
2020,5,202005,강원,원주시,13688,170
2020,5,202005,강원,인제군,698,17
2020,5,202005,강원,정선군,1010,14
2020,5,202005,강원,철원군,867,20
2020,5,202005,강원,춘천시,8907,129
2020,5,202005,강원,태백시,1161,11
2020,5,202005,강원,평창군,1607,17
2020,5,202005,강원,홍천군,1722,26
2020,5,202005,강원,화천군,483,7
2020,5,202005,강원,횡성군,1502,22
2020,5,202005,경기,가평군,2569,46
2020,5,202005,경기,고양시,56671,332
2020,5,202005,경기,과천시,4120,15
2020,5,202005,경기,광명시,9691,78
2020,5,202005,경기,광주시,19811,179
2020,5,202005,경기,구리시,7566,49
2020,5,202005,경기,군포시,8272,57
2020,5,202005,경기,김포시,25153,385
2020,5,202005,경기,남양주시,31226,388
2020,5,202005,경기,동두천시,2130,21
2020,5,202005,경기,부천시,25666,154
2020,5,202005,경기,성남시,65650,311
2020,5,202005,경기,수원시,57863,408
2020,5,202005,경기,시흥시,15741,163
2020,5,202005,경기,안산시,19115,195
2020,5,202005,경기,안성시,6306,90
2020,5,202005,경기,안양시,21025,117
2020,5,202005,경기,양주시,7141,106
2020,5,202005,경기,양평군,6839,93
2020,5,202005,경기,여주시,3898,63
2020,5,202005,경기,연천군,1338,28
2020,5,202005,경기,오산시,7479,104
2020,5,202005,경기,용인시,74460,564
2020,5,202005,경기,의왕시,7704,38
2020,5,202005,경기,의정부시,12857,124
2020,5,202005,경기,이천시,8460,156
2020,5,202005,경기,파주시,18948,232
2020,5,202005,경기,평택시,23601,286
2020,5,202005,경기,포천시,5096,73
2020,5,202005,경기,하남시,17238,120
2020,5,202005,경기,화성시,45136,496
2020,5,202005,경남,거제시,6137,69
2020,5,202005,경남,거창군,1435,18
2020,5,202005,경남,고성군,1018,14
2020,5,202005,경남,김해시,17876,199
2020,5,202005,경남,남해군,842,13
2020,5,202005,경남,밀양시,2543,25
2020,5,202005,경남,사천시,2675,26
2020,5,202005,경남,산청군,859,8
2020,5,202005,경남,양산시,10838,118
2020,5,202005,경남,의령군,562,12
2020,5,202005,경남,진주시,10974,101
2020,5,202005,경남,창녕군,1565,24
2020,5,202005,경남,창원시,65568,363
2020,5,202005,경남,통영시,3123,27
2020,5,202005,경남,하동군,951,15
2020,5,202005,경남,함안군,2580,35
2020,5,202005,경남,함양군,770,12
2020,5,202005,경남,합천군,873,21
2020,5,202005,경북,경산시,8550,93
2020,5,202005,경북,경주시,7820,131
2020,5,202005,경북,고령군,955,25
2020,5,202005,경북,구미시,11608,202
2020,5,202005,경북,군위군,626,14
2020,5,202005,경북,김천시,3236,63
2020,5,202005,경북,문경시,1452,32
2020,5,202005,경북,봉화군,491,10
2020,5,202005,경북,상주시,1853,48
2020,5,202005,경북,성주군,1359,27
2020,5,202005,경북,안동시,4052,96
2020,5,202005,경북,영덕군,753,13
2020,5,202005,경북,영양군,291,7
2020,5,202005,경북,영주시,2151,58
2020,5,202005,경북,영천시,2748,35
2020,5,202005,경북,예천군,1329,22
2020,5,202005,경북,울릉군,168,2
2020,5,202005,경북,울진군,1194,23
2020,5,202005,경북,의성군,958,11
2020,5,202005,경북,청도군,1345,14
2020,5,202005,경북,청송군,473,11
2020,5,202005,경북,칠곡군,3651,55
2020,5,202005,경북,포항시,15894,223
2020,5,202005,광주,광산구,15439,208
2020,5,202005,광주,남구,10357,61
2020,5,202005,광주,동구,4945,26
2020,5,202005,광주,북구,15394,143
2020,5,202005,광주,서구,17164,112
2020,5,202005,대구,남구,5736,38
2020,5,202005,대구,달서구,35001,203
2020,5,202005,대구,달성군,8683,119
2020,5,202005,대구,동구,14075,142
2020,5,202005,대구,북구,14706,148
2020,5,202005,대구,서구,4662,28
2020,5,202005,대구,수성구,57903,163
2020,5,202005,대구,중구,24258,24
2020,5,202005,대전,대덕구,4618,53
2020,5,202005,대전,동구,5086,75
2020,5,202005,대전,서구,18259,177
2020,5,202005,대전,유성구,21801,211
2020,5,202005,대전,중구,7304,93
2020,5,202005,부산,강서구,7491,68
2020,5,202005,부산,금정구,8564,42
2020,5,202005,부산,기장군,7117,49
2020,5,202005,부산,남구,12529,50
2020,5,202005,부산,동구,19504,16
2020,5,202005,부산,동래구,10173,40
2020,5,202005,부산,부산진구,19307,49
2020,5,202005,부산,북구,6876,43
2020,5,202005,부산,사상구,5171,24
2020,5,202005,부산,사하구,7208,33
2020,5,202005,부산,서구,2951,7
2020,5,202005,부산,수영구,18570,32
2020,5,202005,부산,연제구,23081,40
2020,5,202005,부산,영도구,2140,13
2020,5,202005,부산,중구,14711,13
2020,5,202005,부산,해운대구,38329,101
2020,5,202005,서울,강남구,81921,230
2020,5,202005,서울,강동구,19930,104
2020,5,202005,서울,강북구,6588,35
2020,5,202005,서울,강서구,25487,107
2020,5,202005,서울,관악구,12187,43
2020,5,202005,서울,광진구,15866,70
2020,5,202005,서울,구로구,13270,60
2020,5,202005,서울,금천구,7792,39
2020,5,202005,서울,노원구,13981,86
2020,5,202005,서울,도봉구,7966,58
2020,5,202005,서울,동대문구,13282,55
2020,5,202005,서울,동작구,16295,43
2020,5,202005,서울,마포구,23505,77
2020,5,202005,서울,서대문구,13232,64
2020,5,202005,서울,서초구,59060,156
2020,5,202005,서울,성동구,23082,87
2020,5,202005,서울,성북구,16581,89
2020,5,202005,서울,송파구,49740,128
2020,5,202005,서울,양천구,21675,64
2020,5,202005,서울,영등포구,23238,73
2020,5,202005,서울,용산구,24178,61
2020,5,202005,서울,은평구,13983,52
2020,5,202005,서울,종로구,10264,74
2020,5,202005,서울,중구,12174,71
2020,5,202005,서울,중랑구,9357,59
2020,5,202005,세종,세종시,17095,239
2020,5,202005,울산,남구,11208,71
2020,5,202005,울산,동구,2487,48
2020,5,202005,울산,북구,4739,81
2020,5,202005,울산,울주군,6755,71
2020,5,202005,울산,중구,5524,52
2020,5,202005,인천,강화군,2562,34
2020,5,202005,인천,계양구,13566,84
2020,5,202005,인천,남동구,54675,180
2020,5,202005,인천,동구,1397,10
2020,5,202005,인천,미추홀구,21055,75
2020,5,202005,인천,부평구,26308,91
2020,5,202005,인천,서구,22827,180
2020,5,202005,인천,연수구,52872,133
2020,5,202005,인천,옹진군,511,5
2020,5,202005,인천,중구,6507,48
2020,5,202005,전남,강진군,730,13
2020,5,202005,전남,고흥군,1225,9
2020,5,202005,전남,곡성군,721,5
2020,5,202005,전남,광양시,4286,68
2020,5,202005,전남,구례군,545,9
2020,5,202005,전남,나주시,4145,50
2020,5,202005,전남,담양군,1525,18
2020,5,202005,전남,목포시,5377,71
2020,5,202005,전남,무안군,2357,37
2020,5,202005,전남,보성군,1685,10
2020,5,202005,전남,순천시,9585,119
2020,5,202005,전남,신안군,1691,18
2020,5,202005,전남,여수시,8286,68
2020,5,202005,전남,영광군,1587,15
2020,5,202005,전남,영암군,1683,17
2020,5,202005,전남,완도군,1247,12
2020,5,202005,전남,장성군,1421,33
2020,5,202005,전남,장흥군,866,9
2020,5,202005,전남,진도군,658,6
2020,5,202005,전남,함평군,1825,12
2020,5,202005,전남,해남군,1449,16
2020,5,202005,전남,화순군,1841,24
2020,5,202005,전북,고창군,1403,25
2020,5,202005,전북,군산시,8620,78
2020,5,202005,전북,김제시,2157,19
2020,5,202005,전북,남원시,1773,35
2020,5,202005,전북,무주군,592,10
2020,5,202005,전북,부안군,1219,13
2020,5,202005,전북,순창군,601,4
2020,5,202005,전북,완주군,2804,50
2020,5,202005,전북,익산시,7954,100
2020,5,202005,전북,임실군,531,11
2020,5,202005,전북,장수군,444,4
2020,5,202005,전북,전주시,37299,243
2020,5,202005,전북,정읍시,2697,40
2020,5,202005,전북,진안군,539,12
2020,5,202005,제주,서귀포시,6142,71
2020,5,202005,제주,제주시,30195,257
2020,5,202005,충남,계룡시,1411,26
2020,5,202005,충남,공주시,2975,51
2020,5,202005,충남,금산군,1451,18
2020,5,202005,충남,논산시,2630,39
2020,5,202005,충남,당진시,4899,82
2020,5,202005,충남,보령시,2577,42
2020,5,202005,충남,부여군,1298,23
2020,5,202005,충남,서산시,5054,99
2020,5,202005,충남,서천군,1056,9
2020,5,202005,충남,아산시,10815,217
2020,5,202005,충남,예산군,1955,32
2020,5,202005,충남,천안시,26499,401
2020,5,202005,충남,청양군,624,12
2020,5,202005,충남,태안군,1720,28
2020,5,202005,충남,홍성군,2644,30
2020,5,202005,충북,괴산군,852,17
2020,5,202005,충북,단양군,574,14
2020,5,202005,충북,보은군,755,12
2020,5,202005,충북,영동군,881,15
2020,5,202005,충북,옥천군,1193,14
2020,5,202005,충북,음성군,2841,49
2020,5,202005,충북,제천시,3527,48
2020,5,202005,충북,증평군,944,19
2020,5,202005,충북,진천군,2366,66
2020,5,202005,충북,청주시,35520,417
2020,5,202005,충북,충주시,5746,103
2020,6,202006,강원,강릉시,7521,102
2020,6,202006,강원,고성군,662,14
2020,6,202006,강원,동해시,1988,80
2020,6,202006,강원,삼척시,1326,25
2020,6,202006,강원,속초시,2466,43
2020,6,202006,강원,양구군,500,11
2020,6,202006,강원,양양군,974,21
2020,6,202006,강원,영월군,1030,20
2020,6,202006,강원,원주시,13870,170
2020,6,202006,강원,인제군,705,15
2020,6,202006,강원,정선군,1013,15
2020,6,202006,강원,철원군,865,20
2020,6,202006,강원,춘천시,9027,128
2020,6,202006,강원,태백시,1169,12
2020,6,202006,강원,평창군,1612,18
2020,6,202006,강원,홍천군,1757,26
2020,6,202006,강원,화천군,487,8
2020,6,202006,강원,횡성군,1517,23
2020,6,202006,경기,가평군,2626,46
2020,6,202006,경기,고양시,57362,333
2020,6,202006,경기,과천시,4261,15
2020,6,202006,경기,광명시,9786,76
2020,6,202006,경기,광주시,20043,181
2020,6,202006,경기,구리시,7666,45
2020,6,202006,경기,군포시,8366,56
2020,6,202006,경기,김포시,25676,387
2020,6,202006,경기,남양주시,31609,386
2020,6,202006,경기,동두천시,2133,21
2020,6,202006,경기,부천시,25860,159
2020,6,202006,경기,성남시,66293,314
2020,6,202006,경기,수원시,58545,415
2020,6,202006,경기,시흥시,16127,171
2020,6,202006,경기,안산시,19361,198
2020,6,202006,경기,안성시,6415,90
2020,6,202006,경기,안양시,21252,118
2020,6,202006,경기,양주시,7259,110
2020,6,202006,경기,양평군,6949,96
2020,6,202006,경기,여주시,3966,60
2020,6,202006,경기,연천군,1364,28
2020,6,202006,경기,오산시,7606,105
2020,6,202006,경기,용인시,75191,570
2020,6,202006,경기,의왕시,7811,40
2020,6,202006,경기,의정부시,13114,122
2020,6,202006,경기,이천시,8585,157
2020,6,202006,경기,파주시,19218,233
2020,6,202006,경기,평택시,23741,292
2020,6,202006,경기,포천시,5175,77
2020,6,202006,경기,하남시,17545,122
2020,6,202006,경기,화성시,45798,500
2020,6,202006,경남,거제시,6193,70
2020,6,202006,경남,거창군,1463,19
2020,6,202006,경남,고성군,1034,15
2020,6,202006,경남,김해시,18070,203
2020,6,202006,경남,남해군,846,13
2020,6,202006,경남,밀양시,2586,24
2020,6,202006,경남,사천시,2705,26
2020,6,202006,경남,산청군,869,7
2020,6,202006,경남,양산시,10991,116
2020,6,202006,경남,의령군,563,14
2020,6,202006,경남,진주시,11122,103
2020,6,202006,경남,창녕군,1588,24
2020,6,202006,경남,창원시,65713,379
2020,6,202006,경남,통영시,3156,28
2020,6,202006,경남,하동군,955,17
2020,6,202006,경남,함안군,2600,31
2020,6,202006,경남,함양군,780,13
2020,6,202006,경남,합천군,890,22
2020,6,202006,경북,경산시,8651,93
2020,6,202006,경북,경주시,7903,132
2020,6,202006,경북,고령군,954,24
2020,6,202006,경북,구미시,11744,201
2020,6,202006,경북,군위군,627,14
2020,6,202006,경북,김천시,3294,63
2020,6,202006,경북,문경시,1481,35
2020,6,202006,경북,봉화군,513,11
2020,6,202006,경북,상주시,1871,45
2020,6,202006,경북,성주군,1383,29
2020,6,202006,경북,안동시,4099,103
2020,6,202006,경북,영덕군,762,14
2020,6,202006,경북,영양군,294,7
2020,6,202006,경북,영주시,2177,57
2020,6,202006,경북,영천시,2786,34
2020,6,202006,경북,예천군,1352,22
2020,6,202006,경북,울릉군,173,2
2020,6,202006,경북,울진군,1208,25
2020,6,202006,경북,의성군,975,11
2020,6,202006,경북,청도군,1353,14
2020,6,202006,경북,청송군,485,11
2020,6,202006,경북,칠곡군,3672,59
2020,6,202006,경북,포항시,16102,224
2020,6,202006,광주,광산구,15647,203
2020,6,202006,광주,남구,10503,63
2020,6,202006,광주,동구,5001,27
2020,6,202006,광주,북구,15642,137
2020,6,202006,광주,서구,17175,117
2020,6,202006,대구,남구,5766,39
2020,6,202006,대구,달서구,35550,208
2020,6,202006,대구,달성군,8809,124
2020,6,202006,대구,동구,14275,139
2020,6,202006,대구,북구,14864,148
2020,6,202006,대구,서구,4593,29
2020,6,202006,대구,수성구,57984,165
2020,6,202006,대구,중구,24835,23
2020,6,202006,대전,대덕구,4662,53
2020,6,202006,대전,동구,5159,78
2020,6,202006,대전,서구,18547,182
2020,6,202006,대전,유성구,22039,213
2020,6,202006,대전,중구,7380,95
2020,6,202006,부산,강서구,7571,68
2020,6,202006,부산,금정구,8632,42
2020,6,202006,부산,기장군,7257,56
2020,6,202006,부산,남구,12595,52
2020,6,202006,부산,동구,19542,16
2020,6,202006,부산,동래구,10360,44
2020,6,202006,부산,부산진구,20449,51
2020,6,202006,부산,북구,6948,46
2020,6,202006,부산,사상구,5177,25
2020,6,202006,부산,사하구,7238,34
2020,6,202006,부산,서구,2968,6
2020,6,202006,부산,수영구,18596,33
2020,6,202006,부산,연제구,23341,40
2020,6,202006,부산,영도구,2179,13
2020,6,202006,부산,중구,14898,13
2020,6,202006,부산,해운대구,38322,104
2020,6,202006,서울,강남구,82501,231
2020,6,202006,서울,강동구,20203,102
2020,6,202006,서울,강북구,6638,35
2020,6,202006,서울,강서구,25551,111
2020,6,202006,서울,관악구,12361,43
2020,6,202006,서울,광진구,16001,68
2020,6,202006,서울,구로구,13654,64
2020,6,202006,서울,금천구,7864,37
2020,6,202006,서울,노원구,14165,85
2020,6,202006,서울,도봉구,8002,57
2020,6,202006,서울,동대문구,13414,56
2020,6,202006,서울,동작구,16426,43
2020,6,202006,서울,마포구,23732,78
2020,6,202006,서울,서대문구,13408,63
2020,6,202006,서울,서초구,59483,153
2020,6,202006,서울,성동구,23026,92
2020,6,202006,서울,성북구,16832,92
2020,6,202006,서울,송파구,50171,130
2020,6,202006,서울,양천구,21948,65
2020,6,202006,서울,영등포구,23356,74
2020,6,202006,서울,용산구,24629,62
2020,6,202006,서울,은평구,14271,53
2020,6,202006,서울,종로구,10349,76
2020,6,202006,서울,중구,12218,75
2020,6,202006,서울,중랑구,9495,60
2020,6,202006,세종,세종시,17317,237
2020,6,202006,울산,남구,11696,71
2020,6,202006,울산,동구,2511,50
2020,6,202006,울산,북구,4739,81
2020,6,202006,울산,울주군,6814,68
2020,6,202006,울산,중구,5559,49
2020,6,202006,인천,강화군,2570,34
2020,6,202006,인천,계양구,13611,84
2020,6,202006,인천,남동구,56535,180
2020,6,202006,인천,동구,1363,8
2020,6,202006,인천,미추홀구,21413,78
2020,6,202006,인천,부평구,26365,87
2020,6,202006,인천,서구,23004,175
2020,6,202006,인천,연수구,53193,132
2020,6,202006,인천,옹진군,521,5
2020,6,202006,인천,중구,6602,44
2020,6,202006,전남,강진군,744,13
2020,6,202006,전남,고흥군,1242,9
2020,6,202006,전남,곡성군,716,5
2020,6,202006,전남,광양시,4320,70
2020,6,202006,전남,구례군,553,9
2020,6,202006,전남,나주시,4185,53
2020,6,202006,전남,담양군,1540,17
2020,6,202006,전남,목포시,5427,73
2020,6,202006,전남,무안군,2378,39
2020,6,202006,전남,보성군,1654,9
2020,6,202006,전남,순천시,9739,120
2020,6,202006,전남,신안군,1767,19
2020,6,202006,전남,여수시,8405,70
2020,6,202006,전남,영광군,1660,16
2020,6,202006,전남,영암군,1699,17
2020,6,202006,전남,완도군,1265,12
2020,6,202006,전남,장성군,1426,36
2020,6,202006,전남,장흥군,867,9
2020,6,202006,전남,진도군,666,7
2020,6,202006,전남,함평군,1823,13
2020,6,202006,전남,해남군,1452,17
2020,6,202006,전남,화순군,1873,25
2020,6,202006,전북,고창군,1413,25
2020,6,202006,전북,군산시,8679,78
2020,6,202006,전북,김제시,2185,21
2020,6,202006,전북,남원시,1799,34
2020,6,202006,전북,무주군,600,10
2020,6,202006,전북,부안군,1236,13
2020,6,202006,전북,순창군,618,4
2020,6,202006,전북,완주군,2848,52
2020,6,202006,전북,익산시,8011,103
2020,6,202006,전북,임실군,545,12
2020,6,202006,전북,장수군,465,4
2020,6,202006,전북,전주시,37430,247
2020,6,202006,전북,정읍시,2720,40
2020,6,202006,전북,진안군,541,12
2020,6,202006,제주,서귀포시,6182,70
2020,6,202006,제주,제주시,30515,264
2020,6,202006,충남,계룡시,1432,27
2020,6,202006,충남,공주시,3006,52
2020,6,202006,충남,금산군,1450,19
2020,6,202006,충남,논산시,2649,39
2020,6,202006,충남,당진시,4952,86
2020,6,202006,충남,보령시,2604,42
2020,6,202006,충남,부여군,1324,23
2020,6,202006,충남,서산시,5110,99
2020,6,202006,충남,서천군,1067,10
2020,6,202006,충남,아산시,10881,216
2020,6,202006,충남,예산군,1994,32
2020,6,202006,충남,천안시,26865,422
2020,6,202006,충남,청양군,622,12
2020,6,202006,충남,태안군,1759,27
2020,6,202006,충남,홍성군,2665,31
2020,6,202006,충북,괴산군,861,17
2020,6,202006,충북,단양군,578,14
2020,6,202006,충북,보은군,766,13
2020,6,202006,충북,영동군,895,15
2020,6,202006,충북,옥천군,1213,14
2020,6,202006,충북,음성군,2865,52
2020,6,202006,충북,제천시,3579,49
2020,6,202006,충북,증평군,964,19
2020,6,202006,충북,진천군,2410,67
2020,6,202006,충북,청주시,35872,428
2020,6,202006,충북,충주시,5844,105
2020,7,202007,강원,강릉시,7600,104
2020,7,202007,강원,고성군,679,14
2020,7,202007,강원,동해시,1997,78
2020,7,202007,강원,삼척시,1330,27
2020,7,202007,강원,속초시,2492,43
2020,7,202007,강원,양구군,502,11
2020,7,202007,강원,양양군,991,23
2020,7,202007,강원,영월군,1041,21
2020,7,202007,강원,원주시,14045,168
2020,7,202007,강원,인제군,721,14
2020,7,202007,강원,정선군,1022,16
2020,7,202007,강원,철원군,876,20
2020,7,202007,강원,춘천시,9125,126
2020,7,202007,강원,태백시,1170,12
2020,7,202007,강원,평창군,1631,18
2020,7,202007,강원,홍천군,1786,23
2020,7,202007,강원,화천군,486,8
2020,7,202007,강원,횡성군,1529,24
2020,7,202007,경기,가평군,2644,45
2020,7,202007,경기,고양시,57917,328
2020,7,202007,경기,과천시,4335,14
2020,7,202007,경기,광명시,9864,83
2020,7,202007,경기,광주시,20262,182
2020,7,202007,경기,구리시,7725,46
2020,7,202007,경기,군포시,8443,56
2020,7,202007,경기,김포시,25963,393
2020,7,202007,경기,남양주시,32001,385
2020,7,202007,경기,동두천시,2161,23
2020,7,202007,경기,부천시,25882,159
2020,7,202007,경기,성남시,66702,318
2020,7,202007,경기,수원시,58674,431
2020,7,202007,경기,시흥시,16367,173
2020,7,202007,경기,안산시,19447,193
2020,7,202007,경기,안성시,6488,90
2020,7,202007,경기,안양시,21366,114
2020,7,202007,경기,양주시,7405,113
2020,7,202007,경기,양평군,7030,95
2020,7,202007,경기,여주시,4000,59
2020,7,202007,경기,연천군,1372,29
2020,7,202007,경기,오산시,7632,107
2020,7,202007,경기,용인시,75559,576
2020,7,202007,경기,의왕시,7888,43
2020,7,202007,경기,의정부시,13270,118
2020,7,202007,경기,이천시,8673,161
2020,7,202007,경기,파주시,19420,231
2020,7,202007,경기,평택시,23923,296
2020,7,202007,경기,포천시,5217,74
2020,7,202007,경기,하남시,17761,127
2020,7,202007,경기,화성시,46361,512
2020,7,202007,경남,거제시,6240,70
2020,7,202007,경남,거창군,1465,20
2020,7,202007,경남,고성군,1052,15
2020,7,202007,경남,김해시,18203,201
2020,7,202007,경남,남해군,842,15
2020,7,202007,경남,밀양시,2605,25
2020,7,202007,경남,사천시,2751,26
2020,7,202007,경남,산청군,874,7
2020,7,202007,경남,양산시,11054,115
2020,7,202007,경남,의령군,563,14
2020,7,202007,경남,진주시,11203,108
2020,7,202007,경남,창녕군,1595,24
2020,7,202007,경남,창원시,65605,381
2020,7,202007,경남,통영시,3176,30
2020,7,202007,경남,하동군,966,17
2020,7,202007,경남,함안군,2597,32
2020,7,202007,경남,함양군,799,12
2020,7,202007,경남,합천군,905,21
2020,7,202007,경북,경산시,8717,92
2020,7,202007,경북,경주시,7949,133
2020,7,202007,경북,고령군,961,24
2020,7,202007,경북,구미시,11835,206
2020,7,202007,경북,군위군,638,14
2020,7,202007,경북,김천시,3341,63
2020,7,202007,경북,문경시,1494,30
2020,7,202007,경북,봉화군,521,11
2020,7,202007,경북,상주시,1893,46
2020,7,202007,경북,성주군,1388,29
2020,7,202007,경북,안동시,4149,103
2020,7,202007,경북,영덕군,765,13
2020,7,202007,경북,영양군,299,7
2020,7,202007,경북,영주시,2209,59
2020,7,202007,경북,영천시,2800,35
2020,7,202007,경북,예천군,1371,23
2020,7,202007,경북,울릉군,180,2
2020,7,202007,경북,울진군,1209,26
2020,7,202007,경북,의성군,983,13
2020,7,202007,경북,청도군,1361,14
2020,7,202007,경북,청송군,488,11
2020,7,202007,경북,칠곡군,3675,58
2020,7,202007,경북,포항시,16294,229
2020,7,202007,광주,광산구,15753,208
2020,7,202007,광주,남구,10555,65
2020,7,202007,광주,동구,5024,25
2020,7,202007,광주,북구,15754,142
2020,7,202007,광주,서구,17151,118
2020,7,202007,대구,남구,5760,38
2020,7,202007,대구,달서구,35899,207
2020,7,202007,대구,달성군,8921,123
2020,7,202007,대구,동구,14333,138
2020,7,202007,대구,북구,15044,153
2020,7,202007,대구,서구,4607,30
2020,7,202007,대구,수성구,58074,163
2020,7,202007,대구,중구,25257,27
2020,7,202007,대전,대덕구,4665,57
2020,7,202007,대전,동구,5214,78
2020,7,202007,대전,서구,18654,185
2020,7,202007,대전,유성구,22190,215
2020,7,202007,대전,중구,7448,96
2020,7,202007,부산,강서구,7640,71
2020,7,202007,부산,금정구,8620,42
2020,7,202007,부산,기장군,7354,58
2020,7,202007,부산,남구,12624,52
2020,7,202007,부산,동구,19476,16
2020,7,202007,부산,동래구,10458,43
2020,7,202007,부산,부산진구,20569,49
2020,7,202007,부산,북구,6984,46
2020,7,202007,부산,사상구,5205,27
2020,7,202007,부산,사하구,7268,38
2020,7,202007,부산,서구,2989,6
2020,7,202007,부산,수영구,18701,29
2020,7,202007,부산,연제구,23399,38
2020,7,202007,부산,영도구,2191,12
2020,7,202007,부산,중구,15088,13
2020,7,202007,부산,해운대구,38537,107
2020,7,202007,서울,강남구,82720,244
2020,7,202007,서울,강동구,20373,99
2020,7,202007,서울,강북구,6689,36
2020,7,202007,서울,강서구,25516,105
2020,7,202007,서울,관악구,12484,44
2020,7,202007,서울,광진구,15947,66
2020,7,202007,서울,구로구,13794,68
2020,7,202007,서울,금천구,7924,37
2020,7,202007,서울,노원구,14282,84
2020,7,202007,서울,도봉구,8065,58
2020,7,202007,서울,동대문구,13572,57
2020,7,202007,서울,동작구,16558,41
2020,7,202007,서울,마포구,23929,76
2020,7,202007,서울,서대문구,13549,65
2020,7,202007,서울,서초구,59521,158
2020,7,202007,서울,성동구,23300,91
2020,7,202007,서울,성북구,16983,94
2020,7,202007,서울,송파구,50409,131
2020,7,202007,서울,양천구,22144,64
2020,7,202007,서울,영등포구,23434,74
2020,7,202007,서울,용산구,24709,66
2020,7,202007,서울,은평구,14504,53
2020,7,202007,서울,종로구,10363,77
2020,7,202007,서울,중구,12274,74
2020,7,202007,서울,중랑구,9578,60
2020,7,202007,세종,세종시,17510,236
2020,7,202007,울산,남구,11775,74
2020,7,202007,울산,동구,2567,49
2020,7,202007,울산,북구,4763,80
2020,7,202007,울산,울주군,6851,69
2020,7,202007,울산,중구,5608,49
2020,7,202007,인천,강화군,2586,32
2020,7,202007,인천,계양구,13395,72
2020,7,202007,인천,남동구,56896,185
2020,7,202007,인천,동구,1388,8
2020,7,202007,인천,미추홀구,21643,75
2020,7,202007,인천,부평구,26780,87
2020,7,202007,인천,서구,23207,184
2020,7,202007,인천,연수구,53498,135
2020,7,202007,인천,옹진군,527,7
2020,7,202007,인천,중구,6662,43
2020,7,202007,전남,강진군,743,12
2020,7,202007,전남,고흥군,1246,9
2020,7,202007,전남,곡성군,722,6
2020,7,202007,전남,광양시,4372,65
2020,7,202007,전남,구례군,556,10
2020,7,202007,전남,나주시,4210,54
2020,7,202007,전남,담양군,1559,17
2020,7,202007,전남,목포시,5478,73
2020,7,202007,전남,무안군,2406,41
2020,7,202007,전남,보성군,1627,9
2020,7,202007,전남,순천시,9822,122
2020,7,202007,전남,신안군,1836,21
2020,7,202007,전남,여수시,8497,71
2020,7,202007,전남,영광군,1689,18
2020,7,202007,전남,영암군,1680,17
2020,7,202007,전남,완도군,1264,11
2020,7,202007,전남,장성군,1451,36
2020,7,202007,전남,장흥군,861,10
2020,7,202007,전남,진도군,675,6
2020,7,202007,전남,함평군,1833,14
2020,7,202007,전남,해남군,1476,17
2020,7,202007,전남,화순군,1895,26
2020,7,202007,전북,고창군,1417,24
2020,7,202007,전북,군산시,8710,80
2020,7,202007,전북,김제시,2183,22
2020,7,202007,전북,남원시,1817,35
2020,7,202007,전북,무주군,595,10
2020,7,202007,전북,부안군,1254,13
2020,7,202007,전북,순창군,624,4
2020,7,202007,전북,완주군,2902,49
2020,7,202007,전북,익산시,8082,106
2020,7,202007,전북,임실군,546,12
2020,7,202007,전북,장수군,463,4
2020,7,202007,전북,전주시,37570,247
2020,7,202007,전북,정읍시,2736,40
2020,7,202007,전북,진안군,551,12
2020,7,202007,제주,서귀포시,6245,73
2020,7,202007,제주,제주시,30794,263
2020,7,202007,충남,계룡시,1449,27
2020,7,202007,충남,공주시,3011,52
2020,7,202007,충남,금산군,1469,19
2020,7,202007,충남,논산시,2672,39
2020,7,202007,충남,당진시,4975,88
2020,7,202007,충남,보령시,2630,44
2020,7,202007,충남,부여군,1339,24
2020,7,202007,충남,서산시,5159,99
2020,7,202007,충남,서천군,1080,10
2020,7,202007,충남,아산시,10958,217
2020,7,202007,충남,예산군,2005,33
2020,7,202007,충남,천안시,27105,429
2020,7,202007,충남,청양군,618,11
2020,7,202007,충남,태안군,1790,28
2020,7,202007,충남,홍성군,2699,35
2020,7,202007,충북,괴산군,862,18
2020,7,202007,충북,단양군,585,13
2020,7,202007,충북,보은군,771,13
2020,7,202007,충북,영동군,908,17
2020,7,202007,충북,옥천군,1222,17
2020,7,202007,충북,음성군,2905,53
2020,7,202007,충북,제천시,3589,48
2020,7,202007,충북,증평군,976,20
2020,7,202007,충북,진천군,2419,69
2020,7,202007,충북,청주시,36112,430
2020,7,202007,충북,충주시,5893,108
2020,8,202008,강원,강릉시,7638,107
2020,8,202008,강원,고성군,691,15
2020,8,202008,강원,동해시,2009,77
2020,8,202008,강원,삼척시,1332,28
2020,8,202008,강원,속초시,2533,44
2020,8,202008,강원,양구군,498,11
2020,8,202008,강원,양양군,1006,23
2020,8,202008,강원,영월군,1043,22
2020,8,202008,강원,원주시,14163,173
2020,8,202008,강원,인제군,734,15
2020,8,202008,강원,정선군,1034,15
2020,8,202008,강원,철원군,895,21
2020,8,202008,강원,춘천시,9235,127
2020,8,202008,강원,태백시,1183,12
2020,8,202008,강원,평창군,1651,19
2020,8,202008,강원,홍천군,1809,20
2020,8,202008,강원,화천군,497,8
2020,8,202008,강원,횡성군,1555,24
2020,8,202008,경기,가평군,2654,45
2020,8,202008,경기,고양시,58311,331
2020,8,202008,경기,과천시,4393,14
2020,8,202008,경기,광명시,9785,85
2020,8,202008,경기,광주시,20443,184
2020,8,202008,경기,구리시,7769,47
2020,8,202008,경기,군포시,8523,58
2020,8,202008,경기,김포시,26650,390
2020,8,202008,경기,남양주시,32268,397
2020,8,202008,경기,동두천시,2170,24
2020,8,202008,경기,부천시,26102,156
2020,8,202008,경기,성남시,67385,323
2020,8,202008,경기,수원시,59091,434
2020,8,202008,경기,시흥시,16650,175
2020,8,202008,경기,안산시,19601,194
2020,8,202008,경기,안성시,6581,90
2020,8,202008,경기,안양시,21495,115
2020,8,202008,경기,양주시,7552,115
2020,8,202008,경기,양평군,7056,95
2020,8,202008,경기,여주시,4034,59
2020,8,202008,경기,연천군,1378,31
2020,8,202008,경기,오산시,7748,112
2020,8,202008,경기,용인시,76076,578
2020,8,202008,경기,의왕시,7914,44
2020,8,202008,경기,의정부시,13443,119
2020,8,202008,경기,이천시,8775,156
2020,8,202008,경기,파주시,19755,225
2020,8,202008,경기,평택시,24220,300
2020,8,202008,경기,포천시,5256,74
2020,8,202008,경기,하남시,17984,128
2020,8,202008,경기,화성시,46854,512
2020,8,202008,경남,거제시,6287,69
2020,8,202008,경남,거창군,1494,19
2020,8,202008,경남,고성군,1059,14
2020,8,202008,경남,김해시,18346,201
2020,8,202008,경남,남해군,851,19
2020,8,202008,경남,밀양시,2629,26
2020,8,202008,경남,사천시,2787,26
2020,8,202008,경남,산청군,882,7
2020,8,202008,경남,양산시,11119,117
2020,8,202008,경남,의령군,564,14
2020,8,202008,경남,진주시,11313,112
2020,8,202008,경남,창녕군,1599,24
2020,8,202008,경남,창원시,65017,374
2020,8,202008,경남,통영시,3208,29
2020,8,202008,경남,하동군,969,18
2020,8,202008,경남,함안군,2594,33
2020,8,202008,경남,함양군,813,13
2020,8,202008,경남,합천군,918,22
2020,8,202008,경북,경산시,8768,95
2020,8,202008,경북,경주시,8026,138
2020,8,202008,경북,고령군,967,24
2020,8,202008,경북,구미시,11976,208
2020,8,202008,경북,군위군,655,16
2020,8,202008,경북,김천시,3378,63
2020,8,202008,경북,문경시,1497,31
2020,8,202008,경북,봉화군,517,11
2020,8,202008,경북,상주시,1922,46
2020,8,202008,경북,성주군,1405,31
2020,8,202008,경북,안동시,4201,103
2020,8,202008,경북,영덕군,771,13
2020,8,202008,경북,영양군,302,5
2020,8,202008,경북,영주시,2234,59
2020,8,202008,경북,영천시,2823,37
2020,8,202008,경북,예천군,1377,24
2020,8,202008,경북,울릉군,184,2
2020,8,202008,경북,울진군,1217,26
2020,8,202008,경북,의성군,996,12
2020,8,202008,경북,청도군,1361,13
2020,8,202008,경북,청송군,500,11
2020,8,202008,경북,칠곡군,3710,59
2020,8,202008,경북,포항시,16429,229
2020,8,202008,광주,광산구,15916,208
2020,8,202008,광주,남구,10632,71
2020,8,202008,광주,동구,5054,27
2020,8,202008,광주,북구,15803,144
2020,8,202008,광주,서구,17102,115
2020,8,202008,대구,남구,5794,39
2020,8,202008,대구,달서구,36421,204
2020,8,202008,대구,달성군,9045,123
2020,8,202008,대구,동구,14448,135
2020,8,202008,대구,북구,15203,153
2020,8,202008,대구,서구,4603,31
2020,8,202008,대구,수성구,58316,167
2020,8,202008,대구,중구,29801,28
2020,8,202008,대전,대덕구,4674,58
2020,8,202008,대전,동구,5247,79
2020,8,202008,대전,서구,18796,188
2020,8,202008,대전,유성구,22368,218
2020,8,202008,대전,중구,7476,98
2020,8,202008,부산,강서구,7749,74
2020,8,202008,부산,금정구,8629,44
2020,8,202008,부산,기장군,7469,58
2020,8,202008,부산,남구,12640,54
2020,8,202008,부산,동구,19502,17
2020,8,202008,부산,동래구,10518,43
2020,8,202008,부산,부산진구,20702,49
2020,8,202008,부산,북구,6995,44
2020,8,202008,부산,사상구,5253,25
2020,8,202008,부산,사하구,7268,40
2020,8,202008,부산,서구,3014,6
2020,8,202008,부산,수영구,18711,28
2020,8,202008,부산,연제구,23676,39
2020,8,202008,부산,영도구,2205,12
2020,8,202008,부산,중구,15462,13
2020,8,202008,부산,해운대구,38800,110
2020,8,202008,서울,강남구,83109,247
2020,8,202008,서울,강동구,20542,99
2020,8,202008,서울,강북구,6718,34
2020,8,202008,서울,강서구,25589,107
2020,8,202008,서울,관악구,12543,44
2020,8,202008,서울,광진구,15978,63
2020,8,202008,서울,구로구,13972,67
2020,8,202008,서울,금천구,7998,35
2020,8,202008,서울,노원구,14391,86
2020,8,202008,서울,도봉구,8110,58
2020,8,202008,서울,동대문구,13645,58
2020,8,202008,서울,동작구,16697,42
2020,8,202008,서울,마포구,24039,78
2020,8,202008,서울,서대문구,13727,66
2020,8,202008,서울,서초구,59690,156
2020,8,202008,서울,성동구,23460,87
2020,8,202008,서울,성북구,17065,92
2020,8,202008,서울,송파구,50745,130
2020,8,202008,서울,양천구,22280,63
2020,8,202008,서울,영등포구,23577,75
2020,8,202008,서울,용산구,24786,68
2020,8,202008,서울,은평구,14687,53
2020,8,202008,서울,종로구,10378,78
2020,8,202008,서울,중구,12425,74
2020,8,202008,서울,중랑구,9775,59
2020,8,202008,세종,세종시,17779,234
2020,8,202008,울산,남구,11858,73
2020,8,202008,울산,동구,2568,50
2020,8,202008,울산,북구,4770,79
2020,8,202008,울산,울주군,6896,68
2020,8,202008,울산,중구,5656,49
2020,8,202008,인천,강화군,2594,32
2020,8,202008,인천,계양구,13356,70
2020,8,202008,인천,남동구,54123,187
2020,8,202008,인천,동구,1379,8
2020,8,202008,인천,미추홀구,22020,76
2020,8,202008,인천,부평구,27304,87
2020,8,202008,인천,서구,23274,182
2020,8,202008,인천,연수구,54243,134
2020,8,202008,인천,옹진군,537,7
2020,8,202008,인천,중구,6719,48
2020,8,202008,전남,강진군,754,12
2020,8,202008,전남,고흥군,1254,9
2020,8,202008,전남,곡성군,732,6
2020,8,202008,전남,광양시,4350,68
2020,8,202008,전남,구례군,545,11
2020,8,202008,전남,나주시,4253,52
2020,8,202008,전남,담양군,1572,17
2020,8,202008,전남,목포시,5476,71
2020,8,202008,전남,무안군,2494,41
2020,8,202008,전남,보성군,1611,10
2020,8,202008,전남,순천시,9972,121
2020,8,202008,전남,신안군,1862,21
2020,8,202008,전남,여수시,8571,71
2020,8,202008,전남,영광군,1704,18
2020,8,202008,전남,영암군,1679,19
2020,8,202008,전남,완도군,1274,12
2020,8,202008,전남,장성군,1444,35
2020,8,202008,전남,장흥군,858,11
2020,8,202008,전남,진도군,673,6
2020,8,202008,전남,함평군,1842,14
2020,8,202008,전남,해남군,1498,18
2020,8,202008,전남,화순군,1913,26
2020,8,202008,전북,고창군,1431,22
2020,8,202008,전북,군산시,8784,81
2020,8,202008,전북,김제시,2198,22
2020,8,202008,전북,남원시,1837,35
2020,8,202008,전북,무주군,605,10
2020,8,202008,전북,부안군,1268,15
2020,8,202008,전북,순창군,627,4
2020,8,202008,전북,완주군,2944,52
2020,8,202008,전북,익산시,8133,106
2020,8,202008,전북,임실군,542,13
2020,8,202008,전북,장수군,472,3
2020,8,202008,전북,전주시,37752,244
2020,8,202008,전북,정읍시,2764,38
2020,8,202008,전북,진안군,556,11
2020,8,202008,제주,서귀포시,6327,74
2020,8,202008,제주,제주시,30989,267
2020,8,202008,충남,계룡시,1458,26
2020,8,202008,충남,공주시,3034,51
2020,8,202008,충남,금산군,1475,19
2020,8,202008,충남,논산시,2691,38
2020,8,202008,충남,당진시,5032,89
2020,8,202008,충남,보령시,2632,45
2020,8,202008,충남,부여군,1339,24
2020,8,202008,충남,서산시,5244,101
2020,8,202008,충남,서천군,1082,13
2020,8,202008,충남,아산시,11078,222
2020,8,202008,충남,예산군,2010,32
2020,8,202008,충남,천안시,27234,428
2020,8,202008,충남,청양군,623,12
2020,8,202008,충남,태안군,1792,29
2020,8,202008,충남,홍성군,2717,38
2020,8,202008,충북,괴산군,868,18
2020,8,202008,충북,단양군,592,13
2020,8,202008,충북,보은군,789,14
2020,8,202008,충북,영동군,902,17
2020,8,202008,충북,옥천군,1226,17
2020,8,202008,충북,음성군,2923,53
2020,8,202008,충북,제천시,3621,48
2020,8,202008,충북,증평군,981,18
2020,8,202008,충북,진천군,2466,70
2020,8,202008,충북,청주시,36352,435
2020,8,202008,충북,충주시,5972,107
2020,9,202009,강원,강릉시,7685,105
2020,9,202009,강원,고성군,691,16
2020,9,202009,강원,동해시,2026,77
2020,9,202009,강원,삼척시,1334,29
2020,9,202009,강원,속초시,2555,44
2020,9,202009,강원,양구군,499,11
2020,9,202009,강원,양양군,1029,24
2020,9,202009,강원,영월군,1060,24
2020,9,202009,강원,원주시,14267,174
2020,9,202009,강원,인제군,746,14
2020,9,202009,강원,정선군,1046,16
2020,9,202009,강원,철원군,900,20
2020,9,202009,강원,춘천시,9339,129
2020,9,202009,강원,태백시,1198,12
2020,9,202009,강원,평창군,1665,19
2020,9,202009,강원,홍천군,1821,21
2020,9,202009,강원,화천군,509,9
2020,9,202009,강원,횡성군,1574,24
2020,9,202009,경기,가평군,2673,45
2020,9,202009,경기,고양시,58725,334
2020,9,202009,경기,과천시,4430,14
2020,9,202009,경기,광명시,9784,81
2020,9,202009,경기,광주시,20683,187
2020,9,202009,경기,구리시,7835,46
2020,9,202009,경기,군포시,8564,59
2020,9,202009,경기,김포시,27360,399
2020,9,202009,경기,남양주시,32639,389
2020,9,202009,경기,동두천시,2203,24
2020,9,202009,경기,부천시,26276,166
2020,9,202009,경기,성남시,67926,336
2020,9,202009,경기,수원시,60166,429
2020,9,202009,경기,시흥시,17023,177
2020,9,202009,경기,안산시,19824,199
2020,9,202009,경기,안성시,6661,93
2020,9,202009,경기,안양시,21657,118
2020,9,202009,경기,양주시,7633,117
2020,9,202009,경기,양평군,7120,93
2020,9,202009,경기,여주시,4062,62
2020,9,202009,경기,연천군,1404,28
2020,9,202009,경기,오산시,7896,112
2020,9,202009,경기,용인시,76757,576
2020,9,202009,경기,의왕시,7982,44
2020,9,202009,경기,의정부시,13594,121
2020,9,202009,경기,이천시,8864,157
2020,9,202009,경기,파주시,20046,222
2020,9,202009,경기,평택시,24555,306
2020,9,202009,경기,포천시,5348,74
2020,9,202009,경기,하남시,18271,131
2020,9,202009,경기,화성시,47381,521
2020,9,202009,경남,거제시,6319,72
2020,9,202009,경남,거창군,1506,19
2020,9,202009,경남,고성군,1067,14
2020,9,202009,경남,김해시,18435,197
2020,9,202009,경남,남해군,866,19
2020,9,202009,경남,밀양시,2629,25
2020,9,202009,경남,사천시,2820,25
2020,9,202009,경남,산청군,885,7
2020,9,202009,경남,양산시,11231,120
2020,9,202009,경남,의령군,580,13
2020,9,202009,경남,진주시,11375,111
2020,9,202009,경남,창녕군,1609,24
2020,9,202009,경남,창원시,65175,368
2020,9,202009,경남,통영시,3221,30
2020,9,202009,경남,하동군,968,17
2020,9,202009,경남,함안군,2576,35
2020,9,202009,경남,함양군,824,13
2020,9,202009,경남,합천군,921,22
2020,9,202009,경북,경산시,8823,93
2020,9,202009,경북,경주시,8069,134
2020,9,202009,경북,고령군,976,25
2020,9,202009,경북,구미시,12076,213
2020,9,202009,경북,군위군,661,15
2020,9,202009,경북,김천시,3409,64
2020,9,202009,경북,문경시,1512,32
2020,9,202009,경북,봉화군,516,11
2020,9,202009,경북,상주시,1934,46
2020,9,202009,경북,성주군,1435,30
2020,9,202009,경북,안동시,4244,104
2020,9,202009,경북,영덕군,775,14
2020,9,202009,경북,영양군,307,5
2020,9,202009,경북,영주시,2252,61
2020,9,202009,경북,영천시,2866,35
2020,9,202009,경북,예천군,1378,24
2020,9,202009,경북,울릉군,186,2
2020,9,202009,경북,울진군,1222,26
2020,9,202009,경북,의성군,1002,11
2020,9,202009,경북,청도군,1367,14
2020,9,202009,경북,청송군,497,11
2020,9,202009,경북,칠곡군,3731,59
2020,9,202009,경북,포항시,16540,227
2020,9,202009,광주,광산구,16035,203
2020,9,202009,광주,남구,10658,70
2020,9,202009,광주,동구,5225,30
2020,9,202009,광주,북구,15871,138
2020,9,202009,광주,서구,17151,118
2020,9,202009,대구,남구,5860,39
2020,9,202009,대구,달서구,37008,207
2020,9,202009,대구,달성군,9113,120
2020,9,202009,대구,동구,14589,132
2020,9,202009,대구,북구,15346,156
2020,9,202009,대구,서구,4633,32
2020,9,202009,대구,수성구,58777,169
2020,9,202009,대구,중구,30978,29
2020,9,202009,대전,대덕구,4719,64
2020,9,202009,대전,동구,5260,82
2020,9,202009,대전,서구,18987,195
2020,9,202009,대전,유성구,22608,217
2020,9,202009,대전,중구,7514,96
2020,9,202009,부산,강서구,7856,77
2020,9,202009,부산,금정구,8677,44
2020,9,202009,부산,기장군,7588,57
2020,9,202009,부산,남구,12782,55
2020,9,202009,부산,동구,19616,16
2020,9,202009,부산,동래구,10568,41
2020,9,202009,부산,부산진구,20802,51
2020,9,202009,부산,북구,7010,46
2020,9,202009,부산,사상구,5280,25
2020,9,202009,부산,사하구,7254,42
2020,9,202009,부산,서구,3033,6
2020,9,202009,부산,수영구,18716,32
2020,9,202009,부산,연제구,23937,42
2020,9,202009,부산,영도구,2209,12
2020,9,202009,부산,중구,15711,13
2020,9,202009,부산,해운대구,39050,116
2020,9,202009,서울,강남구,83415,248
2020,9,202009,서울,강동구,20806,101
2020,9,202009,서울,강북구,6759,34
2020,9,202009,서울,강서구,25870,103
2020,9,202009,서울,관악구,12603,46
2020,9,202009,서울,광진구,16027,63
2020,9,202009,서울,구로구,14091,68
2020,9,202009,서울,금천구,8049,35
2020,9,202009,서울,노원구,14501,84
2020,9,202009,서울,도봉구,8130,59
2020,9,202009,서울,동대문구,13500,56
2020,9,202009,서울,동작구,16768,43
2020,9,202009,서울,마포구,24193,76
2020,9,202009,서울,서대문구,13860,68
2020,9,202009,서울,서초구,59879,160
2020,9,202009,서울,성동구,23599,90
2020,9,202009,서울,성북구,17122,96
2020,9,202009,서울,송파구,51094,133
2020,9,202009,서울,양천구,22455,64
2020,9,202009,서울,영등포구,23760,76
2020,9,202009,서울,용산구,25362,71
2020,9,202009,서울,은평구,14833,51
2020,9,202009,서울,종로구,10433,81
2020,9,202009,서울,중구,12505,74
2020,9,202009,서울,중랑구,9901,57
2020,9,202009,세종,세종시,18033,242
2020,9,202009,울산,남구,11923,71
2020,9,202009,울산,동구,2562,52
2020,9,202009,울산,북구,4874,79
2020,9,202009,울산,울주군,6939,64
2020,9,202009,울산,중구,5671,49
2020,9,202009,인천,강화군,2599,32
2020,9,202009,인천,계양구,13200,69
2020,9,202009,인천,남동구,53779,189
2020,9,202009,인천,동구,1379,8
2020,9,202009,인천,미추홀구,22338,78
2020,9,202009,인천,부평구,27577,87
2020,9,202009,인천,서구,23426,181
2020,9,202009,인천,연수구,54925,132
2020,9,202009,인천,옹진군,536,8
2020,9,202009,인천,중구,6744,48
2020,9,202009,전남,강진군,759,12
2020,9,202009,전남,고흥군,1258,10
2020,9,202009,전남,곡성군,749,6
2020,9,202009,전남,광양시,4372,67
2020,9,202009,전남,구례군,557,10
2020,9,202009,전남,나주시,4291,52
2020,9,202009,전남,담양군,1583,18
2020,9,202009,전남,목포시,5475,69
2020,9,202009,전남,무안군,2576,42
2020,9,202009,전남,보성군,1581,10
2020,9,202009,전남,순천시,10099,126
2020,9,202009,전남,신안군,1850,21
2020,9,202009,전남,여수시,8632,70
2020,9,202009,전남,영광군,1743,18
2020,9,202009,전남,영암군,1686,19
2020,9,202009,전남,완도군,1291,11
2020,9,202009,전남,장성군,1469,36
2020,9,202009,전남,장흥군,861,11
2020,9,202009,전남,진도군,678,6
2020,9,202009,전남,함평군,1865,15
2020,9,202009,전남,해남군,1509,18
2020,9,202009,전남,화순군,1951,26
2020,9,202009,전북,고창군,1450,22
2020,9,202009,전북,군산시,8831,78
2020,9,202009,전북,김제시,2207,24
2020,9,202009,전북,남원시,1845,33
2020,9,202009,전북,무주군,607,11
2020,9,202009,전북,부안군,1276,15
2020,9,202009,전북,순창군,628,4
2020,9,202009,전북,완주군,2947,51
2020,9,202009,전북,익산시,8195,106
2020,9,202009,전북,임실군,539,14
2020,9,202009,전북,장수군,476,3
2020,9,202009,전북,전주시,37973,250
2020,9,202009,전북,정읍시,2792,38
2020,9,202009,전북,진안군,562,11
2020,9,202009,제주,서귀포시,6406,75
2020,9,202009,제주,제주시,31273,263
2020,9,202009,충남,계룡시,1479,28
2020,9,202009,충남,공주시,3058,52
2020,9,202009,충남,금산군,1485,19
2020,9,202009,충남,논산시,2715,38
2020,9,202009,충남,당진시,5052,89
2020,9,202009,충남,보령시,2642,45
2020,9,202009,충남,부여군,1340,25
2020,9,202009,충남,서산시,5299,99
2020,9,202009,충남,서천군,1083,13
2020,9,202009,충남,아산시,11153,223
2020,9,202009,충남,예산군,2024,33
2020,9,202009,충남,천안시,27507,430
2020,9,202009,충남,청양군,622,12
2020,9,202009,충남,태안군,1810,28
2020,9,202009,충남,홍성군,2751,38
2020,9,202009,충북,괴산군,883,18
2020,9,202009,충북,단양군,600,13
2020,9,202009,충북,보은군,802,14
2020,9,202009,충북,영동군,927,16
2020,9,202009,충북,옥천군,1234,19
2020,9,202009,충북,음성군,2942,52
2020,9,202009,충북,제천시,3675,49
2020,9,202009,충북,증평군,974,18
2020,9,202009,충북,진천군,2496,69
2020,9,202009,충북,청주시,36547,430
2020,9,202009,충북,충주시,6031,110
2020,10,202010,강원,강릉시,7759,106
2020,10,202010,강원,고성군,685,15
2020,10,202010,강원,동해시,2043,77
2020,10,202010,강원,삼척시,1355,29
2020,10,202010,강원,속초시,2580,44
2020,10,202010,강원,양구군,502,11
2020,10,202010,강원,양양군,1043,23
2020,10,202010,강원,영월군,1073,22
2020,10,202010,강원,원주시,14379,180
2020,10,202010,강원,인제군,765,14
2020,10,202010,강원,정선군,1049,16
2020,10,202010,강원,철원군,910,21
2020,10,202010,강원,춘천시,9477,129
2020,10,202010,강원,태백시,1205,14
2020,10,202010,강원,평창군,1686,18
2020,10,202010,강원,홍천군,1829,22
2020,10,202010,강원,화천군,513,9
2020,10,202010,강원,횡성군,1585,24
2020,10,202010,경기,가평군,2696,44
2020,10,202010,경기,고양시,59213,335
2020,10,202010,경기,과천시,4472,14
2020,10,202010,경기,광명시,9815,81
2020,10,202010,경기,광주시,20889,195
2020,10,202010,경기,구리시,7926,45
2020,10,202010,경기,군포시,8635,63
2020,10,202010,경기,김포시,27978,401
2020,10,202010,경기,남양주시,32958,388
2020,10,202010,경기,동두천시,2214,24
2020,10,202010,경기,부천시,26558,168
2020,10,202010,경기,성남시,68284,335
2020,10,202010,경기,수원시,61087,432
2020,10,202010,경기,시흥시,17248,178
2020,10,202010,경기,안산시,20094,202
2020,10,202010,경기,안성시,6750,93
2020,10,202010,경기,안양시,21758,119
2020,10,202010,경기,양주시,7748,120
2020,10,202010,경기,양평군,7169,93
2020,10,202010,경기,여주시,4115,62
2020,10,202010,경기,연천군,1419,28
2020,10,202010,경기,오산시,7950,113
2020,10,202010,경기,용인시,77556,572
2020,10,202010,경기,의왕시,8057,46
2020,10,202010,경기,의정부시,13733,115
2020,10,202010,경기,이천시,8926,158
2020,10,202010,경기,파주시,20306,225
2020,10,202010,경기,평택시,24959,304
2020,10,202010,경기,포천시,5426,74
2020,10,202010,경기,하남시,18507,131
2020,10,202010,경기,화성시,47840,532
2020,10,202010,경남,거제시,6359,75
2020,10,202010,경남,거창군,1522,19
2020,10,202010,경남,고성군,1076,14
2020,10,202010,경남,김해시,18534,191
2020,10,202010,경남,남해군,870,19
2020,10,202010,경남,밀양시,2664,25
2020,10,202010,경남,사천시,2855,26
2020,10,202010,경남,산청군,884,7
2020,10,202010,경남,양산시,11269,121
2020,10,202010,경남,의령군,589,14
2020,10,202010,경남,진주시,11470,115
2020,10,202010,경남,창녕군,1632,24
2020,10,202010,경남,창원시,65676,373
2020,10,202010,경남,통영시,3235,31
2020,10,202010,경남,하동군,977,16
2020,10,202010,경남,함안군,2584,36
2020,10,202010,경남,함양군,832,13
2020,10,202010,경남,합천군,929,22
2020,10,202010,경북,경산시,8902,96
2020,10,202010,경북,경주시,8121,135
2020,10,202010,경북,고령군,975,25
2020,10,202010,경북,구미시,12177,220
2020,10,202010,경북,군위군,663,14
2020,10,202010,경북,김천시,3464,65
2020,10,202010,경북,문경시,1547,29
2020,10,202010,경북,봉화군,519,11
2020,10,202010,경북,상주시,1961,45
2020,10,202010,경북,성주군,1440,30
2020,10,202010,경북,안동시,4264,103
2020,10,202010,경북,영덕군,798,14
2020,10,202010,경북,영양군,308,5
2020,10,202010,경북,영주시,2266,60
2020,10,202010,경북,영천시,2921,35
2020,10,202010,경북,예천군,1407,23
2020,10,202010,경북,울릉군,186,2
2020,10,202010,경북,울진군,1233,27
2020,10,202010,경북,의성군,1019,11
2020,10,202010,경북,청도군,1374,15
2020,10,202010,경북,청송군,502,11
2020,10,202010,경북,칠곡군,3770,61
2020,10,202010,경북,포항시,16684,226
2020,10,202010,광주,광산구,16168,205
2020,10,202010,광주,남구,10740,72
2020,10,202010,광주,동구,5339,30
2020,10,202010,광주,북구,15971,134
2020,10,202010,광주,서구,17141,118
2020,10,202010,대구,남구,5915,40
2020,10,202010,대구,달서구,37298,203
2020,10,202010,대구,달성군,9220,124
2020,10,202010,대구,동구,14738,135
2020,10,202010,대구,북구,15503,156
2020,10,202010,대구,서구,4681,31
2020,10,202010,대구,수성구,58889,170
2020,10,202010,대구,중구,31996,27
2020,10,202010,대전,대덕구,4836,65
2020,10,202010,대전,동구,5324,83
2020,10,202010,대전,서구,19116,201
2020,10,202010,대전,유성구,22839,211
2020,10,202010,대전,중구,7533,96
2020,10,202010,부산,강서구,7971,76
2020,10,202010,부산,금정구,8744,46
2020,10,202010,부산,기장군,7650,57
2020,10,202010,부산,남구,12848,54
2020,10,202010,부산,동구,19719,16
2020,10,202010,부산,동래구,10637,40
2020,10,202010,부산,부산진구,20930,50
2020,10,202010,부산,북구,7062,45
2020,10,202010,부산,사상구,5295,25
2020,10,202010,부산,사하구,7269,43
2020,10,202010,부산,서구,3084,6
2020,10,202010,부산,수영구,18645,32
2020,10,202010,부산,연제구,24429,43
2020,10,202010,부산,영도구,2219,12
2020,10,202010,부산,중구,15927,14
2020,10,202010,부산,해운대구,38999,111
2020,10,202010,서울,강남구,83980,244
2020,10,202010,서울,강동구,21032,100
2020,10,202010,서울,강북구,6829,32
2020,10,202010,서울,강서구,26166,100
2020,10,202010,서울,관악구,12652,42
2020,10,202010,서울,광진구,16177,62
2020,10,202010,서울,구로구,14164,67
2020,10,202010,서울,금천구,8059,35
2020,10,202010,서울,노원구,14593,86
2020,10,202010,서울,도봉구,8193,61
2020,10,202010,서울,동대문구,13559,54
2020,10,202010,서울,동작구,16830,41
2020,10,202010,서울,마포구,24304,81
2020,10,202010,서울,서대문구,13982,67
2020,10,202010,서울,서초구,60110,169
2020,10,202010,서울,성동구,23752,88
2020,10,202010,서울,성북구,17251,93
2020,10,202010,서울,송파구,51268,132
2020,10,202010,서울,양천구,22643,70
2020,10,202010,서울,영등포구,24012,76
2020,10,202010,서울,용산구,25804,74
2020,10,202010,서울,은평구,14935,52
2020,10,202010,서울,종로구,10467,80
2020,10,202010,서울,중구,12500,73
2020,10,202010,서울,중랑구,9977,57
2020,10,202010,세종,세종시,18410,247
2020,10,202010,울산,남구,11985,75
2020,10,202010,울산,동구,2573,50
2020,10,202010,울산,북구,4948,79
2020,10,202010,울산,울주군,6986,62
2020,10,202010,울산,중구,5710,49
2020,10,202010,인천,강화군,2611,39
2020,10,202010,인천,계양구,13201,72
2020,10,202010,인천,남동구,53484,195
2020,10,202010,인천,동구,1375,8
2020,10,202010,인천,미추홀구,22812,75
2020,10,202010,인천,부평구,27940,91
2020,10,202010,인천,서구,23640,183
2020,10,202010,인천,연수구,55646,132
2020,10,202010,인천,옹진군,558,7
2020,10,202010,인천,중구,6769,45
2020,10,202010,전남,강진군,773,12
2020,10,202010,전남,고흥군,1263,11
2020,10,202010,전남,곡성군,765,6
2020,10,202010,전남,광양시,4390,68
2020,10,202010,전남,구례군,557,10
2020,10,202010,전남,나주시,4333,54
2020,10,202010,전남,담양군,1597,20
2020,10,202010,전남,목포시,5517,69
2020,10,202010,전남,무안군,2645,44
2020,10,202010,전남,보성군,1566,11
2020,10,202010,전남,순천시,10253,119
2020,10,202010,전남,신안군,1880,21
2020,10,202010,전남,여수시,8707,71
2020,10,202010,전남,영광군,1768,19
2020,10,202010,전남,영암군,1675,19
2020,10,202010,전남,완도군,1300,11
2020,10,202010,전남,장성군,1478,36
2020,10,202010,전남,장흥군,871,12
2020,10,202010,전남,진도군,681,5
2020,10,202010,전남,함평군,1862,17
2020,10,202010,전남,해남군,1517,20
2020,10,202010,전남,화순군,1947,26
2020,10,202010,전북,고창군,1468,22
2020,10,202010,전북,군산시,8910,77
2020,10,202010,전북,김제시,2223,26
2020,10,202010,전북,남원시,1861,34
2020,10,202010,전북,무주군,615,11
2020,10,202010,전북,부안군,1283,15
2020,10,202010,전북,순창군,628,5
2020,10,202010,전북,완주군,2952,52
2020,10,202010,전북,익산시,8254,108
2020,10,202010,전북,임실군,544,16
2020,10,202010,전북,장수군,484,3
2020,10,202010,전북,전주시,38351,251
2020,10,202010,전북,정읍시,2799,38
2020,10,202010,전북,진안군,568,9
2020,10,202010,제주,서귀포시,6458,73
2020,10,202010,제주,제주시,31482,268
2020,10,202010,충남,계룡시,1494,27
2020,10,202010,충남,공주시,3099,53
2020,10,202010,충남,금산군,1489,18
2020,10,202010,충남,논산시,2730,38
2020,10,202010,충남,당진시,5089,86
2020,10,202010,충남,보령시,2649,46
2020,10,202010,충남,부여군,1341,25
2020,10,202010,충남,서산시,5354,101
2020,10,202010,충남,서천군,1094,13
2020,10,202010,충남,아산시,11270,227
2020,10,202010,충남,예산군,2025,33
2020,10,202010,충남,천안시,27739,425
2020,10,202010,충남,청양군,627,10
2020,10,202010,충남,태안군,1818,29
2020,10,202010,충남,홍성군,2768,41
2020,10,202010,충북,괴산군,882,20
2020,10,202010,충북,단양군,602,13
2020,10,202010,충북,보은군,805,14
2020,10,202010,충북,영동군,933,16
2020,10,202010,충북,옥천군,1249,18
2020,10,202010,충북,음성군,2966,52
2020,10,202010,충북,제천시,3710,49
2020,10,202010,충북,증평군,981,18
2020,10,202010,충북,진천군,2545,69
2020,10,202010,충북,청주시,36773,427
2020,10,202010,충북,충주시,6095,114
2020,11,202011,강원,강릉시,7828,105
2020,11,202011,강원,고성군,688,16
2020,11,202011,강원,동해시,2064,77
2020,11,202011,강원,삼척시,1366,30
2020,11,202011,강원,속초시,2613,50
2020,11,202011,강원,양구군,514,10
2020,11,202011,강원,양양군,1062,22
2020,11,202011,강원,영월군,1088,22
2020,11,202011,강원,원주시,14529,179
2020,11,202011,강원,인제군,773,13
2020,11,202011,강원,정선군,1061,18
2020,11,202011,강원,철원군,926,22
2020,11,202011,강원,춘천시,9639,134
2020,11,202011,강원,태백시,1217,14
2020,11,202011,강원,평창군,1694,18
2020,11,202011,강원,홍천군,1838,23
2020,11,202011,강원,화천군,516,10
2020,11,202011,강원,횡성군,1617,25
2020,11,202011,경기,가평군,2713,45
2020,11,202011,경기,고양시,59824,340
2020,11,202011,경기,과천시,4500,16
2020,11,202011,경기,광명시,9860,83
2020,11,202011,경기,광주시,21081,192
2020,11,202011,경기,구리시,7964,45
2020,11,202011,경기,군포시,8681,64
2020,11,202011,경기,김포시,28478,414
2020,11,202011,경기,남양주시,33366,390
2020,11,202011,경기,동두천시,2246,27
2020,11,202011,경기,부천시,26785,172
2020,11,202011,경기,성남시,68664,335
2020,11,202011,경기,수원시,62466,436
2020,11,202011,경기,시흥시,17548,183
2020,11,202011,경기,안산시,20385,198
2020,11,202011,경기,안성시,6810,92
2020,11,202011,경기,안양시,21950,115
2020,11,202011,경기,양주시,7853,122
2020,11,202011,경기,양평군,7253,93
2020,11,202011,경기,여주시,4146,63
2020,11,202011,경기,연천군,1410,26
2020,11,202011,경기,오산시,8111,115
2020,11,202011,경기,용인시,78316,570
2020,11,202011,경기,의왕시,8159,45
2020,11,202011,경기,의정부시,13910,112
2020,11,202011,경기,이천시,8985,159
2020,11,202011,경기,파주시,20611,228
2020,11,202011,경기,평택시,25436,300
2020,11,202011,경기,포천시,5485,73
2020,11,202011,경기,하남시,18801,132
2020,11,202011,경기,화성시,48390,538
2020,11,202011,경남,거제시,6401,71
2020,11,202011,경남,거창군,1531,19
2020,11,202011,경남,고성군,1091,14
2020,11,202011,경남,김해시,18675,189
2020,11,202011,경남,남해군,887,21
2020,11,202011,경남,밀양시,2671,25
2020,11,202011,경남,사천시,2889,25
2020,11,202011,경남,산청군,892,9
2020,11,202011,경남,양산시,11392,120
2020,11,202011,경남,의령군,588,14
2020,11,202011,경남,진주시,11587,119
2020,11,202011,경남,창녕군,1629,24
2020,11,202011,경남,창원시,65980,371
2020,11,202011,경남,통영시,3237,33
2020,11,202011,경남,하동군,986,16
2020,11,202011,경남,함안군,2604,34
2020,11,202011,경남,함양군,836,13
2020,11,202011,경남,합천군,930,22
2020,11,202011,경북,경산시,9033,94
2020,11,202011,경북,경주시,8183,131
2020,11,202011,경북,고령군,999,24
2020,11,202011,경북,구미시,12296,219
2020,11,202011,경북,군위군,664,14
2020,11,202011,경북,김천시,3513,67
2020,11,202011,경북,문경시,1562,30
2020,11,202011,경북,봉화군,526,12
2020,11,202011,경북,상주시,1980,44
2020,11,202011,경북,성주군,1448,31
2020,11,202011,경북,안동시,4300,104
2020,11,202011,경북,영덕군,797,13
2020,11,202011,경북,영양군,314,5
2020,11,202011,경북,영주시,2297,62
2020,11,202011,경북,영천시,2966,36
2020,11,202011,경북,예천군,1437,22
2020,11,202011,경북,울릉군,185,2
2020,11,202011,경북,울진군,1251,26
2020,11,202011,경북,의성군,1039,12
2020,11,202011,경북,청도군,1387,15
2020,11,202011,경북,청송군,505,11
2020,11,202011,경북,칠곡군,3803,63
2020,11,202011,경북,포항시,16874,225
2020,11,202011,광주,광산구,16299,204
2020,11,202011,광주,남구,10789,73
2020,11,202011,광주,동구,5426,29
2020,11,202011,광주,북구,16079,132
2020,11,202011,광주,서구,17263,114
2020,11,202011,대구,남구,6062,42
2020,11,202011,대구,달서구,37658,205
2020,11,202011,대구,달성군,9340,128
2020,11,202011,대구,동구,14846,137
2020,11,202011,대구,북구,15667,155
2020,11,202011,대구,서구,4686,32
2020,11,202011,대구,수성구,59124,161
2020,11,202011,대구,중구,32444,26
2020,11,202011,대전,대덕구,4932,65
2020,11,202011,대전,동구,5395,82
2020,11,202011,대전,서구,19340,197
2020,11,202011,대전,유성구,23027,211
2020,11,202011,대전,중구,7626,94
2020,11,202011,부산,강서구,8081,78
2020,11,202011,부산,금정구,8802,44
2020,11,202011,부산,기장군,7734,58
2020,11,202011,부산,남구,13025,54
2020,11,202011,부산,동구,19881,17
2020,11,202011,부산,동래구,10677,43
2020,11,202011,부산,부산진구,21126,50
2020,11,202011,부산,북구,7109,45
2020,11,202011,부산,사상구,5319,27
2020,11,202011,부산,사하구,7330,46
2020,11,202011,부산,서구,3125,6
2020,11,202011,부산,수영구,18638,35
2020,11,202011,부산,연제구,24869,44
2020,11,202011,부산,영도구,2222,11
2020,11,202011,부산,중구,16117,14
2020,11,202011,부산,해운대구,38988,109
2020,11,202011,서울,강남구,84332,243
2020,11,202011,서울,강동구,21245,100
2020,11,202011,서울,강북구,6865,34
2020,11,202011,서울,강서구,26515,101
2020,11,202011,서울,관악구,12728,40
2020,11,202011,서울,광진구,16338,65
2020,11,202011,서울,구로구,14362,66
2020,11,202011,서울,금천구,8131,35
2020,11,202011,서울,노원구,14710,84
2020,11,202011,서울,도봉구,8283,61
2020,11,202011,서울,동대문구,13658,56
2020,11,202011,서울,동작구,16927,40
2020,11,202011,서울,마포구,24507,82
2020,11,202011,서울,서대문구,14077,65
2020,11,202011,서울,서초구,60252,170
2020,11,202011,서울,성동구,23909,89
2020,11,202011,서울,성북구,17384,94
2020,11,202011,서울,송파구,51536,134
2020,11,202011,서울,양천구,22776,68
2020,11,202011,서울,영등포구,24263,75
2020,11,202011,서울,용산구,26292,77
2020,11,202011,서울,은평구,15059,52
2020,11,202011,서울,종로구,10528,81
2020,11,202011,서울,중구,12607,71
2020,11,202011,서울,중랑구,10104,62
2020,11,202011,세종,세종시,18760,257
2020,11,202011,울산,남구,12093,74
2020,11,202011,울산,동구,2611,50
2020,11,202011,울산,북구,5005,81
2020,11,202011,울산,울주군,7067,64
2020,11,202011,울산,중구,5750,48
2020,11,202011,인천,강화군,2641,39
2020,11,202011,인천,계양구,13243,69
2020,11,202011,인천,남동구,54035,194
2020,11,202011,인천,동구,1403,7
2020,11,202011,인천,미추홀구,23429,72
2020,11,202011,인천,부평구,28396,91
2020,11,202011,인천,서구,23859,183
2020,11,202011,인천,연수구,56350,136
2020,11,202011,인천,옹진군,564,7
2020,11,202011,인천,중구,6822,46
2020,11,202011,전남,강진군,775,12
2020,11,202011,전남,고흥군,1289,12
2020,11,202011,전남,곡성군,773,6
2020,11,202011,전남,광양시,4439,67
2020,11,202011,전남,구례군,563,10
2020,11,202011,전남,나주시,4361,53
2020,11,202011,전남,담양군,1603,20
2020,11,202011,전남,목포시,5579,71
2020,11,202011,전남,무안군,2695,44
2020,11,202011,전남,보성군,1548,10
2020,11,202011,전남,순천시,10352,120
2020,11,202011,전남,신안군,1943,23
2020,11,202011,전남,여수시,8814,74
2020,11,202011,전남,영광군,1780,19
2020,11,202011,전남,영암군,1668,20
2020,11,202011,전남,완도군,1323,12
2020,11,202011,전남,장성군,1488,36
2020,11,202011,전남,장흥군,882,12
2020,11,202011,전남,진도군,705,5
2020,11,202011,전남,함평군,1858,18
2020,11,202011,전남,해남군,1540,20
2020,11,202011,전남,화순군,1953,29
2020,11,202011,전북,고창군,1469,19
2020,11,202011,전북,군산시,8998,76
2020,11,202011,전북,김제시,2238,26
2020,11,202011,전북,남원시,1870,34
2020,11,202011,전북,무주군,621,11
2020,11,202011,전북,부안군,1297,17
2020,11,202011,전북,순창군,635,4
2020,11,202011,전북,완주군,2981,54
2020,11,202011,전북,익산시,8333,107
2020,11,202011,전북,임실군,553,16
2020,11,202011,전북,장수군,481,4
2020,11,202011,전북,전주시,38903,255
2020,11,202011,전북,정읍시,2825,38
2020,11,202011,전북,진안군,564,10
2020,11,202011,제주,서귀포시,6550,74
2020,11,202011,제주,제주시,31746,269
2020,11,202011,충남,계룡시,1514,26
2020,11,202011,충남,공주시,3151,54
2020,11,202011,충남,금산군,1514,18
2020,11,202011,충남,논산시,2750,38
2020,11,202011,충남,당진시,5120,87
2020,11,202011,충남,보령시,2693,46
2020,11,202011,충남,부여군,1366,28
2020,11,202011,충남,서산시,5408,100
2020,11,202011,충남,서천군,1094,13
2020,11,202011,충남,아산시,11436,222
2020,11,202011,충남,예산군,2053,34
2020,11,202011,충남,천안시,28075,429
2020,11,202011,충남,청양군,635,10
2020,11,202011,충남,태안군,1863,29
2020,11,202011,충남,홍성군,2803,40
2020,11,202011,충북,괴산군,893,17
2020,11,202011,충북,단양군,613,12
2020,11,202011,충북,보은군,798,14
2020,11,202011,충북,영동군,943,17
2020,11,202011,충북,옥천군,1257,17
2020,11,202011,충북,음성군,2983,52
2020,11,202011,충북,제천시,3751,47
2020,11,202011,충북,증평군,990,19
2020,11,202011,충북,진천군,2588,70
2020,11,202011,충북,청주시,37022,431
2020,11,202011,충북,충주시,6159,114
2020,12,202012,강원,강릉시,7948,107
2020,12,202012,강원,고성군,696,16
2020,12,202012,강원,동해시,2086,76
2020,12,202012,강원,삼척시,1374,32
2020,12,202012,강원,속초시,2647,50
2020,12,202012,강원,양구군,526,10
2020,12,202012,강원,양양군,1074,21
2020,12,202012,강원,영월군,1098,22
2020,12,202012,강원,원주시,14664,178
2020,12,202012,강원,인제군,792,13
2020,12,202012,강원,정선군,1059,18
2020,12,202012,강원,철원군,939,23
2020,12,202012,강원,춘천시,9746,140
2020,12,202012,강원,태백시,1231,14
2020,12,202012,강원,평창군,1711,18
2020,12,202012,강원,홍천군,1877,26
2020,12,202012,강원,화천군,531,10
2020,12,202012,강원,횡성군,1634,26
2020,12,202012,경기,가평군,2717,44
2020,12,202012,경기,고양시,60477,353
2020,12,202012,경기,과천시,4670,16
2020,12,202012,경기,광명시,9933,85
2020,12,202012,경기,광주시,21321,191
2020,12,202012,경기,구리시,8086,46
2020,12,202012,경기,군포시,8716,61
2020,12,202012,경기,김포시,29323,440
2020,12,202012,경기,남양주시,33717,394
2020,12,202012,경기,동두천시,2275,24
2020,12,202012,경기,부천시,27118,173
2020,12,202012,경기,성남시,69268,349
2020,12,202012,경기,수원시,64281,450
2020,12,202012,경기,시흥시,17856,182
2020,12,202012,경기,안산시,20848,199
2020,12,202012,경기,안성시,6875,97
2020,12,202012,경기,안양시,22156,116
2020,12,202012,경기,양주시,7939,126
2020,12,202012,경기,양평군,7316,96
2020,12,202012,경기,여주시,4201,67
2020,12,202012,경기,연천군,1407,28
2020,12,202012,경기,오산시,8175,119
2020,12,202012,경기,용인시,79215,561
2020,12,202012,경기,의왕시,8217,46
2020,12,202012,경기,의정부시,14132,114
2020,12,202012,경기,이천시,9073,162
2020,12,202012,경기,파주시,20859,228
2020,12,202012,경기,평택시,25860,303
2020,12,202012,경기,포천시,5549,72
2020,12,202012,경기,하남시,19166,129
2020,12,202012,경기,화성시,48896,546
2020,12,202012,경남,거제시,6436,72
2020,12,202012,경남,거창군,1546,20
2020,12,202012,경남,고성군,1100,15
2020,12,202012,경남,김해시,18893,189
2020,12,202012,경남,남해군,887,20
2020,12,202012,경남,밀양시,2683,23
2020,12,202012,경남,사천시,2918,25
2020,12,202012,경남,산청군,898,9
2020,12,202012,경남,양산시,11504,126
2020,12,202012,경남,의령군,590,14
2020,12,202012,경남,진주시,11730,122
2020,12,202012,경남,창녕군,1657,26
2020,12,202012,경남,창원시,68089,385
2020,12,202012,경남,통영시,3245,33
2020,12,202012,경남,하동군,990,17
2020,12,202012,경남,함안군,2612,32
2020,12,202012,경남,함양군,842,14
2020,12,202012,경남,합천군,939,21
2020,12,202012,경북,경산시,9181,94
2020,12,202012,경북,경주시,8288,129
2020,12,202012,경북,고령군,1016,23
2020,12,202012,경북,구미시,12416,212
2020,12,202012,경북,군위군,667,14
2020,12,202012,경북,김천시,3532,72
2020,12,202012,경북,문경시,1566,29
2020,12,202012,경북,봉화군,539,12
2020,12,202012,경북,상주시,1994,44
2020,12,202012,경북,성주군,1475,30
2020,12,202012,경북,안동시,4357,104
2020,12,202012,경북,영덕군,802,14
2020,12,202012,경북,영양군,319,5
2020,12,202012,경북,영주시,2310,63
2020,12,202012,경북,영천시,3013,34
2020,12,202012,경북,예천군,1445,23
2020,12,202012,경북,울릉군,186,1
2020,12,202012,경북,울진군,1263,26
2020,12,202012,경북,의성군,1042,12
2020,12,202012,경북,청도군,1400,15
2020,12,202012,경북,청송군,511,11
2020,12,202012,경북,칠곡군,3835,64
2020,12,202012,경북,포항시,16974,228
2020,12,202012,광주,광산구,16421,202
2020,12,202012,광주,남구,10921,77
2020,12,202012,광주,동구,5487,29
2020,12,202012,광주,북구,16151,136
2020,12,202012,광주,서구,17451,111
2020,12,202012,대구,남구,6133,42
2020,12,202012,대구,달서구,38042,253
2020,12,202012,대구,달성군,9440,133
2020,12,202012,대구,동구,15059,149
2020,12,202012,대구,북구,15867,170
2020,12,202012,대구,서구,4802,35
2020,12,202012,대구,수성구,59685,160
2020,12,202012,대구,중구,32626,28
2020,12,202012,대전,대덕구,5013,65
2020,12,202012,대전,동구,5505,84
2020,12,202012,대전,서구,19505,204
2020,12,202012,대전,유성구,23249,218
2020,12,202012,대전,중구,7688,91
2020,12,202012,부산,강서구,8200,78
2020,12,202012,부산,금정구,8873,41
2020,12,202012,부산,기장군,7838,59
2020,12,202012,부산,남구,13112,55
2020,12,202012,부산,동구,20138,16
2020,12,202012,부산,동래구,10747,43
2020,12,202012,부산,부산진구,21298,48
2020,12,202012,부산,북구,7102,47
2020,12,202012,부산,사상구,5346,25
2020,12,202012,부산,사하구,7398,47
2020,12,202012,부산,서구,3149,5
2020,12,202012,부산,수영구,18573,35
2020,12,202012,부산,연제구,25221,45
2020,12,202012,부산,영도구,2242,11
2020,12,202012,부산,중구,16353,13
2020,12,202012,부산,해운대구,39262,111
2020,12,202012,서울,강남구,84628,243
2020,12,202012,서울,강동구,21438,100
2020,12,202012,서울,강북구,6921,34
2020,12,202012,서울,강서구,26954,105
2020,12,202012,서울,관악구,12818,55
2020,12,202012,서울,광진구,16395,65
2020,12,202012,서울,구로구,14481,63
2020,12,202012,서울,금천구,8216,35
2020,12,202012,서울,노원구,14894,91
2020,12,202012,서울,도봉구,8324,62
2020,12,202012,서울,동대문구,13753,58
2020,12,202012,서울,동작구,17054,40
2020,12,202012,서울,마포구,24697,85
2020,12,202012,서울,서대문구,14219,71
2020,12,202012,서울,서초구,60642,171
2020,12,202012,서울,성동구,24156,91
2020,12,202012,서울,성북구,17500,92
2020,12,202012,서울,송파구,51948,131
2020,12,202012,서울,양천구,22988,67
2020,12,202012,서울,영등포구,24567,75
2020,12,202012,서울,용산구,26439,77
2020,12,202012,서울,은평구,15243,53
2020,12,202012,서울,종로구,10606,80
2020,12,202012,서울,중구,12614,69
2020,12,202012,서울,중랑구,10164,70
2020,12,202012,세종,세종시,19138,263
2020,12,202012,울산,남구,12213,73
2020,12,202012,울산,동구,2640,50
2020,12,202012,울산,북구,5038,79
2020,12,202012,울산,울주군,7149,63
2020,12,202012,울산,중구,5804,50
2020,12,202012,인천,강화군,2668,46
2020,12,202012,인천,계양구,13161,64
2020,12,202012,인천,남동구,54850,191
2020,12,202012,인천,동구,1389,9
2020,12,202012,인천,미추홀구,24264,69
2020,12,202012,인천,부평구,28828,91
2020,12,202012,인천,서구,24152,189
2020,12,202012,인천,연수구,57041,143
2020,12,202012,인천,옹진군,566,8
2020,12,202012,인천,중구,6866,45
2020,12,202012,전남,강진군,782,12
2020,12,202012,전남,고흥군,1299,12
2020,12,202012,전남,곡성군,781,6
2020,12,202012,전남,광양시,4552,70
2020,12,202012,전남,구례군,582,10
2020,12,202012,전남,나주시,4422,53
2020,12,202012,전남,담양군,1622,23
2020,12,202012,전남,목포시,5617,75
2020,12,202012,전남,무안군,2767,42
2020,12,202012,전남,보성군,1531,10
2020,12,202012,전남,순천시,10433,118
2020,12,202012,전남,신안군,2007,23
2020,12,202012,전남,여수시,8875,74
2020,12,202012,전남,영광군,1772,18
2020,12,202012,전남,영암군,1680,19
2020,12,202012,전남,완도군,1324,12
2020,12,202012,전남,장성군,1497,37
2020,12,202012,전남,장흥군,881,11
2020,12,202012,전남,진도군,736,6
2020,12,202012,전남,함평군,1888,20
2020,12,202012,전남,해남군,1576,20
2020,12,202012,전남,화순군,1964,29
2020,12,202012,전북,고창군,1467,19
2020,12,202012,전북,군산시,9063,77
2020,12,202012,전북,김제시,2246,25
2020,12,202012,전북,남원시,1883,34
2020,12,202012,전북,무주군,636,11
2020,12,202012,전북,부안군,1317,16
2020,12,202012,전북,순창군,652,4
2020,12,202012,전북,완주군,2999,52
2020,12,202012,전북,익산시,8369,108
2020,12,202012,전북,임실군,556,16
2020,12,202012,전북,장수군,488,4
2020,12,202012,전북,전주시,39394,255
2020,12,202012,전북,정읍시,2842,38
2020,12,202012,전북,진안군,574,11
2020,12,202012,제주,서귀포시,6631,72
2020,12,202012,제주,제주시,30469,268
2020,12,202012,충남,계룡시,1529,26
2020,12,202012,충남,공주시,3180,52
2020,12,202012,충남,금산군,1518,19
2020,12,202012,충남,논산시,2806,37
2020,12,202012,충남,당진시,5190,87
2020,12,202012,충남,보령시,2721,47
2020,12,202012,충남,부여군,1391,28
2020,12,202012,충남,서산시,5456,100
2020,12,202012,충남,서천군,1101,15
2020,12,202012,충남,아산시,11565,227
2020,12,202012,충남,예산군,2072,37
2020,12,202012,충남,천안시,28383,427
2020,12,202012,충남,청양군,647,9
2020,12,202012,충남,태안군,1873,30
2020,12,202012,충남,홍성군,2823,42
2020,12,202012,충북,괴산군,964,18
2020,12,202012,충북,단양군,624,14
2020,12,202012,충북,보은군,801,14
2020,12,202012,충북,영동군,958,18
2020,12,202012,충북,옥천군,1274,16
2020,12,202012,충북,음성군,3018,53
2020,12,202012,충북,제천시,3769,45
2020,12,202012,충북,증평군,997,19
2020,12,202012,충북,진천군,2636,67
2020,12,202012,충북,청주시,37308,437
2020,12,202012,충북,충주시,6218,116
2021,1,202101,강원,강릉시,8037,107
2021,1,202101,강원,고성군,705,15
2021,1,202101,강원,동해시,2093,75
2021,1,202101,강원,삼척시,1380,31
2021,1,202101,강원,속초시,2657,51
2021,1,202101,강원,양구군,524,11
2021,1,202101,강원,양양군,1078,21
2021,1,202101,강원,영월군,1102,22
2021,1,202101,강원,원주시,14785,176
2021,1,202101,강원,인제군,795,13
2021,1,202101,강원,정선군,1069,16
2021,1,202101,강원,철원군,920,23
2021,1,202101,강원,춘천시,9819,140
2021,1,202101,강원,태백시,1233,16
2021,1,202101,강원,평창군,1718,18
2021,1,202101,강원,홍천군,1886,26
2021,1,202101,강원,화천군,541,10
2021,1,202101,강원,횡성군,1647,25
2021,1,202101,경기,가평군,2735,44
2021,1,202101,경기,고양시,60979,357
2021,1,202101,경기,과천시,4799,18
2021,1,202101,경기,광명시,9936,84
2021,1,202101,경기,광주시,21500,193
2021,1,202101,경기,구리시,8130,45
2021,1,202101,경기,군포시,8747,61
2021,1,202101,경기,김포시,29713,443
2021,1,202101,경기,남양주시,34030,395
2021,1,202101,경기,동두천시,2298,24
2021,1,202101,경기,부천시,27358,169
2021,1,202101,경기,성남시,69527,350
2021,1,202101,경기,수원시,64788,452
2021,1,202101,경기,시흥시,18174,184
2021,1,202101,경기,안산시,21009,200
2021,1,202101,경기,안성시,6985,98
2021,1,202101,경기,안양시,22356,118
2021,1,202101,경기,양주시,8065,126
2021,1,202101,경기,양평군,7355,97
2021,1,202101,경기,여주시,4235,67
2021,1,202101,경기,연천군,1442,28
2021,1,202101,경기,오산시,8289,120
2021,1,202101,경기,용인시,79694,567
2021,1,202101,경기,의왕시,8289,46
2021,1,202101,경기,의정부시,14285,113
2021,1,202101,경기,이천시,9195,158
2021,1,202101,경기,파주시,21091,224
2021,1,202101,경기,평택시,26269,305
2021,1,202101,경기,포천시,5584,72
2021,1,202101,경기,하남시,19392,130
2021,1,202101,경기,화성시,49398,552
2021,1,202101,경남,거제시,6473,70
2021,1,202101,경남,거창군,1562,21
2021,1,202101,경남,고성군,1115,15
2021,1,202101,경남,김해시,18980,195
2021,1,202101,경남,남해군,895,21
2021,1,202101,경남,밀양시,2703,23
2021,1,202101,경남,사천시,2935,26
2021,1,202101,경남,산청군,898,11
2021,1,202101,경남,양산시,11619,123
2021,1,202101,경남,의령군,600,14
2021,1,202101,경남,진주시,11831,123
2021,1,202101,경남,창녕군,1658,26
2021,1,202101,경남,창원시,68353,401
2021,1,202101,경남,통영시,3267,34
2021,1,202101,경남,하동군,997,17
2021,1,202101,경남,함안군,2626,32
2021,1,202101,경남,함양군,843,13
2021,1,202101,경남,합천군,942,19
2021,1,202101,경북,경산시,9275,91
2021,1,202101,경북,경주시,8373,128
2021,1,202101,경북,고령군,1027,26
2021,1,202101,경북,구미시,12536,213
2021,1,202101,경북,군위군,679,15
2021,1,202101,경북,김천시,3573,78
2021,1,202101,경북,문경시,1563,30
2021,1,202101,경북,봉화군,541,11
2021,1,202101,경북,상주시,2025,45
2021,1,202101,경북,성주군,1480,30
2021,1,202101,경북,안동시,4406,101
2021,1,202101,경북,영덕군,807,15
2021,1,202101,경북,영양군,323,6
2021,1,202101,경북,영주시,2326,65
2021,1,202101,경북,영천시,3016,34
2021,1,202101,경북,예천군,1447,24
2021,1,202101,경북,울릉군,190,1
2021,1,202101,경북,울진군,1265,26
2021,1,202101,경북,의성군,1048,12
2021,1,202101,경북,청도군,1426,15
2021,1,202101,경북,청송군,510,11
2021,1,202101,경북,칠곡군,3863,63
2021,1,202101,경북,포항시,17071,233
2021,1,202101,광주,광산구,16541,204
2021,1,202101,광주,남구,10964,77
2021,1,202101,광주,동구,5536,26
2021,1,202101,광주,북구,16292,137
2021,1,202101,광주,서구,17550,109
2021,1,202101,대구,남구,6173,41
2021,1,202101,대구,달서구,38239,256
2021,1,202101,대구,달성군,9537,131
2021,1,202101,대구,동구,15133,147
2021,1,202101,대구,북구,15956,170
2021,1,202101,대구,서구,4870,37
2021,1,202101,대구,수성구,59846,161
2021,1,202101,대구,중구,32326,29
2021,1,202101,대전,대덕구,5067,68
2021,1,202101,대전,동구,5604,86
2021,1,202101,대전,서구,19623,206
2021,1,202101,대전,유성구,23358,219
2021,1,202101,대전,중구,7732,88
2021,1,202101,부산,강서구,8332,79
2021,1,202101,부산,금정구,8904,41
2021,1,202101,부산,기장군,7982,60
2021,1,202101,부산,남구,13252,55
2021,1,202101,부산,동구,20358,17
2021,1,202101,부산,동래구,10845,41
2021,1,202101,부산,부산진구,21518,46
2021,1,202101,부산,북구,7155,48
2021,1,202101,부산,사상구,5368,24
2021,1,202101,부산,사하구,7462,45
2021,1,202101,부산,서구,3172,5
2021,1,202101,부산,수영구,18480,35
2021,1,202101,부산,연제구,25471,47
2021,1,202101,부산,영도구,2257,11
2021,1,202101,부산,중구,16698,15
2021,1,202101,부산,해운대구,39472,111
2021,1,202101,서울,강남구,84868,241
2021,1,202101,서울,강동구,21596,102
2021,1,202101,서울,강북구,6956,33
2021,1,202101,서울,강서구,27124,107
2021,1,202101,서울,관악구,12846,55
2021,1,202101,서울,광진구,16441,65
2021,1,202101,서울,구로구,14573,61
2021,1,202101,서울,금천구,8271,39
2021,1,202101,서울,노원구,15032,89
2021,1,202101,서울,도봉구,8348,62
2021,1,202101,서울,동대문구,13855,59
2021,1,202101,서울,동작구,17154,39
2021,1,202101,서울,마포구,24866,85
2021,1,202101,서울,서대문구,14306,79
2021,1,202101,서울,서초구,58754,178
2021,1,202101,서울,성동구,24222,91
2021,1,202101,서울,성북구,17686,91
2021,1,202101,서울,송파구,52104,132
2021,1,202101,서울,양천구,23100,66
2021,1,202101,서울,영등포구,24640,73
2021,1,202101,서울,용산구,26460,77
2021,1,202101,서울,은평구,15323,55
2021,1,202101,서울,종로구,10615,80
2021,1,202101,서울,중구,14661,72
2021,1,202101,서울,중랑구,10229,71
2021,1,202101,세종,세종시,19454,265
2021,1,202101,울산,남구,12327,73
2021,1,202101,울산,동구,2646,49
2021,1,202101,울산,북구,5088,76
2021,1,202101,울산,울주군,7196,62
2021,1,202101,울산,중구,5825,53
2021,1,202101,인천,강화군,2696,39
2021,1,202101,인천,계양구,13013,66
2021,1,202101,인천,남동구,56034,189
2021,1,202101,인천,동구,1405,9
2021,1,202101,인천,미추홀구,24798,68
2021,1,202101,인천,부평구,29337,93
2021,1,202101,인천,서구,24299,190
2021,1,202101,인천,연수구,57560,149
2021,1,202101,인천,옹진군,570,9
2021,1,202101,인천,중구,6928,46
2021,1,202101,전남,강진군,790,12
2021,1,202101,전남,고흥군,1311,13
2021,1,202101,전남,곡성군,786,6
2021,1,202101,전남,광양시,4573,72
2021,1,202101,전남,구례군,578,11
2021,1,202101,전남,나주시,4479,57
2021,1,202101,전남,담양군,1658,23
2021,1,202101,전남,목포시,5619,72
2021,1,202101,전남,무안군,2854,44
2021,1,202101,전남,보성군,1508,10
2021,1,202101,전남,순천시,10518,116
2021,1,202101,전남,신안군,2059,23
2021,1,202101,전남,여수시,8978,73
2021,1,202101,전남,영광군,1781,18
2021,1,202101,전남,영암군,1695,18
2021,1,202101,전남,완도군,1327,12
2021,1,202101,전남,장성군,1534,36
2021,1,202101,전남,장흥군,884,9
2021,1,202101,전남,진도군,723,6
2021,1,202101,전남,함평군,1877,20
2021,1,202101,전남,해남군,1654,22
2021,1,202101,전남,화순군,1970,29
2021,1,202101,전북,고창군,1475,19
2021,1,202101,전북,군산시,9122,77
2021,1,202101,전북,김제시,2254,26
2021,1,202101,전북,남원시,1892,34
2021,1,202101,전북,무주군,637,10
2021,1,202101,전북,부안군,1325,16
2021,1,202101,전북,순창군,662,4
2021,1,202101,전북,완주군,3002,54
2021,1,202101,전북,익산시,8399,108
2021,1,202101,전북,임실군,567,15
2021,1,202101,전북,장수군,484,4
2021,1,202101,전북,전주시,39392,256
2021,1,202101,전북,정읍시,2856,38
2021,1,202101,전북,진안군,590,11
2021,1,202101,제주,서귀포시,6663,73
2021,1,202101,제주,제주시,30606,266
2021,1,202101,충남,계룡시,1537,28
2021,1,202101,충남,공주시,3226,52
2021,1,202101,충남,금산군,1496,19
2021,1,202101,충남,논산시,2823,42
2021,1,202101,충남,당진시,5211,88
2021,1,202101,충남,보령시,2722,47
2021,1,202101,충남,부여군,1392,28
2021,1,202101,충남,서산시,5489,97
2021,1,202101,충남,서천군,1112,16
2021,1,202101,충남,아산시,11706,223
2021,1,202101,충남,예산군,2084,37
2021,1,202101,충남,천안시,28583,429
2021,1,202101,충남,청양군,653,10
2021,1,202101,충남,태안군,1883,30
2021,1,202101,충남,홍성군,2827,43
2021,1,202101,충북,괴산군,948,18
2021,1,202101,충북,단양군,617,13
2021,1,202101,충북,보은군,813,14
2021,1,202101,충북,영동군,962,19
2021,1,202101,충북,옥천군,1293,17
2021,1,202101,충북,음성군,3034,53
2021,1,202101,충북,제천시,3798,47
2021,1,202101,충북,증평군,1016,20
2021,1,202101,충북,진천군,2670,67
2021,1,202101,충북,청주시,37595,434
2021,1,202101,충북,충주시,6253,115
2021,2,202102,강원,강릉시,8104,107
2021,2,202102,강원,고성군,711,13
2021,2,202102,강원,동해시,2129,75
2021,2,202102,강원,삼척시,1387,30
2021,2,202102,강원,속초시,2706,50
2021,2,202102,강원,양구군,530,12
2021,2,202102,강원,양양군,1091,20
2021,2,202102,강원,영월군,1104,23
2021,2,202102,강원,원주시,14895,178
2021,2,202102,강원,인제군,799,13
2021,2,202102,강원,정선군,1082,17
2021,2,202102,강원,철원군,931,23
2021,2,202102,강원,춘천시,9912,140
2021,2,202102,강원,태백시,1233,16
2021,2,202102,강원,평창군,1728,18
2021,2,202102,강원,홍천군,1908,25
2021,2,202102,강원,화천군,549,10
2021,2,202102,강원,횡성군,1665,27
2021,2,202102,경기,가평군,2727,43
2021,2,202102,경기,고양시,61472,363
2021,2,202102,경기,과천시,5106,17
2021,2,202102,경기,광명시,9983,83
2021,2,202102,경기,광주시,21643,194
2021,2,202102,경기,구리시,8163,47
2021,2,202102,경기,군포시,8787,62
2021,2,202102,경기,김포시,30070,442
2021,2,202102,경기,남양주시,34545,401
2021,2,202102,경기,동두천시,2320,23
2021,2,202102,경기,부천시,27409,182
2021,2,202102,경기,성남시,69812,348
2021,2,202102,경기,수원시,65062,460
2021,2,202102,경기,시흥시,18431,184
2021,2,202102,경기,안산시,21195,202
2021,2,202102,경기,안성시,7146,95
2021,2,202102,경기,안양시,22580,122
2021,2,202102,경기,양주시,8185,127
2021,2,202102,경기,양평군,7417,97
2021,2,202102,경기,여주시,4295,67
2021,2,202102,경기,연천군,1456,26
2021,2,202102,경기,오산시,8385,115
2021,2,202102,경기,용인시,80352,573
2021,2,202102,경기,의왕시,8306,45
2021,2,202102,경기,의정부시,14388,115
2021,2,202102,경기,이천시,9244,151
2021,2,202102,경기,파주시,21297,228
2021,2,202102,경기,평택시,26607,302
2021,2,202102,경기,포천시,5622,73
2021,2,202102,경기,하남시,19806,130
2021,2,202102,경기,화성시,49932,554
2021,2,202102,경남,거제시,6499,73
2021,2,202102,경남,거창군,1579,22
2021,2,202102,경남,고성군,1123,15
2021,2,202102,경남,김해시,19117,200
2021,2,202102,경남,남해군,908,22
2021,2,202102,경남,밀양시,2728,23
2021,2,202102,경남,사천시,2974,26
2021,2,202102,경남,산청군,901,11
2021,2,202102,경남,양산시,11735,121
2021,2,202102,경남,의령군,604,13
2021,2,202102,경남,진주시,11886,122
2021,2,202102,경남,창녕군,1657,25
2021,2,202102,경남,창원시,68854,408
2021,2,202102,경남,통영시,3294,34
2021,2,202102,경남,하동군,1010,17
2021,2,202102,경남,함안군,2643,35
2021,2,202102,경남,함양군,840,13
2021,2,202102,경남,합천군,937,20
2021,2,202102,경북,경산시,9397,89
2021,2,202102,경북,경주시,8457,127
2021,2,202102,경북,고령군,1034,26
2021,2,202102,경북,구미시,12594,218
2021,2,202102,경북,군위군,682,15
2021,2,202102,경북,김천시,3601,75
2021,2,202102,경북,문경시,1595,30
2021,2,202102,경북,봉화군,538,10
2021,2,202102,경북,상주시,2056,46
2021,2,202102,경북,성주군,1483,28
2021,2,202102,경북,안동시,4470,101
2021,2,202102,경북,영덕군,810,15
2021,2,202102,경북,영양군,328,6
2021,2,202102,경북,영주시,2343,64
2021,2,202102,경북,영천시,3051,33
2021,2,202102,경북,예천군,1452,26
2021,2,202102,경북,울릉군,192,1
2021,2,202102,경북,울진군,1269,26
2021,2,202102,경북,의성군,1048,12
2021,2,202102,경북,청도군,1433,14
2021,2,202102,경북,청송군,527,12
2021,2,202102,경북,칠곡군,3905,66
2021,2,202102,경북,포항시,17219,230
2021,2,202102,광주,광산구,16658,207
2021,2,202102,광주,남구,11087,74
2021,2,202102,광주,동구,5573,25
2021,2,202102,광주,북구,16368,139
2021,2,202102,광주,서구,17554,108
2021,2,202102,대구,남구,6190,41
2021,2,202102,대구,달서구,38609,251
2021,2,202102,대구,달성군,9636,129
2021,2,202102,대구,동구,15142,149
2021,2,202102,대구,북구,16071,170
2021,2,202102,대구,서구,4882,35
2021,2,202102,대구,수성구,60130,168
2021,2,202102,대구,중구,32128,30
2021,2,202102,대전,대덕구,5086,68
2021,2,202102,대전,동구,5679,87
2021,2,202102,대전,서구,19789,207
2021,2,202102,대전,유성구,23464,215
2021,2,202102,대전,중구,7762,85
2021,2,202102,부산,강서구,8415,76
2021,2,202102,부산,금정구,8945,40
2021,2,202102,부산,기장군,8115,61
2021,2,202102,부산,남구,13299,60
2021,2,202102,부산,동구,20491,17
2021,2,202102,부산,동래구,10931,38
2021,2,202102,부산,부산진구,21667,49
2021,2,202102,부산,북구,7196,47
2021,2,202102,부산,사상구,5419,25
2021,2,202102,부산,사하구,7506,49
2021,2,202102,부산,서구,3180,5
2021,2,202102,부산,수영구,18432,34
2021,2,202102,부산,연제구,25774,47
2021,2,202102,부산,영도구,2284,10
2021,2,202102,부산,중구,17000,16
2021,2,202102,부산,해운대구,39741,114
2021,2,202102,서울,강남구,85184,236
2021,2,202102,서울,강동구,21943,105
2021,2,202102,서울,강북구,6944,34
2021,2,202102,서울,강서구,27235,110
2021,2,202102,서울,관악구,12938,58
2021,2,202102,서울,광진구,16560,64
2021,2,202102,서울,구로구,14647,60
2021,2,202102,서울,금천구,8284,42
2021,2,202102,서울,노원구,15106,86
2021,2,202102,서울,도봉구,8395,61
2021,2,202102,서울,동대문구,13938,58
2021,2,202102,서울,동작구,17209,43
2021,2,202102,서울,마포구,24905,85
2021,2,202102,서울,서대문구,14391,78
2021,2,202102,서울,서초구,58867,174
2021,2,202102,서울,성동구,24293,93
2021,2,202102,서울,성북구,17805,92
2021,2,202102,서울,송파구,52259,132
2021,2,202102,서울,양천구,23303,68
2021,2,202102,서울,영등포구,24818,72
2021,2,202102,서울,용산구,26559,78
2021,2,202102,서울,은평구,15348,58
2021,2,202102,서울,종로구,10608,78
2021,2,202102,서울,중구,14649,74
2021,2,202102,서울,중랑구,10301,73
2021,2,202102,세종,세종시,19746,265
2021,2,202102,울산,남구,12374,75
2021,2,202102,울산,동구,2651,49
2021,2,202102,울산,북구,5147,74
2021,2,202102,울산,울주군,7219,60
2021,2,202102,울산,중구,5859,54
2021,2,202102,인천,강화군,2713,39
2021,2,202102,인천,계양구,12911,66
2021,2,202102,인천,남동구,56740,192
2021,2,202102,인천,동구,1399,9
2021,2,202102,인천,미추홀구,25279,71
2021,2,202102,인천,부평구,29776,93
2021,2,202102,인천,서구,24462,191
2021,2,202102,인천,연수구,58080,170
2021,2,202102,인천,옹진군,574,9
2021,2,202102,인천,중구,6999,47
2021,2,202102,전남,강진군,806,12
2021,2,202102,전남,고흥군,1323,14
2021,2,202102,전남,곡성군,791,6
2021,2,202102,전남,광양시,4655,71
2021,2,202102,전남,구례군,579,13
2021,2,202102,전남,나주시,4512,59
2021,2,202102,전남,담양군,1686,23
2021,2,202102,전남,목포시,5618,71
2021,2,202102,전남,무안군,2881,44
2021,2,202102,전남,보성군,1502,10
2021,2,202102,전남,순천시,10595,123
2021,2,202102,전남,신안군,2116,22
2021,2,202102,전남,여수시,9030,73
2021,2,202102,전남,영광군,1797,19
2021,2,202102,전남,영암군,1690,17
2021,2,202102,전남,완도군,1339,12
2021,2,202102,전남,장성군,1539,37
2021,2,202102,전남,장흥군,892,7
2021,2,202102,전남,진도군,728,6
2021,2,202102,전남,함평군,1860,19
2021,2,202102,전남,해남군,1731,23
2021,2,202102,전남,화순군,1973,29
2021,2,202102,전북,고창군,1503,19
2021,2,202102,전북,군산시,9163,76
2021,2,202102,전북,김제시,2278,26
2021,2,202102,전북,남원시,1906,34
2021,2,202102,전북,무주군,645,10
2021,2,202102,전북,부안군,1348,16
2021,2,202102,전북,순창군,673,4
2021,2,202102,전북,완주군,3021,54
2021,2,202102,전북,익산시,8431,109
2021,2,202102,전북,임실군,575,15
2021,2,202102,전북,장수군,481,4
2021,2,202102,전북,전주시,39910,261
2021,2,202102,전북,정읍시,2883,40
2021,2,202102,전북,진안군,602,12
2021,2,202102,제주,서귀포시,6737,72
2021,2,202102,제주,제주시,30810,269
2021,2,202102,충남,계룡시,1570,26
2021,2,202102,충남,공주시,3244,51
2021,2,202102,충남,금산군,1509,19
2021,2,202102,충남,논산시,2837,41
2021,2,202102,충남,당진시,5242,90
2021,2,202102,충남,보령시,2756,47
2021,2,202102,충남,부여군,1410,28
2021,2,202102,충남,서산시,5533,97
2021,2,202102,충남,서천군,1121,18
2021,2,202102,충남,아산시,11839,224
2021,2,202102,충남,예산군,2109,38
2021,2,202102,충남,천안시,28797,429
2021,2,202102,충남,청양군,655,10
2021,2,202102,충남,태안군,1876,31
2021,2,202102,충남,홍성군,2836,44
2021,2,202102,충북,괴산군,952,21
2021,2,202102,충북,단양군,620,13
2021,2,202102,충북,보은군,822,15
2021,2,202102,충북,영동군,957,19
2021,2,202102,충북,옥천군,1290,17
2021,2,202102,충북,음성군,3074,53
2021,2,202102,충북,제천시,3830,47
2021,2,202102,충북,증평군,1025,19
2021,2,202102,충북,진천군,2710,67
2021,2,202102,충북,청주시,37880,427
2021,2,202102,충북,충주시,6296,119
2021,3,202103,강원,강릉시,8175,108
2021,3,202103,강원,고성군,725,12
2021,3,202103,강원,동해시,2170,75
2021,3,202103,강원,삼척시,1406,29
2021,3,202103,강원,속초시,2737,48
2021,3,202103,강원,양구군,543,12
2021,3,202103,강원,양양군,1118,19
2021,3,202103,강원,영월군,1115,23
2021,3,202103,강원,원주시,15047,176
2021,3,202103,강원,인제군,810,15
2021,3,202103,강원,정선군,1088,16
2021,3,202103,강원,철원군,942,24
2021,3,202103,강원,춘천시,10058,140
2021,3,202103,강원,태백시,1241,17
2021,3,202103,강원,평창군,1752,18
2021,3,202103,강원,홍천군,1930,25
2021,3,202103,강원,화천군,552,10
2021,3,202103,강원,횡성군,1670,23
2021,3,202103,경기,가평군,2775,43
2021,3,202103,경기,고양시,62105,371
2021,3,202103,경기,과천시,5286,16
2021,3,202103,경기,광명시,10091,83
2021,3,202103,경기,광주시,21826,193
2021,3,202103,경기,구리시,8240,49
2021,3,202103,경기,군포시,8871,59
2021,3,202103,경기,김포시,30653,444
2021,3,202103,경기,남양주시,35131,398
2021,3,202103,경기,동두천시,2347,26
2021,3,202103,경기,부천시,27719,194
2021,3,202103,경기,성남시,70283,358
2021,3,202103,경기,수원시,66037,464
2021,3,202103,경기,시흥시,18778,184
2021,3,202103,경기,안산시,21483,201
2021,3,202103,경기,안성시,7241,97
2021,3,202103,경기,안양시,22880,122
2021,3,202103,경기,양주시,8354,131
2021,3,202103,경기,양평군,7485,100
2021,3,202103,경기,여주시,4323,69
2021,3,202103,경기,연천군,1462,25
2021,3,202103,경기,오산시,8503,117
2021,3,202103,경기,용인시,80998,568
2021,3,202103,경기,의왕시,8374,45
2021,3,202103,경기,의정부시,14579,118
2021,3,202103,경기,이천시,9362,153
2021,3,202103,경기,파주시,21603,231
2021,3,202103,경기,평택시,27062,301
2021,3,202103,경기,포천시,5631,71
2021,3,202103,경기,하남시,20239,133
2021,3,202103,경기,화성시,50579,560
2021,3,202103,경남,거제시,6558,72
2021,3,202103,경남,거창군,1612,22
2021,3,202103,경남,고성군,1124,15
2021,3,202103,경남,김해시,19302,201
2021,3,202103,경남,남해군,920,21
2021,3,202103,경남,밀양시,2786,26
2021,3,202103,경남,사천시,3001,26
2021,3,202103,경남,산청군,911,10
2021,3,202103,경남,양산시,11877,123
2021,3,202103,경남,의령군,617,13
2021,3,202103,경남,진주시,12053,122
2021,3,202103,경남,창녕군,1679,25
2021,3,202103,경남,창원시,69247,400
2021,3,202103,경남,통영시,3314,34
2021,3,202103,경남,하동군,1013,17
2021,3,202103,경남,함안군,2675,34
2021,3,202103,경남,함양군,840,13
2021,3,202103,경남,합천군,965,21
2021,3,202103,경북,경산시,9528,92
2021,3,202103,경북,경주시,8565,130
2021,3,202103,경북,고령군,1051,26
2021,3,202103,경북,구미시,12718,222
2021,3,202103,경북,군위군,692,16
2021,3,202103,경북,김천시,3622,76
2021,3,202103,경북,문경시,1634,29
2021,3,202103,경북,봉화군,546,10
2021,3,202103,경북,상주시,2080,43
2021,3,202103,경북,성주군,1499,28
2021,3,202103,경북,안동시,4520,102
2021,3,202103,경북,영덕군,818,15
2021,3,202103,경북,영양군,331,6
2021,3,202103,경북,영주시,2352,64
2021,3,202103,경북,영천시,3105,30
2021,3,202103,경북,예천군,1472,26
2021,3,202103,경북,울릉군,190,1
2021,3,202103,경북,울진군,1282,25
2021,3,202103,경북,의성군,1059,12
2021,3,202103,경북,청도군,1434,13
2021,3,202103,경북,청송군,531,12
2021,3,202103,경북,칠곡군,3912,66
2021,3,202103,경북,포항시,17455,228
2021,3,202103,광주,광산구,16917,211
2021,3,202103,광주,남구,11208,74
2021,3,202103,광주,동구,5637,24
2021,3,202103,광주,북구,16594,135
2021,3,202103,광주,서구,17609,109
2021,3,202103,대구,남구,6262,43
2021,3,202103,대구,달서구,39144,248
2021,3,202103,대구,달성군,9795,134
2021,3,202103,대구,동구,15282,149
2021,3,202103,대구,북구,16257,174
2021,3,202103,대구,서구,4901,34
2021,3,202103,대구,수성구,60365,168
2021,3,202103,대구,중구,31761,29
2021,3,202103,대전,대덕구,5155,68
2021,3,202103,대전,동구,5737,89
2021,3,202103,대전,서구,20025,210
2021,3,202103,대전,유성구,23645,221
2021,3,202103,대전,중구,7855,83
2021,3,202103,부산,강서구,8565,77
2021,3,202103,부산,금정구,9074,41
2021,3,202103,부산,기장군,8255,59
2021,3,202103,부산,남구,13391,62
2021,3,202103,부산,동구,20881,18
2021,3,202103,부산,동래구,10999,38
2021,3,202103,부산,부산진구,21913,49
2021,3,202103,부산,북구,7297,51
2021,3,202103,부산,사상구,5449,24
2021,3,202103,부산,사하구,7537,47
2021,3,202103,부산,서구,3201,5
2021,3,202103,부산,수영구,18344,33
2021,3,202103,부산,연제구,26169,50
2021,3,202103,부산,영도구,2309,11
2021,3,202103,부산,중구,17226,15
2021,3,202103,부산,해운대구,39949,117
2021,3,202103,서울,강남구,85578,235
2021,3,202103,서울,강동구,22262,103
2021,3,202103,서울,강북구,6985,31
2021,3,202103,서울,강서구,27549,112
2021,3,202103,서울,관악구,13062,58
2021,3,202103,서울,광진구,16670,64
2021,3,202103,서울,구로구,14788,59
2021,3,202103,서울,금천구,8369,42
2021,3,202103,서울,노원구,15267,86
2021,3,202103,서울,도봉구,8408,62
2021,3,202103,서울,동대문구,14063,60
2021,3,202103,서울,동작구,17420,40
2021,3,202103,서울,마포구,25032,84
2021,3,202103,서울,서대문구,14537,78
2021,3,202103,서울,서초구,59150,176
2021,3,202103,서울,성동구,24369,100
2021,3,202103,서울,성북구,18031,91
2021,3,202103,서울,송파구,52542,136
2021,3,202103,서울,양천구,23549,74
2021,3,202103,서울,영등포구,25026,73
2021,3,202103,서울,용산구,26992,78
2021,3,202103,서울,은평구,15438,58
2021,3,202103,서울,종로구,10701,78
2021,3,202103,서울,중구,14600,75
2021,3,202103,서울,중랑구,10375,72
2021,3,202103,세종,세종시,20082,269
2021,3,202103,울산,남구,12511,75
2021,3,202103,울산,동구,2670,51
2021,3,202103,울산,북구,5197,71
2021,3,202103,울산,울주군,7299,61
2021,3,202103,울산,중구,5893,54
2021,3,202103,인천,강화군,2738,40
2021,3,202103,인천,계양구,12913,63
2021,3,202103,인천,남동구,57399,196
2021,3,202103,인천,동구,1410,8
2021,3,202103,인천,미추홀구,25805,69
2021,3,202103,인천,부평구,30484,93
2021,3,202103,인천,서구,24579,188
2021,3,202103,인천,연수구,58874,172
2021,3,202103,인천,옹진군,579,9
2021,3,202103,인천,중구,7107,51
2021,3,202103,전남,강진군,814,12
2021,3,202103,전남,고흥군,1345,17
2021,3,202103,전남,곡성군,792,6
2021,3,202103,전남,광양시,4732,72
2021,3,202103,전남,구례군,596,13
2021,3,202103,전남,나주시,4597,60
2021,3,202103,전남,담양군,1717,23
2021,3,202103,전남,목포시,5629,68
2021,3,202103,전남,무안군,2959,47
2021,3,202103,전남,보성군,1500,10
2021,3,202103,전남,순천시,10774,122
2021,3,202103,전남,신안군,2130,25
2021,3,202103,전남,여수시,9148,73
2021,3,202103,전남,영광군,1804,19
2021,3,202103,전남,영암군,1693,18
2021,3,202103,전남,완도군,1361,11
2021,3,202103,전남,장성군,1543,36
2021,3,202103,전남,장흥군,917,7
2021,3,202103,전남,진도군,739,6
2021,3,202103,전남,함평군,1852,20
2021,3,202103,전남,해남군,1812,24
2021,3,202103,전남,화순군,1989,30
2021,3,202103,전북,고창군,1519,19
2021,3,202103,전북,군산시,9272,81
2021,3,202103,전북,김제시,2307,29
2021,3,202103,전북,남원시,1936,35
2021,3,202103,전북,무주군,657,10
2021,3,202103,전북,부안군,1367,15
2021,3,202103,전북,순창군,681,4
2021,3,202103,전북,완주군,3043,56
2021,3,202103,전북,익산시,8501,109
2021,3,202103,전북,임실군,582,13
2021,3,202103,전북,장수군,488,4
2021,3,202103,전북,전주시,40160,266
2021,3,202103,전북,정읍시,2907,40
2021,3,202103,전북,진안군,602,13
2021,3,202103,제주,서귀포시,6806,73
2021,3,202103,제주,제주시,31197,272
2021,3,202103,충남,계룡시,1593,27
2021,3,202103,충남,공주시,3302,51
2021,3,202103,충남,금산군,1520,19
2021,3,202103,충남,논산시,2856,40
2021,3,202103,충남,당진시,5306,95
2021,3,202103,충남,보령시,2785,47
2021,3,202103,충남,부여군,1438,25
2021,3,202103,충남,서산시,5631,93
2021,3,202103,충남,서천군,1120,18
2021,3,202103,충남,아산시,12062,222
2021,3,202103,충남,예산군,2113,40
2021,3,202103,충남,천안시,29117,441
2021,3,202103,충남,청양군,668,10
2021,3,202103,충남,태안군,1880,31
2021,3,202103,충남,홍성군,2865,47
2021,3,202103,충북,괴산군,970,21
2021,3,202103,충북,단양군,625,16
2021,3,202103,충북,보은군,825,15
2021,3,202103,충북,영동군,959,19
2021,3,202103,충북,옥천군,1324,18
2021,3,202103,충북,음성군,3096,50
2021,3,202103,충북,제천시,3880,46
2021,3,202103,충북,증평군,1031,19
2021,3,202103,충북,진천군,2742,66
2021,3,202103,충북,청주시,38209,430
2021,3,202103,충북,충주시,6386,123
2021,4,202104,강원,강릉시,8292,109
2021,4,202104,강원,고성군,737,13
2021,4,202104,강원,동해시,2207,74
2021,4,202104,강원,삼척시,1421,30
2021,4,202104,강원,속초시,2764,46
2021,4,202104,강원,양구군,552,11
2021,4,202104,강원,양양군,1123,19
2021,4,202104,강원,영월군,1119,23
2021,4,202104,강원,원주시,15242,183
2021,4,202104,강원,인제군,814,15
2021,4,202104,강원,정선군,1103,18
2021,4,202104,강원,철원군,956,25
2021,4,202104,강원,춘천시,10181,138
2021,4,202104,강원,태백시,1253,18
2021,4,202104,강원,평창군,1754,20
2021,4,202104,강원,홍천군,1936,28
2021,4,202104,강원,화천군,549,11
2021,4,202104,강원,횡성군,1693,26
2021,4,202104,경기,가평군,2825,42
2021,4,202104,경기,고양시,62563,374
2021,4,202104,경기,과천시,5399,15
2021,4,202104,경기,광명시,10189,85
2021,4,202104,경기,광주시,22086,201
2021,4,202104,경기,구리시,8265,48
2021,4,202104,경기,군포시,8942,59
2021,4,202104,경기,김포시,31148,444
2021,4,202104,경기,남양주시,35554,387
2021,4,202104,경기,동두천시,2374,28
2021,4,202104,경기,부천시,27894,201
2021,4,202104,경기,성남시,70679,359
2021,4,202104,경기,수원시,66524,471
2021,4,202104,경기,시흥시,19077,186
2021,4,202104,경기,안산시,21709,208
2021,4,202104,경기,안성시,7304,97
2021,4,202104,경기,안양시,23150,123
2021,4,202104,경기,양주시,8443,131
2021,4,202104,경기,양평군,7548,98
2021,4,202104,경기,여주시,4367,69
2021,4,202104,경기,연천군,1444,26
2021,4,202104,경기,오산시,8595,118
2021,4,202104,경기,용인시,81734,573
2021,4,202104,경기,의왕시,8412,44
2021,4,202104,경기,의정부시,14705,119
2021,4,202104,경기,이천시,9442,152
2021,4,202104,경기,파주시,21876,233
2021,4,202104,경기,평택시,27403,306
2021,4,202104,경기,포천시,5717,70
2021,4,202104,경기,하남시,20595,136
2021,4,202104,경기,화성시,51306,568
2021,4,202104,경남,거제시,6618,73
2021,4,202104,경남,거창군,1635,23
2021,4,202104,경남,고성군,1130,14
2021,4,202104,경남,김해시,19491,198
2021,4,202104,경남,남해군,921,22
2021,4,202104,경남,밀양시,2814,24
2021,4,202104,경남,사천시,3023,27
2021,4,202104,경남,산청군,930,11
2021,4,202104,경남,양산시,12051,121
2021,4,202104,경남,의령군,628,12
2021,4,202104,경남,진주시,12155,122
2021,4,202104,경남,창녕군,1676,26
2021,4,202104,경남,창원시,69918,408
2021,4,202104,경남,통영시,3333,34
2021,4,202104,경남,하동군,1019,17
2021,4,202104,경남,함안군,2686,33
2021,4,202104,경남,함양군,846,11
2021,4,202104,경남,합천군,969,19
2021,4,202104,경북,경산시,9665,88
2021,4,202104,경북,경주시,8621,132
2021,4,202104,경북,고령군,1060,26
2021,4,202104,경북,구미시,12810,221
2021,4,202104,경북,군위군,707,16
2021,4,202104,경북,김천시,3651,77
2021,4,202104,경북,문경시,1652,29
2021,4,202104,경북,봉화군,553,10
2021,4,202104,경북,상주시,2113,45
2021,4,202104,경북,성주군,1518,25
2021,4,202104,경북,안동시,4566,98
2021,4,202104,경북,영덕군,828,16
2021,4,202104,경북,영양군,330,6
2021,4,202104,경북,영주시,2364,62
2021,4,202104,경북,영천시,3150,31
2021,4,202104,경북,예천군,1491,26
2021,4,202104,경북,울릉군,198,1
2021,4,202104,경북,울진군,1289,24
2021,4,202104,경북,의성군,1064,12
2021,4,202104,경북,청도군,1452,13
2021,4,202104,경북,청송군,547,13
2021,4,202104,경북,칠곡군,3922,64
2021,4,202104,경북,포항시,17643,228
2021,4,202104,광주,광산구,17075,210
2021,4,202104,광주,남구,11319,75
2021,4,202104,광주,동구,5719,24
2021,4,202104,광주,북구,16741,134
2021,4,202104,광주,서구,17659,113
2021,4,202104,대구,남구,6306,40
2021,4,202104,대구,달서구,39700,246
2021,4,202104,대구,달성군,9905,137
2021,4,202104,대구,동구,15367,149
2021,4,202104,대구,북구,16464,177
2021,4,202104,대구,서구,4958,36
2021,4,202104,대구,수성구,60405,164
2021,4,202104,대구,중구,29425,30
2021,4,202104,대전,대덕구,5194,66
2021,4,202104,대전,동구,5767,91
2021,4,202104,대전,서구,20255,210
2021,4,202104,대전,유성구,23824,222
2021,4,202104,대전,중구,7878,79
2021,4,202104,부산,강서구,8697,83
2021,4,202104,부산,금정구,9094,44
2021,4,202104,부산,기장군,8392,57
2021,4,202104,부산,남구,13481,62
2021,4,202104,부산,동구,21041,19
2021,4,202104,부산,동래구,11073,39
2021,4,202104,부산,부산진구,22018,49
2021,4,202104,부산,북구,7385,51
2021,4,202104,부산,사상구,5461,24
2021,4,202104,부산,사하구,7618,47
2021,4,202104,부산,서구,3220,4
2021,4,202104,부산,수영구,18317,35
2021,4,202104,부산,연제구,26513,51
2021,4,202104,부산,영도구,2314,11
2021,4,202104,부산,중구,17536,15
2021,4,202104,부산,해운대구,40107,117
2021,4,202104,서울,강남구,85781,246
2021,4,202104,서울,강동구,22430,97
2021,4,202104,서울,강북구,7058,31
2021,4,202104,서울,강서구,27564,110
2021,4,202104,서울,관악구,13187,58
2021,4,202104,서울,광진구,16761,64
2021,4,202104,서울,구로구,14887,58
2021,4,202104,서울,금천구,8444,43
2021,4,202104,서울,노원구,15421,87
2021,4,202104,서울,도봉구,8499,61
2021,4,202104,서울,동대문구,14124,60
2021,4,202104,서울,동작구,17582,39
2021,4,202104,서울,마포구,25333,84
2021,4,202104,서울,서대문구,14653,80
2021,4,202104,서울,서초구,59214,177
2021,4,202104,서울,성동구,24505,98
2021,4,202104,서울,성북구,18201,92
2021,4,202104,서울,송파구,52749,133
2021,4,202104,서울,양천구,23699,71
2021,4,202104,서울,영등포구,25173,75
2021,4,202104,서울,용산구,27198,79
2021,4,202104,서울,은평구,15492,58
2021,4,202104,서울,종로구,10765,79
2021,4,202104,서울,중구,14564,75
2021,4,202104,서울,중랑구,10467,70
2021,4,202104,세종,세종시,20355,278
2021,4,202104,울산,남구,12637,70
2021,4,202104,울산,동구,2694,50
2021,4,202104,울산,북구,5282,71
2021,4,202104,울산,울주군,7352,63
2021,4,202104,울산,중구,5914,54
2021,4,202104,인천,강화군,2754,40
2021,4,202104,인천,계양구,12851,64
2021,4,202104,인천,남동구,57642,203
2021,4,202104,인천,동구,1415,8
2021,4,202104,인천,미추홀구,26436,70
2021,4,202104,인천,부평구,31065,90
2021,4,202104,인천,서구,24801,188
2021,4,202104,인천,연수구,59545,172
2021,4,202104,인천,옹진군,593,9
2021,4,202104,인천,중구,7141,51
2021,4,202104,전남,강진군,828,12
2021,4,202104,전남,고흥군,1351,17
2021,4,202104,전남,곡성군,798,6
2021,4,202104,전남,광양시,4761,73
2021,4,202104,전남,구례군,610,14
2021,4,202104,전남,나주시,4661,63
2021,4,202104,전남,담양군,1729,22
2021,4,202104,전남,목포시,5686,73
2021,4,202104,전남,무안군,3016,48
2021,4,202104,전남,보성군,1575,10
2021,4,202104,전남,순천시,10894,122
2021,4,202104,전남,신안군,2193,27
2021,4,202104,전남,여수시,9238,73
2021,4,202104,전남,영광군,1835,19
2021,4,202104,전남,영암군,1623,18
2021,4,202104,전남,완도군,1369,10
2021,4,202104,전남,장성군,1544,36
2021,4,202104,전남,장흥군,928,7
2021,4,202104,전남,진도군,745,7
2021,4,202104,전남,함평군,1850,21
2021,4,202104,전남,해남군,1891,24
2021,4,202104,전남,화순군,2028,31
2021,4,202104,전북,고창군,1518,19
2021,4,202104,전북,군산시,9352,82
2021,4,202104,전북,김제시,2328,29
2021,4,202104,전북,남원시,1935,36
2021,4,202104,전북,무주군,659,10
2021,4,202104,전북,부안군,1361,15
2021,4,202104,전북,순창군,680,4
2021,4,202104,전북,완주군,3047,57
2021,4,202104,전북,익산시,8549,107
2021,4,202104,전북,임실군,587,13
2021,4,202104,전북,장수군,500,3
2021,4,202104,전북,전주시,40509,267
2021,4,202104,전북,정읍시,2927,40
2021,4,202104,전북,진안군,605,12
2021,4,202104,제주,서귀포시,6890,74
2021,4,202104,제주,제주시,31560,274
2021,4,202104,충남,계룡시,1612,26
2021,4,202104,충남,공주시,3324,51
2021,4,202104,충남,금산군,1524,19
2021,4,202104,충남,논산시,2886,39
2021,4,202104,충남,당진시,5391,97
2021,4,202104,충남,보령시,2812,49
2021,4,202104,충남,부여군,1458,25
2021,4,202104,충남,서산시,5689,95
2021,4,202104,충남,서천군,1119,19
2021,4,202104,충남,아산시,12197,222
2021,4,202104,충남,예산군,2142,39
2021,4,202104,충남,천안시,29337,437
2021,4,202104,충남,청양군,673,11
2021,4,202104,충남,태안군,1897,31
2021,4,202104,충남,홍성군,2887,48
2021,4,202104,충북,괴산군,976,20
2021,4,202104,충북,단양군,636,17
2021,4,202104,충북,보은군,824,15
2021,4,202104,충북,영동군,975,18
2021,4,202104,충북,옥천군,1341,18
2021,4,202104,충북,음성군,3112,50
2021,4,202104,충북,제천시,3917,47
2021,4,202104,충북,증평군,1030,19
2021,4,202104,충북,진천군,2798,61
2021,4,202104,충북,청주시,40491,436
2021,4,202104,충북,충주시,6459,121
2021,5,202105,강원,강릉시,8456,106
2021,5,202105,강원,고성군,757,15
2021,5,202105,강원,동해시,2224,75
2021,5,202105,강원,삼척시,1431,32
2021,5,202105,강원,속초시,2816,48
2021,5,202105,강원,양구군,560,11
2021,5,202105,강원,양양군,1136,18
2021,5,202105,강원,영월군,1137,24
2021,5,202105,강원,원주시,15396,182
2021,5,202105,강원,인제군,814,16
2021,5,202105,강원,정선군,1110,18
2021,5,202105,강원,철원군,973,25
2021,5,202105,강원,춘천시,10296,146
2021,5,202105,강원,태백시,1266,19
2021,5,202105,강원,평창군,1776,18
2021,5,202105,강원,홍천군,1964,27
2021,5,202105,강원,화천군,563,11
2021,5,202105,강원,횡성군,1713,26
2021,5,202105,경기,가평군,2857,47
2021,5,202105,경기,고양시,63299,371
2021,5,202105,경기,과천시,5492,15
2021,5,202105,경기,광명시,10273,86
2021,5,202105,경기,광주시,22273,201
2021,5,202105,경기,구리시,8352,50
2021,5,202105,경기,군포시,8993,60
2021,5,202105,경기,김포시,31455,445
2021,5,202105,경기,남양주시,36025,387
2021,5,202105,경기,동두천시,2398,28
2021,5,202105,경기,부천시,28074,205
2021,5,202105,경기,성남시,71207,361
2021,5,202105,경기,수원시,67013,467
2021,5,202105,경기,시흥시,19370,191
2021,5,202105,경기,안산시,21997,205
2021,5,202105,경기,안성시,7437,95
2021,5,202105,경기,안양시,23378,124
2021,5,202105,경기,양주시,8557,133
2021,5,202105,경기,양평군,7627,97
2021,5,202105,경기,여주시,4417,70
2021,5,202105,경기,연천군,1469,26
2021,5,202105,경기,오산시,8671,116
2021,5,202105,경기,용인시,82430,571
2021,5,202105,경기,의왕시,8523,48
2021,5,202105,경기,의정부시,14901,120
2021,5,202105,경기,이천시,9620,148
2021,5,202105,경기,파주시,22168,230
2021,5,202105,경기,평택시,27669,308
2021,5,202105,경기,포천시,5756,70
2021,5,202105,경기,하남시,20905,134
2021,5,202105,경기,화성시,51942,577
2021,5,202105,경남,거제시,6675,75
2021,5,202105,경남,거창군,1659,22
2021,5,202105,경남,고성군,1141,13
2021,5,202105,경남,김해시,19643,195
2021,5,202105,경남,남해군,928,23
2021,5,202105,경남,밀양시,2850,23
2021,5,202105,경남,사천시,3060,27
2021,5,202105,경남,산청군,934,11
2021,5,202105,경남,양산시,12162,120
2021,5,202105,경남,의령군,630,12
2021,5,202105,경남,진주시,12307,125
2021,5,202105,경남,창녕군,1681,25
2021,5,202105,경남,창원시,70577,406
2021,5,202105,경남,통영시,3354,34
2021,5,202105,경남,하동군,1032,16
2021,5,202105,경남,함안군,2733,32
2021,5,202105,경남,함양군,850,11
2021,5,202105,경남,합천군,978,20
2021,5,202105,경북,경산시,9818,88
2021,5,202105,경북,경주시,8717,130
2021,5,202105,경북,고령군,1076,25
2021,5,202105,경북,구미시,12989,220
2021,5,202105,경북,군위군,702,15
2021,5,202105,경북,김천시,3695,78
2021,5,202105,경북,문경시,1666,28
2021,5,202105,경북,봉화군,554,10
2021,5,202105,경북,상주시,2148,47
2021,5,202105,경북,성주군,1532,26
2021,5,202105,경북,안동시,4621,97
2021,5,202105,경북,영덕군,837,16
2021,5,202105,경북,영양군,333,6
2021,5,202105,경북,영주시,2379,60
2021,5,202105,경북,영천시,3163,30
2021,5,202105,경북,예천군,1519,28
2021,5,202105,경북,울릉군,205,1
2021,5,202105,경북,울진군,1315,24
2021,5,202105,경북,의성군,1077,13
2021,5,202105,경북,청도군,1470,14
2021,5,202105,경북,청송군,556,13
2021,5,202105,경북,칠곡군,3969,63
2021,5,202105,경북,포항시,17875,232
2021,5,202105,광주,광산구,17265,214
2021,5,202105,광주,남구,11396,79
2021,5,202105,광주,동구,5791,25
2021,5,202105,광주,북구,16829,135
2021,5,202105,광주,서구,17769,107
2021,5,202105,대구,남구,6384,40
2021,5,202105,대구,달서구,40229,251
2021,5,202105,대구,달성군,10025,140
2021,5,202105,대구,동구,15553,149
2021,5,202105,대구,북구,16613,176
2021,5,202105,대구,서구,4963,32
2021,5,202105,대구,수성구,60646,163
2021,5,202105,대구,중구,29209,30
2021,5,202105,대전,대덕구,5220,62
2021,5,202105,대전,동구,5823,94
2021,5,202105,대전,서구,20424,206
2021,5,202105,대전,유성구,24051,222
2021,5,202105,대전,중구,7935,83
2021,5,202105,부산,강서구,8896,80
2021,5,202105,부산,금정구,9141,43
2021,5,202105,부산,기장군,8489,56
2021,5,202105,부산,남구,13569,62
2021,5,202105,부산,동구,21453,18
2021,5,202105,부산,동래구,11172,38
2021,5,202105,부산,부산진구,22122,50
2021,5,202105,부산,북구,7532,52
2021,5,202105,부산,사상구,5516,26
2021,5,202105,부산,사하구,7707,45
2021,5,202105,부산,서구,3266,4
2021,5,202105,부산,수영구,18659,37
2021,5,202105,부산,연제구,27025,48
2021,5,202105,부산,영도구,2341,11
2021,5,202105,부산,중구,17769,15
2021,5,202105,부산,해운대구,40310,119
2021,5,202105,서울,강남구,85762,245
2021,5,202105,서울,강동구,22671,99
2021,5,202105,서울,강북구,7101,30
2021,5,202105,서울,강서구,27854,104
2021,5,202105,서울,관악구,13267,57
2021,5,202105,서울,광진구,16866,64
2021,5,202105,서울,구로구,15031,59
2021,5,202105,서울,금천구,8518,43
2021,5,202105,서울,노원구,15598,87
2021,5,202105,서울,도봉구,8579,60
2021,5,202105,서울,동대문구,14143,62
2021,5,202105,서울,동작구,17781,40
2021,5,202105,서울,마포구,25609,87
2021,5,202105,서울,서대문구,14768,79
2021,5,202105,서울,서초구,59432,186
2021,5,202105,서울,성동구,24661,98
2021,5,202105,서울,성북구,18362,89
2021,5,202105,서울,송파구,53135,130
2021,5,202105,서울,양천구,23881,73
2021,5,202105,서울,영등포구,25295,74
2021,5,202105,서울,용산구,27532,80
2021,5,202105,서울,은평구,15706,59
2021,5,202105,서울,종로구,10871,78
2021,5,202105,서울,중구,14529,74
2021,5,202105,서울,중랑구,10574,70
2021,5,202105,세종,세종시,20612,280
2021,5,202105,울산,남구,12727,68
2021,5,202105,울산,동구,2714,49
2021,5,202105,울산,북구,5347,71
2021,5,202105,울산,울주군,7419,63
2021,5,202105,울산,중구,5927,52
2021,5,202105,인천,강화군,2789,41
2021,5,202105,인천,계양구,12795,65
2021,5,202105,인천,남동구,57692,205
2021,5,202105,인천,동구,1410,9
2021,5,202105,인천,미추홀구,26925,73
2021,5,202105,인천,부평구,31756,92
2021,5,202105,인천,서구,24976,191
2021,5,202105,인천,연수구,60274,175
2021,5,202105,인천,옹진군,606,9
2021,5,202105,인천,중구,7216,51
2021,5,202105,전남,강진군,833,12
2021,5,202105,전남,고흥군,1354,17
2021,5,202105,전남,곡성군,805,6
2021,5,202105,전남,광양시,4828,71
2021,5,202105,전남,구례군,608,13
2021,5,202105,전남,나주시,4715,63
2021,5,202105,전남,담양군,1757,22
2021,5,202105,전남,목포시,5726,73
2021,5,202105,전남,무안군,3058,48
2021,5,202105,전남,보성군,1497,11
2021,5,202105,전남,순천시,11008,126
2021,5,202105,전남,신안군,2214,26
2021,5,202105,전남,여수시,9318,75
2021,5,202105,전남,영광군,1840,19
2021,5,202105,전남,영암군,1579,18
2021,5,202105,전남,완도군,1377,10
2021,5,202105,전남,장성군,1579,35
2021,5,202105,전남,장흥군,938,8
2021,5,202105,전남,진도군,759,7
2021,5,202105,전남,함평군,1980,21
2021,5,202105,전남,해남군,1997,24
2021,5,202105,전남,화순군,2050,32
2021,5,202105,전북,고창군,1532,17
2021,5,202105,전북,군산시,9405,82
2021,5,202105,전북,김제시,2361,29
2021,5,202105,전북,남원시,1950,36
2021,5,202105,전북,무주군,657,10
2021,5,202105,전북,부안군,1365,15
2021,5,202105,전북,순창군,685,4
2021,5,202105,전북,완주군,3085,54
2021,5,202105,전북,익산시,8606,107
2021,5,202105,전북,임실군,588,12
2021,5,202105,전북,장수군,502,3
2021,5,202105,전북,전주시,40486,273
2021,5,202105,전북,정읍시,2940,39
2021,5,202105,전북,진안군,614,11
2021,5,202105,제주,서귀포시,6968,72
2021,5,202105,제주,제주시,31913,283
2021,5,202105,충남,계룡시,1631,27
2021,5,202105,충남,공주시,3373,52
2021,5,202105,충남,금산군,1531,19
2021,5,202105,충남,논산시,2927,40
2021,5,202105,충남,당진시,5427,102
2021,5,202105,충남,보령시,2836,51
2021,5,202105,충남,부여군,1483,27
2021,5,202105,충남,서산시,5772,101
2021,5,202105,충남,서천군,1133,20
2021,5,202105,충남,아산시,12359,228
2021,5,202105,충남,예산군,2165,39
2021,5,202105,충남,천안시,29628,440
2021,5,202105,충남,청양군,686,12
2021,5,202105,충남,태안군,1908,31
2021,5,202105,충남,홍성군,2910,49
2021,5,202105,충북,괴산군,991,22
2021,5,202105,충북,단양군,645,16
2021,5,202105,충북,보은군,830,15
2021,5,202105,충북,영동군,986,17
2021,5,202105,충북,옥천군,1345,18
2021,5,202105,충북,음성군,3140,51
2021,5,202105,충북,제천시,3956,47
2021,5,202105,충북,증평군,1037,20
2021,5,202105,충북,진천군,2834,61
2021,5,202105,충북,청주시,40771,432
2021,5,202105,충북,충주시,6526,117
2021,6,202106,강원,강릉시,8564,111
2021,6,202106,강원,고성군,780,15
2021,6,202106,강원,동해시,2255,74
2021,6,202106,강원,삼척시,1454,33
2021,6,202106,강원,속초시,2848,48
2021,6,202106,강원,양구군,556,10
2021,6,202106,강원,양양군,1157,19
2021,6,202106,강원,영월군,1149,24
2021,6,202106,강원,원주시,15563,188
2021,6,202106,강원,인제군,828,16
2021,6,202106,강원,정선군,1122,17
2021,6,202106,강원,철원군,984,26
2021,6,202106,강원,춘천시,10442,150
2021,6,202106,강원,태백시,1276,19
2021,6,202106,강원,평창군,1796,20
2021,6,202106,강원,홍천군,1990,28
2021,6,202106,강원,화천군,568,12
2021,6,202106,강원,횡성군,1732,26
2021,6,202106,경기,가평군,2900,44
2021,6,202106,경기,고양시,64002,375
2021,6,202106,경기,과천시,5589,17
2021,6,202106,경기,광명시,10431,88
2021,6,202106,경기,광주시,22487,206
2021,6,202106,경기,구리시,8445,50
2021,6,202106,경기,군포시,9075,59
2021,6,202106,경기,김포시,31928,455
2021,6,202106,경기,남양주시,36418,396
2021,6,202106,경기,동두천시,2438,28
2021,6,202106,경기,부천시,28369,205
2021,6,202106,경기,성남시,71811,366
2021,6,202106,경기,수원시,67714,462
2021,6,202106,경기,시흥시,19687,194
2021,6,202106,경기,안산시,22261,208
2021,6,202106,경기,안성시,7549,93
2021,6,202106,경기,안양시,23589,123
2021,6,202106,경기,양주시,8683,132
2021,6,202106,경기,양평군,7695,97
2021,6,202106,경기,여주시,4470,73
2021,6,202106,경기,연천군,1471,26
2021,6,202106,경기,오산시,8758,113
2021,6,202106,경기,용인시,83398,574
2021,6,202106,경기,의왕시,8617,47
2021,6,202106,경기,의정부시,15142,122
2021,6,202106,경기,이천시,9695,149
2021,6,202106,경기,파주시,22533,228
2021,6,202106,경기,평택시,27893,308
2021,6,202106,경기,포천시,5799,69
2021,6,202106,경기,하남시,21333,136
2021,6,202106,경기,화성시,52620,574
2021,6,202106,경남,거제시,6721,74
2021,6,202106,경남,거창군,1668,22
2021,6,202106,경남,고성군,1149,13
2021,6,202106,경남,김해시,19827,195
2021,6,202106,경남,남해군,948,23
2021,6,202106,경남,밀양시,2886,23
2021,6,202106,경남,사천시,3088,27
2021,6,202106,경남,산청군,942,11
2021,6,202106,경남,양산시,12363,120
2021,6,202106,경남,의령군,635,12
2021,6,202106,경남,진주시,12443,119
2021,6,202106,경남,창녕군,1700,26
2021,6,202106,경남,창원시,71305,407
2021,6,202106,경남,통영시,3366,33
2021,6,202106,경남,하동군,1045,15
2021,6,202106,경남,함안군,2760,33
2021,6,202106,경남,함양군,857,11
2021,6,202106,경남,합천군,983,19
2021,6,202106,경북,경산시,9966,88
2021,6,202106,경북,경주시,8788,130
2021,6,202106,경북,고령군,1090,25
2021,6,202106,경북,구미시,13154,222
2021,6,202106,경북,군위군,721,15
2021,6,202106,경북,김천시,3728,77
2021,6,202106,경북,문경시,1681,28
2021,6,202106,경북,봉화군,563,10
2021,6,202106,경북,상주시,2170,47
2021,6,202106,경북,성주군,1562,26
2021,6,202106,경북,안동시,4673,95
2021,6,202106,경북,영덕군,842,17
2021,6,202106,경북,영양군,337,6
2021,6,202106,경북,영주시,2397,60
2021,6,202106,경북,영천시,3197,29
2021,6,202106,경북,예천군,1530,27
2021,6,202106,경북,울릉군,207,1
2021,6,202106,경북,울진군,1324,23
2021,6,202106,경북,의성군,1080,13
2021,6,202106,경북,청도군,1486,13
2021,6,202106,경북,청송군,563,12
2021,6,202106,경북,칠곡군,3988,62
2021,6,202106,경북,포항시,18118,230
2021,6,202106,광주,광산구,17431,216
2021,6,202106,광주,남구,11475,79
2021,6,202106,광주,동구,5857,25
2021,6,202106,광주,북구,17030,134
2021,6,202106,광주,서구,17854,110
2021,6,202106,대구,남구,6413,40
2021,6,202106,대구,달서구,40619,249
2021,6,202106,대구,달성군,10142,137
2021,6,202106,대구,동구,15727,147
2021,6,202106,대구,북구,16792,172
2021,6,202106,대구,서구,5054,31
2021,6,202106,대구,수성구,61284,168
2021,6,202106,대구,중구,29048,32
2021,6,202106,대전,대덕구,5283,64
2021,6,202106,대전,동구,5890,93
2021,6,202106,대전,서구,20717,205
2021,6,202106,대전,유성구,24279,220
2021,6,202106,대전,중구,8004,81
2021,6,202106,부산,강서구,9096,82
2021,6,202106,부산,금정구,9198,43
2021,6,202106,부산,기장군,8593,58
2021,6,202106,부산,남구,13655,60
2021,6,202106,부산,동구,21803,15
2021,6,202106,부산,동래구,11244,39
2021,6,202106,부산,부산진구,22242,53
2021,6,202106,부산,북구,7659,53
2021,6,202106,부산,사상구,5609,26
2021,6,202106,부산,사하구,7750,46
2021,6,202106,부산,서구,3300,4
2021,6,202106,부산,수영구,18588,37
2021,6,202106,부산,연제구,27501,48
2021,6,202106,부산,영도구,2374,11
2021,6,202106,부산,중구,17931,16
2021,6,202106,부산,해운대구,40755,124
2021,6,202106,서울,강남구,86133,241
2021,6,202106,서울,강동구,22868,99
2021,6,202106,서울,강북구,7156,33
2021,6,202106,서울,강서구,28060,107
2021,6,202106,서울,관악구,13367,56
2021,6,202106,서울,광진구,16994,64
2021,6,202106,서울,구로구,15145,61
2021,6,202106,서울,금천구,8640,42
2021,6,202106,서울,노원구,15733,89
2021,6,202106,서울,도봉구,8660,60
2021,6,202106,서울,동대문구,14294,61
2021,6,202106,서울,동작구,17957,40
2021,6,202106,서울,마포구,25902,89
2021,6,202106,서울,서대문구,14830,80
2021,6,202106,서울,서초구,59733,189
2021,6,202106,서울,성동구,24758,98
2021,6,202106,서울,성북구,18532,92
2021,6,202106,서울,송파구,53526,134
2021,6,202106,서울,양천구,23975,70
2021,6,202106,서울,영등포구,25424,78
2021,6,202106,서울,용산구,27721,81
2021,6,202106,서울,은평구,15872,60
2021,6,202106,서울,종로구,10859,78
2021,6,202106,서울,중구,14494,79
2021,6,202106,서울,중랑구,10693,70
2021,6,202106,세종,세종시,20932,279
2021,6,202106,울산,남구,12828,71
2021,6,202106,울산,동구,2729,50
2021,6,202106,울산,북구,5389,72
2021,6,202106,울산,울주군,7495,63
2021,6,202106,울산,중구,5972,53
2021,6,202106,인천,강화군,2816,43
2021,6,202106,인천,계양구,12819,65
2021,6,202106,인천,남동구,58067,202
2021,6,202106,인천,동구,1408,7
2021,6,202106,인천,미추홀구,27551,70
2021,6,202106,인천,부평구,32457,91
2021,6,202106,인천,서구,25359,188
2021,6,202106,인천,연수구,61102,173
2021,6,202106,인천,옹진군,622,10
2021,6,202106,인천,중구,7307,51
2021,6,202106,전남,강진군,834,13
2021,6,202106,전남,고흥군,1381,17
2021,6,202106,전남,곡성군,808,6
2021,6,202106,전남,광양시,4884,71
2021,6,202106,전남,구례군,606,12
2021,6,202106,전남,나주시,4784,65
2021,6,202106,전남,담양군,1792,20
2021,6,202106,전남,목포시,5793,72
2021,6,202106,전남,무안군,3122,51
2021,6,202106,전남,보성군,1292,11
2021,6,202106,전남,순천시,11139,129
2021,6,202106,전남,신안군,2230,25
2021,6,202106,전남,여수시,9407,74
2021,6,202106,전남,영광군,1835,20
2021,6,202106,전남,영암군,1548,22
2021,6,202106,전남,완도군,1393,10
2021,6,202106,전남,장성군,1598,35
2021,6,202106,전남,장흥군,937,8
2021,6,202106,전남,진도군,772,8
2021,6,202106,전남,함평군,2155,21
2021,6,202106,전남,해남군,2092,22
2021,6,202106,전남,화순군,2055,31
2021,6,202106,전북,고창군,1541,17
2021,6,202106,전북,군산시,9527,83
2021,6,202106,전북,김제시,2372,28
2021,6,202106,전북,남원시,1976,36
2021,6,202106,전북,무주군,667,11
2021,6,202106,전북,부안군,1388,15
2021,6,202106,전북,순창군,685,4
2021,6,202106,전북,완주군,3147,54
2021,6,202106,전북,익산시,8759,108
2021,6,202106,전북,임실군,596,13
2021,6,202106,전북,장수군,517,3
2021,6,202106,전북,전주시,40689,276
2021,6,202106,전북,정읍시,2972,39
2021,6,202106,전북,진안군,621,11
2021,6,202106,제주,서귀포시,7056,74
2021,6,202106,제주,제주시,32279,290
2021,6,202106,충남,계룡시,1661,29
2021,6,202106,충남,공주시,3419,53
2021,6,202106,충남,금산군,1540,18
2021,6,202106,충남,논산시,2953,40
2021,6,202106,충남,당진시,5499,101
2021,6,202106,충남,보령시,2863,51
2021,6,202106,충남,부여군,1498,26
2021,6,202106,충남,서산시,5837,102
2021,6,202106,충남,서천군,1155,20
2021,6,202106,충남,아산시,12582,231
2021,6,202106,충남,예산군,2188,40
2021,6,202106,충남,천안시,29981,445
2021,6,202106,충남,청양군,686,11
2021,6,202106,충남,태안군,1912,33
2021,6,202106,충남,홍성군,2961,51
2021,6,202106,충북,괴산군,1008,23
2021,6,202106,충북,단양군,656,16
2021,6,202106,충북,보은군,838,14
2021,6,202106,충북,영동군,1002,17
2021,6,202106,충북,옥천군,1363,18
2021,6,202106,충북,음성군,3164,52
2021,6,202106,충북,제천시,3983,49
2021,6,202106,충북,증평군,1019,18
2021,6,202106,충북,진천군,2874,63
2021,6,202106,충북,청주시,41091,441
2021,6,202106,충북,충주시,6585,121
2021,7,202107,강원,강릉시,8621,110
2021,7,202107,강원,고성군,810,15
2021,7,202107,강원,동해시,2279,73
2021,7,202107,강원,삼척시,1472,34
2021,7,202107,강원,속초시,2867,49
2021,7,202107,강원,양구군,556,10
2021,7,202107,강원,양양군,1174,21
2021,7,202107,강원,영월군,1153,23
2021,7,202107,강원,원주시,15683,188
2021,7,202107,강원,인제군,841,18
2021,7,202107,강원,정선군,1141,17
2021,7,202107,강원,철원군,988,26
2021,7,202107,강원,춘천시,10566,151
2021,7,202107,강원,태백시,1281,17
2021,7,202107,강원,평창군,1791,21
2021,7,202107,강원,홍천군,2002,28
2021,7,202107,강원,화천군,584,11
2021,7,202107,강원,횡성군,1747,29
2021,7,202107,경기,가평군,2920,43
2021,7,202107,경기,고양시,64537,378
2021,7,202107,경기,과천시,5673,18
2021,7,202107,경기,광명시,10563,85
2021,7,202107,경기,광주시,22557,210
2021,7,202107,경기,구리시,8479,50
2021,7,202107,경기,군포시,9122,59
2021,7,202107,경기,김포시,32202,455
2021,7,202107,경기,남양주시,36803,393
2021,7,202107,경기,동두천시,2464,28
2021,7,202107,경기,부천시,28653,208
2021,7,202107,경기,성남시,72426,383
2021,7,202107,경기,수원시,68237,458
2021,7,202107,경기,시흥시,19896,195
2021,7,202107,경기,안산시,22410,206
2021,7,202107,경기,안성시,7611,96
2021,7,202107,경기,안양시,23682,122
2021,7,202107,경기,양주시,8758,132
2021,7,202107,경기,양평군,7752,102
2021,7,202107,경기,여주시,4508,75
2021,7,202107,경기,연천군,1474,25
2021,7,202107,경기,오산시,8918,115
2021,7,202107,경기,용인시,83939,571
2021,7,202107,경기,의왕시,8710,49
2021,7,202107,경기,의정부시,15393,120
2021,7,202107,경기,이천시,9809,157
2021,7,202107,경기,파주시,22801,234
2021,7,202107,경기,평택시,28220,310
2021,7,202107,경기,포천시,5848,69
2021,7,202107,경기,하남시,21733,136
2021,7,202107,경기,화성시,53188,580
2021,7,202107,경남,거제시,6765,76
2021,7,202107,경남,거창군,1700,22
2021,7,202107,경남,고성군,1160,13
2021,7,202107,경남,김해시,19983,190
2021,7,202107,경남,남해군,951,23
2021,7,202107,경남,밀양시,2924,26
2021,7,202107,경남,사천시,3107,27
2021,7,202107,경남,산청군,945,11
2021,7,202107,경남,양산시,12440,120
2021,7,202107,경남,의령군,642,12
2021,7,202107,경남,진주시,12548,121
2021,7,202107,경남,창녕군,1707,26
2021,7,202107,경남,창원시,71868,413
2021,7,202107,경남,통영시,3388,35
2021,7,202107,경남,하동군,1050,16
2021,7,202107,경남,함안군,3759,41
2021,7,202107,경남,함양군,858,11
2021,7,202107,경남,합천군,997,19
2021,7,202107,경북,경산시,10090,88
2021,7,202107,경북,경주시,8858,132
2021,7,202107,경북,고령군,1100,26
2021,7,202107,경북,구미시,13258,230
2021,7,202107,경북,군위군,728,14
2021,7,202107,경북,김천시,3749,84
2021,7,202107,경북,문경시,1700,28
2021,7,202107,경북,봉화군,568,11
2021,7,202107,경북,상주시,2189,47
2021,7,202107,경북,성주군,1589,27
2021,7,202107,경북,안동시,4721,95
2021,7,202107,경북,영덕군,850,17
2021,7,202107,경북,영양군,335,6
2021,7,202107,경북,영주시,2432,59
2021,7,202107,경북,영천시,3200,29
2021,7,202107,경북,예천군,1560,28
2021,7,202107,경북,울릉군,212,1
2021,7,202107,경북,울진군,1344,23
2021,7,202107,경북,의성군,1090,13
2021,7,202107,경북,청도군,1488,13
2021,7,202107,경북,청송군,565,12
2021,7,202107,경북,칠곡군,4046,61
2021,7,202107,경북,포항시,18298,228
2021,7,202107,광주,광산구,17576,217
2021,7,202107,광주,남구,11575,79
2021,7,202107,광주,동구,5912,24
2021,7,202107,광주,북구,17227,135
2021,7,202107,광주,서구,17566,109
2021,7,202107,대구,남구,6446,39
2021,7,202107,대구,달서구,41027,244
2021,7,202107,대구,달성군,10207,127
2021,7,202107,대구,동구,15783,171
2021,7,202107,대구,북구,16885,161
2021,7,202107,대구,서구,5170,32
2021,7,202107,대구,수성구,53768,166
2021,7,202107,대구,중구,27123,31
2021,7,202107,대전,대덕구,5369,62
2021,7,202107,대전,동구,5949,90
2021,7,202107,대전,서구,20839,210
2021,7,202107,대전,유성구,24345,227
2021,7,202107,대전,중구,8054,82
2021,7,202107,부산,강서구,9200,86
2021,7,202107,부산,금정구,9286,45
2021,7,202107,부산,기장군,8661,61
2021,7,202107,부산,남구,13760,61
2021,7,202107,부산,동구,21956,13
2021,7,202107,부산,동래구,11302,35
2021,7,202107,부산,부산진구,22372,49
2021,7,202107,부산,북구,7732,53
2021,7,202107,부산,사상구,5651,27
2021,7,202107,부산,사하구,7777,49
2021,7,202107,부산,서구,3330,4
2021,7,202107,부산,수영구,18508,36
2021,7,202107,부산,연제구,27984,49
2021,7,202107,부산,영도구,2398,11
2021,7,202107,부산,중구,18096,15
2021,7,202107,부산,해운대구,40884,128
2021,7,202107,서울,강남구,86196,243
2021,7,202107,서울,강동구,23005,100
2021,7,202107,서울,강북구,7162,35
2021,7,202107,서울,강서구,28193,110
2021,7,202107,서울,관악구,13471,56
2021,7,202107,서울,광진구,17058,69
2021,7,202107,서울,구로구,15189,59
2021,7,202107,서울,금천구,8758,43
2021,7,202107,서울,노원구,15867,89
2021,7,202107,서울,도봉구,8741,62
2021,7,202107,서울,동대문구,14389,58
2021,7,202107,서울,동작구,18079,43
2021,7,202107,서울,마포구,26042,89
2021,7,202107,서울,서대문구,14958,82
2021,7,202107,서울,서초구,59815,192
2021,7,202107,서울,성동구,24944,97
2021,7,202107,서울,성북구,18651,93
2021,7,202107,서울,송파구,53708,136
2021,7,202107,서울,양천구,24227,71
2021,7,202107,서울,영등포구,25380,80
2021,7,202107,서울,용산구,27920,80
2021,7,202107,서울,은평구,16050,59
2021,7,202107,서울,종로구,10926,79
2021,7,202107,서울,중구,22047,79
2021,7,202107,서울,중랑구,10756,72
2021,7,202107,세종,세종시,21195,281
2021,7,202107,울산,남구,12899,69
2021,7,202107,울산,동구,2754,49
2021,7,202107,울산,북구,5227,75
2021,7,202107,울산,울주군,7772,62
2021,7,202107,울산,중구,6010,53
2021,7,202107,인천,강화군,2814,43
2021,7,202107,인천,계양구,12727,65
2021,7,202107,인천,남동구,55736,200
2021,7,202107,인천,동구,1465,7
2021,7,202107,인천,미추홀구,28186,71
2021,7,202107,인천,부평구,33402,90
2021,7,202107,인천,서구,25611,190
2021,7,202107,인천,연수구,61706,176
2021,7,202107,인천,옹진군,637,10
2021,7,202107,인천,중구,7422,51
2021,7,202107,전남,강진군,854,12
2021,7,202107,전남,고흥군,1401,17
2021,7,202107,전남,곡성군,815,4
2021,7,202107,전남,광양시,4926,73
2021,7,202107,전남,구례군,606,12
2021,7,202107,전남,나주시,4830,68
2021,7,202107,전남,담양군,1800,21
2021,7,202107,전남,목포시,5819,71
2021,7,202107,전남,무안군,3212,50
2021,7,202107,전남,보성군,1283,11
2021,7,202107,전남,순천시,11234,128
2021,7,202107,전남,신안군,2240,26
2021,7,202107,전남,여수시,9479,73
2021,7,202107,전남,영광군,1855,19
2021,7,202107,전남,영암군,1524,21
2021,7,202107,전남,완도군,1405,11
2021,7,202107,전남,장성군,1611,35
2021,7,202107,전남,장흥군,933,9
2021,7,202107,전남,진도군,757,9
2021,7,202107,전남,함평군,2154,20
2021,7,202107,전남,해남군,2158,24
2021,7,202107,전남,화순군,2073,30
2021,7,202107,전북,고창군,1558,17
2021,7,202107,전북,군산시,9584,83
2021,7,202107,전북,김제시,2377,29
2021,7,202107,전북,남원시,1981,36
2021,7,202107,전북,무주군,682,11
2021,7,202107,전북,부안군,1402,17
2021,7,202107,전북,순창군,693,5
2021,7,202107,전북,완주군,3184,46
2021,7,202107,전북,익산시,8809,110
2021,7,202107,전북,임실군,601,14
2021,7,202107,전북,장수군,512,3
2021,7,202107,전북,전주시,40840,280
2021,7,202107,전북,정읍시,2994,39
2021,7,202107,전북,진안군,621,11
2021,7,202107,제주,서귀포시,7107,75
2021,7,202107,제주,제주시,32566,291
2021,7,202107,충남,계룡시,1688,29
2021,7,202107,충남,공주시,3442,51
2021,7,202107,충남,금산군,1567,19
2021,7,202107,충남,논산시,2984,41
2021,7,202107,충남,당진시,5572,103
2021,7,202107,충남,보령시,2887,50
2021,7,202107,충남,부여군,1517,25
2021,7,202107,충남,서산시,5894,102
2021,7,202107,충남,서천군,1179,20
2021,7,202107,충남,아산시,12686,235
2021,7,202107,충남,예산군,2193,41
2021,7,202107,충남,천안시,30197,445
2021,7,202107,충남,청양군,696,11
2021,7,202107,충남,태안군,1923,33
2021,7,202107,충남,홍성군,2984,50
2021,7,202107,충북,괴산군,1016,24
2021,7,202107,충북,단양군,658,16
2021,7,202107,충북,보은군,839,14
2021,7,202107,충북,영동군,1009,16
2021,7,202107,충북,옥천군,1375,17
2021,7,202107,충북,음성군,3178,55
2021,7,202107,충북,제천시,4001,48
2021,7,202107,충북,증평군,1035,18
2021,7,202107,충북,진천군,2891,63
2021,7,202107,충북,청주시,45091,445
2021,7,202107,충북,충주시,6625,121
2021,8,202108,강원,강릉시,8683,111
2021,8,202108,강원,고성군,819,17
2021,8,202108,강원,동해시,2312,73
2021,8,202108,강원,삼척시,1478,33
2021,8,202108,강원,속초시,2875,52
2021,8,202108,강원,양구군,564,10
2021,8,202108,강원,양양군,1172,20
2021,8,202108,강원,영월군,1170,22
2021,8,202108,강원,원주시,15836,183
2021,8,202108,강원,인제군,858,19
2021,8,202108,강원,정선군,1147,17
2021,8,202108,강원,철원군,998,26
2021,8,202108,강원,춘천시,10672,154
2021,8,202108,강원,태백시,1291,16
2021,8,202108,강원,평창군,1800,21
2021,8,202108,강원,홍천군,2012,28
2021,8,202108,강원,화천군,598,11
2021,8,202108,강원,횡성군,1747,29
2021,8,202108,경기,가평군,2966,44
2021,8,202108,경기,고양시,65054,370
2021,8,202108,경기,과천시,5749,18
2021,8,202108,경기,광명시,10625,86
2021,8,202108,경기,광주시,22710,206
2021,8,202108,경기,구리시,8529,51
2021,8,202108,경기,군포시,9198,60
2021,8,202108,경기,김포시,32588,454
2021,8,202108,경기,남양주시,37170,392
2021,8,202108,경기,동두천시,2509,27
2021,8,202108,경기,부천시,28833,205
2021,8,202108,경기,성남시,72962,384
2021,8,202108,경기,수원시,68908,464
2021,8,202108,경기,시흥시,20140,194
2021,8,202108,경기,안산시,22592,201
2021,8,202108,경기,안성시,7668,100
2021,8,202108,경기,안양시,23849,122
2021,8,202108,경기,양주시,8871,132
2021,8,202108,경기,양평군,7813,103
2021,8,202108,경기,여주시,4545,74
2021,8,202108,경기,연천군,1480,23
2021,8,202108,경기,오산시,8969,115
2021,8,202108,경기,용인시,84694,573
2021,8,202108,경기,의왕시,8843,51
2021,8,202108,경기,의정부시,15634,117
2021,8,202108,경기,이천시,9913,157
2021,8,202108,경기,파주시,23147,241
2021,8,202108,경기,평택시,28529,312
2021,8,202108,경기,포천시,5987,75
2021,8,202108,경기,하남시,21988,137
2021,8,202108,경기,화성시,53691,585
2021,8,202108,경남,거제시,6789,76
2021,8,202108,경남,거창군,1701,23
2021,8,202108,경남,고성군,1172,14
2021,8,202108,경남,김해시,20054,187
2021,8,202108,경남,남해군,956,21
2021,8,202108,경남,밀양시,2925,26
2021,8,202108,경남,사천시,3113,29
2021,8,202108,경남,산청군,954,11
2021,8,202108,경남,양산시,12561,120
2021,8,202108,경남,의령군,655,13
2021,8,202108,경남,진주시,12685,123
2021,8,202108,경남,창녕군,1707,25
2021,8,202108,경남,창원시,72369,415
2021,8,202108,경남,통영시,3413,37
2021,8,202108,경남,하동군,1052,16
2021,8,202108,경남,함안군,3746,41
2021,8,202108,경남,함양군,871,11
2021,8,202108,경남,합천군,994,20
2021,8,202108,경북,경산시,10186,87
2021,8,202108,경북,경주시,8940,131
2021,8,202108,경북,고령군,1107,24
2021,8,202108,경북,구미시,13343,222
2021,8,202108,경북,군위군,737,14
2021,8,202108,경북,김천시,3808,88
2021,8,202108,경북,문경시,1705,29
2021,8,202108,경북,봉화군,564,11
2021,8,202108,경북,상주시,2187,48
2021,8,202108,경북,성주군,1594,27
2021,8,202108,경북,안동시,4762,92
2021,8,202108,경북,영덕군,853,16
2021,8,202108,경북,영양군,336,7
2021,8,202108,경북,영주시,2443,57
2021,8,202108,경북,영천시,3241,32
2021,8,202108,경북,예천군,1572,28
2021,8,202108,경북,울릉군,209,1
2021,8,202108,경북,울진군,1351,23
2021,8,202108,경북,의성군,1099,14
2021,8,202108,경북,청도군,1504,13
2021,8,202108,경북,청송군,581,13
2021,8,202108,경북,칠곡군,4075,64
2021,8,202108,경북,포항시,18427,227
2021,8,202108,광주,광산구,17727,215
2021,8,202108,광주,남구,11696,77
2021,8,202108,광주,동구,5953,25
2021,8,202108,광주,북구,17304,136
2021,8,202108,광주,서구,17642,114
2021,8,202108,대구,남구,6470,38
2021,8,202108,대구,달서구,41343,245
2021,8,202108,대구,달성군,10293,127
2021,8,202108,대구,동구,15906,172
2021,8,202108,대구,북구,17002,161
2021,8,202108,대구,서구,5192,31
2021,8,202108,대구,수성구,54179,160
2021,8,202108,대구,중구,26943,32
2021,8,202108,대전,대덕구,5414,66
2021,8,202108,대전,동구,6006,93
2021,8,202108,대전,서구,21085,215
2021,8,202108,대전,유성구,24532,230
2021,8,202108,대전,중구,8080,84
2021,8,202108,부산,강서구,9244,86
2021,8,202108,부산,금정구,9373,45
2021,8,202108,부산,기장군,8729,64
2021,8,202108,부산,남구,13871,62
2021,8,202108,부산,동구,22287,13
2021,8,202108,부산,동래구,11339,34
2021,8,202108,부산,부산진구,22490,54
2021,8,202108,부산,북구,7827,54
2021,8,202108,부산,사상구,5683,26
2021,8,202108,부산,사하구,7858,49
2021,8,202108,부산,서구,3356,4
2021,8,202108,부산,수영구,18478,37
2021,8,202108,부산,연제구,28367,48
2021,8,202108,부산,영도구,2432,11
2021,8,202108,부산,중구,18195,15
2021,8,202108,부산,해운대구,41091,129
2021,8,202108,서울,강남구,86729,254
2021,8,202108,서울,강동구,23156,105
2021,8,202108,서울,강북구,7210,33
2021,8,202108,서울,강서구,28342,113
2021,8,202108,서울,관악구,13527,57
2021,8,202108,서울,광진구,17184,68
2021,8,202108,서울,구로구,15288,60
2021,8,202108,서울,금천구,8828,43
2021,8,202108,서울,노원구,15963,89
2021,8,202108,서울,도봉구,8792,61
2021,8,202108,서울,동대문구,14484,59
2021,8,202108,서울,동작구,18185,40
2021,8,202108,서울,마포구,26227,90
2021,8,202108,서울,서대문구,15086,81
2021,8,202108,서울,서초구,60184,193
2021,8,202108,서울,성동구,25106,101
2021,8,202108,서울,성북구,18767,90
2021,8,202108,서울,송파구,54001,136
2021,8,202108,서울,양천구,24390,75
2021,8,202108,서울,영등포구,25485,79
2021,8,202108,서울,용산구,27931,80
2021,8,202108,서울,은평구,16161,59
2021,8,202108,서울,종로구,10999,76
2021,8,202108,서울,중구,21893,80
2021,8,202108,서울,중랑구,10842,71
2021,8,202108,세종,세종시,21460,289
2021,8,202108,울산,남구,12956,69
2021,8,202108,울산,동구,2773,50
2021,8,202108,울산,북구,5274,74
2021,8,202108,울산,울주군,7854,62
2021,8,202108,울산,중구,6058,53
2021,8,202108,인천,강화군,2842,44
2021,8,202108,인천,계양구,12590,67
2021,8,202108,인천,남동구,61645,204
2021,8,202108,인천,동구,1489,7
2021,8,202108,인천,미추홀구,22858,73
2021,8,202108,인천,부평구,34182,91
2021,8,202108,인천,서구,25961,196
2021,8,202108,인천,연수구,62110,174
2021,8,202108,인천,옹진군,646,10
2021,8,202108,인천,중구,7547,50
2021,8,202108,전남,강진군,860,10
2021,8,202108,전남,고흥군,1409,16
2021,8,202108,전남,곡성군,825,4
2021,8,202108,전남,광양시,4960,73
2021,8,202108,전남,구례군,617,12
2021,8,202108,전남,나주시,4882,67
2021,8,202108,전남,담양군,1829,21
2021,8,202108,전남,목포시,5844,70
2021,8,202108,전남,무안군,3279,49
2021,8,202108,전남,보성군,1273,11
2021,8,202108,전남,순천시,11350,125
2021,8,202108,전남,신안군,2249,23
2021,8,202108,전남,여수시,9557,78
2021,8,202108,전남,영광군,1851,19
2021,8,202108,전남,영암군,1529,23
2021,8,202108,전남,완도군,1411,11
2021,8,202108,전남,장성군,1615,35
2021,8,202108,전남,장흥군,927,10
2021,8,202108,전남,진도군,764,9
2021,8,202108,전남,함평군,2138,21
2021,8,202108,전남,해남군,2173,25
2021,8,202108,전남,화순군,2101,31
2021,8,202108,전북,고창군,1573,17
2021,8,202108,전북,군산시,9688,84
2021,8,202108,전북,김제시,2391,31
2021,8,202108,전북,남원시,1986,36
2021,8,202108,전북,무주군,683,12
2021,8,202108,전북,부안군,1419,17
2021,8,202108,전북,순창군,694,6
2021,8,202108,전북,완주군,3219,51
2021,8,202108,전북,익산시,8841,111
2021,8,202108,전북,임실군,597,14
2021,8,202108,전북,장수군,516,3
2021,8,202108,전북,전주시,40981,278
2021,8,202108,전북,정읍시,3002,39
2021,8,202108,전북,진안군,630,11
2021,8,202108,제주,서귀포시,7211,78
2021,8,202108,제주,제주시,32729,290
2021,8,202108,충남,계룡시,1717,29
2021,8,202108,충남,공주시,3468,52
2021,8,202108,충남,금산군,1575,19
2021,8,202108,충남,논산시,3026,41
2021,8,202108,충남,당진시,5605,105
2021,8,202108,충남,보령시,2891,48
2021,8,202108,충남,부여군,1525,25
2021,8,202108,충남,서산시,5951,101
2021,8,202108,충남,서천군,1185,19
2021,8,202108,충남,아산시,12839,237
2021,8,202108,충남,예산군,2192,43
2021,8,202108,충남,천안시,30275,433
2021,8,202108,충남,청양군,702,11
2021,8,202108,충남,태안군,1917,33
2021,8,202108,충남,홍성군,3033,49
2021,8,202108,충북,괴산군,1006,25
2021,8,202108,충북,단양군,662,15
2021,8,202108,충북,보은군,842,15
2021,8,202108,충북,영동군,1005,16
2021,8,202108,충북,옥천군,1391,17
2021,8,202108,충북,음성군,3223,53
2021,8,202108,충북,제천시,4028,48
2021,8,202108,충북,증평군,1036,18
2021,8,202108,충북,진천군,2921,64
2021,8,202108,충북,청주시,45301,437
2021,8,202108,충북,충주시,6713,120
2021,9,202109,강원,강릉시,8774,113
2021,9,202109,강원,고성군,842,18
2021,9,202109,강원,동해시,2339,75
2021,9,202109,강원,삼척시,1495,33
2021,9,202109,강원,속초시,2908,50
2021,9,202109,강원,양구군,566,10
2021,9,202109,강원,양양군,1198,23
2021,9,202109,강원,영월군,1169,23
2021,9,202109,강원,원주시,15983,183
2021,9,202109,강원,인제군,865,19
2021,9,202109,강원,정선군,1151,17
2021,9,202109,강원,철원군,1011,27
2021,9,202109,강원,춘천시,10825,153
2021,9,202109,강원,태백시,1300,16
2021,9,202109,강원,평창군,1811,21
2021,9,202109,강원,홍천군,2025,27
2021,9,202109,강원,화천군,601,11
2021,9,202109,강원,횡성군,1772,28
2021,9,202109,경기,가평군,2976,45
2021,9,202109,경기,고양시,65617,369
2021,9,202109,경기,과천시,5788,19
2021,9,202109,경기,광명시,10738,84
2021,9,202109,경기,광주시,22885,207
2021,9,202109,경기,구리시,8621,51
2021,9,202109,경기,군포시,9239,59
2021,9,202109,경기,김포시,32859,452
2021,9,202109,경기,남양주시,37551,387
2021,9,202109,경기,동두천시,2526,26
2021,9,202109,경기,부천시,28944,205
2021,9,202109,경기,성남시,73504,380
2021,9,202109,경기,수원시,69336,470
2021,9,202109,경기,시흥시,20338,193
2021,9,202109,경기,안산시,22652,204
2021,9,202109,경기,안성시,7753,103
2021,9,202109,경기,안양시,23976,121
2021,9,202109,경기,양주시,8962,142
2021,9,202109,경기,양평군,7889,106
2021,9,202109,경기,여주시,4583,73
2021,9,202109,경기,연천군,1484,22
2021,9,202109,경기,오산시,9050,115
2021,9,202109,경기,용인시,85322,581
2021,9,202109,경기,의왕시,8939,53
2021,9,202109,경기,의정부시,15737,118
2021,9,202109,경기,이천시,10043,163
2021,9,202109,경기,파주시,23430,241
2021,9,202109,경기,평택시,28927,317
2021,9,202109,경기,포천시,6028,75
2021,9,202109,경기,하남시,22313,136
2021,9,202109,경기,화성시,54249,587
2021,9,202109,경남,거제시,6850,76
2021,9,202109,경남,거창군,1729,22
2021,9,202109,경남,고성군,1175,14
2021,9,202109,경남,김해시,20155,184
2021,9,202109,경남,남해군,962,21
2021,9,202109,경남,밀양시,2955,27
2021,9,202109,경남,사천시,3170,29
2021,9,202109,경남,산청군,966,13
2021,9,202109,경남,양산시,12706,117
2021,9,202109,경남,의령군,653,13
2021,9,202109,경남,진주시,12802,121
2021,9,202109,경남,창녕군,1736,27
2021,9,202109,경남,창원시,72805,416
2021,9,202109,경남,통영시,3450,36
2021,9,202109,경남,하동군,1057,16
2021,9,202109,경남,함안군,3753,41
2021,9,202109,경남,함양군,877,11
2021,9,202109,경남,합천군,1016,19
2021,9,202109,경북,경산시,10302,87
2021,9,202109,경북,경주시,9012,129
2021,9,202109,경북,고령군,1108,24
2021,9,202109,경북,구미시,13435,224
2021,9,202109,경북,군위군,745,14
2021,9,202109,경북,김천시,3846,85
2021,9,202109,경북,문경시,1727,30
2021,9,202109,경북,봉화군,563,11
2021,9,202109,경북,상주시,2193,49
2021,9,202109,경북,성주군,1598,27
2021,9,202109,경북,안동시,4822,94
2021,9,202109,경북,영덕군,869,18
2021,9,202109,경북,영양군,342,7
2021,9,202109,경북,영주시,2462,58
2021,9,202109,경북,영천시,3281,35
2021,9,202109,경북,예천군,1582,30
2021,9,202109,경북,울릉군,209,1
2021,9,202109,경북,울진군,1367,22
2021,9,202109,경북,의성군,1108,14
2021,9,202109,경북,청도군,1517,12
2021,9,202109,경북,청송군,592,13
2021,9,202109,경북,칠곡군,4122,64
2021,9,202109,경북,포항시,18552,228
2021,9,202109,광주,광산구,17827,216
2021,9,202109,광주,남구,11794,74
2021,9,202109,광주,동구,6004,25
2021,9,202109,광주,북구,17432,137
2021,9,202109,광주,서구,17675,118
2021,9,202109,대구,남구,6539,37
2021,9,202109,대구,달서구,41650,243
2021,9,202109,대구,달성군,10422,125
2021,9,202109,대구,동구,15959,171
2021,9,202109,대구,북구,17133,163
2021,9,202109,대구,서구,5159,31
2021,9,202109,대구,수성구,54727,165
2021,9,202109,대구,중구,26790,31
2021,9,202109,대전,대덕구,5474,64
2021,9,202109,대전,동구,6024,94
2021,9,202109,대전,서구,21288,217
2021,9,202109,대전,유성구,24702,227
2021,9,202109,대전,중구,8155,84
2021,9,202109,부산,강서구,9344,84
2021,9,202109,부산,금정구,9453,45
2021,9,202109,부산,기장군,8788,69
2021,9,202109,부산,남구,13906,63
2021,9,202109,부산,동구,22568,13
2021,9,202109,부산,동래구,11408,35
2021,9,202109,부산,부산진구,20025,55
2021,9,202109,부산,북구,7863,54
2021,9,202109,부산,사상구,5703,26
2021,9,202109,부산,사하구,7910,51
2021,9,202109,부산,서구,3391,4
2021,9,202109,부산,수영구,18433,38
2021,9,202109,부산,연제구,28782,46
2021,9,202109,부산,영도구,2442,11
2021,9,202109,부산,중구,18365,15
2021,9,202109,부산,해운대구,41298,133
2021,9,202109,서울,강남구,87063,255
2021,9,202109,서울,강동구,23295,104
2021,9,202109,서울,강북구,7270,33
2021,9,202109,서울,강서구,28489,115
2021,9,202109,서울,관악구,13610,55
2021,9,202109,서울,광진구,17222,66
2021,9,202109,서울,구로구,15492,61
2021,9,202109,서울,금천구,8893,41
2021,9,202109,서울,노원구,16056,91
2021,9,202109,서울,도봉구,8898,60
2021,9,202109,서울,동대문구,14606,61
2021,9,202109,서울,동작구,18271,41
2021,9,202109,서울,마포구,26367,89
2021,9,202109,서울,서대문구,15193,78
2021,9,202109,서울,서초구,60366,194
2021,9,202109,서울,성동구,25194,100
2021,9,202109,서울,성북구,18882,89
2021,9,202109,서울,송파구,54361,135
2021,9,202109,서울,양천구,24534,75
2021,9,202109,서울,영등포구,25635,80
2021,9,202109,서울,용산구,27985,81
2021,9,202109,서울,은평구,16292,58
2021,9,202109,서울,종로구,11032,78
2021,9,202109,서울,중구,24346,80
2021,9,202109,서울,중랑구,10927,73
2021,9,202109,세종,세종시,21714,288
2021,9,202109,울산,남구,13037,71
2021,9,202109,울산,동구,2781,51
2021,9,202109,울산,북구,5298,74
2021,9,202109,울산,울주군,7907,63
2021,9,202109,울산,중구,6110,53
2021,9,202109,인천,강화군,2862,50
2021,9,202109,인천,계양구,12616,67
2021,9,202109,인천,남동구,60799,201
2021,9,202109,인천,동구,1484,7
2021,9,202109,인천,미추홀구,23113,69
2021,9,202109,인천,부평구,34638,94
2021,9,202109,인천,서구,26358,191
2021,9,202109,인천,연수구,62531,173
2021,9,202109,인천,옹진군,654,10
2021,9,202109,인천,중구,7642,49
2021,9,202109,전남,강진군,864,11
2021,9,202109,전남,고흥군,1409,16
2021,9,202109,전남,곡성군,834,4
2021,9,202109,전남,광양시,4985,72
2021,9,202109,전남,구례군,621,11
2021,9,202109,전남,나주시,4929,68
2021,9,202109,전남,담양군,1841,20
2021,9,202109,전남,목포시,5871,69
2021,9,202109,전남,무안군,3321,50
2021,9,202109,전남,보성군,1250,11
2021,9,202109,전남,순천시,11480,126
2021,9,202109,전남,신안군,2284,25
2021,9,202109,전남,여수시,9619,79
2021,9,202109,전남,영광군,1854,19
2021,9,202109,전남,영암군,1543,24
2021,9,202109,전남,완도군,1413,11
2021,9,202109,전남,장성군,1622,38
2021,9,202109,전남,장흥군,921,8
2021,9,202109,전남,진도군,763,9
2021,9,202109,전남,함평군,2137,20
2021,9,202109,전남,해남군,2263,26
2021,9,202109,전남,화순군,2126,29
2021,9,202109,전북,고창군,1584,18
2021,9,202109,전북,군산시,9766,85
2021,9,202109,전북,김제시,2391,32
2021,9,202109,전북,남원시,2002,34
2021,9,202109,전북,무주군,679,12
2021,9,202109,전북,부안군,1418,17
2021,9,202109,전북,순창군,710,6
2021,9,202109,전북,완주군,3246,49
2021,9,202109,전북,익산시,8918,110
2021,9,202109,전북,임실군,601,14
2021,9,202109,전북,장수군,525,2
2021,9,202109,전북,전주시,41020,278
2021,9,202109,전북,정읍시,3017,40
2021,9,202109,전북,진안군,627,10
2021,9,202109,제주,서귀포시,7301,76
2021,9,202109,제주,제주시,32831,299
2021,9,202109,충남,계룡시,1758,31
2021,9,202109,충남,공주시,3482,52
2021,9,202109,충남,금산군,1586,20
2021,9,202109,충남,논산시,3053,43
2021,9,202109,충남,당진시,5647,107
2021,9,202109,충남,보령시,2904,49
2021,9,202109,충남,부여군,1529,27
2021,9,202109,충남,서산시,6007,101
2021,9,202109,충남,서천군,1181,19
2021,9,202109,충남,아산시,12970,242
2021,9,202109,충남,예산군,2217,43
2021,9,202109,충남,천안시,30501,435
2021,9,202109,충남,청양군,709,11
2021,9,202109,충남,태안군,1946,31
2021,9,202109,충남,홍성군,3080,48
2021,9,202109,충북,괴산군,1018,25
2021,9,202109,충북,단양군,664,15
2021,9,202109,충북,보은군,838,14
2021,9,202109,충북,영동군,1003,16
2021,9,202109,충북,옥천군,1400,17
2021,9,202109,충북,음성군,3257,53
2021,9,202109,충북,제천시,4048,52
2021,9,202109,충북,증평군,1044,18
2021,9,202109,충북,진천군,2959,64
2021,9,202109,충북,청주시,45444,447
2021,9,202109,충북,충주시,6815,118
2021,10,202110,강원,강릉시,8867,116
2021,10,202110,강원,고성군,849,16
2021,10,202110,강원,동해시,2348,76
2021,10,202110,강원,삼척시,1511,34
2021,10,202110,강원,속초시,2955,48
2021,10,202110,강원,양구군,571,10
2021,10,202110,강원,양양군,1212,23
2021,10,202110,강원,영월군,1186,24
2021,10,202110,강원,원주시,16140,188
2021,10,202110,강원,인제군,891,18
2021,10,202110,강원,정선군,1148,17
2021,10,202110,강원,철원군,1016,29
2021,10,202110,강원,춘천시,10923,162
2021,10,202110,강원,태백시,1300,16
2021,10,202110,강원,평창군,1824,23
2021,10,202110,강원,홍천군,2042,29
2021,10,202110,강원,화천군,607,11
2021,10,202110,강원,횡성군,1808,27
2021,10,202110,경기,가평군,2971,45
2021,10,202110,경기,고양시,66014,377
2021,10,202110,경기,과천시,5808,19
2021,10,202110,경기,광명시,10775,85
2021,10,202110,경기,광주시,23090,206
2021,10,202110,경기,구리시,8696,51
2021,10,202110,경기,군포시,9283,57
2021,10,202110,경기,김포시,33013,449
2021,10,202110,경기,남양주시,37863,388
2021,10,202110,경기,동두천시,2550,25
2021,10,202110,경기,부천시,29202,202
2021,10,202110,경기,성남시,73897,382
2021,10,202110,경기,수원시,69735,478
2021,10,202110,경기,시흥시,20544,189
2021,10,202110,경기,안산시,22744,203
2021,10,202110,경기,안성시,7769,100
2021,10,202110,경기,안양시,24129,124
2021,10,202110,경기,양주시,9046,143
2021,10,202110,경기,양평군,7991,106
2021,10,202110,경기,여주시,4633,71
2021,10,202110,경기,연천군,1498,23
2021,10,202110,경기,오산시,9086,119
2021,10,202110,경기,용인시,85791,588
2021,10,202110,경기,의왕시,9016,52
2021,10,202110,경기,의정부시,15863,121
2021,10,202110,경기,이천시,10141,162
2021,10,202110,경기,파주시,23681,236
2021,10,202110,경기,평택시,29354,321
2021,10,202110,경기,포천시,6080,75
2021,10,202110,경기,하남시,22630,135
2021,10,202110,경기,화성시,54791,590
2021,10,202110,경남,거제시,6871,73
2021,10,202110,경남,거창군,1735,22
2021,10,202110,경남,고성군,1175,13
2021,10,202110,경남,김해시,20279,186
2021,10,202110,경남,남해군,979,20
2021,10,202110,경남,밀양시,2987,26
2021,10,202110,경남,사천시,3187,29
2021,10,202110,경남,산청군,969,13
2021,10,202110,경남,양산시,12845,117
2021,10,202110,경남,의령군,666,11
2021,10,202110,경남,진주시,12933,127
2021,10,202110,경남,창녕군,1755,29
2021,10,202110,경남,창원시,73215,407
2021,10,202110,경남,통영시,3468,36
2021,10,202110,경남,하동군,1060,17
2021,10,202110,경남,함안군,3798,45
2021,10,202110,경남,함양군,878,11
2021,10,202110,경남,합천군,1026,19
2021,10,202110,경북,경산시,10397,82
2021,10,202110,경북,경주시,9061,129
2021,10,202110,경북,고령군,1121,24
2021,10,202110,경북,구미시,13550,220
2021,10,202110,경북,군위군,754,15
2021,10,202110,경북,김천시,3887,87
2021,10,202110,경북,문경시,1742,30
2021,10,202110,경북,봉화군,566,11
2021,10,202110,경북,상주시,2212,50
2021,10,202110,경북,성주군,1609,29
2021,10,202110,경북,안동시,4855,95
2021,10,202110,경북,영덕군,869,19
2021,10,202110,경북,영양군,345,7
2021,10,202110,경북,영주시,2470,60
2021,10,202110,경북,영천시,3312,37
2021,10,202110,경북,예천군,1591,30
2021,10,202110,경북,울릉군,209,1
2021,10,202110,경북,울진군,1379,22
2021,10,202110,경북,의성군,1125,13
2021,10,202110,경북,청도군,1516,12
2021,10,202110,경북,청송군,596,13
2021,10,202110,경북,칠곡군,4160,62
2021,10,202110,경북,포항시,18661,235
2021,10,202110,광주,광산구,17932,214
2021,10,202110,광주,남구,11919,76
2021,10,202110,광주,동구,6029,24
2021,10,202110,광주,북구,17536,136
2021,10,202110,광주,서구,17761,120
2021,10,202110,대구,남구,6589,40
2021,10,202110,대구,달서구,41836,239
2021,10,202110,대구,달성군,10516,131
2021,10,202110,대구,동구,16107,171
2021,10,202110,대구,북구,17215,163
2021,10,202110,대구,서구,5138,34
2021,10,202110,대구,수성구,55008,164
2021,10,202110,대구,중구,26715,33
2021,10,202110,대전,대덕구,5515,65
2021,10,202110,대전,동구,6054,94
2021,10,202110,대전,서구,21360,216
2021,10,202110,대전,유성구,24800,226
2021,10,202110,대전,중구,8208,85
2021,10,202110,부산,강서구,9416,85
2021,10,202110,부산,금정구,9520,45
2021,10,202110,부산,기장군,8852,73
2021,10,202110,부산,남구,14020,59
2021,10,202110,부산,동구,22882,14
2021,10,202110,부산,동래구,11418,35
2021,10,202110,부산,부산진구,20159,58
2021,10,202110,부산,북구,7914,52
2021,10,202110,부산,사상구,5741,27
2021,10,202110,부산,사하구,7922,51
2021,10,202110,부산,서구,3419,4
2021,10,202110,부산,수영구,18333,37
2021,10,202110,부산,연제구,29165,45
2021,10,202110,부산,영도구,2452,11
2021,10,202110,부산,중구,18457,15
2021,10,202110,부산,해운대구,41289,135
2021,10,202110,서울,강남구,87399,254
2021,10,202110,서울,강동구,23410,102
2021,10,202110,서울,강북구,7297,33
2021,10,202110,서울,강서구,28569,113
2021,10,202110,서울,관악구,13663,54
2021,10,202110,서울,광진구,17276,67
2021,10,202110,서울,구로구,15590,61
2021,10,202110,서울,금천구,8925,40
2021,10,202110,서울,노원구,16163,90
2021,10,202110,서울,도봉구,8952,62
2021,10,202110,서울,동대문구,14700,61
2021,10,202110,서울,동작구,18370,44
2021,10,202110,서울,마포구,26492,90
2021,10,202110,서울,서대문구,15276,78
2021,10,202110,서울,서초구,60458,193
2021,10,202110,서울,성동구,25245,101
2021,10,202110,서울,성북구,18974,90
2021,10,202110,서울,송파구,54613,141
2021,10,202110,서울,양천구,24613,75
2021,10,202110,서울,영등포구,25678,80
2021,10,202110,서울,용산구,28189,79
2021,10,202110,서울,은평구,16432,57
2021,10,202110,서울,종로구,11067,79
2021,10,202110,서울,중구,24067,82
2021,10,202110,서울,중랑구,10991,71
2021,10,202110,세종,세종시,22007,289
2021,10,202110,울산,남구,13147,69
2021,10,202110,울산,동구,2807,50
2021,10,202110,울산,북구,5342,75
2021,10,202110,울산,울주군,7957,63
2021,10,202110,울산,중구,6130,55
2021,10,202110,인천,강화군,2888,51
2021,10,202110,인천,계양구,12612,71
2021,10,202110,인천,남동구,59136,200
2021,10,202110,인천,동구,1478,7
2021,10,202110,인천,미추홀구,23309,69
2021,10,202110,인천,부평구,35075,92
2021,10,202110,인천,서구,26822,195
2021,10,202110,인천,연수구,62815,176
2021,10,202110,인천,옹진군,652,10
2021,10,202110,인천,중구,7765,50
2021,10,202110,전남,강진군,865,11
2021,10,202110,전남,고흥군,1431,15
2021,10,202110,전남,곡성군,840,4
2021,10,202110,전남,광양시,5017,72
2021,10,202110,전남,구례군,626,11
2021,10,202110,전남,나주시,4987,67
2021,10,202110,전남,담양군,1854,20
2021,10,202110,전남,목포시,5911,71
2021,10,202110,전남,무안군,3357,52
2021,10,202110,전남,보성군,1230,12
2021,10,202110,전남,순천시,11535,127
2021,10,202110,전남,신안군,2385,24
2021,10,202110,전남,여수시,9661,79
2021,10,202110,전남,영광군,1866,19
2021,10,202110,전남,영암군,1556,26
2021,10,202110,전남,완도군,1417,11
2021,10,202110,전남,장성군,1644,40
2021,10,202110,전남,장흥군,933,10
2021,10,202110,전남,진도군,774,8
2021,10,202110,전남,함평군,2120,20
2021,10,202110,전남,해남군,2277,24
2021,10,202110,전남,화순군,2167,30
2021,10,202110,전북,고창군,1596,18
2021,10,202110,전북,군산시,9789,87
2021,10,202110,전북,김제시,2407,32
2021,10,202110,전북,남원시,2020,36
2021,10,202110,전북,무주군,683,13
2021,10,202110,전북,부안군,1421,16
2021,10,202110,전북,순창군,721,7
2021,10,202110,전북,완주군,3286,50
2021,10,202110,전북,익산시,8976,114
2021,10,202110,전북,임실군,612,13
2021,10,202110,전북,장수군,525,2
2021,10,202110,전북,전주시,41053,276
2021,10,202110,전북,정읍시,3046,38
2021,10,202110,전북,진안군,630,11
2021,10,202110,제주,서귀포시,7361,81
2021,10,202110,제주,제주시,33006,298
2021,10,202110,충남,계룡시,1760,32
2021,10,202110,충남,공주시,3513,53
2021,10,202110,충남,금산군,1601,20
2021,10,202110,충남,논산시,3075,45
2021,10,202110,충남,당진시,5689,106
2021,10,202110,충남,보령시,2919,48
2021,10,202110,충남,부여군,1535,26
2021,10,202110,충남,서산시,6053,101
2021,10,202110,충남,서천군,1183,19
2021,10,202110,충남,아산시,13131,242
2021,10,202110,충남,예산군,2252,42
2021,10,202110,충남,천안시,30766,426
2021,10,202110,충남,청양군,719,12
2021,10,202110,충남,태안군,1960,31
2021,10,202110,충남,홍성군,3098,48
2021,10,202110,충북,괴산군,1029,26
2021,10,202110,충북,단양군,664,15
2021,10,202110,충북,보은군,844,14
2021,10,202110,충북,영동군,1011,16
2021,10,202110,충북,옥천군,1401,17
2021,10,202110,충북,음성군,3280,53
2021,10,202110,충북,제천시,4074,52
2021,10,202110,충북,증평군,1053,18
2021,10,202110,충북,진천군,2993,63
2021,10,202110,충북,청주시,45571,449
2021,10,202110,충북,충주시,6883,114
2021,11,202111,강원,강릉시,8946,115
2021,11,202111,강원,고성군,874,19
2021,11,202111,강원,동해시,2371,78
2021,11,202111,강원,삼척시,1524,35
2021,11,202111,강원,속초시,2981,52
2021,11,202111,강원,양구군,564,10
2021,11,202111,강원,양양군,1222,21
2021,11,202111,강원,영월군,1184,24
2021,11,202111,강원,원주시,16335,193
2021,11,202111,강원,인제군,902,18
2021,11,202111,강원,정선군,1168,15
2021,11,202111,강원,철원군,1021,29
2021,11,202111,강원,춘천시,11019,166
2021,11,202111,강원,태백시,1307,17
2021,11,202111,강원,평창군,1831,22
2021,11,202111,강원,홍천군,2057,27
2021,11,202111,강원,화천군,602,11
2021,11,202111,강원,횡성군,1816,27
2021,11,202111,경기,가평군,2980,44
2021,11,202111,경기,고양시,66417,385
2021,11,202111,경기,과천시,5965,18
2021,11,202111,경기,광명시,10861,112
2021,11,202111,경기,광주시,23300,208
2021,11,202111,경기,구리시,8732,51
2021,11,202111,경기,군포시,9335,59
2021,11,202111,경기,김포시,33230,455
2021,11,202111,경기,남양주시,38231,387
2021,11,202111,경기,동두천시,2560,26
2021,11,202111,경기,부천시,29376,202
2021,11,202111,경기,성남시,74393,390
2021,11,202111,경기,수원시,69868,478
2021,11,202111,경기,시흥시,20713,181
2021,11,202111,경기,안산시,22947,212
2021,11,202111,경기,안성시,7854,98
2021,11,202111,경기,안양시,24266,122
2021,11,202111,경기,양주시,9103,144
2021,11,202111,경기,양평군,8082,103
2021,11,202111,경기,여주시,4658,74
2021,11,202111,경기,연천군,1504,24
2021,11,202111,경기,오산시,9160,117
2021,11,202111,경기,용인시,86183,595
2021,11,202111,경기,의왕시,9090,53
2021,11,202111,경기,의정부시,15981,123
2021,11,202111,경기,이천시,10176,161
2021,11,202111,경기,파주시,23972,234
2021,11,202111,경기,평택시,29799,327
2021,11,202111,경기,포천시,6155,76
2021,11,202111,경기,하남시,22991,133
2021,11,202111,경기,화성시,55388,587
2021,11,202111,경남,거제시,6882,73
2021,11,202111,경남,거창군,1752,22
2021,11,202111,경남,고성군,1184,14
2021,11,202111,경남,김해시,20407,187
2021,11,202111,경남,남해군,980,22
2021,11,202111,경남,밀양시,3006,26
2021,11,202111,경남,사천시,3217,28
2021,11,202111,경남,산청군,980,13
2021,11,202111,경남,양산시,12950,118
2021,11,202111,경남,의령군,677,10
2021,11,202111,경남,진주시,13029,129
2021,11,202111,경남,창녕군,1784,32
2021,11,202111,경남,창원시,73835,405
2021,11,202111,경남,통영시,3485,36
2021,11,202111,경남,하동군,1072,16
2021,11,202111,경남,함안군,4087,47
2021,11,202111,경남,함양군,881,11
2021,11,202111,경남,합천군,1038,20
2021,11,202111,경북,경산시,10469,81
2021,11,202111,경북,경주시,9145,129
2021,11,202111,경북,고령군,1123,24
2021,11,202111,경북,구미시,13644,223
2021,11,202111,경북,군위군,762,15
2021,11,202111,경북,김천시,3920,88
2021,11,202111,경북,문경시,1770,29
2021,11,202111,경북,봉화군,592,11
2021,11,202111,경북,상주시,2234,54
2021,11,202111,경북,성주군,1625,29
2021,11,202111,경북,안동시,4901,96
2021,11,202111,경북,영덕군,880,17
2021,11,202111,경북,영양군,345,7
2021,11,202111,경북,영주시,2507,60
2021,11,202111,경북,영천시,3347,39
2021,11,202111,경북,예천군,1610,30
2021,11,202111,경북,울릉군,209,1
2021,11,202111,경북,울진군,1391,22
2021,11,202111,경북,의성군,1131,13
2021,11,202111,경북,청도군,1529,13
2021,11,202111,경북,청송군,604,14
2021,11,202111,경북,칠곡군,4217,63
2021,11,202111,경북,포항시,18789,239
2021,11,202111,광주,광산구,17945,216
2021,11,202111,광주,남구,11980,79
2021,11,202111,광주,동구,6061,24
2021,11,202111,광주,북구,17575,136
2021,11,202111,광주,서구,17891,121
2021,11,202111,대구,남구,6633,41
2021,11,202111,대구,달서구,42047,237
2021,11,202111,대구,달성군,10594,133
2021,11,202111,대구,동구,16202,170
2021,11,202111,대구,북구,17335,163
2021,11,202111,대구,서구,5126,33
2021,11,202111,대구,수성구,55117,166
2021,11,202111,대구,중구,26559,32
2021,11,202111,대전,대덕구,5529,69
2021,11,202111,대전,동구,6095,93
2021,11,202111,대전,서구,21520,214
2021,11,202111,대전,유성구,24996,227
2021,11,202111,대전,중구,8227,82
2021,11,202111,부산,강서구,9537,85
2021,11,202111,부산,금정구,9582,45
2021,11,202111,부산,기장군,8921,74
2021,11,202111,부산,남구,14065,59
2021,11,202111,부산,동구,22923,15
2021,11,202111,부산,동래구,11473,35
2021,11,202111,부산,부산진구,20297,61
2021,11,202111,부산,북구,7965,53
2021,11,202111,부산,사상구,5739,26
2021,11,202111,부산,사하구,7993,52
2021,11,202111,부산,서구,3421,5
2021,11,202111,부산,수영구,18296,36
2021,11,202111,부산,연제구,29329,46
2021,11,202111,부산,영도구,2459,11
2021,11,202111,부산,중구,18483,15
2021,11,202111,부산,해운대구,41356,143
2021,11,202111,서울,강남구,87945,257
2021,11,202111,서울,강동구,23538,105
2021,11,202111,서울,강북구,7356,37
2021,11,202111,서울,강서구,28676,115
2021,11,202111,서울,관악구,13763,57
2021,11,202111,서울,광진구,17346,64
2021,11,202111,서울,구로구,15883,61
2021,11,202111,서울,금천구,9027,40
2021,11,202111,서울,노원구,16297,92
2021,11,202111,서울,도봉구,8963,61
2021,11,202111,서울,동대문구,14771,60
2021,11,202111,서울,동작구,18497,46
2021,11,202111,서울,마포구,26602,93
2021,11,202111,서울,서대문구,15333,78
2021,11,202111,서울,서초구,60561,193
2021,11,202111,서울,성동구,25261,98
2021,11,202111,서울,성북구,19056,92
2021,11,202111,서울,송파구,54859,143
2021,11,202111,서울,양천구,24771,72
2021,11,202111,서울,영등포구,25742,82
2021,11,202111,서울,용산구,28371,78
2021,11,202111,서울,은평구,16593,57
2021,11,202111,서울,종로구,11121,80
2021,11,202111,서울,중구,23669,80
2021,11,202111,서울,중랑구,11036,75
2021,11,202111,세종,세종시,22272,296
2021,11,202111,울산,남구,13203,68
2021,11,202111,울산,동구,2848,47
2021,11,202111,울산,북구,5380,74
2021,11,202111,울산,울주군,7966,65
2021,11,202111,울산,중구,6189,54
2021,11,202111,인천,강화군,2876,53
2021,11,202111,인천,계양구,12617,70
2021,11,202111,인천,남동구,52489,198
2021,11,202111,인천,동구,1479,8
2021,11,202111,인천,미추홀구,23515,70
2021,11,202111,인천,부평구,35433,94
2021,11,202111,인천,서구,33490,196
2021,11,202111,인천,연수구,63107,178
2021,11,202111,인천,옹진군,660,11
2021,11,202111,인천,중구,7831,47
2021,11,202111,전남,강진군,870,11
2021,11,202111,전남,고흥군,1447,15
2021,11,202111,전남,곡성군,839,5
2021,11,202111,전남,광양시,5092,75
2021,11,202111,전남,구례군,640,11
2021,11,202111,전남,나주시,5057,67
2021,11,202111,전남,담양군,1870,20
2021,11,202111,전남,목포시,5954,71
2021,11,202111,전남,무안군,3411,51
2021,11,202111,전남,보성군,1201,12
2021,11,202111,전남,순천시,11612,124
2021,11,202111,전남,신안군,2401,25
2021,11,202111,전남,여수시,9721,78
2021,11,202111,전남,영광군,1880,19
2021,11,202111,전남,영암군,1572,26
2021,11,202111,전남,완도군,1437,12
2021,11,202111,전남,장성군,1649,39
2021,11,202111,전남,장흥군,939,10
2021,11,202111,전남,진도군,774,8
2021,11,202111,전남,함평군,2112,20
2021,11,202111,전남,해남군,2298,23
2021,11,202111,전남,화순군,2200,30
2021,11,202111,전북,고창군,1603,17
2021,11,202111,전북,군산시,9857,87
2021,11,202111,전북,김제시,2432,31
2021,11,202111,전북,남원시,2033,35
2021,11,202111,전북,무주군,695,13
2021,11,202111,전북,부안군,1430,16
2021,11,202111,전북,순창군,723,8
2021,11,202111,전북,완주군,3313,49
2021,11,202111,전북,익산시,9022,116
2021,11,202111,전북,임실군,616,11
2021,11,202111,전북,장수군,529,2
2021,11,202111,전북,전주시,41041,280
2021,11,202111,전북,정읍시,3059,38
2021,11,202111,전북,진안군,640,11
2021,11,202111,제주,서귀포시,7432,86
2021,11,202111,제주,제주시,33053,302
2021,11,202111,충남,계룡시,1762,30
2021,11,202111,충남,공주시,3531,56
2021,11,202111,충남,금산군,1611,20
2021,11,202111,충남,논산시,3089,47
2021,11,202111,충남,당진시,5726,106
2021,11,202111,충남,보령시,2949,47
2021,11,202111,충남,부여군,1534,27
2021,11,202111,충남,서산시,6083,104
2021,11,202111,충남,서천군,1196,18
2021,11,202111,충남,아산시,13279,241
2021,11,202111,충남,예산군,2271,42
2021,11,202111,충남,천안시,30931,419
2021,11,202111,충남,청양군,728,11
2021,11,202111,충남,태안군,1968,31
2021,11,202111,충남,홍성군,3134,48
2021,11,202111,충북,괴산군,1028,26
2021,11,202111,충북,단양군,670,15
2021,11,202111,충북,보은군,845,13
2021,11,202111,충북,영동군,1030,15
2021,11,202111,충북,옥천군,1411,17
2021,11,202111,충북,음성군,3336,53
2021,11,202111,충북,제천시,4076,51
2021,11,202111,충북,증평군,1045,17
2021,11,202111,충북,진천군,3030,63
2021,11,202111,충북,청주시,45697,451
2021,11,202111,충북,충주시,6984,114
2021,12,202112,강원,강릉시,9015,114
2021,12,202112,강원,고성군,887,20
2021,12,202112,강원,동해시,2369,79
2021,12,202112,강원,삼척시,1536,39
2021,12,202112,강원,속초시,3014,52
2021,12,202112,강원,양구군,552,10
2021,12,202112,강원,양양군,1227,20
2021,12,202112,강원,영월군,1190,26
2021,12,202112,강원,원주시,16459,191
2021,12,202112,강원,인제군,908,18
2021,12,202112,강원,정선군,1177,15
2021,12,202112,강원,철원군,1018,29
2021,12,202112,강원,춘천시,11107,167
2021,12,202112,강원,태백시,1313,18
2021,12,202112,강원,평창군,1854,21
2021,12,202112,강원,홍천군,2064,27
2021,12,202112,강원,화천군,600,11
2021,12,202112,강원,횡성군,1823,25
2021,12,202112,경기,가평군,2996,43
2021,12,202112,경기,고양시,66748,405
2021,12,202112,경기,과천시,6186,20
2021,12,202112,경기,광명시,10912,108
2021,12,202112,경기,광주시,23401,210
2021,12,202112,경기,구리시,8791,53
2021,12,202112,경기,군포시,9357,66
2021,12,202112,경기,김포시,33556,476
2021,12,202112,경기,남양주시,38632,394
2021,12,202112,경기,동두천시,2589,25
2021,12,202112,경기,부천시,29561,205
2021,12,202112,경기,성남시,74858,421
2021,12,202112,경기,수원시,70744,478
2021,12,202112,경기,시흥시,20944,178
2021,12,202112,경기,안산시,23160,211
2021,12,202112,경기,안성시,7948,95
2021,12,202112,경기,안양시,24446,131
2021,12,202112,경기,양주시,9232,146
2021,12,202112,경기,양평군,8122,105
2021,12,202112,경기,여주시,4685,76
2021,12,202112,경기,연천군,1525,28
2021,12,202112,경기,오산시,9197,118
2021,12,202112,경기,용인시,86741,619
2021,12,202112,경기,의왕시,9171,53
2021,12,202112,경기,의정부시,16014,121
2021,12,202112,경기,이천시,10246,160
2021,12,202112,경기,파주시,24222,256
2021,12,202112,경기,평택시,30174,326
2021,12,202112,경기,포천시,6204,76
2021,12,202112,경기,하남시,23248,136
2021,12,202112,경기,화성시,55925,612
2021,12,202112,경남,거제시,6949,73
2021,12,202112,경남,거창군,1752,24
2021,12,202112,경남,고성군,1189,14
2021,12,202112,경남,김해시,20551,185
2021,12,202112,경남,남해군,981,23
2021,12,202112,경남,밀양시,3035,27
2021,12,202112,경남,사천시,3219,26
2021,12,202112,경남,산청군,1006,14
2021,12,202112,경남,양산시,13094,119
2021,12,202112,경남,의령군,689,10
2021,12,202112,경남,진주시,13060,127
2021,12,202112,경남,창녕군,1804,33
2021,12,202112,경남,창원시,74397,409
2021,12,202112,경남,통영시,3497,36
2021,12,202112,경남,하동군,1085,16
2021,12,202112,경남,함안군,4170,49
2021,12,202112,경남,함양군,886,11
2021,12,202112,경남,합천군,1054,20
2021,12,202112,경북,경산시,10517,83
2021,12,202112,경북,경주시,9226,128
2021,12,202112,경북,고령군,1136,25
2021,12,202112,경북,구미시,13706,226
2021,12,202112,경북,군위군,776,15
2021,12,202112,경북,김천시,3951,91
2021,12,202112,경북,문경시,1772,30
2021,12,202112,경북,봉화군,594,11
2021,12,202112,경북,상주시,2246,56
2021,12,202112,경북,성주군,1652,30
2021,12,202112,경북,안동시,4934,96
2021,12,202112,경북,영덕군,888,16
2021,12,202112,경북,영양군,360,7
2021,12,202112,경북,영주시,2536,61
2021,12,202112,경북,영천시,3358,37
2021,12,202112,경북,예천군,1616,31
2021,12,202112,경북,울릉군,210,1
2021,12,202112,경북,울진군,1404,22
2021,12,202112,경북,의성군,1132,12
2021,12,202112,경북,청도군,1560,15
2021,12,202112,경북,청송군,614,15
2021,12,202112,경북,칠곡군,4237,61
2021,12,202112,경북,포항시,18920,238
2021,12,202112,광주,광산구,18031,219
2021,12,202112,광주,남구,12056,78
2021,12,202112,광주,동구,6111,25
2021,12,202112,광주,북구,17640,135
2021,12,202112,광주,서구,18046,123
2021,12,202112,대구,남구,6649,44
2021,12,202112,대구,달서구,42387,234
2021,12,202112,대구,달성군,10611,132
2021,12,202112,대구,동구,16378,173
2021,12,202112,대구,북구,17547,161
2021,12,202112,대구,서구,5182,31
2021,12,202112,대구,수성구,55357,164
2021,12,202112,대구,중구,26334,32
2021,12,202112,대전,대덕구,5602,69
2021,12,202112,대전,동구,6123,91
2021,12,202112,대전,서구,21604,217
2021,12,202112,대전,유성구,25178,232
2021,12,202112,대전,중구,8233,86
2021,12,202112,부산,강서구,9588,87
2021,12,202112,부산,금정구,9624,46
2021,12,202112,부산,기장군,8954,74
2021,12,202112,부산,남구,14137,58
2021,12,202112,부산,동구,23744,17
2021,12,202112,부산,동래구,11561,35
2021,12,202112,부산,부산진구,20488,62
2021,12,202112,부산,북구,7980,53
2021,12,202112,부산,사상구,5761,25
2021,12,202112,부산,사하구,8039,51
2021,12,202112,부산,서구,3436,5
2021,12,202112,부산,수영구,18213,36
2021,12,202112,부산,연제구,29695,49
2021,12,202112,부산,영도구,2482,11
2021,12,202112,부산,중구,18667,15
2021,12,202112,부산,해운대구,41389,146
2021,12,202112,서울,강남구,88034,257
2021,12,202112,서울,강동구,23573,100
2021,12,202112,서울,강북구,7396,48
2021,12,202112,서울,강서구,29033,125
2021,12,202112,서울,관악구,13735,59
2021,12,202112,서울,광진구,17359,66
2021,12,202112,서울,구로구,15979,61
2021,12,202112,서울,금천구,9027,37
2021,12,202112,서울,노원구,16427,94
2021,12,202112,서울,도봉구,9010,63
2021,12,202112,서울,동대문구,14892,62
2021,12,202112,서울,동작구,18571,50
2021,12,202112,서울,마포구,26737,93
2021,12,202112,서울,서대문구,15356,87
2021,12,202112,서울,서초구,60688,190
2021,12,202112,서울,성동구,25352,95
2021,12,202112,서울,성북구,19122,96
2021,12,202112,서울,송파구,55010,147
2021,12,202112,서울,양천구,24884,73
2021,12,202112,서울,영등포구,25879,82
2021,12,202112,서울,용산구,28454,82
2021,12,202112,서울,은평구,16724,58
2021,12,202112,서울,종로구,11145,81
2021,12,202112,서울,중구,23221,80
2021,12,202112,서울,중랑구,11114,76
2021,12,202112,세종,세종시,22563,302
2021,12,202112,울산,남구,13281,71
2021,12,202112,울산,동구,2872,44
2021,12,202112,울산,북구,5440,76
2021,12,202112,울산,울주군,7994,66
2021,12,202112,울산,중구,6238,53
2021,12,202112,인천,강화군,2905,53
2021,12,202112,인천,계양구,12575,71
2021,12,202112,인천,남동구,54478,201
2021,12,202112,인천,동구,1484,8
2021,12,202112,인천,미추홀구,23686,69
2021,12,202112,인천,부평구,36068,97
2021,12,202112,인천,서구,34060,199
2021,12,202112,인천,연수구,63339,189
2021,12,202112,인천,옹진군,663,11
2021,12,202112,인천,중구,7920,46
2021,12,202112,전남,강진군,867,12
2021,12,202112,전남,고흥군,1458,15
2021,12,202112,전남,곡성군,852,5
2021,12,202112,전남,광양시,5159,72
2021,12,202112,전남,구례군,650,11
2021,12,202112,전남,나주시,5087,68
2021,12,202112,전남,담양군,1886,21
2021,12,202112,전남,목포시,5979,71
2021,12,202112,전남,무안군,3448,52
2021,12,202112,전남,보성군,1179,13
2021,12,202112,전남,순천시,11711,126
2021,12,202112,전남,신안군,2418,25
2021,12,202112,전남,여수시,9802,78
2021,12,202112,전남,영광군,1892,18
2021,12,202112,전남,영암군,1556,26
2021,12,202112,전남,완도군,1432,12
2021,12,202112,전남,장성군,1650,39
2021,12,202112,전남,장흥군,946,11
2021,12,202112,전남,진도군,787,8
2021,12,202112,전남,함평군,2121,20
2021,12,202112,전남,해남군,2377,26
2021,12,202112,전남,화순군,2203,30
2021,12,202112,전북,고창군,1602,17
2021,12,202112,전북,군산시,9906,86
2021,12,202112,전북,김제시,2456,31
2021,12,202112,전북,남원시,2040,34
2021,12,202112,전북,무주군,704,13
2021,12,202112,전북,부안군,1427,15
2021,12,202112,전북,순창군,727,8
2021,12,202112,전북,완주군,3338,47
2021,12,202112,전북,익산시,9071,117
2021,12,202112,전북,임실군,624,12
2021,12,202112,전북,장수군,531,2
2021,12,202112,전북,전주시,41046,286
2021,12,202112,전북,정읍시,3055,39
2021,12,202112,전북,진안군,648,10
2021,12,202112,제주,서귀포시,7501,91
2021,12,202112,제주,제주시,33171,313
2021,12,202112,충남,계룡시,1779,29
2021,12,202112,충남,공주시,3569,55
2021,12,202112,충남,금산군,1627,22
2021,12,202112,충남,논산시,3121,49
2021,12,202112,충남,당진시,5762,103
2021,12,202112,충남,보령시,2950,45
2021,12,202112,충남,부여군,1542,26
2021,12,202112,충남,서산시,6114,104
2021,12,202112,충남,서천군,1211,18
2021,12,202112,충남,아산시,13320,239
2021,12,202112,충남,예산군,2306,44
2021,12,202112,충남,천안시,31116,424
2021,12,202112,충남,청양군,738,12
2021,12,202112,충남,태안군,1992,30
2021,12,202112,충남,홍성군,3155,52
2021,12,202112,충북,괴산군,1072,28
2021,12,202112,충북,단양군,676,16
2021,12,202112,충북,보은군,852,13
2021,12,202112,충북,영동군,1034,15
2021,12,202112,충북,옥천군,1423,17
2021,12,202112,충북,음성군,3332,56
2021,12,202112,충북,제천시,4073,51
2021,12,202112,충북,증평군,1069,17
2021,12,202112,충북,진천군,3053,63
2021,12,202112,충북,청주시,45743,453
2021,12,202112,충북,충주시,7019,114
2022,1,202201,강원,강릉시,9031,116
2022,1,202201,강원,고성군,894,20
2022,1,202201,강원,동해시,2378,80
2022,1,202201,강원,삼척시,1555,39
2022,1,202201,강원,속초시,3019,51
2022,1,202201,강원,양구군,561,10
2022,1,202201,강원,양양군,1228,21
2022,1,202201,강원,영월군,1196,26
2022,1,202201,강원,원주시,16550,192
2022,1,202201,강원,인제군,914,16
2022,1,202201,강원,정선군,1173,15
2022,1,202201,강원,철원군,1012,29
2022,1,202201,강원,춘천시,11202,166
2022,1,202201,강원,태백시,1303,17
2022,1,202201,강원,평창군,1885,25
2022,1,202201,강원,홍천군,2085,26
2022,1,202201,강원,화천군,603,11
2022,1,202201,강원,횡성군,1828,26
2022,1,202201,경기,가평군,3030,46
2022,1,202201,경기,고양시,66980,411
2022,1,202201,경기,과천시,6471,21
2022,1,202201,경기,광명시,10962,111
2022,1,202201,경기,광주시,23486,212
2022,1,202201,경기,구리시,8781,53
2022,1,202201,경기,군포시,9401,66
2022,1,202201,경기,김포시,33694,481
2022,1,202201,경기,남양주시,38892,392
2022,1,202201,경기,동두천시,2574,23
2022,1,202201,경기,부천시,29679,223
2022,1,202201,경기,성남시,75245,426
2022,1,202201,경기,수원시,71297,494
2022,1,202201,경기,시흥시,21062,177
2022,1,202201,경기,안산시,23339,212
2022,1,202201,경기,안성시,8008,96
2022,1,202201,경기,안양시,24750,127
2022,1,202201,경기,양주시,9268,147
2022,1,202201,경기,양평군,8156,105
2022,1,202201,경기,여주시,4709,77
2022,1,202201,경기,연천군,1545,30
2022,1,202201,경기,오산시,9267,117
2022,1,202201,경기,용인시,87029,624
2022,1,202201,경기,의왕시,9142,52
2022,1,202201,경기,의정부시,16144,122
2022,1,202201,경기,이천시,10255,159
2022,1,202201,경기,파주시,24452,265
2022,1,202201,경기,평택시,30445,329
2022,1,202201,경기,포천시,6259,77
2022,1,202201,경기,하남시,23432,137
2022,1,202201,경기,화성시,56277,613
2022,1,202201,경남,거제시,6964,74
2022,1,202201,경남,거창군,1758,24
2022,1,202201,경남,고성군,1199,16
2022,1,202201,경남,김해시,20669,187
2022,1,202201,경남,남해군,987,23
2022,1,202201,경남,밀양시,3046,29
2022,1,202201,경남,사천시,3220,26
2022,1,202201,경남,산청군,1011,15
2022,1,202201,경남,양산시,13115,126
2022,1,202201,경남,의령군,695,10
2022,1,202201,경남,진주시,13154,129
2022,1,202201,경남,창녕군,1800,33
2022,1,202201,경남,창원시,74760,410
2022,1,202201,경남,통영시,3512,34
2022,1,202201,경남,하동군,1076,16
2022,1,202201,경남,함안군,4163,49
2022,1,202201,경남,함양군,890,11
2022,1,202201,경남,합천군,1056,21
2022,1,202201,경북,경산시,10567,86
2022,1,202201,경북,경주시,9222,127
2022,1,202201,경북,고령군,1149,25
2022,1,202201,경북,구미시,13781,228
2022,1,202201,경북,군위군,794,13
2022,1,202201,경북,김천시,3982,91
2022,1,202201,경북,문경시,1774,31
2022,1,202201,경북,봉화군,592,11
2022,1,202201,경북,상주시,2266,57
2022,1,202201,경북,성주군,1665,29
2022,1,202201,경북,안동시,4937,97
2022,1,202201,경북,영덕군,895,16
2022,1,202201,경북,영양군,357,7
2022,1,202201,경북,영주시,2570,61
2022,1,202201,경북,영천시,3372,37
2022,1,202201,경북,예천군,1627,30
2022,1,202201,경북,울릉군,216,1
2022,1,202201,경북,울진군,1412,24
2022,1,202201,경북,의성군,1131,12
2022,1,202201,경북,청도군,1570,14
2022,1,202201,경북,청송군,618,14
2022,1,202201,경북,칠곡군,4252,60
2022,1,202201,경북,포항시,19039,236
2022,1,202201,광주,광산구,18137,226
2022,1,202201,광주,남구,12121,79
2022,1,202201,광주,동구,6141,25
2022,1,202201,광주,북구,17693,140
2022,1,202201,광주,서구,18080,121
2022,1,202201,대구,남구,6661,39
2022,1,202201,대구,달서구,42615,235
2022,1,202201,대구,달성군,10649,134
2022,1,202201,대구,동구,16463,168
2022,1,202201,대구,북구,17593,165
2022,1,202201,대구,서구,5185,32
2022,1,202201,대구,수성구,55805,164
2022,1,202201,대구,중구,26128,31
2022,1,202201,대전,대덕구,5647,70
2022,1,202201,대전,동구,6142,91
2022,1,202201,대전,서구,21649,219
2022,1,202201,대전,유성구,25285,238
2022,1,202201,대전,중구,8272,86
2022,1,202201,부산,강서구,9624,87
2022,1,202201,부산,금정구,9578,49
2022,1,202201,부산,기장군,8978,75
2022,1,202201,부산,남구,14188,59
2022,1,202201,부산,동구,23814,17
2022,1,202201,부산,동래구,11871,38
2022,1,202201,부산,부산진구,20592,61
2022,1,202201,부산,북구,8029,52
2022,1,202201,부산,사상구,5760,26
2022,1,202201,부산,사하구,8092,50
2022,1,202201,부산,서구,3439,6
2022,1,202201,부산,수영구,18091,36
2022,1,202201,부산,연제구,30026,49
2022,1,202201,부산,영도구,2478,11
2022,1,202201,부산,중구,18797,15
2022,1,202201,부산,해운대구,41466,144
2022,1,202201,서울,강남구,88206,256
2022,1,202201,서울,강동구,23625,98
2022,1,202201,서울,강북구,7436,47
2022,1,202201,서울,강서구,29152,125
2022,1,202201,서울,관악구,13802,64
2022,1,202201,서울,광진구,17485,76
2022,1,202201,서울,구로구,16087,78
2022,1,202201,서울,금천구,9051,36
2022,1,202201,서울,노원구,16571,96
2022,1,202201,서울,도봉구,9022,63
2022,1,202201,서울,동대문구,14948,63
2022,1,202201,서울,동작구,18683,50
2022,1,202201,서울,마포구,26803,93
2022,1,202201,서울,서대문구,15433,87
2022,1,202201,서울,서초구,60656,198
2022,1,202201,서울,성동구,25270,89
2022,1,202201,서울,성북구,19179,98
2022,1,202201,서울,송파구,55320,147
2022,1,202201,서울,양천구,24961,74
2022,1,202201,서울,영등포구,25947,85
2022,1,202201,서울,용산구,28443,81
2022,1,202201,서울,은평구,16825,62
2022,1,202201,서울,종로구,11148,82
2022,1,202201,서울,중구,22877,80
2022,1,202201,서울,중랑구,11241,76
2022,1,202201,세종,세종시,22823,306
2022,1,202201,울산,남구,13301,71
2022,1,202201,울산,동구,2872,44
2022,1,202201,울산,북구,5561,75
2022,1,202201,울산,울주군,8052,66
2022,1,202201,울산,중구,6254,53
2022,1,202201,인천,강화군,2932,56
2022,1,202201,인천,계양구,12586,72
2022,1,202201,인천,남동구,54878,198
2022,1,202201,인천,동구,1481,9
2022,1,202201,인천,미추홀구,23729,68
2022,1,202201,인천,부평구,36523,94
2022,1,202201,인천,서구,34545,201
2022,1,202201,인천,연수구,63652,191
2022,1,202201,인천,옹진군,684,10
2022,1,202201,인천,중구,8004,48
2022,1,202201,전남,강진군,868,10
2022,1,202201,전남,고흥군,1464,15
2022,1,202201,전남,곡성군,851,4
2022,1,202201,전남,광양시,5262,73
2022,1,202201,전남,구례군,654,11
2022,1,202201,전남,나주시,5115,66
2022,1,202201,전남,담양군,1916,22
2022,1,202201,전남,목포시,6032,74
2022,1,202201,전남,무안군,3459,51
2022,1,202201,전남,보성군,1178,13
2022,1,202201,전남,순천시,11747,125
2022,1,202201,전남,신안군,2396,25
2022,1,202201,전남,여수시,9895,80
2022,1,202201,전남,영광군,1904,20
2022,1,202201,전남,영암군,1566,28
2022,1,202201,전남,완도군,1436,12
2022,1,202201,전남,장성군,1663,38
2022,1,202201,전남,장흥군,951,11
2022,1,202201,전남,진도군,799,9
2022,1,202201,전남,함평군,2103,19
2022,1,202201,전남,해남군,2376,29
2022,1,202201,전남,화순군,2225,30
2022,1,202201,전북,고창군,1618,17
2022,1,202201,전북,군산시,9957,84
2022,1,202201,전북,김제시,2494,31
2022,1,202201,전북,남원시,2048,34
2022,1,202201,전북,무주군,701,13
2022,1,202201,전북,부안군,1434,14
2022,1,202201,전북,순창군,727,7
2022,1,202201,전북,완주군,3347,50
2022,1,202201,전북,익산시,9110,119
2022,1,202201,전북,임실군,628,12
2022,1,202201,전북,장수군,536,2
2022,1,202201,전북,전주시,41002,284
2022,1,202201,전북,정읍시,3076,38
2022,1,202201,전북,진안군,651,10
2022,1,202201,제주,서귀포시,7549,91
2022,1,202201,제주,제주시,33270,325
2022,1,202201,충남,계룡시,1800,27
2022,1,202201,충남,공주시,3627,59
2022,1,202201,충남,금산군,1624,22
2022,1,202201,충남,논산시,3128,49
2022,1,202201,충남,당진시,5804,102
2022,1,202201,충남,보령시,2963,44
2022,1,202201,충남,부여군,1536,25
2022,1,202201,충남,서산시,6115,105
2022,1,202201,충남,서천군,1216,18
2022,1,202201,충남,아산시,13471,241
2022,1,202201,충남,예산군,2313,45
2022,1,202201,충남,천안시,31178,422
2022,1,202201,충남,청양군,747,14
2022,1,202201,충남,태안군,2035,33
2022,1,202201,충남,홍성군,3165,52
2022,1,202201,충북,괴산군,1063,29
2022,1,202201,충북,단양군,677,16
2022,1,202201,충북,보은군,850,13
2022,1,202201,충북,영동군,1037,16
2022,1,202201,충북,옥천군,1423,18
2022,1,202201,충북,음성군,3355,57
2022,1,202201,충북,제천시,4093,50
2022,1,202201,충북,증평군,1081,18
2022,1,202201,충북,진천군,3090,63
2022,1,202201,충북,청주시,45823,457
2022,1,202201,충북,충주시,7021,117
2022,2,202202,강원,강릉시,9076,117
2022,2,202202,강원,고성군,895,20
2022,2,202202,강원,동해시,2387,81
2022,2,202202,강원,삼척시,1571,41
2022,2,202202,강원,속초시,3019,50
2022,2,202202,강원,양구군,567,10
2022,2,202202,강원,양양군,1233,21
2022,2,202202,강원,영월군,1210,25
2022,2,202202,강원,원주시,16624,192
2022,2,202202,강원,인제군,904,16
2022,2,202202,강원,정선군,1171,15
2022,2,202202,강원,철원군,1032,27
2022,2,202202,강원,춘천시,11274,169
2022,2,202202,강원,태백시,1299,19
2022,2,202202,강원,평창군,1910,26
2022,2,202202,강원,홍천군,2093,26
2022,2,202202,강원,화천군,607,12
2022,2,202202,강원,횡성군,1846,26
2022,2,202202,경기,가평군,3040,43
2022,2,202202,경기,고양시,67215,413
2022,2,202202,경기,과천시,6572,21
2022,2,202202,경기,광명시,11014,109
2022,2,202202,경기,광주시,23641,209
2022,2,202202,경기,구리시,8805,53
2022,2,202202,경기,군포시,9423,65
2022,2,202202,경기,김포시,33921,478
2022,2,202202,경기,남양주시,39045,389
2022,2,202202,경기,동두천시,2584,24
2022,2,202202,경기,부천시,29817,222
2022,2,202202,경기,성남시,75529,422
2022,2,202202,경기,수원시,71851,537
2022,2,202202,경기,시흥시,21146,181
2022,2,202202,경기,안산시,23446,214
2022,2,202202,경기,안성시,8058,94
2022,2,202202,경기,안양시,25012,127
2022,2,202202,경기,양주시,9306,149
2022,2,202202,경기,양평군,8220,107
2022,2,202202,경기,여주시,4769,80
2022,2,202202,경기,연천군,1535,32
2022,2,202202,경기,오산시,9393,115
2022,2,202202,경기,용인시,87387,625
2022,2,202202,경기,의왕시,9171,59
2022,2,202202,경기,의정부시,16224,124
2022,2,202202,경기,이천시,10300,160
2022,2,202202,경기,파주시,24666,263
2022,2,202202,경기,평택시,30670,334
2022,2,202202,경기,포천시,6246,78
2022,2,202202,경기,하남시,23628,139
2022,2,202202,경기,화성시,56641,620
2022,2,202202,경남,거제시,6985,72
2022,2,202202,경남,거창군,1760,23
2022,2,202202,경남,고성군,1214,15
2022,2,202202,경남,김해시,20771,186
2022,2,202202,경남,남해군,997,23
2022,2,202202,경남,밀양시,3065,29
2022,2,202202,경남,사천시,3241,27
2022,2,202202,경남,산청군,1021,14
2022,2,202202,경남,양산시,13171,125
2022,2,202202,경남,의령군,703,10
2022,2,202202,경남,진주시,13209,129
2022,2,202202,경남,창녕군,1821,33
2022,2,202202,경남,창원시,75375,418
2022,2,202202,경남,통영시,3554,36
2022,2,202202,경남,하동군,1099,15
2022,2,202202,경남,함안군,4156,50
2022,2,202202,경남,함양군,898,11
2022,2,202202,경남,합천군,1054,19
2022,2,202202,경북,경산시,10587,90
2022,2,202202,경북,경주시,9281,128
2022,2,202202,경북,고령군,1159,25
2022,2,202202,경북,구미시,13845,233
2022,2,202202,경북,군위군,791,13
2022,2,202202,경북,김천시,3986,92
2022,2,202202,경북,문경시,1790,31
2022,2,202202,경북,봉화군,592,11
2022,2,202202,경북,상주시,2287,61
2022,2,202202,경북,성주군,1677,29
2022,2,202202,경북,안동시,4967,100
2022,2,202202,경북,영덕군,893,15
2022,2,202202,경북,영양군,366,7
2022,2,202202,경북,영주시,2590,60
2022,2,202202,경북,영천시,3390,35
2022,2,202202,경북,예천군,1633,31
2022,2,202202,경북,울릉군,218,1
2022,2,202202,경북,울진군,1416,25
2022,2,202202,경북,의성군,1146,12
2022,2,202202,경북,청도군,1579,14
2022,2,202202,경북,청송군,619,14
2022,2,202202,경북,칠곡군,4270,61
2022,2,202202,경북,포항시,19158,239
2022,2,202202,광주,광산구,18174,227
2022,2,202202,광주,남구,12191,81
2022,2,202202,광주,동구,6139,25
2022,2,202202,광주,북구,17765,140
2022,2,202202,광주,서구,18236,124
2022,2,202202,대구,남구,6692,38
2022,2,202202,대구,달서구,42922,238
2022,2,202202,대구,달성군,10676,131
2022,2,202202,대구,동구,16291,163
2022,2,202202,대구,북구,17687,168
2022,2,202202,대구,서구,5484,32
2022,2,202202,대구,수성구,56318,161
2022,2,202202,대구,중구,26009,32
2022,2,202202,대전,대덕구,5685,68
2022,2,202202,대전,동구,6179,92
2022,2,202202,대전,서구,21773,225
2022,2,202202,대전,유성구,25426,236
2022,2,202202,대전,중구,8329,88
2022,2,202202,부산,강서구,9828,83
2022,2,202202,부산,금정구,9562,49
2022,2,202202,부산,기장군,9021,75
2022,2,202202,부산,남구,14204,61
2022,2,202202,부산,동구,24112,16
2022,2,202202,부산,동래구,12163,44
2022,2,202202,부산,부산진구,20771,58
2022,2,202202,부산,북구,8009,53
2022,2,202202,부산,사상구,5772,26
2022,2,202202,부산,사하구,8162,51
2022,2,202202,부산,서구,3417,6
2022,2,202202,부산,수영구,18035,37
2022,2,202202,부산,연제구,30245,52
2022,2,202202,부산,영도구,2497,11
2022,2,202202,부산,중구,19024,17
2022,2,202202,부산,해운대구,41667,143
2022,2,202202,서울,강남구,88346,258
2022,2,202202,서울,강동구,23696,100
2022,2,202202,서울,강북구,7405,50
2022,2,202202,서울,강서구,29271,125
2022,2,202202,서울,관악구,13850,68
2022,2,202202,서울,광진구,17597,80
2022,2,202202,서울,구로구,16122,98
2022,2,202202,서울,금천구,9091,35
2022,2,202202,서울,노원구,16666,94
2022,2,202202,서울,도봉구,9050,63
2022,2,202202,서울,동대문구,14997,64
2022,2,202202,서울,동작구,18705,49
2022,2,202202,서울,마포구,26869,92
2022,2,202202,서울,서대문구,15553,86
2022,2,202202,서울,서초구,60733,197
2022,2,202202,서울,성동구,25415,85
2022,2,202202,서울,성북구,19296,100
2022,2,202202,서울,송파구,55799,150
2022,2,202202,서울,양천구,25020,73
2022,2,202202,서울,영등포구,26004,89
2022,2,202202,서울,용산구,28456,82
2022,2,202202,서울,은평구,16911,62
2022,2,202202,서울,종로구,11148,83
2022,2,202202,서울,중구,22578,80
2022,2,202202,서울,중랑구,11329,92
2022,2,202202,세종,세종시,23040,307
2022,2,202202,울산,남구,13350,72
2022,2,202202,울산,동구,2878,42
2022,2,202202,울산,북구,5603,75
2022,2,202202,울산,울주군,8107,65
2022,2,202202,울산,중구,6267,53
2022,2,202202,인천,강화군,2958,57
2022,2,202202,인천,계양구,12577,72
2022,2,202202,인천,남동구,51179,195
2022,2,202202,인천,동구,1494,8
2022,2,202202,인천,미추홀구,23768,70
2022,2,202202,인천,부평구,37232,91
2022,2,202202,인천,서구,39249,200
2022,2,202202,인천,연수구,64062,195
2022,2,202202,인천,옹진군,703,10
2022,2,202202,인천,중구,8074,54
2022,2,202202,전남,강진군,873,10
2022,2,202202,전남,고흥군,1479,15
2022,2,202202,전남,곡성군,858,6
2022,2,202202,전남,광양시,5275,76
2022,2,202202,전남,구례군,653,11
2022,2,202202,전남,나주시,5187,64
2022,2,202202,전남,담양군,1916,22
2022,2,202202,전남,목포시,6099,72
2022,2,202202,전남,무안군,3473,52
2022,2,202202,전남,보성군,1155,12
2022,2,202202,전남,순천시,11866,124
2022,2,202202,전남,신안군,2408,25
2022,2,202202,전남,여수시,9952,80
2022,2,202202,전남,영광군,1914,20
2022,2,202202,전남,영암군,1571,29
2022,2,202202,전남,완도군,1456,11
2022,2,202202,전남,장성군,1677,38
2022,2,202202,전남,장흥군,952,12
2022,2,202202,전남,진도군,807,9
2022,2,202202,전남,함평군,2097,20
2022,2,202202,전남,해남군,2405,31
2022,2,202202,전남,화순군,2231,30
2022,2,202202,전북,고창군,1621,17
2022,2,202202,전북,군산시,9981,85
2022,2,202202,전북,김제시,2507,30
2022,2,202202,전북,남원시,2054,34
2022,2,202202,전북,무주군,710,14
2022,2,202202,전북,부안군,1435,15
2022,2,202202,전북,순창군,738,9
2022,2,202202,전북,완주군,3360,50
2022,2,202202,전북,익산시,9158,120
2022,2,202202,전북,임실군,636,13
2022,2,202202,전북,장수군,540,2
2022,2,202202,전북,전주시,41012,282
2022,2,202202,전북,정읍시,3084,37
2022,2,202202,전북,진안군,648,10
2022,2,202202,제주,서귀포시,7640,92
2022,2,202202,제주,제주시,33436,330
2022,2,202202,충남,계룡시,1825,27
2022,2,202202,충남,공주시,3664,57
2022,2,202202,충남,금산군,1632,21
2022,2,202202,충남,논산시,3140,50
2022,2,202202,충남,당진시,5841,104
2022,2,202202,충남,보령시,2973,44
2022,2,202202,충남,부여군,1545,24
2022,2,202202,충남,서산시,6150,108
2022,2,202202,충남,서천군,1227,18
2022,2,202202,충남,아산시,13703,236
2022,2,202202,충남,예산군,2312,44
2022,2,202202,충남,천안시,31206,422
2022,2,202202,충남,청양군,752,16
2022,2,202202,충남,태안군,2035,33
2022,2,202202,충남,홍성군,3172,51
2022,2,202202,충북,괴산군,1072,28
2022,2,202202,충북,단양군,682,16
2022,2,202202,충북,보은군,858,13
2022,2,202202,충북,영동군,1049,17
2022,2,202202,충북,옥천군,1437,18
2022,2,202202,충북,음성군,3393,60
2022,2,202202,충북,제천시,4103,53
2022,2,202202,충북,증평군,1093,17
2022,2,202202,충북,진천군,3122,64
2022,2,202202,충북,청주시,45882,457
2022,2,202202,충북,충주시,7067,117
2022,3,202203,강원,강릉시,9188,117
2022,3,202203,강원,고성군,907,20
2022,3,202203,강원,동해시,2393,81
2022,3,202203,강원,삼척시,1600,41
2022,3,202203,강원,속초시,3067,50
2022,3,202203,강원,양구군,557,10
2022,3,202203,강원,양양군,1240,21
2022,3,202203,강원,영월군,1213,25
2022,3,202203,강원,원주시,16787,193
2022,3,202203,강원,인제군,911,17
2022,3,202203,강원,정선군,1173,15
2022,3,202203,강원,철원군,1040,28
2022,3,202203,강원,춘천시,11409,170
2022,3,202203,강원,태백시,1299,18
2022,3,202203,강원,평창군,1915,28
2022,3,202203,강원,홍천군,2103,28
2022,3,202203,강원,화천군,619,12
2022,3,202203,강원,횡성군,1869,27
2022,3,202203,경기,가평군,3072,41
2022,3,202203,경기,고양시,67697,414
2022,3,202203,경기,과천시,6691,24
2022,3,202203,경기,광명시,11099,109
2022,3,202203,경기,광주시,23845,210
2022,3,202203,경기,구리시,8896,56
2022,3,202203,경기,군포시,9501,68
2022,3,202203,경기,김포시,34237,494
2022,3,202203,경기,남양주시,39344,391
2022,3,202203,경기,동두천시,2608,25
2022,3,202203,경기,부천시,30114,238
2022,3,202203,경기,성남시,76015,431
2022,3,202203,경기,수원시,73181,532
2022,3,202203,경기,시흥시,21277,183
2022,3,202203,경기,안산시,23709,218
2022,3,202203,경기,안성시,8182,93
2022,3,202203,경기,안양시,25263,129
2022,3,202203,경기,양주시,9374,151
2022,3,202203,경기,양평군,8279,106
2022,3,202203,경기,여주시,4813,78
2022,3,202203,경기,연천군,1516,33
2022,3,202203,경기,오산시,9464,115
2022,3,202203,경기,용인시,88045,623
2022,3,202203,경기,의왕시,9190,57
2022,3,202203,경기,의정부시,16388,128
2022,3,202203,경기,이천시,10387,160
2022,3,202203,경기,파주시,24876,268
2022,3,202203,경기,평택시,31037,327
2022,3,202203,경기,포천시,6287,81
2022,3,202203,경기,하남시,23887,141
2022,3,202203,경기,화성시,57195,622
2022,3,202203,경남,거제시,7026,73
2022,3,202203,경남,거창군,1794,22
2022,3,202203,경남,고성군,1225,15
2022,3,202203,경남,김해시,20940,186
2022,3,202203,경남,남해군,1005,25
2022,3,202203,경남,밀양시,3099,30
2022,3,202203,경남,사천시,3262,29
2022,3,202203,경남,산청군,1025,14
2022,3,202203,경남,양산시,13334,124
2022,3,202203,경남,의령군,715,9
2022,3,202203,경남,진주시,13331,128
2022,3,202203,경남,창녕군,1830,34
2022,3,202203,경남,창원시,76226,421
2022,3,202203,경남,통영시,3592,37
2022,3,202203,경남,하동군,1110,15
2022,3,202203,경남,함안군,4183,50
2022,3,202203,경남,함양군,913,12
2022,3,202203,경남,합천군,1075,20
2022,3,202203,경북,경산시,10636,95
2022,3,202203,경북,경주시,9367,132
2022,3,202203,경북,고령군,1162,25
2022,3,202203,경북,구미시,13952,231
2022,3,202203,경북,군위군,819,15
2022,3,202203,경북,김천시,3988,92
2022,3,202203,경북,문경시,1855,30
2022,3,202203,경북,봉화군,597,12
2022,3,202203,경북,상주시,2310,62
2022,3,202203,경북,성주군,1682,26
2022,3,202203,경북,안동시,4993,100
2022,3,202203,경북,영덕군,898,15
2022,3,202203,경북,영양군,364,7
2022,3,202203,경북,영주시,2620,59
2022,3,202203,경북,영천시,3437,37
2022,3,202203,경북,예천군,1629,31
2022,3,202203,경북,울릉군,220,1
2022,3,202203,경북,울진군,1430,25
2022,3,202203,경북,의성군,1169,15
2022,3,202203,경북,청도군,1601,15
2022,3,202203,경북,청송군,620,17
2022,3,202203,경북,칠곡군,4296,61
2022,3,202203,경북,포항시,19272,236
2022,3,202203,광주,광산구,18311,227
2022,3,202203,광주,남구,12230,83
2022,3,202203,광주,동구,6138,25
2022,3,202203,광주,북구,17908,144
2022,3,202203,광주,서구,18375,121
2022,3,202203,대구,남구,6712,38
2022,3,202203,대구,달서구,43172,239
2022,3,202203,대구,달성군,10753,133
2022,3,202203,대구,동구,16374,163
2022,3,202203,대구,북구,17750,168
2022,3,202203,대구,서구,5599,29
2022,3,202203,대구,수성구,56995,162
2022,3,202203,대구,중구,25869,32
2022,3,202203,대전,대덕구,5777,68
2022,3,202203,대전,동구,6203,92
2022,3,202203,대전,서구,21893,227
2022,3,202203,대전,유성구,25603,236
2022,3,202203,대전,중구,8397,90
2022,3,202203,부산,강서구,9918,85
2022,3,202203,부산,금정구,9577,50
2022,3,202203,부산,기장군,9107,73
2022,3,202203,부산,남구,14259,59
2022,3,202203,부산,동구,24567,18
2022,3,202203,부산,동래구,12299,42
2022,3,202203,부산,부산진구,21142,59
2022,3,202203,부산,북구,8072,55
2022,3,202203,부산,사상구,5802,24
2022,3,202203,부산,사하구,8216,49
2022,3,202203,부산,서구,3442,5
2022,3,202203,부산,수영구,17889,39
2022,3,202203,부산,연제구,30707,53
2022,3,202203,부산,영도구,2501,11
2022,3,202203,부산,중구,19299,19
2022,3,202203,부산,해운대구,41936,144
2022,3,202203,서울,강남구,88567,266
2022,3,202203,서울,강동구,23782,105
2022,3,202203,서울,강북구,7428,52
2022,3,202203,서울,강서구,29830,127
2022,3,202203,서울,관악구,13941,68
2022,3,202203,서울,광진구,17756,81
2022,3,202203,서울,구로구,16210,98
2022,3,202203,서울,금천구,9201,35
2022,3,202203,서울,노원구,16760,92
2022,3,202203,서울,도봉구,9084,63
2022,3,202203,서울,동대문구,15057,62
2022,3,202203,서울,동작구,18820,52
2022,3,202203,서울,마포구,26977,89
2022,3,202203,서울,서대문구,15668,83
2022,3,202203,서울,서초구,60924,194
2022,3,202203,서울,성동구,25514,85
2022,3,202203,서울,성북구,19542,103
2022,3,202203,서울,송파구,56222,153
2022,3,202203,서울,양천구,25148,77
2022,3,202203,서울,영등포구,26049,90
2022,3,202203,서울,용산구,28484,78
2022,3,202203,서울,은평구,16938,62
2022,3,202203,서울,종로구,11164,82
2022,3,202203,서울,중구,22278,79
2022,3,202203,서울,중랑구,11367,93
2022,3,202203,세종,세종시,23302,309
2022,3,202203,울산,남구,13461,69
2022,3,202203,울산,동구,2922,40
2022,3,202203,울산,북구,5657,71
2022,3,202203,울산,울주군,8144,65
2022,3,202203,울산,중구,6322,55
2022,3,202203,인천,강화군,2955,57
2022,3,202203,인천,계양구,12579,74
2022,3,202203,인천,남동구,51527,192
2022,3,202203,인천,동구,1500,8
2022,3,202203,인천,미추홀구,23793,73
2022,3,202203,인천,부평구,38230,90
2022,3,202203,인천,서구,40038,199
2022,3,202203,인천,연수구,64755,210
2022,3,202203,인천,옹진군,710,10
2022,3,202203,인천,중구,8195,53
2022,3,202203,전남,강진군,872,11
2022,3,202203,전남,고흥군,1496,14
2022,3,202203,전남,곡성군,859,7
2022,3,202203,전남,광양시,5323,74
2022,3,202203,전남,구례군,653,11
2022,3,202203,전남,나주시,5204,64
2022,3,202203,전남,담양군,1920,22
2022,3,202203,전남,목포시,6125,72
2022,3,202203,전남,무안군,3508,51
2022,3,202203,전남,보성군,1059,12
2022,3,202203,전남,순천시,11989,122
2022,3,202203,전남,신안군,2397,24
2022,3,202203,전남,여수시,10034,83
2022,3,202203,전남,영광군,1919,20
2022,3,202203,전남,영암군,1599,28
2022,3,202203,전남,완도군,1455,11
2022,3,202203,전남,장성군,1694,36
2022,3,202203,전남,장흥군,973,14
2022,3,202203,전남,진도군,823,9
2022,3,202203,전남,함평군,2161,20
2022,3,202203,전남,해남군,2398,31
2022,3,202203,전남,화순군,2257,32
2022,3,202203,전북,고창군,1636,18
2022,3,202203,전북,군산시,10075,89
2022,3,202203,전북,김제시,2523,30
2022,3,202203,전북,남원시,2059,35
2022,3,202203,전북,무주군,708,14
2022,3,202203,전북,부안군,1434,17
2022,3,202203,전북,순창군,748,11
2022,3,202203,전북,완주군,3378,52
2022,3,202203,전북,익산시,9225,122
2022,3,202203,전북,임실군,635,13
2022,3,202203,전북,장수군,544,2
2022,3,202203,전북,전주시,41108,286
2022,3,202203,전북,정읍시,3110,38
2022,3,202203,전북,진안군,658,10
2022,3,202203,제주,서귀포시,7725,92
2022,3,202203,제주,제주시,33595,325
2022,3,202203,충남,계룡시,1836,26
2022,3,202203,충남,공주시,3707,57
2022,3,202203,충남,금산군,1639,22
2022,3,202203,충남,논산시,3155,50
2022,3,202203,충남,당진시,5909,102
2022,3,202203,충남,보령시,3007,44
2022,3,202203,충남,부여군,1546,25
2022,3,202203,충남,서산시,6226,111
2022,3,202203,충남,서천군,1244,18
2022,3,202203,충남,아산시,13967,236
2022,3,202203,충남,예산군,2323,45
2022,3,202203,충남,천안시,31472,434
2022,3,202203,충남,청양군,756,16
2022,3,202203,충남,태안군,2038,33
2022,3,202203,충남,홍성군,3188,49
2022,3,202203,충북,괴산군,1075,29
2022,3,202203,충북,단양군,693,16
2022,3,202203,충북,보은군,874,13
2022,3,202203,충북,영동군,1050,17
2022,3,202203,충북,옥천군,1432,18
2022,3,202203,충북,음성군,3426,61
2022,3,202203,충북,제천시,4150,56
2022,3,202203,충북,증평군,1102,17
2022,3,202203,충북,진천군,3151,67
2022,3,202203,충북,청주시,46117,465
2022,3,202203,충북,충주시,7120,120
2022,4,202204,강원,강릉시,9246,126
2022,4,202204,강원,고성군,935,22
2022,4,202204,강원,동해시,2398,80
2022,4,202204,강원,삼척시,1633,41
2022,4,202204,강원,속초시,3082,51
2022,4,202204,강원,양구군,555,10
2022,4,202204,강원,양양군,1236,21
2022,4,202204,강원,영월군,1217,25
2022,4,202204,강원,원주시,16915,189
2022,4,202204,강원,인제군,908,18
2022,4,202204,강원,정선군,1166,15
2022,4,202204,강원,철원군,1052,28
2022,4,202204,강원,춘천시,11557,172
2022,4,202204,강원,태백시,1310,20
2022,4,202204,강원,평창군,1917,29
2022,4,202204,강원,홍천군,2110,29
2022,4,202204,강원,화천군,626,11
2022,4,202204,강원,횡성군,1871,28
2022,4,202204,경기,가평군,3088,43
2022,4,202204,경기,고양시,68124,414
2022,4,202204,경기,과천시,6752,26
2022,4,202204,경기,광명시,11194,108
2022,4,202204,경기,광주시,24015,231
2022,4,202204,경기,구리시,8984,55
2022,4,202204,경기,군포시,9559,69
2022,4,202204,경기,김포시,34359,508
2022,4,202204,경기,남양주시,39574,388
2022,4,202204,경기,동두천시,2631,26
2022,4,202204,경기,부천시,30376,240
2022,4,202204,경기,성남시,76259,438
2022,4,202204,경기,수원시,74106,527
2022,4,202204,경기,시흥시,21479,188
2022,4,202204,경기,안산시,23997,223
2022,4,202204,경기,안성시,8234,97
2022,4,202204,경기,안양시,25494,124
2022,4,202204,경기,양주시,9448,151
2022,4,202204,경기,양평군,8314,102
2022,4,202204,경기,여주시,4844,80
2022,4,202204,경기,연천군,1533,34
2022,4,202204,경기,오산시,9496,118
2022,4,202204,경기,용인시,88600,620
2022,4,202204,경기,의왕시,9224,57
2022,4,202204,경기,의정부시,16514,145
2022,4,202204,경기,이천시,10484,164
2022,4,202204,경기,파주시,25096,272
2022,4,202204,경기,평택시,31228,322
2022,4,202204,경기,포천시,6293,84
2022,4,202204,경기,하남시,24053,149
2022,4,202204,경기,화성시,57566,624
2022,4,202204,경남,거제시,7057,70
2022,4,202204,경남,거창군,1813,22
2022,4,202204,경남,고성군,1235,15
2022,4,202204,경남,김해시,21106,194
2022,4,202204,경남,남해군,1018,21
2022,4,202204,경남,밀양시,3128,30
2022,4,202204,경남,사천시,3313,29
2022,4,202204,경남,산청군,1027,13
2022,4,202204,경남,양산시,13435,125
2022,4,202204,경남,의령군,727,9
2022,4,202204,경남,진주시,13422,133
2022,4,202204,경남,창녕군,1866,35
2022,4,202204,경남,창원시,77059,421
2022,4,202204,경남,통영시,3626,36
2022,4,202204,경남,하동군,1112,15
2022,4,202204,경남,함안군,4150,50
2022,4,202204,경남,함양군,929,12
2022,4,202204,경남,합천군,1081,19
2022,4,202204,경북,경산시,10696,98
2022,4,202204,경북,경주시,9450,139
2022,4,202204,경북,고령군,1177,25
2022,4,202204,경북,구미시,14058,236
2022,4,202204,경북,군위군,840,15
2022,4,202204,경북,김천시,3995,94
2022,4,202204,경북,문경시,1870,29
2022,4,202204,경북,봉화군,602,12
2022,4,202204,경북,상주시,2333,61
2022,4,202204,경북,성주군,1691,27
2022,4,202204,경북,안동시,5017,100
2022,4,202204,경북,영덕군,904,16
2022,4,202204,경북,영양군,373,7
2022,4,202204,경북,영주시,2663,59
2022,4,202204,경북,영천시,3455,38
2022,4,202204,경북,예천군,1646,30
2022,4,202204,경북,울릉군,228,1
2022,4,202204,경북,울진군,1455,26
2022,4,202204,경북,의성군,1186,14
2022,4,202204,경북,청도군,1616,15
2022,4,202204,경북,청송군,631,18
2022,4,202204,경북,칠곡군,4304,62
2022,4,202204,경북,포항시,19443,244
2022,4,202204,광주,광산구,18429,226
2022,4,202204,광주,남구,12271,79
2022,4,202204,광주,동구,6181,26
2022,4,202204,광주,북구,18006,149
2022,4,202204,광주,서구,18548,117
2022,4,202204,대구,남구,6692,40
2022,4,202204,대구,달서구,43530,235
2022,4,202204,대구,달성군,10832,135
2022,4,202204,대구,동구,16426,164
2022,4,202204,대구,북구,17861,167
2022,4,202204,대구,서구,5654,28
2022,4,202204,대구,수성구,57345,161
2022,4,202204,대구,중구,25805,34
2022,4,202204,대전,대덕구,5798,70
2022,4,202204,대전,동구,6238,91
2022,4,202204,대전,서구,22109,223
2022,4,202204,대전,유성구,25900,239
2022,4,202204,대전,중구,8449,87
2022,4,202204,부산,강서구,10001,84
2022,4,202204,부산,금정구,9584,55
2022,4,202204,부산,기장군,9165,71
2022,4,202204,부산,남구,14348,57
2022,4,202204,부산,동구,24931,19
2022,4,202204,부산,동래구,12387,41
2022,4,202204,부산,부산진구,21699,59
2022,4,202204,부산,북구,8090,55
2022,4,202204,부산,사상구,5842,25
2022,4,202204,부산,사하구,8269,47
2022,4,202204,부산,서구,3446,4
2022,4,202204,부산,수영구,17789,39
2022,4,202204,부산,연제구,31057,57
2022,4,202204,부산,영도구,2530,13
2022,4,202204,부산,중구,19353,19
2022,4,202204,부산,해운대구,41779,154
2022,4,202204,서울,강남구,93433,266
2022,4,202204,서울,강동구,23902,103
2022,4,202204,서울,강북구,7483,57
2022,4,202204,서울,강서구,30112,125
2022,4,202204,서울,관악구,14021,72
2022,4,202204,서울,광진구,17829,82
2022,4,202204,서울,구로구,16295,98
2022,4,202204,서울,금천구,9250,35
2022,4,202204,서울,노원구,16856,93
2022,4,202204,서울,도봉구,9163,63
2022,4,202204,서울,동대문구,15175,62
2022,4,202204,서울,동작구,18978,55
2022,4,202204,서울,마포구,27100,90
2022,4,202204,서울,서대문구,15733,84
2022,4,202204,서울,서초구,61171,187
2022,4,202204,서울,성동구,25622,85
2022,4,202204,서울,성북구,19682,102
2022,4,202204,서울,송파구,56558,149
2022,4,202204,서울,양천구,25222,74
2022,4,202204,서울,영등포구,26159,88
2022,4,202204,서울,용산구,24264,79
2022,4,202204,서울,은평구,17095,64
2022,4,202204,서울,종로구,11203,85
2022,4,202204,서울,중구,21886,78
2022,4,202204,서울,중랑구,11397,96
2022,4,202204,세종,세종시,23552,312
2022,4,202204,울산,남구,13524,71
2022,4,202204,울산,동구,2928,40
2022,4,202204,울산,북구,5741,71
2022,4,202204,울산,울주군,8196,66
2022,4,202204,울산,중구,6360,53
2022,4,202204,인천,강화군,2978,59
2022,4,202204,인천,계양구,12508,80
2022,4,202204,인천,남동구,52033,194
2022,4,202204,인천,동구,1511,8
2022,4,202204,인천,미추홀구,23743,73
2022,4,202204,인천,부평구,38891,90
2022,4,202204,인천,서구,40687,202
2022,4,202204,인천,연수구,65166,210
2022,4,202204,인천,옹진군,715,10
2022,4,202204,인천,중구,8320,51
2022,4,202204,전남,강진군,873,11
2022,4,202204,전남,고흥군,1520,14
2022,4,202204,전남,곡성군,872,7
2022,4,202204,전남,광양시,5380,72
2022,4,202204,전남,구례군,664,12
2022,4,202204,전남,나주시,5253,64
2022,4,202204,전남,담양군,1948,22
2022,4,202204,전남,목포시,6158,69
2022,4,202204,전남,무안군,3566,51
2022,4,202204,전남,보성군,1060,13
2022,4,202204,전남,순천시,12100,120
2022,4,202204,전남,신안군,2420,25
2022,4,202204,전남,여수시,10113,84
2022,4,202204,전남,영광군,1946,20
2022,4,202204,전남,영암군,1636,30
2022,4,202204,전남,완도군,1459,13
2022,4,202204,전남,장성군,1701,37
2022,4,202204,전남,장흥군,975,15
2022,4,202204,전남,진도군,826,9
2022,4,202204,전남,함평군,2115,20
2022,4,202204,전남,해남군,2517,29
2022,4,202204,전남,화순군,2263,34
2022,4,202204,전북,고창군,1638,18
2022,4,202204,전북,군산시,10091,93
2022,4,202204,전북,김제시,2561,30
2022,4,202204,전북,남원시,2088,36
2022,4,202204,전북,무주군,708,14
2022,4,202204,전북,부안군,1441,17
2022,4,202204,전북,순창군,749,10
2022,4,202204,전북,완주군,3419,48
2022,4,202204,전북,익산시,9255,122
2022,4,202204,전북,임실군,645,13
2022,4,202204,전북,장수군,548,2
2022,4,202204,전북,전주시,41077,286
2022,4,202204,전북,정읍시,3120,38
2022,4,202204,전북,진안군,662,10
2022,4,202204,제주,서귀포시,7800,97
2022,4,202204,제주,제주시,33777,333
2022,4,202204,충남,계룡시,1854,26
2022,4,202204,충남,공주시,3714,57
2022,4,202204,충남,금산군,1633,23
2022,4,202204,충남,논산시,3176,49
2022,4,202204,충남,당진시,5933,102
2022,4,202204,충남,보령시,3033,44
2022,4,202204,충남,부여군,1576,27
2022,4,202204,충남,서산시,6251,113
2022,4,202204,충남,서천군,1254,20
2022,4,202204,충남,아산시,14081,238
2022,4,202204,충남,예산군,2338,45
2022,4,202204,충남,천안시,31683,435
2022,4,202204,충남,청양군,760,17
2022,4,202204,충남,태안군,2048,33
2022,4,202204,충남,홍성군,3216,51
2022,4,202204,충북,괴산군,1079,29
2022,4,202204,충북,단양군,705,16
2022,4,202204,충북,보은군,879,13
2022,4,202204,충북,영동군,1059,17
2022,4,202204,충북,옥천군,1449,19
2022,4,202204,충북,음성군,3431,64
2022,4,202204,충북,제천시,4196,56
2022,4,202204,충북,증평군,1104,18
2022,4,202204,충북,진천군,3163,67
2022,4,202204,충북,청주시,46117,476
2022,4,202204,충북,충주시,7183,121
2022,5,202205,강원,강릉시,9361,126
2022,5,202205,강원,고성군,953,21
2022,5,202205,강원,동해시,2413,80
2022,5,202205,강원,삼척시,1643,43
2022,5,202205,강원,속초시,3135,51
2022,5,202205,강원,양구군,565,10
2022,5,202205,강원,양양군,1250,23
2022,5,202205,강원,영월군,1228,25
2022,5,202205,강원,원주시,17082,189
2022,5,202205,강원,인제군,927,18
2022,5,202205,강원,정선군,1184,15
2022,5,202205,강원,철원군,1054,28
2022,5,202205,강원,춘천시,11659,173
2022,5,202205,강원,태백시,1317,20
2022,5,202205,강원,평창군,1939,29
2022,5,202205,강원,홍천군,2121,29
2022,5,202205,강원,화천군,631,10
2022,5,202205,강원,횡성군,1874,27
2022,5,202205,경기,가평군,3090,44
2022,5,202205,경기,고양시,68534,415
2022,5,202205,경기,과천시,6806,25
2022,5,202205,경기,광명시,11305,108
2022,5,202205,경기,광주시,24148,229
2022,5,202205,경기,구리시,9043,58
2022,5,202205,경기,군포시,9678,77
2022,5,202205,경기,김포시,34520,508
2022,5,202205,경기,남양주시,39878,385
2022,5,202205,경기,동두천시,2639,26
2022,5,202205,경기,부천시,30622,241
2022,5,202205,경기,성남시,76612,437
2022,5,202205,경기,수원시,74687,522
2022,5,202205,경기,시흥시,21763,191
2022,5,202205,경기,안산시,24155,225
2022,5,202205,경기,안성시,8269,98
2022,5,202205,경기,안양시,25696,124
2022,5,202205,경기,양주시,9492,147
2022,5,202205,경기,양평군,8343,101
2022,5,202205,경기,여주시,4900,81
2022,5,202205,경기,연천군,1557,30
2022,5,202205,경기,오산시,9601,118
2022,5,202205,경기,용인시,89157,614
2022,5,202205,경기,의왕시,9248,60
2022,5,202205,경기,의정부시,16706,149
2022,5,202205,경기,이천시,10585,165
2022,5,202205,경기,파주시,25249,286
2022,5,202205,경기,평택시,31382,324
2022,5,202205,경기,포천시,6340,83
2022,5,202205,경기,하남시,24165,151
2022,5,202205,경기,화성시,58166,627
2022,5,202205,경남,거제시,7093,72
2022,5,202205,경남,거창군,1825,22
2022,5,202205,경남,고성군,1241,16
2022,5,202205,경남,김해시,21284,194
2022,5,202205,경남,남해군,1039,21
2022,5,202205,경남,밀양시,3149,31
2022,5,202205,경남,사천시,3340,30
2022,5,202205,경남,산청군,1038,13
2022,5,202205,경남,양산시,13508,126
2022,5,202205,경남,의령군,741,9
2022,5,202205,경남,진주시,13539,135
2022,5,202205,경남,창녕군,1882,37
2022,5,202205,경남,창원시,78135,421
2022,5,202205,경남,통영시,3670,35
2022,5,202205,경남,하동군,1125,13
2022,5,202205,경남,함안군,4430,52
2022,5,202205,경남,함양군,943,12
2022,5,202205,경남,합천군,1106,17
2022,5,202205,경북,경산시,10729,97
2022,5,202205,경북,경주시,9519,141
2022,5,202205,경북,고령군,1176,26
2022,5,202205,경북,구미시,14211,236
2022,5,202205,경북,군위군,844,15
2022,5,202205,경북,김천시,4028,95
2022,5,202205,경북,문경시,1895,28
2022,5,202205,경북,봉화군,613,12
2022,5,202205,경북,상주시,2339,61
2022,5,202205,경북,성주군,1704,27
2022,5,202205,경북,안동시,5063,101
2022,5,202205,경북,영덕군,913,16
2022,5,202205,경북,영양군,377,7
2022,5,202205,경북,영주시,2683,58
2022,5,202205,경북,영천시,3481,39
2022,5,202205,경북,예천군,1649,30
2022,5,202205,경북,울릉군,228,2
2022,5,202205,경북,울진군,1465,27
2022,5,202205,경북,의성군,1212,15
2022,5,202205,경북,청도군,1639,15
2022,5,202205,경북,청송군,645,19
2022,5,202205,경북,칠곡군,4327,64
2022,5,202205,경북,포항시,19585,242
2022,5,202205,광주,광산구,18539,225
2022,5,202205,광주,남구,12366,81
2022,5,202205,광주,동구,6228,27
2022,5,202205,광주,북구,18136,150
2022,5,202205,광주,서구,18606,114
2022,5,202205,대구,남구,6711,40
2022,5,202205,대구,달서구,43897,237
2022,5,202205,대구,달성군,10889,135
2022,5,202205,대구,동구,16495,157
2022,5,202205,대구,북구,17956,169
2022,5,202205,대구,서구,5743,30
2022,5,202205,대구,수성구,57747,162
2022,5,202205,대구,중구,25716,34
2022,5,202205,대전,대덕구,5855,71
2022,5,202205,대전,동구,6344,91
2022,5,202205,대전,서구,22248,224
2022,5,202205,대전,유성구,26019,232
2022,5,202205,대전,중구,8498,87
2022,5,202205,부산,강서구,10055,84
2022,5,202205,부산,금정구,9627,56
2022,5,202205,부산,기장군,9287,68
2022,5,202205,부산,남구,14419,57
2022,5,202205,부산,동구,25875,20
2022,5,202205,부산,동래구,12516,39
2022,5,202205,부산,부산진구,21882,58
2022,5,202205,부산,북구,8115,54
2022,5,202205,부산,사상구,5881,25
2022,5,202205,부산,사하구,8321,46
2022,5,202205,부산,서구,3493,6
2022,5,202205,부산,수영구,17705,39
2022,5,202205,부산,연제구,31462,57
2022,5,202205,부산,영도구,2576,13
2022,5,202205,부산,중구,19403,19
2022,5,202205,부산,해운대구,41898,157
2022,5,202205,서울,강남구,93813,266
2022,5,202205,서울,강동구,24055,102
2022,5,202205,서울,강북구,7497,54
2022,5,202205,서울,강서구,30288,132
2022,5,202205,서울,관악구,14071,73
2022,5,202205,서울,광진구,17880,81
2022,5,202205,서울,구로구,16362,99
2022,5,202205,서울,금천구,9313,33
2022,5,202205,서울,노원구,16977,93
2022,5,202205,서울,도봉구,9224,66
2022,5,202205,서울,동대문구,15259,62
2022,5,202205,서울,동작구,19061,55
2022,5,202205,서울,마포구,27270,88
2022,5,202205,서울,서대문구,15848,85
2022,5,202205,서울,서초구,61336,193
2022,5,202205,서울,성동구,25679,85
2022,5,202205,서울,성북구,19808,104
2022,5,202205,서울,송파구,56847,148
2022,5,202205,서울,양천구,25313,75
2022,5,202205,서울,영등포구,26258,83
2022,5,202205,서울,용산구,24353,79
2022,5,202205,서울,은평구,17244,62
2022,5,202205,서울,종로구,11245,85
2022,5,202205,서울,중구,21628,79
2022,5,202205,서울,중랑구,11473,97
2022,5,202205,세종,세종시,23793,313
2022,5,202205,울산,남구,13599,72
2022,5,202205,울산,동구,2960,39
2022,5,202205,울산,북구,5768,72
2022,5,202205,울산,울주군,8220,66
2022,5,202205,울산,중구,6390,53
2022,5,202205,인천,강화군,3320,61
2022,5,202205,인천,계양구,12805,79
2022,5,202205,인천,남동구,52291,194
2022,5,202205,인천,동구,1517,8
2022,5,202205,인천,미추홀구,23811,78
2022,5,202205,인천,부평구,39569,92
2022,5,202205,인천,서구,41180,203
2022,5,202205,인천,연수구,65602,214
2022,5,202205,인천,옹진군,722,10
2022,5,202205,인천,중구,8434,49
2022,5,202205,전남,강진군,881,11
2022,5,202205,전남,고흥군,1529,14
2022,5,202205,전남,곡성군,882,7
2022,5,202205,전남,광양시,5428,75
2022,5,202205,전남,구례군,659,13
2022,5,202205,전남,나주시,5292,64
2022,5,202205,전남,담양군,1969,21
2022,5,202205,전남,목포시,6205,72
2022,5,202205,전남,무안군,3578,49
2022,5,202205,전남,보성군,1058,13
2022,5,202205,전남,순천시,12187,116
2022,5,202205,전남,신안군,2456,27
2022,5,202205,전남,여수시,10159,84
2022,5,202205,전남,영광군,1957,20
2022,5,202205,전남,영암군,1667,32
2022,5,202205,전남,완도군,1467,12
2022,5,202205,전남,장성군,1739,38
2022,5,202205,전남,장흥군,981,16
2022,5,202205,전남,진도군,842,9
2022,5,202205,전남,함평군,2080,20
2022,5,202205,전남,해남군,2524,30
2022,5,202205,전남,화순군,2267,32
2022,5,202205,전북,고창군,1655,19
2022,5,202205,전북,군산시,10122,95
2022,5,202205,전북,김제시,2585,32
2022,5,202205,전북,남원시,2095,35
2022,5,202205,전북,무주군,709,14
2022,5,202205,전북,부안군,1440,18
2022,5,202205,전북,순창군,753,10
2022,5,202205,전북,완주군,3453,49
2022,5,202205,전북,익산시,9322,118
2022,5,202205,전북,임실군,662,14
2022,5,202205,전북,장수군,549,2
2022,5,202205,전북,전주시,41113,288
2022,5,202205,전북,정읍시,3126,38
2022,5,202205,전북,진안군,670,9
2022,5,202205,제주,서귀포시,7838,95
2022,5,202205,제주,제주시,34059,336
2022,5,202205,충남,계룡시,1879,29
2022,5,202205,충남,공주시,3752,58
2022,5,202205,충남,금산군,1645,24
2022,5,202205,충남,논산시,3190,49
2022,5,202205,충남,당진시,5992,106
2022,5,202205,충남,보령시,3053,44
2022,5,202205,충남,부여군,1585,27
2022,5,202205,충남,서산시,6293,111
2022,5,202205,충남,서천군,1261,20
2022,5,202205,충남,아산시,14226,240
2022,5,202205,충남,예산군,2396,46
2022,5,202205,충남,천안시,31899,445
2022,5,202205,충남,청양군,764,17
2022,5,202205,충남,태안군,2056,34
2022,5,202205,충남,홍성군,3224,52
2022,5,202205,충북,괴산군,1100,30
2022,5,202205,충북,단양군,709,15
2022,5,202205,충북,보은군,879,14
2022,5,202205,충북,영동군,1074,18
2022,5,202205,충북,옥천군,1455,21
2022,5,202205,충북,음성군,3469,67
2022,5,202205,충북,제천시,4216,56
2022,5,202205,충북,증평군,1118,19
2022,5,202205,충북,진천군,3199,67
2022,5,202205,충북,청주시,46372,468
2022,5,202205,충북,충주시,7240,126
2022,6,202206,강원,강릉시,9393,131
2022,6,202206,강원,고성군,950,21
2022,6,202206,강원,동해시,2439,80
2022,6,202206,강원,삼척시,1656,43
2022,6,202206,강원,속초시,3170,52
2022,6,202206,강원,양구군,580,9
2022,6,202206,강원,양양군,1277,23
2022,6,202206,강원,영월군,1238,25
2022,6,202206,강원,원주시,17266,187
2022,6,202206,강원,인제군,935,20
2022,6,202206,강원,정선군,1194,15
2022,6,202206,강원,철원군,1076,27
2022,6,202206,강원,춘천시,11787,176
2022,6,202206,강원,태백시,1305,21
2022,6,202206,강원,평창군,1958,29
2022,6,202206,강원,홍천군,2150,29
2022,6,202206,강원,화천군,638,9
2022,6,202206,강원,횡성군,1888,27
2022,6,202206,경기,가평군,3102,44
2022,6,202206,경기,고양시,68996,424
2022,6,202206,경기,과천시,6870,25
2022,6,202206,경기,광명시,11433,106
2022,6,202206,경기,광주시,24328,232
2022,6,202206,경기,구리시,9089,58
2022,6,202206,경기,군포시,9740,96
2022,6,202206,경기,김포시,34767,506
2022,6,202206,경기,남양주시,40117,384
2022,6,202206,경기,동두천시,2645,27
2022,6,202206,경기,부천시,30917,243
2022,6,202206,경기,성남시,76855,436
2022,6,202206,경기,수원시,75402,518
2022,6,202206,경기,시흥시,21913,192
2022,6,202206,경기,안산시,24287,226
2022,6,202206,경기,안성시,8334,97
2022,6,202206,경기,안양시,25927,124
2022,6,202206,경기,양주시,9615,149
2022,6,202206,경기,양평군,8413,97
2022,6,202206,경기,여주시,4948,82
2022,6,202206,경기,연천군,1591,31
2022,6,202206,경기,오산시,9723,118
2022,6,202206,경기,용인시,89702,617
2022,6,202206,경기,의왕시,9318,60
2022,6,202206,경기,의정부시,16858,145
2022,6,202206,경기,이천시,10675,169
2022,6,202206,경기,파주시,25486,308
2022,6,202206,경기,평택시,31502,332
2022,6,202206,경기,포천시,6430,83
2022,6,202206,경기,하남시,24335,157
2022,6,202206,경기,화성시,58644,625
2022,6,202206,경남,거제시,7132,74
2022,6,202206,경남,거창군,1822,23
2022,6,202206,경남,고성군,1250,16
2022,6,202206,경남,김해시,21507,194
2022,6,202206,경남,남해군,1038,21
2022,6,202206,경남,밀양시,3159,32
2022,6,202206,경남,사천시,3388,30
2022,6,202206,경남,산청군,1039,13
2022,6,202206,경남,양산시,13598,126
2022,6,202206,경남,의령군,751,10
2022,6,202206,경남,진주시,13672,135
2022,6,202206,경남,창녕군,1894,36
2022,6,202206,경남,창원시,78742,420
2022,6,202206,경남,통영시,3693,31
2022,6,202206,경남,하동군,1115,14
2022,6,202206,경남,함안군,4440,49
2022,6,202206,경남,함양군,960,12
2022,6,202206,경남,합천군,1112,17
2022,6,202206,경북,경산시,10749,100
2022,6,202206,경북,경주시,9550,140
2022,6,202206,경북,고령군,1187,27
2022,6,202206,경북,구미시,14311,236
2022,6,202206,경북,군위군,858,15
2022,6,202206,경북,김천시,4067,95
2022,6,202206,경북,문경시,1893,30
2022,6,202206,경북,봉화군,633,13
2022,6,202206,경북,상주시,2356,60
2022,6,202206,경북,성주군,1720,26
2022,6,202206,경북,안동시,5100,103
2022,6,202206,경북,영덕군,913,16
2022,6,202206,경북,영양군,376,7
2022,6,202206,경북,영주시,2707,58
2022,6,202206,경북,영천시,3504,39
2022,6,202206,경북,예천군,1666,30
2022,6,202206,경북,울릉군,228,2
2022,6,202206,경북,울진군,1487,27
2022,6,202206,경북,의성군,1225,15
2022,6,202206,경북,청도군,1639,13
2022,6,202206,경북,청송군,641,19
2022,6,202206,경북,칠곡군,4346,67
2022,6,202206,경북,포항시,19753,245
2022,6,202206,광주,광산구,18682,228
2022,6,202206,광주,남구,12446,81
2022,6,202206,광주,동구,6330,26
2022,6,202206,광주,북구,18247,148
2022,6,202206,광주,서구,18646,112
2022,6,202206,대구,남구,6734,40
2022,6,202206,대구,달서구,44262,244
2022,6,202206,대구,달성군,10942,135
2022,6,202206,대구,동구,16648,153
2022,6,202206,대구,북구,18063,165
2022,6,202206,대구,서구,5863,30
2022,6,202206,대구,수성구,58554,159
2022,6,202206,대구,중구,25638,35
2022,6,202206,대전,대덕구,5898,71
2022,6,202206,대전,동구,6405,92
2022,6,202206,대전,서구,22307,228
2022,6,202206,대전,유성구,26138,233
2022,6,202206,대전,중구,8588,89
2022,6,202206,부산,강서구,10105,84
2022,6,202206,부산,금정구,9667,55
2022,6,202206,부산,기장군,9439,66
2022,6,202206,부산,남구,14503,60
2022,6,202206,부산,동구,26145,21
2022,6,202206,부산,동래구,12662,40
2022,6,202206,부산,부산진구,22011,59
2022,6,202206,부산,북구,8170,55
2022,6,202206,부산,사상구,5927,25
2022,6,202206,부산,사하구,8327,44
2022,6,202206,부산,서구,3594,6
2022,6,202206,부산,수영구,17594,40
2022,6,202206,부산,연제구,32024,54
2022,6,202206,부산,영도구,2616,13
2022,6,202206,부산,중구,19391,19
2022,6,202206,부산,해운대구,41942,158
2022,6,202206,서울,강남구,94418,269
2022,6,202206,서울,강동구,24167,103
2022,6,202206,서울,강북구,7554,53
2022,6,202206,서울,강서구,30490,134
2022,6,202206,서울,관악구,14162,75
2022,6,202206,서울,광진구,17979,82
2022,6,202206,서울,구로구,16501,100
2022,6,202206,서울,금천구,9399,33
2022,6,202206,서울,노원구,17099,94
2022,6,202206,서울,도봉구,9274,66
2022,6,202206,서울,동대문구,15212,63
2022,6,202206,서울,동작구,19154,54
2022,6,202206,서울,마포구,27188,91
2022,6,202206,서울,서대문구,15906,86
2022,6,202206,서울,서초구,61415,189
2022,6,202206,서울,성동구,25787,85
2022,6,202206,서울,성북구,19883,106
2022,6,202206,서울,송파구,57088,147
2022,6,202206,서울,양천구,25361,74
2022,6,202206,서울,영등포구,26424,83
2022,6,202206,서울,용산구,24539,76
2022,6,202206,서울,은평구,17380,63
2022,6,202206,서울,종로구,11281,87
2022,6,202206,서울,중구,21241,80
2022,6,202206,서울,중랑구,11551,95
2022,6,202206,세종,세종시,23998,323
2022,6,202206,울산,남구,13676,74
2022,6,202206,울산,동구,2950,40
2022,6,202206,울산,북구,5833,70
2022,6,202206,울산,울주군,8284,67
2022,6,202206,울산,중구,6409,54
2022,6,202206,인천,강화군,3408,60
2022,6,202206,인천,계양구,13090,81
2022,6,202206,인천,남동구,52873,192
2022,6,202206,인천,동구,1519,8
2022,6,202206,인천,미추홀구,23909,76
2022,6,202206,인천,부평구,40064,93
2022,6,202206,인천,서구,41624,200
2022,6,202206,인천,연수구,66138,219
2022,6,202206,인천,옹진군,725,10
2022,6,202206,인천,중구,8544,51
2022,6,202206,전남,강진군,890,11
2022,6,202206,전남,고흥군,1548,15
2022,6,202206,전남,곡성군,893,8
2022,6,202206,전남,광양시,5490,78
2022,6,202206,전남,구례군,654,13
2022,6,202206,전남,나주시,5321,64
2022,6,202206,전남,담양군,2000,24
2022,6,202206,전남,목포시,6241,73
2022,6,202206,전남,무안군,3614,48
2022,6,202206,전남,보성군,1082,13
2022,6,202206,전남,순천시,12268,118
2022,6,202206,전남,신안군,2498,27
2022,6,202206,전남,여수시,10250,86
2022,6,202206,전남,영광군,1959,20
2022,6,202206,전남,영암군,1681,32
2022,6,202206,전남,완도군,1470,12
2022,6,202206,전남,장성군,1757,35
2022,6,202206,전남,장흥군,996,16
2022,6,202206,전남,진도군,834,10
2022,6,202206,전남,함평군,2048,20
2022,6,202206,전남,해남군,2524,30
2022,6,202206,전남,화순군,2296,29
2022,6,202206,전북,고창군,1658,18
2022,6,202206,전북,군산시,10233,95
2022,6,202206,전북,김제시,2596,32
2022,6,202206,전북,남원시,2128,35
2022,6,202206,전북,무주군,710,15
2022,6,202206,전북,부안군,1441,17
2022,6,202206,전북,순창군,751,10
2022,6,202206,전북,완주군,3468,49
2022,6,202206,전북,익산시,9403,120
2022,6,202206,전북,임실군,669,14
2022,6,202206,전북,장수군,548,2
2022,6,202206,전북,전주시,41272,285
2022,6,202206,전북,정읍시,3148,39
2022,6,202206,전북,진안군,679,8
2022,6,202206,제주,서귀포시,7906,97
2022,6,202206,제주,제주시,34378,335
2022,6,202206,충남,계룡시,1890,29
2022,6,202206,충남,공주시,3791,58
2022,6,202206,충남,금산군,1648,25
2022,6,202206,충남,논산시,3225,50
2022,6,202206,충남,당진시,6099,105
2022,6,202206,충남,보령시,3072,43
2022,6,202206,충남,부여군,1600,27
2022,6,202206,충남,서산시,6352,112
2022,6,202206,충남,서천군,1272,20
2022,6,202206,충남,아산시,14413,237
2022,6,202206,충남,예산군,2428,47
2022,6,202206,충남,천안시,32153,445
2022,6,202206,충남,청양군,758,17
2022,6,202206,충남,태안군,2074,36
2022,6,202206,충남,홍성군,3237,52
2022,6,202206,충북,괴산군,1117,31
2022,6,202206,충북,단양군,716,18
2022,6,202206,충북,보은군,883,16
2022,6,202206,충북,영동군,1082,18
2022,6,202206,충북,옥천군,1453,21
2022,6,202206,충북,음성군,3475,68
2022,6,202206,충북,제천시,4238,57
2022,6,202206,충북,증평군,1137,19
2022,6,202206,충북,진천군,3212,65
2022,6,202206,충북,청주시,46515,467
2022,6,202206,충북,충주시,7303,125
2022,7,202207,강원,강릉시,9481,132
2022,7,202207,강원,고성군,948,22
2022,7,202207,강원,동해시,2455,80
2022,7,202207,강원,삼척시,1672,43
2022,7,202207,강원,속초시,3216,51
2022,7,202207,강원,양구군,583,11
2022,7,202207,강원,양양군,1281,23
2022,7,202207,강원,영월군,1244,26
2022,7,202207,강원,원주시,17336,184
2022,7,202207,강원,인제군,950,20
2022,7,202207,강원,정선군,1203,15
2022,7,202207,강원,철원군,1085,26
2022,7,202207,강원,춘천시,11862,175
2022,7,202207,강원,태백시,1309,21
2022,7,202207,강원,평창군,1994,30
2022,7,202207,강원,홍천군,2158,31
2022,7,202207,강원,화천군,639,9
2022,7,202207,강원,횡성군,1910,26
2022,7,202207,경기,가평군,3115,44
2022,7,202207,경기,고양시,69309,435
2022,7,202207,경기,과천시,6942,24
2022,7,202207,경기,광명시,11502,105
2022,7,202207,경기,광주시,24481,235
2022,7,202207,경기,구리시,9170,56
2022,7,202207,경기,군포시,9810,99
2022,7,202207,경기,김포시,34805,510
2022,7,202207,경기,남양주시,40342,377
2022,7,202207,경기,동두천시,2656,27
2022,7,202207,경기,부천시,30989,243
2022,7,202207,경기,성남시,77179,437
2022,7,202207,경기,수원시,76314,514
2022,7,202207,경기,시흥시,22052,192
2022,7,202207,경기,안산시,24474,228
2022,7,202207,경기,안성시,8365,96
2022,7,202207,경기,안양시,25991,123
2022,7,202207,경기,양주시,9719,148
2022,7,202207,경기,양평군,8444,97
2022,7,202207,경기,여주시,4990,83
2022,7,202207,경기,연천군,1581,29
2022,7,202207,경기,오산시,9754,117
2022,7,202207,경기,용인시,90138,617
2022,7,202207,경기,의왕시,9379,61
2022,7,202207,경기,의정부시,16945,145
2022,7,202207,경기,이천시,10734,167
2022,7,202207,경기,파주시,25686,311
2022,7,202207,경기,평택시,31723,332
2022,7,202207,경기,포천시,6465,83
2022,7,202207,경기,하남시,24456,157
2022,7,202207,경기,화성시,58980,633
2022,7,202207,경남,거제시,7175,75
2022,7,202207,경남,거창군,1841,23
2022,7,202207,경남,고성군,1268,16
2022,7,202207,경남,김해시,21635,188
2022,7,202207,경남,남해군,1047,21
2022,7,202207,경남,밀양시,3202,32
2022,7,202207,경남,사천시,3419,30
2022,7,202207,경남,산청군,1051,13
2022,7,202207,경남,양산시,13683,125
2022,7,202207,경남,의령군,761,10
2022,7,202207,경남,진주시,13731,136
2022,7,202207,경남,창녕군,1890,36
2022,7,202207,경남,창원시,79439,424
2022,7,202207,경남,통영시,3694,33
2022,7,202207,경남,하동군,1126,14
2022,7,202207,경남,함안군,4447,48
2022,7,202207,경남,함양군,972,12
2022,7,202207,경남,합천군,1117,19
2022,7,202207,경북,경산시,10780,102
2022,7,202207,경북,경주시,9594,136
2022,7,202207,경북,고령군,1205,27
2022,7,202207,경북,구미시,14399,231
2022,7,202207,경북,군위군,875,15
2022,7,202207,경북,김천시,4112,96
2022,7,202207,경북,문경시,1903,30
2022,7,202207,경북,봉화군,641,12
2022,7,202207,경북,상주시,2378,62
2022,7,202207,경북,성주군,1743,25
2022,7,202207,경북,안동시,5138,104
2022,7,202207,경북,영덕군,923,18
2022,7,202207,경북,영양군,374,9
2022,7,202207,경북,영주시,2707,59
2022,7,202207,경북,영천시,3543,39
2022,7,202207,경북,예천군,1674,31
2022,7,202207,경북,울릉군,233,2
2022,7,202207,경북,울진군,1505,27
2022,7,202207,경북,의성군,1232,15
2022,7,202207,경북,청도군,1663,12
2022,7,202207,경북,청송군,642,19
2022,7,202207,경북,칠곡군,4349,70
2022,7,202207,경북,포항시,19840,245
2022,7,202207,광주,광산구,18771,226
2022,7,202207,광주,남구,12503,83
2022,7,202207,광주,동구,6411,26
2022,7,202207,광주,북구,18316,148
2022,7,202207,광주,서구,18696,111
2022,7,202207,대구,남구,6786,37
2022,7,202207,대구,달서구,44609,243
2022,7,202207,대구,달성군,11015,135
2022,7,202207,대구,동구,16815,152
2022,7,202207,대구,북구,18104,162
2022,7,202207,대구,서구,5948,31
2022,7,202207,대구,수성구,58836,162
2022,7,202207,대구,중구,25496,35
2022,7,202207,대전,대덕구,5943,73
2022,7,202207,대전,동구,6439,91
2022,7,202207,대전,서구,22468,234
2022,7,202207,대전,유성구,26344,230
2022,7,202207,대전,중구,8663,89
2022,7,202207,부산,강서구,10196,85
2022,7,202207,부산,금정구,9703,55
2022,7,202207,부산,기장군,9485,70
2022,7,202207,부산,남구,14529,61
2022,7,202207,부산,동구,26244,21
2022,7,202207,부산,동래구,12777,41
2022,7,202207,부산,부산진구,22104,58
2022,7,202207,부산,북구,8211,56
2022,7,202207,부산,사상구,5960,24
2022,7,202207,부산,사하구,8353,44
2022,7,202207,부산,서구,3690,6
2022,7,202207,부산,수영구,17445,40
2022,7,202207,부산,연제구,32365,55
2022,7,202207,부산,영도구,2654,13
2022,7,202207,부산,중구,19275,19
2022,7,202207,부산,해운대구,41892,162
2022,7,202207,서울,강남구,94669,267
2022,7,202207,서울,강동구,24299,103
2022,7,202207,서울,강북구,7585,52
2022,7,202207,서울,강서구,30669,137
2022,7,202207,서울,관악구,14221,75
2022,7,202207,서울,광진구,18056,82
2022,7,202207,서울,구로구,16628,98
2022,7,202207,서울,금천구,9478,33
2022,7,202207,서울,노원구,17166,93
2022,7,202207,서울,도봉구,9299,67
2022,7,202207,서울,동대문구,15336,63
2022,7,202207,서울,동작구,19274,54
2022,7,202207,서울,마포구,27330,89
2022,7,202207,서울,서대문구,16015,85
2022,7,202207,서울,서초구,61449,191
2022,7,202207,서울,성동구,25816,93
2022,7,202207,서울,성북구,19951,107
2022,7,202207,서울,송파구,57386,147
2022,7,202207,서울,양천구,25495,76
2022,7,202207,서울,영등포구,26518,87
2022,7,202207,서울,용산구,24512,74
2022,7,202207,서울,은평구,17416,64
2022,7,202207,서울,종로구,11286,88
2022,7,202207,서울,중구,20919,80
2022,7,202207,서울,중랑구,11611,94
2022,7,202207,세종,세종시,24203,319
2022,7,202207,울산,남구,13411,72
2022,7,202207,울산,동구,2955,42
2022,7,202207,울산,북구,5872,69
2022,7,202207,울산,울주군,8327,69
2022,7,202207,울산,중구,6448,54
2022,7,202207,인천,강화군,3509,60
2022,7,202207,인천,계양구,13080,79
2022,7,202207,인천,남동구,53212,193
2022,7,202207,인천,동구,1528,8
2022,7,202207,인천,미추홀구,23980,77
2022,7,202207,인천,부평구,40820,96
2022,7,202207,인천,서구,42218,205
2022,7,202207,인천,연수구,66459,218
2022,7,202207,인천,옹진군,729,10
2022,7,202207,인천,중구,8621,52
2022,7,202207,전남,강진군,902,13
2022,7,202207,전남,고흥군,1535,15
2022,7,202207,전남,곡성군,902,8
2022,7,202207,전남,광양시,5536,77
2022,7,202207,전남,구례군,655,14
2022,7,202207,전남,나주시,5336,65
2022,7,202207,전남,담양군,2010,23
2022,7,202207,전남,목포시,6270,76
2022,7,202207,전남,무안군,3642,49
2022,7,202207,전남,보성군,1082,13
2022,7,202207,전남,순천시,12350,118
2022,7,202207,전남,신안군,2865,27
2022,7,202207,전남,여수시,10331,89
2022,7,202207,전남,영광군,1970,20
2022,7,202207,전남,영암군,1683,32
2022,7,202207,전남,완도군,1475,11
2022,7,202207,전남,장성군,1774,34
2022,7,202207,전남,장흥군,998,16
2022,7,202207,전남,진도군,841,10
2022,7,202207,전남,함평군,2016,22
2022,7,202207,전남,해남군,2513,30
2022,7,202207,전남,화순군,2315,30
2022,7,202207,전북,고창군,1668,18
2022,7,202207,전북,군산시,10304,96
2022,7,202207,전북,김제시,2590,33
2022,7,202207,전북,남원시,2125,37
2022,7,202207,전북,무주군,717,15
2022,7,202207,전북,부안군,1448,17
2022,7,202207,전북,순창군,761,9
2022,7,202207,전북,완주군,3494,50
2022,7,202207,전북,익산시,9462,119
2022,7,202207,전북,임실군,673,15
2022,7,202207,전북,장수군,556,2
2022,7,202207,전북,전주시,41329,286
2022,7,202207,전북,정읍시,3160,38
2022,7,202207,전북,진안군,691,8
2022,7,202207,제주,서귀포시,7984,98
2022,7,202207,제주,제주시,34728,326
2022,7,202207,충남,계룡시,1900,30
2022,7,202207,충남,공주시,3796,58
2022,7,202207,충남,금산군,1660,25
2022,7,202207,충남,논산시,3254,51
2022,7,202207,충남,당진시,6172,105
2022,7,202207,충남,보령시,3072,45
2022,7,202207,충남,부여군,1613,26
2022,7,202207,충남,서산시,6424,112
2022,7,202207,충남,서천군,1275,20
2022,7,202207,충남,아산시,14579,238
2022,7,202207,충남,예산군,2467,48
2022,7,202207,충남,천안시,32380,437
2022,7,202207,충남,청양군,769,18
2022,7,202207,충남,태안군,2075,38
2022,7,202207,충남,홍성군,3260,51
2022,7,202207,충북,괴산군,1122,31
2022,7,202207,충북,단양군,722,17
2022,7,202207,충북,보은군,890,15
2022,7,202207,충북,영동군,1090,18
2022,7,202207,충북,옥천군,1460,21
2022,7,202207,충북,음성군,3518,65
2022,7,202207,충북,제천시,4262,57
2022,7,202207,충북,증평군,1140,19
2022,7,202207,충북,진천군,3240,66
2022,7,202207,충북,청주시,46561,466
2022,7,202207,충북,충주시,7357,131
2022,8,202208,강원,강릉시,9531,135
2022,8,202208,강원,고성군,954,24
2022,8,202208,강원,동해시,2488,80
2022,8,202208,강원,삼척시,1670,42
2022,8,202208,강원,속초시,3231,53
2022,8,202208,강원,양구군,592,11
2022,8,202208,강원,양양군,1310,23
2022,8,202208,강원,영월군,1251,28
2022,8,202208,강원,원주시,17553,181
2022,8,202208,강원,인제군,949,21
2022,8,202208,강원,정선군,1216,16
2022,8,202208,강원,철원군,1096,26
2022,8,202208,강원,춘천시,11987,170
2022,8,202208,강원,태백시,1312,20
2022,8,202208,강원,평창군,2001,33
2022,8,202208,강원,홍천군,2185,34
2022,8,202208,강원,화천군,642,9
2022,8,202208,강원,횡성군,1909,28
2022,8,202208,경기,가평군,3108,43
2022,8,202208,경기,고양시,69685,442
2022,8,202208,경기,과천시,6963,25
2022,8,202208,경기,광명시,11527,106
2022,8,202208,경기,광주시,24627,235
2022,8,202208,경기,구리시,9277,58
2022,8,202208,경기,군포시,9859,97
2022,8,202208,경기,김포시,34824,514
2022,8,202208,경기,남양주시,40672,374
2022,8,202208,경기,동두천시,2676,27
2022,8,202208,경기,부천시,30993,244
2022,8,202208,경기,성남시,77418,436
2022,8,202208,경기,수원시,76668,512
2022,8,202208,경기,시흥시,22246,190
2022,8,202208,경기,안산시,24616,227
2022,8,202208,경기,안성시,8457,94
2022,8,202208,경기,안양시,26161,122
2022,8,202208,경기,양주시,9844,149
2022,8,202208,경기,양평군,8493,99
2022,8,202208,경기,여주시,5032,84
2022,8,202208,경기,연천군,1588,28
2022,8,202208,경기,오산시,9815,117
2022,8,202208,경기,용인시,90709,613
2022,8,202208,경기,의왕시,9438,60
2022,8,202208,경기,의정부시,17083,147
2022,8,202208,경기,이천시,10802,167
2022,8,202208,경기,파주시,25986,316
2022,8,202208,경기,평택시,32135,336
2022,8,202208,경기,포천시,6498,83
2022,8,202208,경기,하남시,24595,156
2022,8,202208,경기,화성시,59588,632
2022,8,202208,경남,거제시,7220,74
2022,8,202208,경남,거창군,1869,24
2022,8,202208,경남,고성군,1282,16
2022,8,202208,경남,김해시,21820,188
2022,8,202208,경남,남해군,1059,22
2022,8,202208,경남,밀양시,3219,35
2022,8,202208,경남,사천시,3455,31
2022,8,202208,경남,산청군,1071,13
2022,8,202208,경남,양산시,13834,126
2022,8,202208,경남,의령군,774,11
2022,8,202208,경남,진주시,13880,135
2022,8,202208,경남,창녕군,1900,36
2022,8,202208,경남,창원시,80520,421
2022,8,202208,경남,통영시,3714,33
2022,8,202208,경남,하동군,1129,15
2022,8,202208,경남,함안군,4583,48
2022,8,202208,경남,함양군,975,13
2022,8,202208,경남,합천군,1131,20
2022,8,202208,경북,경산시,10902,102
2022,8,202208,경북,경주시,9672,138
2022,8,202208,경북,고령군,1225,26
2022,8,202208,경북,구미시,14524,232
2022,8,202208,경북,군위군,882,16
2022,8,202208,경북,김천시,4149,97
2022,8,202208,경북,문경시,1910,31
2022,8,202208,경북,봉화군,640,12
2022,8,202208,경북,상주시,2413,60
2022,8,202208,경북,성주군,1753,28
2022,8,202208,경북,안동시,5171,104
2022,8,202208,경북,영덕군,931,18
2022,8,202208,경북,영양군,378,9
2022,8,202208,경북,영주시,2727,60
2022,8,202208,경북,영천시,3580,39
2022,8,202208,경북,예천군,1706,31
2022,8,202208,경북,울릉군,240,2
2022,8,202208,경북,울진군,1526,27
2022,8,202208,경북,의성군,1234,15
2022,8,202208,경북,청도군,1682,12
2022,8,202208,경북,청송군,646,19
2022,8,202208,경북,칠곡군,4390,70
2022,8,202208,경북,포항시,19991,248
2022,8,202208,광주,광산구,18861,222
2022,8,202208,광주,남구,12565,84
2022,8,202208,광주,동구,6537,27
2022,8,202208,광주,북구,18454,148
2022,8,202208,광주,서구,18840,112
2022,8,202208,대구,남구,6863,38
2022,8,202208,대구,달서구,45171,239
2022,8,202208,대구,달성군,11089,135
2022,8,202208,대구,동구,16828,149
2022,8,202208,대구,북구,18226,163
2022,8,202208,대구,서구,5987,31
2022,8,202208,대구,수성구,59277,162
2022,8,202208,대구,중구,25411,33
2022,8,202208,대전,대덕구,6002,74
2022,8,202208,대전,동구,6494,89
2022,8,202208,대전,서구,22767,236
2022,8,202208,대전,유성구,26463,227
2022,8,202208,대전,중구,8756,88
2022,8,202208,부산,강서구,10283,84
2022,8,202208,부산,금정구,9720,53
2022,8,202208,부산,기장군,9498,70
2022,8,202208,부산,남구,14597,61
2022,8,202208,부산,동구,26242,22
2022,8,202208,부산,동래구,12860,41
2022,8,202208,부산,부산진구,22231,58
2022,8,202208,부산,북구,8256,54
2022,8,202208,부산,사상구,6002,25
2022,8,202208,부산,사하구,8369,44
2022,8,202208,부산,서구,3757,6
2022,8,202208,부산,수영구,17338,40
2022,8,202208,부산,연제구,32580,54
2022,8,202208,부산,영도구,2669,13
2022,8,202208,부산,중구,19375,20
2022,8,202208,부산,해운대구,42100,162
2022,8,202208,서울,강남구,95054,267
2022,8,202208,서울,강동구,24448,96
2022,8,202208,서울,강북구,7627,61
2022,8,202208,서울,강서구,30745,138
2022,8,202208,서울,관악구,14262,76
2022,8,202208,서울,광진구,18146,83
2022,8,202208,서울,구로구,16686,100
2022,8,202208,서울,금천구,9535,32
2022,8,202208,서울,노원구,17251,93
2022,8,202208,서울,도봉구,9332,64
2022,8,202208,서울,동대문구,15476,62
2022,8,202208,서울,동작구,19359,54
2022,8,202208,서울,마포구,27372,87
2022,8,202208,서울,서대문구,16143,84
2022,8,202208,서울,서초구,61467,195
2022,8,202208,서울,성동구,25832,90
2022,8,202208,서울,성북구,20045,111
2022,8,202208,서울,송파구,57568,147
2022,8,202208,서울,양천구,25575,75
2022,8,202208,서울,영등포구,26614,88
2022,8,202208,서울,용산구,24589,83
2022,8,202208,서울,은평구,17521,64
2022,8,202208,서울,종로구,11275,77
2022,8,202208,서울,중구,20721,80
2022,8,202208,서울,중랑구,11698,95
2022,8,202208,세종,세종시,24428,321
2022,8,202208,울산,남구,13473,72
2022,8,202208,울산,동구,2966,41
2022,8,202208,울산,북구,5940,70
2022,8,202208,울산,울주군,8375,68
2022,8,202208,울산,중구,6467,55
2022,8,202208,인천,강화군,3667,59
2022,8,202208,인천,계양구,13023,77
2022,8,202208,인천,남동구,53834,193
2022,8,202208,인천,동구,1543,8
2022,8,202208,인천,미추홀구,24122,80
2022,8,202208,인천,부평구,41477,101
2022,8,202208,인천,서구,42828,207
2022,8,202208,인천,연수구,66942,216
2022,8,202208,인천,옹진군,737,10
2022,8,202208,인천,중구,8736,55
2022,8,202208,전남,강진군,905,13
2022,8,202208,전남,고흥군,1535,15
2022,8,202208,전남,곡성군,913,8
2022,8,202208,전남,광양시,5605,76
2022,8,202208,전남,구례군,667,16
2022,8,202208,전남,나주시,5337,67
2022,8,202208,전남,담양군,2022,22
2022,8,202208,전남,목포시,6324,75
2022,8,202208,전남,무안군,3678,50
2022,8,202208,전남,보성군,1087,13
2022,8,202208,전남,순천시,12424,114
2022,8,202208,전남,신안군,2904,27
2022,8,202208,전남,여수시,10425,90
2022,8,202208,전남,영광군,1991,21
2022,8,202208,전남,영암군,1690,36
2022,8,202208,전남,완도군,1473,11
2022,8,202208,전남,장성군,1779,33
2022,8,202208,전남,장흥군,999,16
2022,8,202208,전남,진도군,848,10
2022,8,202208,전남,함평군,1986,22
2022,8,202208,전남,해남군,2462,31
2022,8,202208,전남,화순군,2339,31
2022,8,202208,전북,고창군,1671,18
2022,8,202208,전북,군산시,10359,96
2022,8,202208,전북,김제시,2612,34
2022,8,202208,전북,남원시,2134,37
2022,8,202208,전북,무주군,725,15
2022,8,202208,전북,부안군,1445,15
2022,8,202208,전북,순창군,763,9
2022,8,202208,전북,완주군,3545,51
2022,8,202208,전북,익산시,9539,120
2022,8,202208,전북,임실군,676,16
2022,8,202208,전북,장수군,560,3
2022,8,202208,전북,전주시,41315,289
2022,8,202208,전북,정읍시,3214,37
2022,8,202208,전북,진안군,682,8
2022,8,202208,제주,서귀포시,8094,96
2022,8,202208,제주,제주시,35141,329
2022,8,202208,충남,계룡시,1904,31
2022,8,202208,충남,공주시,3820,58
2022,8,202208,충남,금산군,1679,24
2022,8,202208,충남,논산시,3293,48
2022,8,202208,충남,당진시,6229,105
2022,8,202208,충남,보령시,3086,45
2022,8,202208,충남,부여군,1626,26
2022,8,202208,충남,서산시,6484,114
2022,8,202208,충남,서천군,1289,20
2022,8,202208,충남,아산시,14724,237
2022,8,202208,충남,예산군,2490,50
2022,8,202208,충남,천안시,32571,435
2022,8,202208,충남,청양군,769,19
2022,8,202208,충남,태안군,2094,38
2022,8,202208,충남,홍성군,3284,51
2022,8,202208,충북,괴산군,1130,32
2022,8,202208,충북,단양군,732,18
2022,8,202208,충북,보은군,896,15
2022,8,202208,충북,영동군,1094,17
2022,8,202208,충북,옥천군,1452,21
2022,8,202208,충북,음성군,3567,65
2022,8,202208,충북,제천시,4299,56
2022,8,202208,충북,증평군,1159,19
2022,8,202208,충북,진천군,3247,65
2022,8,202208,충북,청주시,46733,469
2022,8,202208,충북,충주시,7463,132
2022,9,202209,강원,강릉시,9623,139
2022,9,202209,강원,고성군,973,25
2022,9,202209,강원,동해시,2505,79
2022,9,202209,강원,삼척시,1674,43
2022,9,202209,강원,속초시,3255,54
2022,9,202209,강원,양구군,605,11
2022,9,202209,강원,양양군,1310,23
2022,9,202209,강원,영월군,1267,27
2022,9,202209,강원,원주시,17766,180
2022,9,202209,강원,인제군,962,21
2022,9,202209,강원,정선군,1227,16
2022,9,202209,강원,철원군,1096,25
2022,9,202209,강원,춘천시,12079,167
2022,9,202209,강원,태백시,1313,20
2022,9,202209,강원,평창군,2029,34
2022,9,202209,강원,홍천군,2194,33
2022,9,202209,강원,화천군,645,9
2022,9,202209,강원,횡성군,1900,27
2022,9,202209,경기,가평군,3122,43
2022,9,202209,경기,고양시,70063,439
2022,9,202209,경기,과천시,7020,22
2022,9,202209,경기,광명시,11608,101
2022,9,202209,경기,광주시,24877,246
2022,9,202209,경기,구리시,9353,60
2022,9,202209,경기,군포시,9921,99
2022,9,202209,경기,김포시,34974,513
2022,9,202209,경기,남양주시,41030,383
2022,9,202209,경기,동두천시,2696,30
2022,9,202209,경기,부천시,31093,238
2022,9,202209,경기,성남시,77873,447
2022,9,202209,경기,수원시,77295,518
2022,9,202209,경기,시흥시,22324,189
2022,9,202209,경기,안산시,24844,233
2022,9,202209,경기,안성시,8519,98
2022,9,202209,경기,안양시,26411,123
2022,9,202209,경기,양주시,9964,148
2022,9,202209,경기,양평군,8545,97
2022,9,202209,경기,여주시,5085,83
2022,9,202209,경기,연천군,1623,29
2022,9,202209,경기,오산시,9935,119
2022,9,202209,경기,용인시,91161,613
2022,9,202209,경기,의왕시,9520,60
2022,9,202209,경기,의정부시,17266,151
2022,9,202209,경기,이천시,10907,166
2022,9,202209,경기,파주시,26460,321
2022,9,202209,경기,평택시,32549,332
2022,9,202209,경기,포천시,6588,83
2022,9,202209,경기,하남시,24862,165
2022,9,202209,경기,화성시,60048,634
2022,9,202209,경남,거제시,7244,74
2022,9,202209,경남,거창군,1883,23
2022,9,202209,경남,고성군,1289,17
2022,9,202209,경남,김해시,21957,191
2022,9,202209,경남,남해군,1065,23
2022,9,202209,경남,밀양시,3240,35
2022,9,202209,경남,사천시,3470,29
2022,9,202209,경남,산청군,1086,13
2022,9,202209,경남,양산시,14019,123
2022,9,202209,경남,의령군,780,11
2022,9,202209,경남,진주시,13999,137
2022,9,202209,경남,창녕군,1910,36
2022,9,202209,경남,창원시,81428,423
2022,9,202209,경남,통영시,3750,32
2022,9,202209,경남,하동군,1131,15
2022,9,202209,경남,함안군,4569,48
2022,9,202209,경남,함양군,981,15
2022,9,202209,경남,합천군,1127,20
2022,9,202209,경북,경산시,10972,104
2022,9,202209,경북,경주시,9730,141
2022,9,202209,경북,고령군,1229,26
2022,9,202209,경북,구미시,14606,231
2022,9,202209,경북,군위군,882,15
2022,9,202209,경북,김천시,4176,96
2022,9,202209,경북,문경시,1925,34
2022,9,202209,경북,봉화군,647,12
2022,9,202209,경북,상주시,2437,59
2022,9,202209,경북,성주군,1771,28
2022,9,202209,경북,안동시,5197,105
2022,9,202209,경북,영덕군,935,18
2022,9,202209,경북,영양군,382,9
2022,9,202209,경북,영주시,2751,59
2022,9,202209,경북,영천시,3632,37
2022,9,202209,경북,예천군,1729,32
2022,9,202209,경북,울릉군,243,2
2022,9,202209,경북,울진군,1536,28
2022,9,202209,경북,의성군,1248,15
2022,9,202209,경북,청도군,1684,12
2022,9,202209,경북,청송군,651,19
2022,9,202209,경북,칠곡군,4403,71
2022,9,202209,경북,포항시,19959,249
2022,9,202209,광주,광산구,18976,222
2022,9,202209,광주,남구,12576,84
2022,9,202209,광주,동구,6629,26
2022,9,202209,광주,북구,18530,146
2022,9,202209,광주,서구,19021,112
2022,9,202209,대구,남구,6942,39
2022,9,202209,대구,달서구,45488,238
2022,9,202209,대구,달성군,11162,132
2022,9,202209,대구,동구,16950,144
2022,9,202209,대구,북구,18331,167
2022,9,202209,대구,서구,5970,31
2022,9,202209,대구,수성구,59769,161
2022,9,202209,대구,중구,25265,32
2022,9,202209,대전,대덕구,6029,72
2022,9,202209,대전,동구,6561,86
2022,9,202209,대전,서구,23011,237
2022,9,202209,대전,유성구,26696,226
2022,9,202209,대전,중구,8784,90
2022,9,202209,부산,강서구,10330,85
2022,9,202209,부산,금정구,9772,52
2022,9,202209,부산,기장군,9587,71
2022,9,202209,부산,남구,14638,59
2022,9,202209,부산,동구,26274,22
2022,9,202209,부산,동래구,13025,41
2022,9,202209,부산,부산진구,22358,61
2022,9,202209,부산,북구,8341,55
2022,9,202209,부산,사상구,6054,24
2022,9,202209,부산,사하구,8413,43
2022,9,202209,부산,서구,3815,5
2022,9,202209,부산,수영구,17248,40
2022,9,202209,부산,연제구,32735,54
2022,9,202209,부산,영도구,2713,13
2022,9,202209,부산,중구,19485,19
2022,9,202209,부산,해운대구,42266,163
2022,9,202209,서울,강남구,95509,267
2022,9,202209,서울,강동구,24621,97
2022,9,202209,서울,강북구,7644,61
2022,9,202209,서울,강서구,30868,135
2022,9,202209,서울,관악구,14354,78
2022,9,202209,서울,광진구,18241,80
2022,9,202209,서울,구로구,16768,100
2022,9,202209,서울,금천구,9598,32
2022,9,202209,서울,노원구,17377,92
2022,9,202209,서울,도봉구,9372,66
2022,9,202209,서울,동대문구,15632,64
2022,9,202209,서울,동작구,19451,54
2022,9,202209,서울,마포구,27481,88
2022,9,202209,서울,서대문구,16284,83
2022,9,202209,서울,서초구,61693,197
2022,9,202209,서울,성동구,25928,92
2022,9,202209,서울,성북구,20161,109
2022,9,202209,서울,송파구,57847,149
2022,9,202209,서울,양천구,25758,76
2022,9,202209,서울,영등포구,26713,88
2022,9,202209,서울,용산구,24683,83
2022,9,202209,서울,은평구,17595,65
2022,9,202209,서울,종로구,11315,76
2022,9,202209,서울,중구,20565,79
2022,9,202209,서울,중랑구,11755,96
2022,9,202209,세종,세종시,24585,316
2022,9,202209,울산,남구,13569,74
2022,9,202209,울산,동구,2995,41
2022,9,202209,울산,북구,5980,70
2022,9,202209,울산,울주군,8450,69
2022,9,202209,울산,중구,6503,54
2022,9,202209,인천,강화군,3677,60
2022,9,202209,인천,계양구,12902,77
2022,9,202209,인천,남동구,54431,191
2022,9,202209,인천,동구,1543,7
2022,9,202209,인천,미추홀구,24325,83
2022,9,202209,인천,부평구,41635,102
2022,9,202209,인천,서구,43410,206
2022,9,202209,인천,연수구,67632,216
2022,9,202209,인천,옹진군,747,10
2022,9,202209,인천,중구,8892,58
2022,9,202209,전남,강진군,931,13
2022,9,202209,전남,고흥군,1542,15
2022,9,202209,전남,곡성군,916,8
2022,9,202209,전남,광양시,5673,73
2022,9,202209,전남,구례군,668,15
2022,9,202209,전남,나주시,5418,66
2022,9,202209,전남,담양군,2036,25
2022,9,202209,전남,목포시,6346,74
2022,9,202209,전남,무안군,3727,49
2022,9,202209,전남,보성군,1100,14
2022,9,202209,전남,순천시,12490,112
2022,9,202209,전남,신안군,2920,26
2022,9,202209,전남,여수시,10517,91
2022,9,202209,전남,영광군,2009,20
2022,9,202209,전남,영암군,1699,35
2022,9,202209,전남,완도군,1481,11
2022,9,202209,전남,장성군,1781,35
2022,9,202209,전남,장흥군,1006,16
2022,9,202209,전남,진도군,842,10
2022,9,202209,전남,함평군,1952,22
2022,9,202209,전남,해남군,2453,32
2022,9,202209,전남,화순군,2359,33
2022,9,202209,전북,고창군,1680,18
2022,9,202209,전북,군산시,10500,97
2022,9,202209,전북,김제시,2653,35
2022,9,202209,전북,남원시,2149,35
2022,9,202209,전북,무주군,726,15
2022,9,202209,전북,부안군,1448,15
2022,9,202209,전북,순창군,777,9
2022,9,202209,전북,완주군,3570,49
2022,9,202209,전북,익산시,9598,121
2022,9,202209,전북,임실군,677,16
2022,9,202209,전북,장수군,560,4
2022,9,202209,전북,전주시,41320,290
2022,9,202209,전북,정읍시,3237,36
2022,9,202209,전북,진안군,678,9
2022,9,202209,제주,서귀포시,8178,97
2022,9,202209,제주,제주시,35716,329
2022,9,202209,충남,계룡시,1949,31
2022,9,202209,충남,공주시,3852,58
2022,9,202209,충남,금산군,1671,24
2022,9,202209,충남,논산시,3319,47
2022,9,202209,충남,당진시,6288,106
2022,9,202209,충남,보령시,3103,45
2022,9,202209,충남,부여군,1640,25
2022,9,202209,충남,서산시,6560,117
2022,9,202209,충남,서천군,1289,19
2022,9,202209,충남,아산시,14813,239
2022,9,202209,충남,예산군,2539,50
2022,9,202209,충남,천안시,32884,433
2022,9,202209,충남,청양군,785,19
2022,9,202209,충남,태안군,2101,38
2022,9,202209,충남,홍성군,3285,51
2022,9,202209,충북,괴산군,1136,32
2022,9,202209,충북,단양군,744,20
2022,9,202209,충북,보은군,911,16
2022,9,202209,충북,영동군,1094,18
2022,9,202209,충북,옥천군,1455,22
2022,9,202209,충북,음성군,3605,63
2022,9,202209,충북,제천시,4338,59
2022,9,202209,충북,증평군,1162,19
2022,9,202209,충북,진천군,3305,64
2022,9,202209,충북,청주시,46851,469
2022,9,202209,충북,충주시,7516,132
2022,10,202210,강원,강릉시,9682,143
2022,10,202210,강원,고성군,1000,25
2022,10,202210,강원,동해시,2533,79
2022,10,202210,강원,삼척시,1678,43
2022,10,202210,강원,속초시,3257,53
2022,10,202210,강원,양구군,608,11
2022,10,202210,강원,양양군,1322,25
2022,10,202210,강원,영월군,1264,27
2022,10,202210,강원,원주시,17876,181
2022,10,202210,강원,인제군,975,20
2022,10,202210,강원,정선군,1243,16
2022,10,202210,강원,철원군,1101,26
2022,10,202210,강원,춘천시,12171,167
2022,10,202210,강원,태백시,1320,21
2022,10,202210,강원,평창군,2053,34
2022,10,202210,강원,홍천군,2202,33
2022,10,202210,강원,화천군,647,8
2022,10,202210,강원,횡성군,1920,27
2022,10,202210,경기,가평군,3161,43
2022,10,202210,경기,고양시,70424,439
2022,10,202210,경기,과천시,7046,23
2022,10,202210,경기,광명시,11692,99
2022,10,202210,경기,광주시,25033,245
2022,10,202210,경기,구리시,9413,60
2022,10,202210,경기,군포시,10006,98
2022,10,202210,경기,김포시,35082,516
2022,10,202210,경기,남양주시,41252,385
2022,10,202210,경기,동두천시,2718,30
2022,10,202210,경기,부천시,31240,236
2022,10,202210,경기,성남시,78482,442
2022,10,202210,경기,수원시,78024,525
2022,10,202210,경기,시흥시,22446,188
2022,10,202210,경기,안산시,25022,230
2022,10,202210,경기,안성시,8605,102
2022,10,202210,경기,안양시,26551,122
2022,10,202210,경기,양주시,10100,152
2022,10,202210,경기,양평군,8597,98
2022,10,202210,경기,여주시,5137,90
2022,10,202210,경기,연천군,1613,28
2022,10,202210,경기,오산시,9981,120
2022,10,202210,경기,용인시,91835,612
2022,10,202210,경기,의왕시,9570,64
2022,10,202210,경기,의정부시,17399,160
2022,10,202210,경기,이천시,11008,160
2022,10,202210,경기,파주시,26619,327
2022,10,202210,경기,평택시,32839,329
2022,10,202210,경기,포천시,6624,81
2022,10,202210,경기,하남시,25008,164
2022,10,202210,경기,화성시,60394,635
2022,10,202210,경남,거제시,7277,73
2022,10,202210,경남,거창군,1886,24
2022,10,202210,경남,고성군,1288,17
2022,10,202210,경남,김해시,22104,190
2022,10,202210,경남,남해군,1080,23
2022,10,202210,경남,밀양시,3247,35
2022,10,202210,경남,사천시,3479,29
2022,10,202210,경남,산청군,1090,12
2022,10,202210,경남,양산시,14066,123
2022,10,202210,경남,의령군,779,12
2022,10,202210,경남,진주시,14143,135
2022,10,202210,경남,창녕군,1916,35
2022,10,202210,경남,창원시,82763,419
2022,10,202210,경남,통영시,3768,32
2022,10,202210,경남,하동군,1139,16
2022,10,202210,경남,함안군,4591,48
2022,10,202210,경남,함양군,990,17
2022,10,202210,경남,합천군,1133,20
2022,10,202210,경북,경산시,11027,105
2022,10,202210,경북,경주시,9774,141
2022,10,202210,경북,고령군,1233,27
2022,10,202210,경북,구미시,14657,234
2022,10,202210,경북,군위군,883,15
2022,10,202210,경북,김천시,4195,97
2022,10,202210,경북,문경시,1945,34
2022,10,202210,경북,봉화군,648,12
2022,10,202210,경북,상주시,2461,56
2022,10,202210,경북,성주군,1784,29
2022,10,202210,경북,안동시,5223,104
2022,10,202210,경북,영덕군,937,18
2022,10,202210,경북,영양군,383,9
2022,10,202210,경북,영주시,2768,60
2022,10,202210,경북,영천시,3662,38
2022,10,202210,경북,예천군,1746,34
2022,10,202210,경북,울릉군,241,2
2022,10,202210,경북,울진군,1529,28
2022,10,202210,경북,의성군,1252,15
2022,10,202210,경북,청도군,1680,12
2022,10,202210,경북,청송군,660,20
2022,10,202210,경북,칠곡군,4436,68
2022,10,202210,경북,포항시,20159,252
2022,10,202210,광주,광산구,19067,223
2022,10,202210,광주,남구,12580,82
2022,10,202210,광주,동구,6716,27
2022,10,202210,광주,북구,18696,149
2022,10,202210,광주,서구,19118,113
2022,10,202210,대구,남구,7021,41
2022,10,202210,대구,달서구,45744,238
2022,10,202210,대구,달성군,11202,130
2022,10,202210,대구,동구,17085,145
2022,10,202210,대구,북구,18401,169
2022,10,202210,대구,서구,6053,31
2022,10,202210,대구,수성구,59910,159
2022,10,202210,대구,중구,25194,33
2022,10,202210,대전,대덕구,6134,72
2022,10,202210,대전,동구,6597,83
2022,10,202210,대전,서구,23161,239
2022,10,202210,대전,유성구,26855,224
2022,10,202210,대전,중구,8826,91
2022,10,202210,부산,강서구,10357,85
2022,10,202210,부산,금정구,9791,53
2022,10,202210,부산,기장군,9718,72
2022,10,202210,부산,남구,14655,57
2022,10,202210,부산,동구,26474,23
2022,10,202210,부산,동래구,13145,41
2022,10,202210,부산,부산진구,22644,61
2022,10,202210,부산,북구,8405,59
2022,10,202210,부산,사상구,6059,23
2022,10,202210,부산,사하구,8509,44
2022,10,202210,부산,서구,3821,5
2022,10,202210,부산,수영구,17147,42
2022,10,202210,부산,연제구,32895,52
2022,10,202210,부산,영도구,2725,12
2022,10,202210,부산,중구,19833,21
2022,10,202210,부산,해운대구,42648,164
2022,10,202210,서울,강남구,95598,269
2022,10,202210,서울,강동구,24718,99
2022,10,202210,서울,강북구,7702,65
2022,10,202210,서울,강서구,31056,133
2022,10,202210,서울,관악구,14456,78
2022,10,202210,서울,광진구,18270,82
2022,10,202210,서울,구로구,16950,99
2022,10,202210,서울,금천구,9661,32
2022,10,202210,서울,노원구,17405,93
2022,10,202210,서울,도봉구,9394,66
2022,10,202210,서울,동대문구,15686,64
2022,10,202210,서울,동작구,19494,57
2022,10,202210,서울,마포구,27582,87
2022,10,202210,서울,서대문구,16388,86
2022,10,202210,서울,서초구,61877,193
2022,10,202210,서울,성동구,26006,91
2022,10,202210,서울,성북구,20230,109
2022,10,202210,서울,송파구,58080,147
2022,10,202210,서울,양천구,25815,75
2022,10,202210,서울,영등포구,26771,91
2022,10,202210,서울,용산구,24739,82
2022,10,202210,서울,은평구,17649,67
2022,10,202210,서울,종로구,11362,73
2022,10,202210,서울,중구,20310,79
2022,10,202210,서울,중랑구,11802,94
2022,10,202210,세종,세종시,24784,315
2022,10,202210,울산,남구,13680,73
2022,10,202210,울산,동구,3005,40
2022,10,202210,울산,북구,6050,69
2022,10,202210,울산,울주군,8488,69
2022,10,202210,울산,중구,6527,54
2022,10,202210,인천,강화군,3689,62
2022,10,202210,인천,계양구,12877,75
2022,10,202210,인천,남동구,55271,189
2022,10,202210,인천,동구,1559,7
2022,10,202210,인천,미추홀구,24421,84
2022,10,202210,인천,부평구,41954,101
2022,10,202210,인천,서구,43980,208
2022,10,202210,인천,연수구,68180,216
2022,10,202210,인천,옹진군,755,10
2022,10,202210,인천,중구,9050,59
2022,10,202210,전남,강진군,931,13
2022,10,202210,전남,고흥군,1561,15
2022,10,202210,전남,곡성군,924,8
2022,10,202210,전남,광양시,5752,73
2022,10,202210,전남,구례군,663,15
2022,10,202210,전남,나주시,5452,67
2022,10,202210,전남,담양군,2055,24
2022,10,202210,전남,목포시,6421,76
2022,10,202210,전남,무안군,3754,48
2022,10,202210,전남,보성군,1099,16
2022,10,202210,전남,순천시,12545,112
2022,10,202210,전남,신안군,2945,26
2022,10,202210,전남,여수시,10597,91
2022,10,202210,전남,영광군,2009,19
2022,10,202210,전남,영암군,1698,34
2022,10,202210,전남,완도군,1483,11
2022,10,202210,전남,장성군,1783,36
2022,10,202210,전남,장흥군,1011,17
2022,10,202210,전남,진도군,848,10
2022,10,202210,전남,함평군,1934,23
2022,10,202210,전남,해남군,2701,31
2022,10,202210,전남,화순군,2362,33
2022,10,202210,전북,고창군,1695,17
2022,10,202210,전북,군산시,10558,99
2022,10,202210,전북,김제시,2670,36
2022,10,202210,전북,남원시,2159,35
2022,10,202210,전북,무주군,730,15
2022,10,202210,전북,부안군,1462,15
2022,10,202210,전북,순창군,790,9
2022,10,202210,전북,완주군,3604,52
2022,10,202210,전북,익산시,9645,121
2022,10,202210,전북,임실군,673,16
2022,10,202210,전북,장수군,565,4
2022,10,202210,전북,전주시,41398,288
2022,10,202210,전북,정읍시,3251,37
2022,10,202210,전북,진안군,671,9
2022,10,202210,제주,서귀포시,8240,96
2022,10,202210,제주,제주시,36265,328
2022,10,202210,충남,계룡시,1983,31
2022,10,202210,충남,공주시,3856,59
2022,10,202210,충남,금산군,1689,23
2022,10,202210,충남,논산시,3325,47
2022,10,202210,충남,당진시,6338,106
2022,10,202210,충남,보령시,3113,45
2022,10,202210,충남,부여군,1651,27
2022,10,202210,충남,서산시,6609,116
2022,10,202210,충남,서천군,1291,19
2022,10,202210,충남,아산시,14926,237
2022,10,202210,충남,예산군,2571,50
2022,10,202210,충남,천안시,33100,434
2022,10,202210,충남,청양군,798,19
2022,10,202210,충남,태안군,2113,37
2022,10,202210,충남,홍성군,3324,50
2022,10,202210,충북,괴산군,1157,31
2022,10,202210,충북,단양군,751,22
2022,10,202210,충북,보은군,929,16
2022,10,202210,충북,영동군,1110,18
2022,10,202210,충북,옥천군,1469,22
2022,10,202210,충북,음성군,3605,63
2022,10,202210,충북,제천시,4344,59
2022,10,202210,충북,증평군,1173,19
2022,10,202210,충북,진천군,3341,64
2022,10,202210,충북,청주시,46908,474
2022,10,202210,충북,충주시,7576,136
2022,11,202211,강원,강릉시,9741,145
2022,11,202211,강원,고성군,1006,23
2022,11,202211,강원,동해시,2560,80
2022,11,202211,강원,삼척시,1699,43
2022,11,202211,강원,속초시,3306,54
2022,11,202211,강원,양구군,608,11
2022,11,202211,강원,양양군,1347,25
2022,11,202211,강원,영월군,1275,27
2022,11,202211,강원,원주시,18016,183
2022,11,202211,강원,인제군,999,21
2022,11,202211,강원,정선군,1263,18
2022,11,202211,강원,철원군,1127,28
2022,11,202211,강원,춘천시,12324,166
2022,11,202211,강원,태백시,1323,21
2022,11,202211,강원,평창군,2087,35
2022,11,202211,강원,홍천군,2240,33
2022,11,202211,강원,화천군,643,9
2022,11,202211,강원,횡성군,1940,27
2022,11,202211,경기,가평군,3206,42
2022,11,202211,경기,고양시,71077,459
2022,11,202211,경기,과천시,7105,25
2022,11,202211,경기,광명시,11777,113
2022,11,202211,경기,광주시,25223,243
2022,11,202211,경기,구리시,9423,58
2022,11,202211,경기,군포시,10065,101
2022,11,202211,경기,김포시,35310,513
2022,11,202211,경기,남양주시,41543,378
2022,11,202211,경기,동두천시,2734,29
2022,11,202211,경기,부천시,31518,233
2022,11,202211,경기,성남시,79007,460
2022,11,202211,경기,수원시,78530,522
2022,11,202211,경기,시흥시,22639,190
2022,11,202211,경기,안산시,25136,228
2022,11,202211,경기,안성시,8702,103
2022,11,202211,경기,안양시,26794,122
2022,11,202211,경기,양주시,10254,151
2022,11,202211,경기,양평군,8651,100
2022,11,202211,경기,여주시,5203,91
2022,11,202211,경기,연천군,1630,29
2022,11,202211,경기,오산시,10076,119
2022,11,202211,경기,용인시,92598,609
2022,11,202211,경기,의왕시,9632,69
2022,11,202211,경기,의정부시,17594,162
2022,11,202211,경기,이천시,11102,159
2022,11,202211,경기,파주시,26941,325
2022,11,202211,경기,평택시,33160,324
2022,11,202211,경기,포천시,6640,83
2022,11,202211,경기,하남시,25222,172
2022,11,202211,경기,화성시,61045,635
2022,11,202211,경남,거제시,7325,73
2022,11,202211,경남,거창군,1892,24
2022,11,202211,경남,고성군,1294,17
2022,11,202211,경남,김해시,22248,211
2022,11,202211,경남,남해군,1088,24
2022,11,202211,경남,밀양시,3279,34
2022,11,202211,경남,사천시,3522,28
2022,11,202211,경남,산청군,1106,12
2022,11,202211,경남,양산시,14218,125
2022,11,202211,경남,의령군,781,13
2022,11,202211,경남,진주시,14311,135
2022,11,202211,경남,창녕군,1922,35
2022,11,202211,경남,창원시,84720,422
2022,11,202211,경남,통영시,3789,33
2022,11,202211,경남,하동군,1141,16
2022,11,202211,경남,함안군,5084,48
2022,11,202211,경남,함양군,1004,17
2022,11,202211,경남,합천군,1156,21
2022,11,202211,경북,경산시,11089,106
2022,11,202211,경북,경주시,9898,142
2022,11,202211,경북,고령군,1249,25
2022,11,202211,경북,구미시,14787,234
2022,11,202211,경북,군위군,885,15
2022,11,202211,경북,김천시,4231,99
2022,11,202211,경북,문경시,1968,33
2022,11,202211,경북,봉화군,658,12
2022,11,202211,경북,상주시,2494,57
2022,11,202211,경북,성주군,1796,30
2022,11,202211,경북,안동시,5253,104
2022,11,202211,경북,영덕군,945,18
2022,11,202211,경북,영양군,386,9
2022,11,202211,경북,영주시,2784,60
2022,11,202211,경북,영천시,3702,40
2022,11,202211,경북,예천군,1769,33
2022,11,202211,경북,울릉군,244,2
2022,11,202211,경북,울진군,1527,27
2022,11,202211,경북,의성군,1256,15
2022,11,202211,경북,청도군,1686,14
2022,11,202211,경북,청송군,660,20
2022,11,202211,경북,칠곡군,4463,68
2022,11,202211,경북,포항시,20374,250
2022,11,202211,광주,광산구,19210,225
2022,11,202211,광주,남구,12622,82
2022,11,202211,광주,동구,6748,26
2022,11,202211,광주,북구,18883,151
2022,11,202211,광주,서구,19249,117
2022,11,202211,대구,남구,7041,40
2022,11,202211,대구,달서구,45875,237
2022,11,202211,대구,달성군,11284,131
2022,11,202211,대구,동구,17199,148
2022,11,202211,대구,북구,18544,167
2022,11,202211,대구,서구,6124,29
2022,11,202211,대구,수성구,60064,159
2022,11,202211,대구,중구,25058,32
2022,11,202211,대전,대덕구,6203,73
2022,11,202211,대전,동구,6662,85
2022,11,202211,대전,서구,23356,234
2022,11,202211,대전,유성구,27092,226
2022,11,202211,대전,중구,8891,94
2022,11,202211,부산,강서구,10407,86
2022,11,202211,부산,금정구,9844,53
2022,11,202211,부산,기장군,9835,72
2022,11,202211,부산,남구,14675,57
2022,11,202211,부산,동구,26443,23
2022,11,202211,부산,동래구,13228,40
2022,11,202211,부산,부산진구,22812,61
2022,11,202211,부산,북구,8420,59
2022,11,202211,부산,사상구,6112,22
2022,11,202211,부산,사하구,8566,46
2022,11,202211,부산,서구,3872,5
2022,11,202211,부산,수영구,17001,44
2022,11,202211,부산,연제구,33088,53
2022,11,202211,부산,영도구,2759,12
2022,11,202211,부산,중구,20048,21
2022,11,202211,부산,해운대구,42755,162
2022,11,202211,서울,강남구,96216,268
2022,11,202211,서울,강동구,24875,101
2022,11,202211,서울,강북구,7756,74
2022,11,202211,서울,강서구,31305,132
2022,11,202211,서울,관악구,14567,78
2022,11,202211,서울,광진구,18339,82
2022,11,202211,서울,구로구,17169,102
2022,11,202211,서울,금천구,9717,32
2022,11,202211,서울,노원구,17513,93
2022,11,202211,서울,도봉구,9467,68
2022,11,202211,서울,동대문구,15836,63
2022,11,202211,서울,동작구,19622,59
2022,11,202211,서울,마포구,27694,97
2022,11,202211,서울,서대문구,16533,90
2022,11,202211,서울,서초구,62269,196
2022,11,202211,서울,성동구,26129,91
2022,11,202211,서울,성북구,20338,109
2022,11,202211,서울,송파구,58384,149
2022,11,202211,서울,양천구,25960,76
2022,11,202211,서울,영등포구,26763,90
2022,11,202211,서울,용산구,24768,86
2022,11,202211,서울,은평구,17752,66
2022,11,202211,서울,종로구,11407,72
2022,11,202211,서울,중구,20182,79
2022,11,202211,서울,중랑구,11905,97
2022,11,202211,세종,세종시,24999,314
2022,11,202211,울산,남구,13799,73
2022,11,202211,울산,동구,3026,39
2022,11,202211,울산,북구,6092,69
2022,11,202211,울산,울주군,8548,71
2022,11,202211,울산,중구,6572,53
2022,11,202211,인천,강화군,3806,63
2022,11,202211,인천,계양구,12767,72
2022,11,202211,인천,남동구,55764,186
2022,11,202211,인천,동구,1600,7
2022,11,202211,인천,미추홀구,24491,86
2022,11,202211,인천,부평구,42101,101
2022,11,202211,인천,서구,44378,211
2022,11,202211,인천,연수구,68978,216
2022,11,202211,인천,옹진군,771,10
2022,11,202211,인천,중구,9175,61
2022,11,202211,전남,강진군,940,13
2022,11,202211,전남,고흥군,1581,15
2022,11,202211,전남,곡성군,930,9
2022,11,202211,전남,광양시,5811,73
2022,11,202211,전남,구례군,673,15
2022,11,202211,전남,나주시,5545,67
2022,11,202211,전남,담양군,2059,23
2022,11,202211,전남,목포시,6485,74
2022,11,202211,전남,무안군,3772,48
2022,11,202211,전남,보성군,1117,16
2022,11,202211,전남,순천시,12637,115
2022,11,202211,전남,신안군,2922,28
2022,11,202211,전남,여수시,10710,92
2022,11,202211,전남,영광군,2010,19
2022,11,202211,전남,영암군,1710,35
2022,11,202211,전남,완도군,1482,11
2022,11,202211,전남,장성군,1788,35
2022,11,202211,전남,장흥군,1007,16
2022,11,202211,전남,진도군,869,10
2022,11,202211,전남,함평군,1902,25
2022,11,202211,전남,해남군,2802,35
2022,11,202211,전남,화순군,2389,33
2022,11,202211,전북,고창군,1708,17
2022,11,202211,전북,군산시,10630,98
2022,11,202211,전북,김제시,2698,36
2022,11,202211,전북,남원시,2179,37
2022,11,202211,전북,무주군,736,15
2022,11,202211,전북,부안군,1483,15
2022,11,202211,전북,순창군,790,9
2022,11,202211,전북,완주군,3632,52
2022,11,202211,전북,익산시,9768,120
2022,11,202211,전북,임실군,674,16
2022,11,202211,전북,장수군,566,4
2022,11,202211,전북,전주시,41518,285
2022,11,202211,전북,정읍시,3265,35
2022,11,202211,전북,진안군,678,9
2022,11,202211,제주,서귀포시,8338,98
2022,11,202211,제주,제주시,36670,325
2022,11,202211,충남,계룡시,1993,28
2022,11,202211,충남,공주시,3875,61
2022,11,202211,충남,금산군,1708,23
2022,11,202211,충남,논산시,3339,48
2022,11,202211,충남,당진시,6364,105
2022,11,202211,충남,보령시,3158,46
2022,11,202211,충남,부여군,1666,26
2022,11,202211,충남,서산시,6668,117
2022,11,202211,충남,서천군,1302,21
2022,11,202211,충남,아산시,15094,234
2022,11,202211,충남,예산군,2592,50
2022,11,202211,충남,천안시,33440,434
2022,11,202211,충남,청양군,805,20
2022,11,202211,충남,태안군,2132,35
2022,11,202211,충남,홍성군,3362,49
2022,11,202211,충북,괴산군,1169,32
2022,11,202211,충북,단양군,763,23
2022,11,202211,충북,보은군,934,17
2022,11,202211,충북,영동군,1119,19
2022,11,202211,충북,옥천군,1500,25
2022,11,202211,충북,음성군,3629,60
2022,11,202211,충북,제천시,4405,59
2022,11,202211,충북,증평군,1170,19
2022,11,202211,충북,진천군,3355,63
2022,11,202211,충북,청주시,47090,469
2022,11,202211,충북,충주시,7610,137
2022,12,202212,강원,강릉시,9818,144
2022,12,202212,강원,고성군,1021,23
2022,12,202212,강원,동해시,2583,81
2022,12,202212,강원,삼척시,1718,42
2022,12,202212,강원,속초시,3335,55
2022,12,202212,강원,양구군,603,11
2022,12,202212,강원,양양군,1361,25
2022,12,202212,강원,영월군,1291,27
2022,12,202212,강원,원주시,18197,183
2022,12,202212,강원,인제군,1029,21
2022,12,202212,강원,정선군,1278,17
2022,12,202212,강원,철원군,1132,27
2022,12,202212,강원,춘천시,12414,164
2022,12,202212,강원,태백시,1339,21
2022,12,202212,강원,평창군,2096,36
2022,12,202212,강원,홍천군,2256,33
2022,12,202212,강원,화천군,641,9
2022,12,202212,강원,횡성군,1947,27
2022,12,202212,경기,가평군,3233,42
2022,12,202212,경기,고양시,71758,470
2022,12,202212,경기,과천시,7195,23
2022,12,202212,경기,광명시,11916,110
2022,12,202212,경기,광주시,25428,240
2022,12,202212,경기,구리시,9515,60
2022,12,202212,경기,군포시,10168,105
2022,12,202212,경기,김포시,35562,536
2022,12,202212,경기,남양주시,41952,380
2022,12,202212,경기,동두천시,2744,29
2022,12,202212,경기,부천시,31722,234
2022,12,202212,경기,성남시,79805,505
2022,12,202212,경기,수원시,79078,526
2022,12,202212,경기,시흥시,22821,196
2022,12,202212,경기,안산시,25326,226
2022,12,202212,경기,안성시,8803,104
2022,12,202212,경기,안양시,26978,123
2022,12,202212,경기,양주시,10435,155
2022,12,202212,경기,양평군,8707,100
2022,12,202212,경기,여주시,5269,89
2022,12,202212,경기,연천군,1623,28
2022,12,202212,경기,오산시,10156,119
2022,12,202212,경기,용인시,93322,613
2022,12,202212,경기,의왕시,9708,72
2022,12,202212,경기,의정부시,17771,160
2022,12,202212,경기,이천시,11206,160
2022,12,202212,경기,파주시,27152,326
2022,12,202212,경기,평택시,33460,324
2022,12,202212,경기,포천시,6686,83
2022,12,202212,경기,하남시,25529,181
2022,12,202212,경기,화성시,61699,647
2022,12,202212,경남,거제시,7391,73
2022,12,202212,경남,거창군,1917,24
2022,12,202212,경남,고성군,1332,18
2022,12,202212,경남,김해시,22469,212
2022,12,202212,경남,남해군,1100,24
2022,12,202212,경남,밀양시,3325,34
2022,12,202212,경남,사천시,3547,27
2022,12,202212,경남,산청군,1108,12
2022,12,202212,경남,양산시,14329,124
2022,12,202212,경남,의령군,788,13
2022,12,202212,경남,진주시,14472,133
2022,12,202212,경남,창녕군,1937,35
2022,12,202212,경남,창원시,87267,425
2022,12,202212,경남,통영시,3829,33
2022,12,202212,경남,하동군,1154,16
2022,12,202212,경남,함안군,5043,48
2022,12,202212,경남,함양군,1003,17
2022,12,202212,경남,합천군,1171,21
2022,12,202212,경북,경산시,11139,106
2022,12,202212,경북,경주시,9967,142
2022,12,202212,경북,고령군,1259,25
2022,12,202212,경북,구미시,14881,234
2022,12,202212,경북,군위군,891,15
2022,12,202212,경북,김천시,4282,100
2022,12,202212,경북,문경시,1973,34
2022,12,202212,경북,봉화군,659,12
2022,12,202212,경북,상주시,2528,57
2022,12,202212,경북,성주군,1801,30
2022,12,202212,경북,안동시,5305,105
2022,12,202212,경북,영덕군,949,18
2022,12,202212,경북,영양군,387,8
2022,12,202212,경북,영주시,2831,62
2022,12,202212,경북,영천시,3742,40
2022,12,202212,경북,예천군,1796,33
2022,12,202212,경북,울릉군,247,2
2022,12,202212,경북,울진군,1557,26
2022,12,202212,경북,의성군,1286,15
2022,12,202212,경북,청도군,1702,14
2022,12,202212,경북,청송군,669,20
2022,12,202212,경북,칠곡군,4504,71
2022,12,202212,경북,포항시,20604,248
2022,12,202212,광주,광산구,19360,222
2022,12,202212,광주,남구,12683,82
2022,12,202212,광주,동구,6815,26
2022,12,202212,광주,북구,19043,150
2022,12,202212,광주,서구,19386,113
2022,12,202212,대구,남구,7097,41
2022,12,202212,대구,달서구,45994,240
2022,12,202212,대구,달성군,11313,137
2022,12,202212,대구,동구,17211,138
2022,12,202212,대구,북구,18689,167
2022,12,202212,대구,서구,6070,31
2022,12,202212,대구,수성구,60666,160
2022,12,202212,대구,중구,24808,31
2022,12,202212,대전,대덕구,6282,73
2022,12,202212,대전,동구,6709,85
2022,12,202212,대전,서구,23451,233
2022,12,202212,대전,유성구,27327,226
2022,12,202212,대전,중구,8953,95
2022,12,202212,부산,강서구,10480,85
2022,12,202212,부산,금정구,9913,53
2022,12,202212,부산,기장군,9870,72
2022,12,202212,부산,남구,14801,55
2022,12,202212,부산,동구,13604,24
2022,12,202212,부산,동래구,13348,40
2022,12,202212,부산,부산진구,22886,63
2022,12,202212,부산,북구,8475,59
2022,12,202212,부산,사상구,6216,22
2022,12,202212,부산,사하구,8625,47
2022,12,202212,부산,서구,3885,6
2022,12,202212,부산,수영구,16861,43
2022,12,202212,부산,연제구,45580,53
2022,12,202212,부산,영도구,2792,12
2022,12,202212,부산,중구,20184,22
2022,12,202212,부산,해운대구,43307,162
2022,12,202212,서울,강남구,96726,267
2022,12,202212,서울,강동구,25068,101
2022,12,202212,서울,강북구,7809,74
2022,12,202212,서울,강서구,31422,131
2022,12,202212,서울,관악구,14589,78
2022,12,202212,서울,광진구,18456,82
2022,12,202212,서울,구로구,17417,106
2022,12,202212,서울,금천구,9803,35
2022,12,202212,서울,노원구,17598,96
2022,12,202212,서울,도봉구,9522,69
2022,12,202212,서울,동대문구,16077,62
2022,12,202212,서울,동작구,19723,59
2022,12,202212,서울,마포구,27938,98
2022,12,202212,서울,서대문구,16684,93
2022,12,202212,서울,서초구,62290,199
2022,12,202212,서울,성동구,25958,90
2022,12,202212,서울,성북구,20436,107
2022,12,202212,서울,송파구,58748,151
2022,12,202212,서울,양천구,26112,77
2022,12,202212,서울,영등포구,26894,90
2022,12,202212,서울,용산구,24870,88
2022,12,202212,서울,은평구,17800,66
2022,12,202212,서울,종로구,11468,73
2022,12,202212,서울,중구,19779,79
2022,12,202212,서울,중랑구,12018,98
2022,12,202212,세종,세종시,25228,316
2022,12,202212,울산,남구,13894,72
2022,12,202212,울산,동구,3047,39
2022,12,202212,울산,북구,6095,71
2022,12,202212,울산,울주군,8612,70
2022,12,202212,울산,중구,6610,53
2022,12,202212,인천,강화군,3821,63
2022,12,202212,인천,계양구,12731,73
2022,12,202212,인천,남동구,56918,185
2022,12,202212,인천,동구,1651,7
2022,12,202212,인천,미추홀구,24509,87
2022,12,202212,인천,부평구,41921,104
2022,12,202212,인천,서구,44795,215
2022,12,202212,인천,연수구,69827,214
2022,12,202212,인천,옹진군,782,10
2022,12,202212,인천,중구,9274,62
2022,12,202212,전남,강진군,960,15
2022,12,202212,전남,고흥군,1586,15
2022,12,202212,전남,곡성군,934,8
2022,12,202212,전남,광양시,5886,74
2022,12,202212,전남,구례군,682,14
2022,12,202212,전남,나주시,5620,67
2022,12,202212,전남,담양군,2077,23
2022,12,202212,전남,목포시,6533,74
2022,12,202212,전남,무안군,3811,47
2022,12,202212,전남,보성군,1114,15
2022,12,202212,전남,순천시,12753,115
2022,12,202212,전남,신안군,2944,28
2022,12,202212,전남,여수시,10799,91
2022,12,202212,전남,영광군,2030,20
2022,12,202212,전남,영암군,1735,33
2022,12,202212,전남,완도군,1507,11
2022,12,202212,전남,장성군,1821,36
2022,12,202212,전남,장흥군,1016,16
2022,12,202212,전남,진도군,865,10
2022,12,202212,전남,함평군,1862,25
2022,12,202212,전남,해남군,2800,34
2022,12,202212,전남,화순군,2408,33
2022,12,202212,전북,고창군,1723,17
2022,12,202212,전북,군산시,10703,96
2022,12,202212,전북,김제시,2730,35
2022,12,202212,전북,남원시,2211,38
2022,12,202212,전북,무주군,741,15
2022,12,202212,전북,부안군,1484,16
2022,12,202212,전북,순창군,788,8
2022,12,202212,전북,완주군,3687,52
2022,12,202212,전북,익산시,9835,122
2022,12,202212,전북,임실군,680,16
2022,12,202212,전북,장수군,570,5
2022,12,202212,전북,전주시,41620,285
2022,12,202212,전북,정읍시,3280,35
2022,12,202212,전북,진안군,680,9
2022,12,202212,제주,서귀포시,8391,100
2022,12,202212,제주,제주시,36951,324
2022,12,202212,충남,계룡시,2019,31
2022,12,202212,충남,공주시,3888,62
2022,12,202212,충남,금산군,1714,23
2022,12,202212,충남,논산시,3368,49
2022,12,202212,충남,당진시,6429,104
2022,12,202212,충남,보령시,3189,48
2022,12,202212,충남,부여군,1676,26
2022,12,202212,충남,서산시,6711,114
2022,12,202212,충남,서천군,1301,21
2022,12,202212,충남,아산시,15253,236
2022,12,202212,충남,예산군,2616,50
2022,12,202212,충남,천안시,33711,432
2022,12,202212,충남,청양군,817,20
2022,12,202212,충남,태안군,2154,33
2022,12,202212,충남,홍성군,3366,49
2022,12,202212,충북,괴산군,1191,32
2022,12,202212,충북,단양군,767,22
2022,12,202212,충북,보은군,948,17
2022,12,202212,충북,영동군,1140,20
2022,12,202212,충북,옥천군,1514,25
2022,12,202212,충북,음성군,3659,59
2022,12,202212,충북,제천시,4456,57
2022,12,202212,충북,증평군,1176,19
2022,12,202212,충북,진천군,3391,62
2022,12,202212,충북,청주시,47266,469
2022,12,202212,충북,충주시,7708,136
2023,1,202301,강원,강릉시,9868,144
2023,1,202301,강원,고성군,1013,23
2023,1,202301,강원,동해시,2585,81
2023,1,202301,강원,삼척시,1729,41
2023,1,202301,강원,속초시,3365,56
2023,1,202301,강원,양구군,607,10
2023,1,202301,강원,양양군,1376,24
2023,1,202301,강원,영월군,1302,27
2023,1,202301,강원,원주시,18274,184
2023,1,202301,강원,인제군,1045,21
2023,1,202301,강원,정선군,1277,17
2023,1,202301,강원,철원군,1136,26
2023,1,202301,강원,춘천시,12464,165
2023,1,202301,강원,태백시,1347,21
2023,1,202301,강원,평창군,2096,36
2023,1,202301,강원,홍천군,2268,33
2023,1,202301,강원,화천군,647,9
2023,1,202301,강원,횡성군,1958,29
2023,1,202301,경기,가평군,3268,43
2023,1,202301,경기,고양시,72177,479
2023,1,202301,경기,과천시,7251,25
2023,1,202301,경기,광명시,11930,121
2023,1,202301,경기,광주시,25523,242
2023,1,202301,경기,구리시,9552,60
2023,1,202301,경기,군포시,10217,106
2023,1,202301,경기,김포시,35429,534
2023,1,202301,경기,남양주시,42121,376
2023,1,202301,경기,동두천시,2754,29
2023,1,202301,경기,부천시,31747,234
2023,1,202301,경기,성남시,80146,505
2023,1,202301,경기,수원시,78496,532
2023,1,202301,경기,시흥시,22923,197
2023,1,202301,경기,안산시,25350,223
2023,1,202301,경기,안성시,8814,104
2023,1,202301,경기,안양시,27084,122
2023,1,202301,경기,양주시,10598,156
2023,1,202301,경기,양평군,8707,99
2023,1,202301,경기,여주시,5325,88
2023,1,202301,경기,연천군,1644,30
2023,1,202301,경기,오산시,10227,121
2023,1,202301,경기,용인시,93528,609
2023,1,202301,경기,의왕시,9744,75
2023,1,202301,경기,의정부시,17855,160
2023,1,202301,경기,이천시,11265,160
2023,1,202301,경기,파주시,27293,327
2023,1,202301,경기,평택시,33756,323
2023,1,202301,경기,포천시,6716,83
2023,1,202301,경기,하남시,25636,180
2023,1,202301,경기,화성시,62212,654
2023,1,202301,경남,거제시,7415,73
2023,1,202301,경남,거창군,1937,24
2023,1,202301,경남,고성군,1345,18
2023,1,202301,경남,김해시,22649,213
2023,1,202301,경남,남해군,1104,23
2023,1,202301,경남,밀양시,3344,34
2023,1,202301,경남,사천시,3569,27
2023,1,202301,경남,산청군,1122,12
2023,1,202301,경남,양산시,14390,122
2023,1,202301,경남,의령군,795,13
2023,1,202301,경남,진주시,14558,135
2023,1,202301,경남,창녕군,1942,34
2023,1,202301,경남,창원시,87901,438
2023,1,202301,경남,통영시,3841,33
2023,1,202301,경남,하동군,1170,16
2023,1,202301,경남,함안군,5018,47
2023,1,202301,경남,함양군,1005,19
2023,1,202301,경남,합천군,1171,22
2023,1,202301,경북,경산시,11151,108
2023,1,202301,경북,경주시,10016,144
2023,1,202301,경북,고령군,1257,25
2023,1,202301,경북,구미시,14979,234
2023,1,202301,경북,군위군,889,15
2023,1,202301,경북,김천시,4323,101
2023,1,202301,경북,문경시,1978,34
2023,1,202301,경북,봉화군,666,12
2023,1,202301,경북,상주시,2552,56
2023,1,202301,경북,성주군,1818,30
2023,1,202301,경북,안동시,5318,103
2023,1,202301,경북,영덕군,950,18
2023,1,202301,경북,영양군,386,8
2023,1,202301,경북,영주시,2853,62
2023,1,202301,경북,영천시,3781,38
2023,1,202301,경북,예천군,1789,33
2023,1,202301,경북,울릉군,247,2
2023,1,202301,경북,울진군,1553,27
2023,1,202301,경북,의성군,1304,16
2023,1,202301,경북,청도군,1718,14
2023,1,202301,경북,청송군,673,20
2023,1,202301,경북,칠곡군,4521,69
2023,1,202301,경북,포항시,20741,248
2023,1,202301,광주,광산구,19371,224
2023,1,202301,광주,남구,12736,83
2023,1,202301,광주,동구,6863,25
2023,1,202301,광주,북구,19126,147
2023,1,202301,광주,서구,19397,111
2023,1,202301,대구,남구,7123,41
2023,1,202301,대구,달서구,46043,241
2023,1,202301,대구,달성군,11337,134
2023,1,202301,대구,동구,17226,138
2023,1,202301,대구,북구,18733,167
2023,1,202301,대구,서구,6023,31
2023,1,202301,대구,수성구,60782,158
2023,1,202301,대구,중구,24600,32
2023,1,202301,대전,대덕구,6285,73
2023,1,202301,대전,동구,6775,86
2023,1,202301,대전,서구,23603,230
2023,1,202301,대전,유성구,27457,227
2023,1,202301,대전,중구,8974,96
2023,1,202301,부산,강서구,10536,85
2023,1,202301,부산,금정구,9906,52
2023,1,202301,부산,기장군,9894,74
2023,1,202301,부산,남구,14877,53
2023,1,202301,부산,동구,13489,23
2023,1,202301,부산,동래구,13428,38
2023,1,202301,부산,부산진구,22928,76
2023,1,202301,부산,북구,8510,58
2023,1,202301,부산,사상구,6243,22
2023,1,202301,부산,사하구,8666,46
2023,1,202301,부산,서구,3933,5
2023,1,202301,부산,수영구,16707,40
2023,1,202301,부산,연제구,45485,55
2023,1,202301,부산,영도구,2803,13
2023,1,202301,부산,중구,20286,24
2023,1,202301,부산,해운대구,43426,149
2023,1,202301,서울,강남구,97117,267
2023,1,202301,서울,강동구,25179,101
2023,1,202301,서울,강북구,7837,75
2023,1,202301,서울,강서구,31174,136
2023,1,202301,서울,관악구,14651,77
2023,1,202301,서울,광진구,18523,82
2023,1,202301,서울,구로구,17534,107
2023,1,202301,서울,금천구,9866,35
2023,1,202301,서울,노원구,17645,98
2023,1,202301,서울,도봉구,9527,73
2023,1,202301,서울,동대문구,16129,62
2023,1,202301,서울,동작구,19780,59
2023,1,202301,서울,마포구,28091,105
2023,1,202301,서울,서대문구,16795,93
2023,1,202301,서울,서초구,62359,197
2023,1,202301,서울,성동구,25971,89
2023,1,202301,서울,성북구,20492,106
2023,1,202301,서울,송파구,58937,151
2023,1,202301,서울,양천구,26171,78
2023,1,202301,서울,영등포구,26966,91
2023,1,202301,서울,용산구,24878,90
2023,1,202301,서울,은평구,17846,69
2023,1,202301,서울,종로구,11474,74
2023,1,202301,서울,중구,19505,80
2023,1,202301,서울,중랑구,12116,97
2023,1,202301,세종,세종시,25401,312
2023,1,202301,울산,남구,13950,72
2023,1,202301,울산,동구,3065,36
2023,1,202301,울산,북구,6132,73
2023,1,202301,울산,울주군,8660,73
2023,1,202301,울산,중구,6636,53
2023,1,202301,인천,강화군,3824,64
2023,1,202301,인천,계양구,12723,72
2023,1,202301,인천,남동구,57419,181
2023,1,202301,인천,동구,1683,6
2023,1,202301,인천,미추홀구,24480,86
2023,1,202301,인천,부평구,41905,104
2023,1,202301,인천,서구,45075,223
2023,1,202301,인천,연수구,70356,215
2023,1,202301,인천,옹진군,791,10
2023,1,202301,인천,중구,9306,60
2023,1,202301,전남,강진군,983,15
2023,1,202301,전남,고흥군,1603,15
2023,1,202301,전남,곡성군,938,8
2023,1,202301,전남,광양시,5933,73
2023,1,202301,전남,구례군,686,14
2023,1,202301,전남,나주시,5673,67
2023,1,202301,전남,담양군,2107,23
2023,1,202301,전남,목포시,6568,73
2023,1,202301,전남,무안군,3854,46
2023,1,202301,전남,보성군,1161,15
2023,1,202301,전남,순천시,12807,117
2023,1,202301,전남,신안군,2963,29
2023,1,202301,전남,여수시,10870,89
2023,1,202301,전남,영광군,2042,20
2023,1,202301,전남,영암군,1771,33
2023,1,202301,전남,완도군,1512,11
2023,1,202301,전남,장성군,1830,39
2023,1,202301,전남,장흥군,1013,15
2023,1,202301,전남,진도군,864,11
2023,1,202301,전남,함평군,1839,24
2023,1,202301,전남,해남군,2747,34
2023,1,202301,전남,화순군,2422,32
2023,1,202301,전북,고창군,1726,16
2023,1,202301,전북,군산시,10747,94
2023,1,202301,전북,김제시,2767,35
2023,1,202301,전북,남원시,2233,38
2023,1,202301,전북,무주군,733,14
2023,1,202301,전북,부안군,1493,16
2023,1,202301,전북,순창군,798,9
2023,1,202301,전북,완주군,3719,54
2023,1,202301,전북,익산시,9871,122
2023,1,202301,전북,임실군,676,15
2023,1,202301,전북,장수군,576,5
2023,1,202301,전북,전주시,41605,285
2023,1,202301,전북,정읍시,3328,35
2023,1,202301,전북,진안군,688,10
2023,1,202301,제주,서귀포시,8413,101
2023,1,202301,제주,제주시,37033,322
2023,1,202301,충남,계룡시,2012,31
2023,1,202301,충남,공주시,3928,61
2023,1,202301,충남,금산군,1719,24
2023,1,202301,충남,논산시,3352,48
2023,1,202301,충남,당진시,6454,104
2023,1,202301,충남,보령시,3208,49
2023,1,202301,충남,부여군,1680,25
2023,1,202301,충남,서산시,6739,117
2023,1,202301,충남,서천군,1331,21
2023,1,202301,충남,아산시,15415,233
2023,1,202301,충남,예산군,2645,51
2023,1,202301,충남,천안시,33783,441
2023,1,202301,충남,청양군,822,19
2023,1,202301,충남,태안군,2153,33
2023,1,202301,충남,홍성군,3400,45
2023,1,202301,충북,괴산군,1197,32
2023,1,202301,충북,단양군,775,23
2023,1,202301,충북,보은군,952,17
2023,1,202301,충북,영동군,1150,20
2023,1,202301,충북,옥천군,1518,23
2023,1,202301,충북,음성군,3686,61
2023,1,202301,충북,제천시,4462,58
2023,1,202301,충북,증평군,1184,18
2023,1,202301,충북,진천군,3406,62
2023,1,202301,충북,청주시,47297,474
2023,1,202301,충북,충주시,7767,135
2023,2,202302,강원,강릉시,9932,145
2023,2,202302,강원,고성군,1009,23
2023,2,202302,강원,동해시,2612,80
2023,2,202302,강원,삼척시,1746,41
2023,2,202302,강원,속초시,3375,54
2023,2,202302,강원,양구군,622,10
2023,2,202302,강원,양양군,1392,25
2023,2,202302,강원,영월군,1300,26
2023,2,202302,강원,원주시,18394,185
2023,2,202302,강원,인제군,1038,21
2023,2,202302,강원,정선군,1279,17
2023,2,202302,강원,철원군,1138,26
2023,2,202302,강원,춘천시,12552,169
2023,2,202302,강원,태백시,1355,21
2023,2,202302,강원,평창군,2095,35
2023,2,202302,강원,홍천군,2295,34
2023,2,202302,강원,화천군,653,8
2023,2,202302,강원,횡성군,1986,28
2023,2,202302,경기,가평군,3288,41
2023,2,202302,경기,고양시,72701,482
2023,2,202302,경기,과천시,7314,26
2023,2,202302,경기,광명시,11974,121
2023,2,202302,경기,광주시,25625,246
2023,2,202302,경기,구리시,9586,69
2023,2,202302,경기,군포시,10270,105
2023,2,202302,경기,김포시,35302,530
2023,2,202302,경기,남양주시,42324,389
2023,2,202302,경기,동두천시,2769,29
2023,2,202302,경기,부천시,31687,233
2023,2,202302,경기,성남시,80471,504
2023,2,202302,경기,수원시,78315,522
2023,2,202302,경기,시흥시,23121,184
2023,2,202302,경기,안산시,25200,220
2023,2,202302,경기,안성시,8838,104
2023,2,202302,경기,안양시,27273,122
2023,2,202302,경기,양주시,10824,156
2023,2,202302,경기,양평군,8783,100
2023,2,202302,경기,여주시,5369,89
2023,2,202302,경기,연천군,1627,30
2023,2,202302,경기,오산시,10317,120
2023,2,202302,경기,용인시,93712,606
2023,2,202302,경기,의왕시,9787,77
2023,2,202302,경기,의정부시,17938,159
2023,2,202302,경기,이천시,11340,159
2023,2,202302,경기,파주시,27513,330
2023,2,202302,경기,평택시,34055,340
2023,2,202302,경기,포천시,6711,86
2023,2,202302,경기,하남시,25803,177
2023,2,202302,경기,화성시,62858,659
2023,2,202302,경남,거제시,7436,72
2023,2,202302,경남,거창군,1958,25
2023,2,202302,경남,고성군,1354,18
2023,2,202302,경남,김해시,22762,207
2023,2,202302,경남,남해군,1118,23
2023,2,202302,경남,밀양시,3352,33
2023,2,202302,경남,사천시,3600,28
2023,2,202302,경남,산청군,1119,12
2023,2,202302,경남,양산시,14501,118
2023,2,202302,경남,의령군,800,14
2023,2,202302,경남,진주시,14655,136
2023,2,202302,경남,창녕군,1970,35
2023,2,202302,경남,창원시,89404,440
2023,2,202302,경남,통영시,3861,34
2023,2,202302,경남,하동군,1164,17
2023,2,202302,경남,함안군,5007,46
2023,2,202302,경남,함양군,1018,19
2023,2,202302,경남,합천군,1182,22
2023,2,202302,경북,경산시,11246,106
2023,2,202302,경북,경주시,10060,143
2023,2,202302,경북,고령군,1265,25
2023,2,202302,경북,구미시,15113,232
2023,2,202302,경북,군위군,895,15
2023,2,202302,경북,김천시,4348,101
2023,2,202302,경북,문경시,1981,34
2023,2,202302,경북,봉화군,670,11
2023,2,202302,경북,상주시,2549,55
2023,2,202302,경북,성주군,1825,30
2023,2,202302,경북,안동시,5353,101
2023,2,202302,경북,영덕군,955,19
2023,2,202302,경북,영양군,382,8
2023,2,202302,경북,영주시,2881,63
2023,2,202302,경북,영천시,3810,38
2023,2,202302,경북,예천군,1824,34
2023,2,202302,경북,울릉군,254,2
2023,2,202302,경북,울진군,1543,27
2023,2,202302,경북,의성군,1324,17
2023,2,202302,경북,청도군,1738,15
2023,2,202302,경북,청송군,679,20
2023,2,202302,경북,칠곡군,4559,70
2023,2,202302,경북,포항시,20884,250
2023,2,202302,광주,광산구,19462,222
2023,2,202302,광주,남구,12792,80
2023,2,202302,광주,동구,6925,26
2023,2,202302,광주,북구,19316,149
2023,2,202302,광주,서구,19396,110
2023,2,202302,대구,남구,7178,41
2023,2,202302,대구,달서구,46114,239
2023,2,202302,대구,달성군,11396,134
2023,2,202302,대구,동구,17185,137
2023,2,202302,대구,북구,18766,169
2023,2,202302,대구,서구,5970,31
2023,2,202302,대구,수성구,61125,159
2023,2,202302,대구,중구,24398,30
2023,2,202302,대전,대덕구,6301,75
2023,2,202302,대전,동구,6852,84
2023,2,202302,대전,서구,23709,232
2023,2,202302,대전,유성구,27610,227
2023,2,202302,대전,중구,8998,99
2023,2,202302,부산,강서구,10587,85
2023,2,202302,부산,금정구,9904,52
2023,2,202302,부산,기장군,9987,75
2023,2,202302,부산,남구,14902,51
2023,2,202302,부산,동구,13486,25
2023,2,202302,부산,동래구,13544,41
2023,2,202302,부산,부산진구,23372,76
2023,2,202302,부산,북구,8552,55
2023,2,202302,부산,사상구,6223,23
2023,2,202302,부산,사하구,8720,47
2023,2,202302,부산,서구,3972,6
2023,2,202302,부산,수영구,16695,42
2023,2,202302,부산,연제구,45837,55
2023,2,202302,부산,영도구,2814,13
2023,2,202302,부산,중구,20393,23
2023,2,202302,부산,해운대구,43350,151
2023,2,202302,서울,강남구,97534,272
2023,2,202302,서울,강동구,25279,102
2023,2,202302,서울,강북구,7864,73
2023,2,202302,서울,강서구,31024,130
2023,2,202302,서울,관악구,14694,78
2023,2,202302,서울,광진구,18576,85
2023,2,202302,서울,구로구,17574,109
2023,2,202302,서울,금천구,9947,35
2023,2,202302,서울,노원구,17717,101
2023,2,202302,서울,도봉구,9536,75
2023,2,202302,서울,동대문구,16289,66
2023,2,202302,서울,동작구,19811,59
2023,2,202302,서울,마포구,28201,106
2023,2,202302,서울,서대문구,16916,94
2023,2,202302,서울,서초구,62444,196
2023,2,202302,서울,성동구,25881,89
2023,2,202302,서울,성북구,20557,105
2023,2,202302,서울,송파구,59208,148
2023,2,202302,서울,양천구,26295,87
2023,2,202302,서울,영등포구,27012,94
2023,2,202302,서울,용산구,24946,89
2023,2,202302,서울,은평구,17844,74
2023,2,202302,서울,종로구,11524,77
2023,2,202302,서울,중구,19347,80
2023,2,202302,서울,중랑구,12196,99
2023,2,202302,세종,세종시,25639,306
2023,2,202302,울산,남구,14048,71
2023,2,202302,울산,동구,3088,36
2023,2,202302,울산,북구,6155,72
2023,2,202302,울산,울주군,8693,73
2023,2,202302,울산,중구,6653,51
2023,2,202302,인천,강화군,3825,63
2023,2,202302,인천,계양구,12723,72
2023,2,202302,인천,남동구,58352,181
2023,2,202302,인천,동구,1721,9
2023,2,202302,인천,미추홀구,24491,86
2023,2,202302,인천,부평구,41699,105
2023,2,202302,인천,서구,45376,226
2023,2,202302,인천,연수구,71010,211
2023,2,202302,인천,옹진군,792,11
2023,2,202302,인천,중구,9372,58
2023,2,202302,전남,강진군,991,18
2023,2,202302,전남,고흥군,1622,15
2023,2,202302,전남,곡성군,943,8
2023,2,202302,전남,광양시,5970,70
2023,2,202302,전남,구례군,695,14
2023,2,202302,전남,나주시,5703,67
2023,2,202302,전남,담양군,2119,24
2023,2,202302,전남,목포시,6605,75
2023,2,202302,전남,무안군,3886,46
2023,2,202302,전남,보성군,1166,14
2023,2,202302,전남,순천시,12896,118
2023,2,202302,전남,신안군,2979,30
2023,2,202302,전남,여수시,10952,89
2023,2,202302,전남,영광군,2057,20
2023,2,202302,전남,영암군,1797,33
2023,2,202302,전남,완도군,1529,11
2023,2,202302,전남,장성군,1839,39
2023,2,202302,전남,장흥군,1023,13
2023,2,202302,전남,진도군,883,11
2023,2,202302,전남,함평군,1790,23
2023,2,202302,전남,해남군,2690,34
2023,2,202302,전남,화순군,2420,31
2023,2,202302,전북,고창군,1727,16
2023,2,202302,전북,군산시,10812,95
2023,2,202302,전북,김제시,2774,36
2023,2,202302,전북,남원시,2247,37
2023,2,202302,전북,무주군,734,14
2023,2,202302,전북,부안군,1505,16
2023,2,202302,전북,순창군,809,9
2023,2,202302,전북,완주군,3760,54
2023,2,202302,전북,익산시,9892,120
2023,2,202302,전북,임실군,693,15
2023,2,202302,전북,장수군,581,5
2023,2,202302,전북,전주시,41574,282
2023,2,202302,전북,정읍시,3343,37
2023,2,202302,전북,진안군,710,9
2023,2,202302,제주,서귀포시,8461,100
2023,2,202302,제주,제주시,37326,318
2023,2,202302,충남,계룡시,2036,33
2023,2,202302,충남,공주시,3964,60
2023,2,202302,충남,금산군,1743,24
2023,2,202302,충남,논산시,3346,47
2023,2,202302,충남,당진시,6523,103
2023,2,202302,충남,보령시,3221,48
2023,2,202302,충남,부여군,1690,25
2023,2,202302,충남,서산시,6782,117
2023,2,202302,충남,서천군,1333,22
2023,2,202302,충남,아산시,15569,234
2023,2,202302,충남,예산군,2704,50
2023,2,202302,충남,천안시,33936,438
2023,2,202302,충남,청양군,822,19
2023,2,202302,충남,태안군,2154,35
2023,2,202302,충남,홍성군,3408,46
2023,2,202302,충북,괴산군,1196,33
2023,2,202302,충북,단양군,773,25
2023,2,202302,충북,보은군,955,17
2023,2,202302,충북,영동군,1153,21
2023,2,202302,충북,옥천군,1528,24
2023,2,202302,충북,음성군,3723,61
2023,2,202302,충북,제천시,4495,59
2023,2,202302,충북,증평군,1189,16
2023,2,202302,충북,진천군,3432,64
2023,2,202302,충북,청주시,47417,478
2023,2,202302,충북,충주시,7803,136
2023,3,202303,강원,강릉시,10054,145
2023,3,202303,강원,고성군,1004,23
2023,3,202303,강원,동해시,2639,81
2023,3,202303,강원,삼척시,1769,41
2023,3,202303,강원,속초시,3402,54
2023,3,202303,강원,양구군,624,10
2023,3,202303,강원,양양군,1398,27
2023,3,202303,강원,영월군,1312,25
2023,3,202303,강원,원주시,18523,186
2023,3,202303,강원,인제군,1040,20
2023,3,202303,강원,정선군,1283,18
2023,3,202303,강원,철원군,1149,26
2023,3,202303,강원,춘천시,12629,169
2023,3,202303,강원,태백시,1359,22
2023,3,202303,강원,평창군,2079,34
2023,3,202303,강원,홍천군,2313,34
2023,3,202303,강원,화천군,651,8
2023,3,202303,강원,횡성군,1998,29
2023,3,202303,경기,가평군,3318,42
2023,3,202303,경기,고양시,73247,480
2023,3,202303,경기,과천시,7384,27
2023,3,202303,경기,광명시,12001,120
2023,3,202303,경기,광주시,25762,255
2023,3,202303,경기,구리시,9691,71
2023,3,202303,경기,군포시,10311,104
2023,3,202303,경기,김포시,35436,527
2023,3,202303,경기,남양주시,42563,389
2023,3,202303,경기,동두천시,2773,28
2023,3,202303,경기,부천시,31798,234
2023,3,202303,경기,성남시,80915,518
2023,3,202303,경기,수원시,78328,520
2023,3,202303,경기,시흥시,23430,184
2023,3,202303,경기,안산시,25313,219
2023,3,202303,경기,안성시,8856,108
2023,3,202303,경기,안양시,27434,117
2023,3,202303,경기,양주시,11084,153
2023,3,202303,경기,양평군,8837,92
2023,3,202303,경기,여주시,5411,89
2023,3,202303,경기,연천군,1631,37
2023,3,202303,경기,오산시,10317,121
2023,3,202303,경기,용인시,93939,602
2023,3,202303,경기,의왕시,9826,74
2023,3,202303,경기,의정부시,18096,162
2023,3,202303,경기,이천시,11384,157
2023,3,202303,경기,파주시,27741,326
2023,3,202303,경기,평택시,34476,346
2023,3,202303,경기,포천시,6746,85
2023,3,202303,경기,하남시,25951,179
2023,3,202303,경기,화성시,63521,673
2023,3,202303,경남,거제시,7483,70
2023,3,202303,경남,거창군,1961,25
2023,3,202303,경남,고성군,1355,18
2023,3,202303,경남,김해시,22920,205
2023,3,202303,경남,남해군,1132,23
2023,3,202303,경남,밀양시,3385,32
2023,3,202303,경남,사천시,3658,29
2023,3,202303,경남,산청군,1146,12
2023,3,202303,경남,양산시,14690,122
2023,3,202303,경남,의령군,797,14
2023,3,202303,경남,진주시,14774,136
2023,3,202303,경남,창녕군,1978,34
2023,3,202303,경남,창원시,90590,446
2023,3,202303,경남,통영시,3875,35
2023,3,202303,경남,하동군,1179,17
2023,3,202303,경남,함안군,4983,42
2023,3,202303,경남,함양군,1038,19
2023,3,202303,경남,합천군,1192,21
2023,3,202303,경북,경산시,11311,106
2023,3,202303,경북,경주시,10144,143
2023,3,202303,경북,고령군,1291,25
2023,3,202303,경북,구미시,15249,229
2023,3,202303,경북,군위군,905,16
2023,3,202303,경북,김천시,4371,99
2023,3,202303,경북,문경시,1995,34
2023,3,202303,경북,봉화군,674,11
2023,3,202303,경북,상주시,2563,55
2023,3,202303,경북,성주군,1840,29
2023,3,202303,경북,안동시,5372,101
2023,3,202303,경북,영덕군,972,21
2023,3,202303,경북,영양군,385,8
2023,3,202303,경북,영주시,2917,61
2023,3,202303,경북,영천시,3807,39
2023,3,202303,경북,예천군,1841,33
2023,3,202303,경북,울릉군,265,2
2023,3,202303,경북,울진군,1560,28
2023,3,202303,경북,의성군,1355,18
2023,3,202303,경북,청도군,1765,15
2023,3,202303,경북,청송군,682,20
2023,3,202303,경북,칠곡군,4584,72
2023,3,202303,경북,포항시,21016,251
2023,3,202303,광주,광산구,19522,223
2023,3,202303,광주,남구,12861,78
2023,3,202303,광주,동구,6976,26
2023,3,202303,광주,북구,19409,152
2023,3,202303,광주,서구,19520,109
2023,3,202303,대구,남구,7216,40
2023,3,202303,대구,달서구,46227,239
2023,3,202303,대구,달성군,11456,135
2023,3,202303,대구,동구,17238,137
2023,3,202303,대구,북구,18727,169
2023,3,202303,대구,서구,5959,31
2023,3,202303,대구,수성구,61167,159
2023,3,202303,대구,중구,24293,29
2023,3,202303,대전,대덕구,6332,73
2023,3,202303,대전,동구,6894,84
2023,3,202303,대전,서구,23782,233
2023,3,202303,대전,유성구,27763,235
2023,3,202303,대전,중구,9021,96
2023,3,202303,부산,강서구,10654,84
2023,3,202303,부산,금정구,9937,51
2023,3,202303,부산,기장군,10105,72
2023,3,202303,부산,남구,15005,50
2023,3,202303,부산,동구,13445,26
2023,3,202303,부산,동래구,13651,40
2023,3,202303,부산,부산진구,23661,76
2023,3,202303,부산,북구,8643,56
2023,3,202303,부산,사상구,6257,22
2023,3,202303,부산,사하구,8757,45
2023,3,202303,부산,서구,3991,6
2023,3,202303,부산,수영구,16679,43
2023,3,202303,부산,연제구,45890,56
2023,3,202303,부산,영도구,2825,13
2023,3,202303,부산,중구,20632,23
2023,3,202303,부산,해운대구,43392,151
2023,3,202303,서울,강남구,98256,274
2023,3,202303,서울,강동구,25409,102
2023,3,202303,서울,강북구,7898,82
2023,3,202303,서울,강서구,31058,129
2023,3,202303,서울,관악구,14777,79
2023,3,202303,서울,광진구,18660,84
2023,3,202303,서울,구로구,17648,106
2023,3,202303,서울,금천구,10024,34
2023,3,202303,서울,노원구,17767,102
2023,3,202303,서울,도봉구,9567,74
2023,3,202303,서울,동대문구,16397,63
2023,3,202303,서울,동작구,20039,58
2023,3,202303,서울,마포구,28349,107
2023,3,202303,서울,서대문구,17034,93
2023,3,202303,서울,서초구,62597,194
2023,3,202303,서울,성동구,25933,90
2023,3,202303,서울,성북구,20636,107
2023,3,202303,서울,송파구,59413,150
2023,3,202303,서울,양천구,26300,88
2023,3,202303,서울,영등포구,27093,94
2023,3,202303,서울,용산구,24954,86
2023,3,202303,서울,은평구,17885,76
2023,3,202303,서울,종로구,11571,76
2023,3,202303,서울,중구,19077,79
2023,3,202303,서울,중랑구,12273,101
2023,3,202303,세종,세종시,25878,306
2023,3,202303,울산,남구,14167,72
2023,3,202303,울산,동구,3118,36
2023,3,202303,울산,북구,6186,71
2023,3,202303,울산,울주군,8772,75
2023,3,202303,울산,중구,6717,51
2023,3,202303,인천,강화군,3830,62
2023,3,202303,인천,계양구,12677,72
2023,3,202303,인천,남동구,58845,184
2023,3,202303,인천,동구,1781,9
2023,3,202303,인천,미추홀구,24506,87
2023,3,202303,인천,부평구,41956,105
2023,3,202303,인천,서구,45669,228
2023,3,202303,인천,연수구,71543,215
2023,3,202303,인천,옹진군,794,11
2023,3,202303,인천,중구,9402,59
2023,3,202303,전남,강진군,978,16
2023,3,202303,전남,고흥군,1630,15
2023,3,202303,전남,곡성군,950,9
2023,3,202303,전남,광양시,6016,70
2023,3,202303,전남,구례군,701,14
2023,3,202303,전남,나주시,5770,66
2023,3,202303,전남,담양군,2153,24
2023,3,202303,전남,목포시,6669,76
2023,3,202303,전남,무안군,3943,47
2023,3,202303,전남,보성군,1168,15
2023,3,202303,전남,순천시,13023,118
2023,3,202303,전남,신안군,2991,30
2023,3,202303,전남,여수시,11039,92
2023,3,202303,전남,영광군,2079,20
2023,3,202303,전남,영암군,1816,33
2023,3,202303,전남,완도군,1522,11
2023,3,202303,전남,장성군,1853,39
2023,3,202303,전남,장흥군,1037,14
2023,3,202303,전남,진도군,875,11
2023,3,202303,전남,함평군,1762,23
2023,3,202303,전남,해남군,2685,39
2023,3,202303,전남,화순군,2447,31
2023,3,202303,전북,고창군,1745,16
2023,3,202303,전북,군산시,10880,97
2023,3,202303,전북,김제시,2802,34
2023,3,202303,전북,남원시,2259,36
2023,3,202303,전북,무주군,739,14
2023,3,202303,전북,부안군,1515,16
2023,3,202303,전북,순창군,816,9
2023,3,202303,전북,완주군,3806,55
2023,3,202303,전북,익산시,9930,120
2023,3,202303,전북,임실군,705,15
2023,3,202303,전북,장수군,584,6
2023,3,202303,전북,전주시,41499,275
2023,3,202303,전북,정읍시,3385,40
2023,3,202303,전북,진안군,718,9
2023,3,202303,제주,서귀포시,8521,97
2023,3,202303,제주,제주시,37601,328
2023,3,202303,충남,계룡시,2083,31
2023,3,202303,충남,공주시,3958,58
2023,3,202303,충남,금산군,1767,24
2023,3,202303,충남,논산시,3363,46
2023,3,202303,충남,당진시,6593,102
2023,3,202303,충남,보령시,3271,47
2023,3,202303,충남,부여군,1693,27
2023,3,202303,충남,서산시,6840,118
2023,3,202303,충남,서천군,1350,22
2023,3,202303,충남,아산시,15765,236
2023,3,202303,충남,예산군,2728,50
2023,3,202303,충남,천안시,34100,436
2023,3,202303,충남,청양군,827,19
2023,3,202303,충남,태안군,2169,35
2023,3,202303,충남,홍성군,3417,45
2023,3,202303,충북,괴산군,1188,32
2023,3,202303,충북,단양군,772,26
2023,3,202303,충북,보은군,961,17
2023,3,202303,충북,영동군,1152,21
2023,3,202303,충북,옥천군,1530,24
2023,3,202303,충북,음성군,3751,59
2023,3,202303,충북,제천시,4528,56
2023,3,202303,충북,증평군,1202,14
2023,3,202303,충북,진천군,3483,64
2023,3,202303,충북,청주시,47478,481
2023,3,202303,충북,충주시,7840,137
2023,4,202304,강원,강릉시,10132,148
2023,4,202304,강원,고성군,1005,22
2023,4,202304,강원,동해시,2659,81
2023,4,202304,강원,삼척시,1757,41
2023,4,202304,강원,속초시,3427,55
2023,4,202304,강원,양구군,637,11
2023,4,202304,강원,양양군,1411,27
2023,4,202304,강원,영월군,1329,24
2023,4,202304,강원,원주시,18628,182
2023,4,202304,강원,인제군,1043,21
2023,4,202304,강원,정선군,1290,17
2023,4,202304,강원,철원군,1157,26
2023,4,202304,강원,춘천시,12694,170
2023,4,202304,강원,태백시,1366,22
2023,4,202304,강원,평창군,2077,33
2023,4,202304,강원,홍천군,2333,32
2023,4,202304,강원,화천군,657,8
2023,4,202304,강원,횡성군,2016,29
2023,4,202304,경기,가평군,3343,40
2023,4,202304,경기,고양시,73584,485
2023,4,202304,경기,과천시,7448,29
2023,4,202304,경기,광명시,11960,117
2023,4,202304,경기,광주시,25820,254
2023,4,202304,경기,구리시,9728,74
2023,4,202304,경기,군포시,10374,103
2023,4,202304,경기,김포시,35550,535
2023,4,202304,경기,남양주시,42746,387
2023,4,202304,경기,동두천시,2782,28
2023,4,202304,경기,부천시,31946,233
2023,4,202304,경기,성남시,81326,518
2023,4,202304,경기,수원시,78317,528
2023,4,202304,경기,시흥시,23687,180
2023,4,202304,경기,안산시,25394,218
2023,4,202304,경기,안성시,8973,107
2023,4,202304,경기,안양시,27536,118
2023,4,202304,경기,양주시,11226,153
2023,4,202304,경기,양평군,8861,91
2023,4,202304,경기,여주시,5441,89
2023,4,202304,경기,연천군,1635,36
2023,4,202304,경기,오산시,10334,123
2023,4,202304,경기,용인시,94214,610
2023,4,202304,경기,의왕시,9890,75
2023,4,202304,경기,의정부시,18172,162
2023,4,202304,경기,이천시,11494,157
2023,4,202304,경기,파주시,27888,322
2023,4,202304,경기,평택시,34735,350
2023,4,202304,경기,포천시,6749,84
2023,4,202304,경기,하남시,26070,173
2023,4,202304,경기,화성시,64104,667
2023,4,202304,경남,거제시,7526,68
2023,4,202304,경남,거창군,1978,25
2023,4,202304,경남,고성군,1352,18
2023,4,202304,경남,김해시,23045,205
2023,4,202304,경남,남해군,1152,23
2023,4,202304,경남,밀양시,3428,33
2023,4,202304,경남,사천시,3691,31
2023,4,202304,경남,산청군,1156,12
2023,4,202304,경남,양산시,14778,122
2023,4,202304,경남,의령군,815,14
2023,4,202304,경남,진주시,14861,136
2023,4,202304,경남,창녕군,1998,35
2023,4,202304,경남,창원시,91590,450
2023,4,202304,경남,통영시,3929,35
2023,4,202304,경남,하동군,1182,18
2023,4,202304,경남,함안군,4942,40
2023,4,202304,경남,함양군,1047,19
2023,4,202304,경남,합천군,1187,21
2023,4,202304,경북,경산시,11361,107
2023,4,202304,경북,경주시,10217,141
2023,4,202304,경북,고령군,1308,24
2023,4,202304,경북,구미시,15334,227
2023,4,202304,경북,군위군,902,16
2023,4,202304,경북,김천시,4392,94
2023,4,202304,경북,문경시,1996,34
2023,4,202304,경북,봉화군,689,13
2023,4,202304,경북,상주시,2576,56
2023,4,202304,경북,성주군,1846,29
2023,4,202304,경북,안동시,5405,99
2023,4,202304,경북,영덕군,976,20
2023,4,202304,경북,영양군,390,8
2023,4,202304,경북,영주시,2940,60
2023,4,202304,경북,영천시,3837,41
2023,4,202304,경북,예천군,1859,34
2023,4,202304,경북,울릉군,270,2
2023,4,202304,경북,울진군,1568,28
2023,4,202304,경북,의성군,1371,19
2023,4,202304,경북,청도군,1778,15
2023,4,202304,경북,청송군,682,21
2023,4,202304,경북,칠곡군,4599,74
2023,4,202304,경북,포항시,21164,247
2023,4,202304,광주,광산구,19649,227
2023,4,202304,광주,남구,12907,76
2023,4,202304,광주,동구,7052,26
2023,4,202304,광주,북구,19514,152
2023,4,202304,광주,서구,19550,108
2023,4,202304,대구,남구,7264,40
2023,4,202304,대구,달서구,46265,236
2023,4,202304,대구,달성군,11513,139
2023,4,202304,대구,동구,17308,137
2023,4,202304,대구,북구,18707,174
2023,4,202304,대구,서구,5932,31
2023,4,202304,대구,수성구,61253,159
2023,4,202304,대구,중구,24121,29
2023,4,202304,대전,대덕구,6348,74
2023,4,202304,대전,동구,6915,84
2023,4,202304,대전,서구,23881,230
2023,4,202304,대전,유성구,27918,235
2023,4,202304,대전,중구,9056,95
2023,4,202304,부산,강서구,10728,85
2023,4,202304,부산,금정구,9955,51
2023,4,202304,부산,기장군,10184,72
2023,4,202304,부산,남구,15060,53
2023,4,202304,부산,동구,13457,26
2023,4,202304,부산,동래구,13757,40
2023,4,202304,부산,부산진구,23850,76
2023,4,202304,부산,북구,8682,56
2023,4,202304,부산,사상구,6300,21
2023,4,202304,부산,사하구,8802,46
2023,4,202304,부산,서구,4014,6
2023,4,202304,부산,수영구,16602,43
2023,4,202304,부산,연제구,46256,56
2023,4,202304,부산,영도구,2856,12
2023,4,202304,부산,중구,20926,23
2023,4,202304,부산,해운대구,43391,156
2023,4,202304,서울,강남구,98726,274
2023,4,202304,서울,강동구,25525,103
2023,4,202304,서울,강북구,7903,80
2023,4,202304,서울,강서구,31032,131
2023,4,202304,서울,관악구,14858,78
2023,4,202304,서울,광진구,18684,85
2023,4,202304,서울,구로구,17692,113
2023,4,202304,서울,금천구,10063,36
2023,4,202304,서울,노원구,17843,101
2023,4,202304,서울,도봉구,9596,78
2023,4,202304,서울,동대문구,16523,63
2023,4,202304,서울,동작구,20209,58
2023,4,202304,서울,마포구,28407,106
2023,4,202304,서울,서대문구,17131,91
2023,4,202304,서울,서초구,62581,192
2023,4,202304,서울,성동구,25960,92
2023,4,202304,서울,성북구,20729,111
2023,4,202304,서울,송파구,59528,148
2023,4,202304,서울,양천구,26417,86
2023,4,202304,서울,영등포구,27110,94
2023,4,202304,서울,용산구,24945,85
2023,4,202304,서울,은평구,17946,76
2023,4,202304,서울,종로구,11615,76
2023,4,202304,서울,중구,18886,81
2023,4,202304,서울,중랑구,12322,104
2023,4,202304,세종,세종시,26028,310
2023,4,202304,울산,남구,14235,71
2023,4,202304,울산,동구,3144,36
2023,4,202304,울산,북구,6227,76
2023,4,202304,울산,울주군,8813,76
2023,4,202304,울산,중구,6763,51
2023,4,202304,인천,강화군,3857,62
2023,4,202304,인천,계양구,12664,71
2023,4,202304,인천,남동구,58988,178
2023,4,202304,인천,동구,1809,10
2023,4,202304,인천,미추홀구,24563,85
2023,4,202304,인천,부평구,42142,109
2023,4,202304,인천,서구,46275,229
2023,4,202304,인천,연수구,72066,213
2023,4,202304,인천,옹진군,796,11
2023,4,202304,인천,중구,9513,62
2023,4,202304,전남,강진군,985,16
2023,4,202304,전남,고흥군,1640,18
2023,4,202304,전남,곡성군,956,10
2023,4,202304,전남,광양시,6048,70
2023,4,202304,전남,구례군,698,14
2023,4,202304,전남,나주시,5822,66
2023,4,202304,전남,담양군,2178,24
2023,4,202304,전남,목포시,6723,77
2023,4,202304,전남,무안군,3966,49
2023,4,202304,전남,보성군,1165,14
2023,4,202304,전남,순천시,13101,119
2023,4,202304,전남,신안군,3000,29
2023,4,202304,전남,여수시,11087,89
2023,4,202304,전남,영광군,2090,20
2023,4,202304,전남,영암군,1824,33
2023,4,202304,전남,완도군,1523,12
2023,4,202304,전남,장성군,1883,39
2023,4,202304,전남,장흥군,1045,14
2023,4,202304,전남,진도군,878,11
2023,4,202304,전남,함평군,1703,24
2023,4,202304,전남,해남군,2747,39
2023,4,202304,전남,화순군,2460,29
2023,4,202304,전북,고창군,1747,17
2023,4,202304,전북,군산시,10918,98
2023,4,202304,전북,김제시,2839,34
2023,4,202304,전북,남원시,2294,36
2023,4,202304,전북,무주군,746,13
2023,4,202304,전북,부안군,1534,15
2023,4,202304,전북,순창군,825,9
2023,4,202304,전북,완주군,3862,54
2023,4,202304,전북,익산시,9979,119
2023,4,202304,전북,임실군,711,15
2023,4,202304,전북,장수군,584,6
2023,4,202304,전북,전주시,41455,278
2023,4,202304,전북,정읍시,3386,39
2023,4,202304,전북,진안군,731,8
2023,4,202304,제주,서귀포시,8583,96
2023,4,202304,제주,제주시,37879,334
2023,4,202304,충남,계룡시,2122,29
2023,4,202304,충남,공주시,3982,57
2023,4,202304,충남,금산군,1772,24
2023,4,202304,충남,논산시,3392,45
2023,4,202304,충남,당진시,6660,102
2023,4,202304,충남,보령시,3287,47
2023,4,202304,충남,부여군,1708,28
2023,4,202304,충남,서산시,6881,119
2023,4,202304,충남,서천군,1355,22
2023,4,202304,충남,아산시,15860,241
2023,4,202304,충남,예산군,2767,49
2023,4,202304,충남,천안시,34183,432
2023,4,202304,충남,청양군,835,20
2023,4,202304,충남,태안군,2177,34
2023,4,202304,충남,홍성군,3429,44
2023,4,202304,충북,괴산군,1195,32
2023,4,202304,충북,단양군,782,27
2023,4,202304,충북,보은군,970,15
2023,4,202304,충북,영동군,1160,21
2023,4,202304,충북,옥천군,1543,24
2023,4,202304,충북,음성군,3776,59
2023,4,202304,충북,제천시,4486,55
2023,4,202304,충북,증평군,1206,14
2023,4,202304,충북,진천군,3508,63
2023,4,202304,충북,청주시,47346,481
2023,4,202304,충북,충주시,7870,135
2023,5,202305,강원,강릉시,10173,148
2023,5,202305,강원,고성군,1022,22
2023,5,202305,강원,동해시,2699,81
2023,5,202305,강원,삼척시,1764,40
2023,5,202305,강원,속초시,3437,56
2023,5,202305,강원,양구군,637,11
2023,5,202305,강원,양양군,1418,25
2023,5,202305,강원,영월군,1349,24
2023,5,202305,강원,원주시,18724,179
2023,5,202305,강원,인제군,1039,20
2023,5,202305,강원,정선군,1290,16
2023,5,202305,강원,철원군,1182,26
2023,5,202305,강원,춘천시,12737,174
2023,5,202305,강원,태백시,1375,23
2023,5,202305,강원,평창군,2074,33
2023,5,202305,강원,홍천군,2348,32
2023,5,202305,강원,화천군,669,8
2023,5,202305,강원,횡성군,2029,29
2023,5,202305,경기,가평군,3358,42
2023,5,202305,경기,고양시,73903,485
2023,5,202305,경기,과천시,7524,29
2023,5,202305,경기,광명시,11948,113
2023,5,202305,경기,광주시,25938,253
2023,5,202305,경기,구리시,9769,73
2023,5,202305,경기,군포시,10416,103
2023,5,202305,경기,김포시,35697,534
2023,5,202305,경기,남양주시,42921,379
2023,5,202305,경기,동두천시,2779,30
2023,5,202305,경기,부천시,31964,230
2023,5,202305,경기,성남시,81653,516
2023,5,202305,경기,수원시,78438,532
2023,5,202305,경기,시흥시,23797,183
2023,5,202305,경기,안산시,25517,218
2023,5,202305,경기,안성시,9012,111
2023,5,202305,경기,안양시,27633,120
2023,5,202305,경기,양주시,11478,156
2023,5,202305,경기,양평군,8940,93
2023,5,202305,경기,여주시,5483,87
2023,5,202305,경기,연천군,1627,36
2023,5,202305,경기,오산시,10369,122
2023,5,202305,경기,용인시,94513,627
2023,5,202305,경기,의왕시,9928,75
2023,5,202305,경기,의정부시,18219,161
2023,5,202305,경기,이천시,11564,158
2023,5,202305,경기,파주시,27999,322
2023,5,202305,경기,평택시,34923,353
2023,5,202305,경기,포천시,6787,84
2023,5,202305,경기,하남시,26193,177
2023,5,202305,경기,화성시,64685,685
2023,5,202305,경남,거제시,7574,69
2023,5,202305,경남,거창군,1986,27
2023,5,202305,경남,고성군,1359,18
2023,5,202305,경남,김해시,23223,208
2023,5,202305,경남,남해군,1153,24
2023,5,202305,경남,밀양시,3466,34
2023,5,202305,경남,사천시,3708,32
2023,5,202305,경남,산청군,1164,12
2023,5,202305,경남,양산시,14881,123
2023,5,202305,경남,의령군,829,13
2023,5,202305,경남,진주시,14926,141
2023,5,202305,경남,창녕군,2020,34
2023,5,202305,경남,창원시,92933,452
2023,5,202305,경남,통영시,3940,36
2023,5,202305,경남,하동군,1189,18
2023,5,202305,경남,함안군,5380,41
2023,5,202305,경남,함양군,1059,19
2023,5,202305,경남,합천군,1185,21
2023,5,202305,경북,경산시,11436,108
2023,5,202305,경북,경주시,10263,138
2023,5,202305,경북,고령군,1308,24
2023,5,202305,경북,구미시,15454,228
2023,5,202305,경북,군위군,908,16
2023,5,202305,경북,김천시,4431,93
2023,5,202305,경북,문경시,2009,34
2023,5,202305,경북,봉화군,700,13
2023,5,202305,경북,상주시,2597,56
2023,5,202305,경북,성주군,1857,29
2023,5,202305,경북,안동시,5443,103
2023,5,202305,경북,영덕군,979,20
2023,5,202305,경북,영양군,393,8
2023,5,202305,경북,영주시,2953,63
2023,5,202305,경북,영천시,3845,39
2023,5,202305,경북,예천군,1873,33
2023,5,202305,경북,울릉군,272,2
2023,5,202305,경북,울진군,1576,29
2023,5,202305,경북,의성군,1374,20
2023,5,202305,경북,청도군,1787,15
2023,5,202305,경북,청송군,687,24
2023,5,202305,경북,칠곡군,4648,73
2023,5,202305,경북,포항시,21303,243
2023,5,202305,광주,광산구,19718,225
2023,5,202305,광주,남구,12972,76
2023,5,202305,광주,동구,7102,25
2023,5,202305,광주,북구,19606,155
2023,5,202305,광주,서구,19587,108
2023,5,202305,대구,남구,7265,43
2023,5,202305,대구,달서구,46295,239
2023,5,202305,대구,달성군,11536,135
2023,5,202305,대구,동구,17352,135
2023,5,202305,대구,북구,18738,173
2023,5,202305,대구,서구,5986,32
2023,5,202305,대구,수성구,61362,154
2023,5,202305,대구,중구,23838,28
2023,5,202305,대전,대덕구,6350,74
2023,5,202305,대전,동구,6949,85
2023,5,202305,대전,서구,23946,225
2023,5,202305,대전,유성구,28083,235
2023,5,202305,대전,중구,9072,98
2023,5,202305,부산,강서구,10787,84
2023,5,202305,부산,금정구,9975,52
2023,5,202305,부산,기장군,10287,72
2023,5,202305,부산,남구,15150,53
2023,5,202305,부산,동구,13529,26
2023,5,202305,부산,동래구,13812,40
2023,5,202305,부산,부산진구,23979,76
2023,5,202305,부산,북구,8726,55
2023,5,202305,부산,사상구,6292,21
2023,5,202305,부산,사하구,8820,48
2023,5,202305,부산,서구,4043,5
2023,5,202305,부산,수영구,16538,42
2023,5,202305,부산,연제구,46413,56
2023,5,202305,부산,영도구,2849,12
2023,5,202305,부산,중구,21097,24
2023,5,202305,부산,해운대구,43486,156
2023,5,202305,서울,강남구,98908,276
2023,5,202305,서울,강동구,25637,99
2023,5,202305,서울,강북구,7912,83
2023,5,202305,서울,강서구,31042,129
2023,5,202305,서울,관악구,14884,77
2023,5,202305,서울,광진구,18701,85
2023,5,202305,서울,구로구,17738,122
2023,5,202305,서울,금천구,10078,38
2023,5,202305,서울,노원구,17924,101
2023,5,202305,서울,도봉구,9603,78
2023,5,202305,서울,동대문구,16547,63
2023,5,202305,서울,동작구,20346,60
2023,5,202305,서울,마포구,28488,107
2023,5,202305,서울,서대문구,17202,93
2023,5,202305,서울,서초구,62730,180
2023,5,202305,서울,성동구,25961,93
2023,5,202305,서울,성북구,20831,113
2023,5,202305,서울,송파구,59613,147
2023,5,202305,서울,양천구,26485,86
2023,5,202305,서울,영등포구,27154,97
2023,5,202305,서울,용산구,24983,86
2023,5,202305,서울,은평구,18029,77
2023,5,202305,서울,종로구,11645,79
2023,5,202305,서울,중구,18611,83
2023,5,202305,서울,중랑구,12354,103
2023,5,202305,세종,세종시,26155,303
2023,5,202305,울산,남구,14320,69
2023,5,202305,울산,동구,3172,36
2023,5,202305,울산,북구,6240,76
2023,5,202305,울산,울주군,8869,75
2023,5,202305,울산,중구,6786,52
2023,5,202305,인천,강화군,3864,61
2023,5,202305,인천,계양구,12610,71
2023,5,202305,인천,남동구,59212,178
2023,5,202305,인천,동구,1829,9
2023,5,202305,인천,미추홀구,24481,81
2023,5,202305,인천,부평구,42424,109
2023,5,202305,인천,서구,45876,237
2023,5,202305,인천,연수구,72650,210
2023,5,202305,인천,옹진군,797,12
2023,5,202305,인천,중구,9565,63
2023,5,202305,전남,강진군,990,15
2023,5,202305,전남,고흥군,1645,18
2023,5,202305,전남,곡성군,957,10
2023,5,202305,전남,광양시,6085,71
2023,5,202305,전남,구례군,698,14
2023,5,202305,전남,나주시,5835,65
2023,5,202305,전남,담양군,2186,25
2023,5,202305,전남,목포시,6759,80
2023,5,202305,전남,무안군,3960,47
2023,5,202305,전남,보성군,1170,15
2023,5,202305,전남,순천시,13160,122
2023,5,202305,전남,신안군,3053,29
2023,5,202305,전남,여수시,11151,89
2023,5,202305,전남,영광군,2111,20
2023,5,202305,전남,영암군,1828,33
2023,5,202305,전남,완도군,1534,14
2023,5,202305,전남,장성군,1906,37
2023,5,202305,전남,장흥군,1044,14
2023,5,202305,전남,진도군,882,12
2023,5,202305,전남,함평군,1655,25
2023,5,202305,전남,해남군,2728,39
2023,5,202305,전남,화순군,2477,29
2023,5,202305,전북,고창군,1769,17
2023,5,202305,전북,군산시,10950,99
2023,5,202305,전북,김제시,2846,34
2023,5,202305,전북,남원시,2326,36
2023,5,202305,전북,무주군,749,13
2023,5,202305,전북,부안군,1541,15
2023,5,202305,전북,순창군,833,9
2023,5,202305,전북,완주군,3918,56
2023,5,202305,전북,익산시,10015,118
2023,5,202305,전북,임실군,719,15
2023,5,202305,전북,장수군,591,6
2023,5,202305,전북,전주시,41384,273
2023,5,202305,전북,정읍시,3392,40
2023,5,202305,전북,진안군,726,8
2023,5,202305,제주,서귀포시,8581,95
2023,5,202305,제주,제주시,38111,338
2023,5,202305,충남,계룡시,2166,28
2023,5,202305,충남,공주시,3999,58
2023,5,202305,충남,금산군,1781,25
2023,5,202305,충남,논산시,3407,47
2023,5,202305,충남,당진시,6719,103
2023,5,202305,충남,보령시,3305,46
2023,5,202305,충남,부여군,1726,28
2023,5,202305,충남,서산시,6928,120
2023,5,202305,충남,서천군,1362,22
2023,5,202305,충남,아산시,15957,235
2023,5,202305,충남,예산군,2770,49
2023,5,202305,충남,천안시,34253,431
2023,5,202305,충남,청양군,842,20
2023,5,202305,충남,태안군,2185,34
2023,5,202305,충남,홍성군,3439,45
2023,5,202305,충북,괴산군,1207,32
2023,5,202305,충북,단양군,788,26
2023,5,202305,충북,보은군,970,16
2023,5,202305,충북,영동군,1178,22
2023,5,202305,충북,옥천군,1557,25
2023,5,202305,충북,음성군,3801,59
2023,5,202305,충북,제천시,4495,55
2023,5,202305,충북,증평군,1214,14
2023,5,202305,충북,진천군,3518,65
2023,5,202305,충북,청주시,48246,482
2023,5,202305,충북,충주시,7923,137
2023,6,202306,강원,강릉시,10212,148
2023,6,202306,강원,고성군,1037,22
2023,6,202306,강원,동해시,2686,81
2023,6,202306,강원,삼척시,1774,40
2023,6,202306,강원,속초시,3454,62
2023,6,202306,강원,양구군,643,11
2023,6,202306,강원,양양군,1417,25
2023,6,202306,강원,영월군,1360,25
2023,6,202306,강원,원주시,18836,187
2023,6,202306,강원,인제군,1047,21
2023,6,202306,강원,정선군,1304,16
2023,6,202306,강원,철원군,1187,27
2023,6,202306,강원,춘천시,12810,174
2023,6,202306,강원,태백시,1382,23
2023,6,202306,강원,평창군,2090,34
2023,6,202306,강원,홍천군,2368,32
2023,6,202306,강원,화천군,675,8
2023,6,202306,강원,횡성군,2034,29
2023,6,202306,경기,가평군,3367,41
2023,6,202306,경기,고양시,74302,494
2023,6,202306,경기,과천시,7601,34
2023,6,202306,경기,광명시,12054,114
2023,6,202306,경기,광주시,26090,255
2023,6,202306,경기,구리시,9819,79
2023,6,202306,경기,군포시,10450,105
2023,6,202306,경기,김포시,35878,538
2023,6,202306,경기,남양주시,43089,386
2023,6,202306,경기,동두천시,2771,31
2023,6,202306,경기,부천시,32215,229
2023,6,202306,경기,성남시,82076,531
2023,6,202306,경기,수원시,79307,531
2023,6,202306,경기,시흥시,23977,184
2023,6,202306,경기,안산시,25706,214
2023,6,202306,경기,안성시,9109,114
2023,6,202306,경기,안양시,27766,120
2023,6,202306,경기,양주시,11773,160
2023,6,202306,경기,양평군,8982,92
2023,6,202306,경기,여주시,5546,88
2023,6,202306,경기,연천군,1628,37
2023,6,202306,경기,오산시,10394,121
2023,6,202306,경기,용인시,95167,629
2023,6,202306,경기,의왕시,9962,76
2023,6,202306,경기,의정부시,18470,180
2023,6,202306,경기,이천시,11644,160
2023,6,202306,경기,파주시,28164,328
2023,6,202306,경기,평택시,35101,361
2023,6,202306,경기,포천시,6805,87
2023,6,202306,경기,하남시,26360,176
2023,6,202306,경기,화성시,65215,700
2023,6,202306,경남,거제시,7605,74
2023,6,202306,경남,거창군,1996,28
2023,6,202306,경남,고성군,1377,18
2023,6,202306,경남,김해시,23327,208
2023,6,202306,경남,남해군,1169,24
2023,6,202306,경남,밀양시,3499,34
2023,6,202306,경남,사천시,3717,32
2023,6,202306,경남,산청군,1160,12
2023,6,202306,경남,양산시,14994,125
2023,6,202306,경남,의령군,842,14
2023,6,202306,경남,진주시,14998,140
2023,6,202306,경남,창녕군,2042,34
2023,6,202306,경남,창원시,94248,460
2023,6,202306,경남,통영시,3967,36
2023,6,202306,경남,하동군,1204,18
2023,6,202306,경남,함안군,5371,39
2023,6,202306,경남,함양군,1061,19
2023,6,202306,경남,합천군,1197,22
2023,6,202306,경북,경산시,11488,106
2023,6,202306,경북,경주시,10314,142
2023,6,202306,경북,고령군,1321,23
2023,6,202306,경북,구미시,15546,227
2023,6,202306,경북,군위군,911,16
2023,6,202306,경북,김천시,4452,92
2023,6,202306,경북,문경시,1998,30
2023,6,202306,경북,봉화군,702,13
2023,6,202306,경북,상주시,2610,57
2023,6,202306,경북,성주군,1861,28
2023,6,202306,경북,안동시,5487,103
2023,6,202306,경북,영덕군,977,19
2023,6,202306,경북,영양군,394,7
2023,6,202306,경북,영주시,2969,64
2023,6,202306,경북,영천시,3860,39
2023,6,202306,경북,예천군,1889,34
2023,6,202306,경북,울릉군,278,2
2023,6,202306,경북,울진군,1601,32
2023,6,202306,경북,의성군,1388,22
2023,6,202306,경북,청도군,1793,15
2023,6,202306,경북,청송군,694,24
2023,6,202306,경북,칠곡군,4666,75
2023,6,202306,경북,포항시,21463,240
2023,6,202306,광주,광산구,19831,225
2023,6,202306,광주,남구,13040,75
2023,6,202306,광주,동구,7138,25
2023,6,202306,광주,북구,19707,155
2023,6,202306,광주,서구,19677,105
2023,6,202306,대구,남구,7258,44
2023,6,202306,대구,달서구,46369,234
2023,6,202306,대구,달성군,11566,132
2023,6,202306,대구,동구,17562,133
2023,6,202306,대구,북구,18894,175
2023,6,202306,대구,서구,6129,34
2023,6,202306,대구,수성구,61839,152
2023,6,202306,대구,중구,23482,26
2023,6,202306,대전,대덕구,6375,79
2023,6,202306,대전,동구,6961,84
2023,6,202306,대전,서구,24036,225
2023,6,202306,대전,유성구,28330,232
2023,6,202306,대전,중구,9126,96
2023,6,202306,부산,강서구,10863,84
2023,6,202306,부산,금정구,10006,53
2023,6,202306,부산,기장군,10372,73
2023,6,202306,부산,남구,15204,57
2023,6,202306,부산,동구,13919,24
2023,6,202306,부산,동래구,13893,39
2023,6,202306,부산,부산진구,24268,76
2023,6,202306,부산,북구,8764,53
2023,6,202306,부산,사상구,6309,22
2023,6,202306,부산,사하구,8846,50
2023,6,202306,부산,서구,4073,5
2023,6,202306,부산,수영구,16443,42
2023,6,202306,부산,연제구,46751,57
2023,6,202306,부산,영도구,2860,12
2023,6,202306,부산,중구,21366,25
2023,6,202306,부산,해운대구,43943,153
2023,6,202306,서울,강남구,99031,279
2023,6,202306,서울,강동구,25779,99
2023,6,202306,서울,강북구,7933,82
2023,6,202306,서울,강서구,31311,130
2023,6,202306,서울,관악구,14933,79
2023,6,202306,서울,광진구,18745,83
2023,6,202306,서울,구로구,17874,124
2023,6,202306,서울,금천구,10122,38
2023,6,202306,서울,노원구,17978,103
2023,6,202306,서울,도봉구,9630,78
2023,6,202306,서울,동대문구,16803,62
2023,6,202306,서울,동작구,20492,58
2023,6,202306,서울,마포구,28606,109
2023,6,202306,서울,서대문구,17279,99
2023,6,202306,서울,서초구,63025,176
2023,6,202306,서울,성동구,26016,93
2023,6,202306,서울,성북구,20915,113
2023,6,202306,서울,송파구,59917,148
2023,6,202306,서울,양천구,26603,93
2023,6,202306,서울,영등포구,27303,95
2023,6,202306,서울,용산구,25062,87
2023,6,202306,서울,은평구,18126,79
2023,6,202306,서울,종로구,11682,79
2023,6,202306,서울,중구,18324,83
2023,6,202306,서울,중랑구,12408,106
2023,6,202306,세종,세종시,26327,300
2023,6,202306,울산,남구,14416,68
2023,6,202306,울산,동구,3231,38
2023,6,202306,울산,북구,6263,77
2023,6,202306,울산,울주군,8910,76
2023,6,202306,울산,중구,6798,50
2023,6,202306,인천,강화군,3970,58
2023,6,202306,인천,계양구,12645,72
2023,6,202306,인천,남동구,60027,176
2023,6,202306,인천,동구,1832,10
2023,6,202306,인천,미추홀구,24497,80
2023,6,202306,인천,부평구,42693,113
2023,6,202306,인천,서구,46346,235
2023,6,202306,인천,연수구,73486,213
2023,6,202306,인천,옹진군,799,12
2023,6,202306,인천,중구,9659,62
2023,6,202306,전남,강진군,997,16
2023,6,202306,전남,고흥군,1673,18
2023,6,202306,전남,곡성군,969,10
2023,6,202306,전남,광양시,6124,73
2023,6,202306,전남,구례군,707,14
2023,6,202306,전남,나주시,5865,66
2023,6,202306,전남,담양군,2211,24
2023,6,202306,전남,목포시,6826,79
2023,6,202306,전남,무안군,3992,53
2023,6,202306,전남,보성군,1176,15
2023,6,202306,전남,순천시,13259,122
2023,6,202306,전남,신안군,2989,27
2023,6,202306,전남,여수시,11244,90
2023,6,202306,전남,영광군,2132,20
2023,6,202306,전남,영암군,1854,34
2023,6,202306,전남,완도군,1528,14
2023,6,202306,전남,장성군,1924,36
2023,6,202306,전남,장흥군,1051,13
2023,6,202306,전남,진도군,896,12
2023,6,202306,전남,함평군,1590,24
2023,6,202306,전남,해남군,2712,40
2023,6,202306,전남,화순군,2493,30
2023,6,202306,전북,고창군,1777,18
2023,6,202306,전북,군산시,10997,99
2023,6,202306,전북,김제시,2878,35
2023,6,202306,전북,남원시,2347,37
2023,6,202306,전북,무주군,747,13
2023,6,202306,전북,부안군,1553,15
2023,6,202306,전북,순창군,842,9
2023,6,202306,전북,완주군,3970,57
2023,6,202306,전북,익산시,10030,118
2023,6,202306,전북,임실군,718,15
2023,6,202306,전북,장수군,597,6
2023,6,202306,전북,전주시,41287,268
2023,6,202306,전북,정읍시,3411,41
2023,6,202306,전북,진안군,738,8
2023,6,202306,제주,서귀포시,8600,93
2023,6,202306,제주,제주시,38419,337
2023,6,202306,충남,계룡시,2191,28
2023,6,202306,충남,공주시,4008,60
2023,6,202306,충남,금산군,1795,25
2023,6,202306,충남,논산시,3415,47
2023,6,202306,충남,당진시,6778,102
2023,6,202306,충남,보령시,3344,46
2023,6,202306,충남,부여군,1723,28
2023,6,202306,충남,서산시,6995,118
2023,6,202306,충남,서천군,1381,22
2023,6,202306,충남,아산시,16084,233
2023,6,202306,충남,예산군,2782,47
2023,6,202306,충남,천안시,34498,431
2023,6,202306,충남,청양군,856,20
2023,6,202306,충남,태안군,2199,37
2023,6,202306,충남,홍성군,3467,45
2023,6,202306,충북,괴산군,1203,32
2023,6,202306,충북,단양군,789,27
2023,6,202306,충북,보은군,967,18
2023,6,202306,충북,영동군,1174,21
2023,6,202306,충북,옥천군,1566,25
2023,6,202306,충북,음성군,3810,60
2023,6,202306,충북,제천시,4498,56
2023,6,202306,충북,증평군,1233,14
2023,6,202306,충북,진천군,3534,65
2023,6,202306,충북,청주시,48342,483
2023,6,202306,충북,충주시,7958,139
2023,7,202307,강원,강릉시,10270,145
2023,7,202307,강원,고성군,1043,23
2023,7,202307,강원,동해시,2719,81
2023,7,202307,강원,삼척시,1783,39
2023,7,202307,강원,속초시,3448,63
2023,7,202307,강원,양구군,644,12
2023,7,202307,강원,양양군,1440,25
2023,7,202307,강원,영월군,1368,26
2023,7,202307,강원,원주시,18936,187
2023,7,202307,강원,인제군,1056,22
2023,7,202307,강원,정선군,1303,16
2023,7,202307,강원,철원군,1197,29
2023,7,202307,강원,춘천시,12872,174
2023,7,202307,강원,태백시,1388,23
2023,7,202307,강원,평창군,2063,32
2023,7,202307,강원,홍천군,2368,34
2023,7,202307,강원,화천군,677,9
2023,7,202307,강원,횡성군,2045,27
2023,7,202307,경기,가평군,3375,44
2023,7,202307,경기,고양시,74498,501
2023,7,202307,경기,과천시,7683,35
2023,7,202307,경기,광명시,12098,115
2023,7,202307,경기,광주시,26281,258
2023,7,202307,경기,구리시,9894,78
2023,7,202307,경기,군포시,10498,105
2023,7,202307,경기,김포시,36018,537
2023,7,202307,경기,남양주시,43186,383
2023,7,202307,경기,동두천시,2755,29
2023,7,202307,경기,부천시,32345,231
2023,7,202307,경기,성남시,82192,533
2023,7,202307,경기,수원시,80062,523
2023,7,202307,경기,시흥시,24106,184
2023,7,202307,경기,안산시,25757,217
2023,7,202307,경기,안성시,9168,116
2023,7,202307,경기,안양시,27887,122
2023,7,202307,경기,양주시,12001,159
2023,7,202307,경기,양평군,9007,93
2023,7,202307,경기,여주시,5573,87
2023,7,202307,경기,연천군,1642,38
2023,7,202307,경기,오산시,10454,126
2023,7,202307,경기,용인시,95560,630
2023,7,202307,경기,의왕시,9977,77
2023,7,202307,경기,의정부시,18572,183
2023,7,202307,경기,이천시,11713,158
2023,7,202307,경기,파주시,28249,328
2023,7,202307,경기,평택시,35256,361
2023,7,202307,경기,포천시,6824,90
2023,7,202307,경기,하남시,26535,171
2023,7,202307,경기,화성시,65618,696
2023,7,202307,경남,거제시,7636,70
2023,7,202307,경남,거창군,2006,28
2023,7,202307,경남,고성군,1397,18
2023,7,202307,경남,김해시,23519,205
2023,7,202307,경남,남해군,1159,24
2023,7,202307,경남,밀양시,3500,36
2023,7,202307,경남,사천시,3738,34
2023,7,202307,경남,산청군,1164,12
2023,7,202307,경남,양산시,15077,128
2023,7,202307,경남,의령군,842,14
2023,7,202307,경남,진주시,15072,142
2023,7,202307,경남,창녕군,2052,34
2023,7,202307,경남,창원시,94969,466
2023,7,202307,경남,통영시,3975,38
2023,7,202307,경남,하동군,1213,19
2023,7,202307,경남,함안군,5345,39
2023,7,202307,경남,함양군,1064,19
2023,7,202307,경남,합천군,1196,22
2023,7,202307,경북,경산시,11534,107
2023,7,202307,경북,경주시,10389,141
2023,7,202307,경북,고령군,1330,23
2023,7,202307,경북,구미시,15602,228
2023,7,202307,경북,김천시,4471,92
2023,7,202307,경북,문경시,2015,30
2023,7,202307,경북,봉화군,704,14
2023,7,202307,경북,상주시,2628,56
2023,7,202307,경북,성주군,1859,26
2023,7,202307,경북,안동시,5539,104
2023,7,202307,경북,영덕군,988,19
2023,7,202307,경북,영양군,395,7
2023,7,202307,경북,영주시,2961,64
2023,7,202307,경북,영천시,3876,38
2023,7,202307,경북,예천군,1908,34
2023,7,202307,경북,울릉군,287,3
2023,7,202307,경북,울진군,1602,31
2023,7,202307,경북,의성군,1393,23
2023,7,202307,경북,청도군,1804,16
2023,7,202307,경북,청송군,700,24
2023,7,202307,경북,칠곡군,4677,75
2023,7,202307,경북,포항시,21630,240
2023,7,202307,광주,광산구,19936,223
2023,7,202307,광주,남구,13110,74
2023,7,202307,광주,동구,7157,24
2023,7,202307,광주,북구,19793,157
2023,7,202307,광주,서구,19688,110
2023,7,202307,대구,군위군,910,16
2023,7,202307,대구,남구,7241,41
2023,7,202307,대구,달서구,46332,234
2023,7,202307,대구,달성군,11614,139
2023,7,202307,대구,동구,17646,134
2023,7,202307,대구,북구,18957,171
2023,7,202307,대구,서구,6144,34
2023,7,202307,대구,수성구,61850,151
2023,7,202307,대구,중구,23256,28
2023,7,202307,대전,대덕구,6428,79
2023,7,202307,대전,동구,6976,87
2023,7,202307,대전,서구,24106,224
2023,7,202307,대전,유성구,28513,236
2023,7,202307,대전,중구,9172,96
2023,7,202307,부산,강서구,10895,77
2023,7,202307,부산,금정구,10038,52
2023,7,202307,부산,기장군,10480,71
2023,7,202307,부산,남구,15226,58
2023,7,202307,부산,동구,14097,24
2023,7,202307,부산,동래구,13908,40
2023,7,202307,부산,부산진구,24416,78
2023,7,202307,부산,북구,8781,52
2023,7,202307,부산,사상구,6314,22
2023,7,202307,부산,사하구,8844,50
2023,7,202307,부산,서구,4101,5
2023,7,202307,부산,수영구,16375,42
2023,7,202307,부산,연제구,46813,56
2023,7,202307,부산,영도구,2908,12
2023,7,202307,부산,중구,21524,25
2023,7,202307,부산,해운대구,43985,151
2023,7,202307,서울,강남구,99111,273
2023,7,202307,서울,강동구,25859,97
2023,7,202307,서울,강북구,7967,89
2023,7,202307,서울,강서구,31483,139
2023,7,202307,서울,관악구,14993,80
2023,7,202307,서울,광진구,18803,85
2023,7,202307,서울,구로구,17913,124
2023,7,202307,서울,금천구,10164,35
2023,7,202307,서울,노원구,18088,103
2023,7,202307,서울,도봉구,9657,78
2023,7,202307,서울,동대문구,17007,63
2023,7,202307,서울,동작구,20602,58
2023,7,202307,서울,마포구,28650,110
2023,7,202307,서울,서대문구,17314,100
2023,7,202307,서울,서초구,63176,176
2023,7,202307,서울,성동구,26105,94
2023,7,202307,서울,성북구,20965,116
2023,7,202307,서울,송파구,60056,149
2023,7,202307,서울,양천구,26686,98
2023,7,202307,서울,영등포구,27388,93
2023,7,202307,서울,용산구,25120,90
2023,7,202307,서울,은평구,18239,82
2023,7,202307,서울,종로구,11891,79
2023,7,202307,서울,중구,18094,82
2023,7,202307,서울,중랑구,12445,120
2023,7,202307,세종,세종시,26423,298
2023,7,202307,울산,남구,14427,70
2023,7,202307,울산,동구,3259,38
2023,7,202307,울산,북구,6287,77
2023,7,202307,울산,울주군,8954,76
2023,7,202307,울산,중구,6821,51
2023,7,202307,인천,강화군,4179,59
2023,7,202307,인천,계양구,12551,71
2023,7,202307,인천,남동구,60604,180
2023,7,202307,인천,동구,1832,10
2023,7,202307,인천,미추홀구,24576,79
2023,7,202307,인천,부평구,42874,113
2023,7,202307,인천,서구,47117,236
2023,7,202307,인천,연수구,74177,212
2023,7,202307,인천,옹진군,800,13
2023,7,202307,인천,중구,9748,63
2023,7,202307,전남,강진군,997,17
2023,7,202307,전남,고흥군,1674,19
2023,7,202307,전남,곡성군,981,11
2023,7,202307,전남,광양시,6178,73
2023,7,202307,전남,구례군,718,14
2023,7,202307,전남,나주시,5881,68
2023,7,202307,전남,담양군,2208,24
2023,7,202307,전남,목포시,6855,83
2023,7,202307,전남,무안군,4013,52
2023,7,202307,전남,보성군,1168,15
2023,7,202307,전남,순천시,13325,121
2023,7,202307,전남,신안군,2768,27
2023,7,202307,전남,여수시,11296,88
2023,7,202307,전남,영광군,2143,20
2023,7,202307,전남,영암군,1858,36
2023,7,202307,전남,완도군,1519,14
2023,7,202307,전남,장성군,1913,36
2023,7,202307,전남,장흥군,1053,14
2023,7,202307,전남,진도군,908,13
2023,7,202307,전남,함평군,1458,24
2023,7,202307,전남,해남군,2759,37
2023,7,202307,전남,화순군,2490,30
2023,7,202307,전북,고창군,1786,18
2023,7,202307,전북,군산시,11041,99
2023,7,202307,전북,김제시,2894,35
2023,7,202307,전북,남원시,2353,35
2023,7,202307,전북,무주군,749,13
2023,7,202307,전북,부안군,1550,15
2023,7,202307,전북,순창군,844,9
2023,7,202307,전북,완주군,4041,57
2023,7,202307,전북,익산시,10087,117
2023,7,202307,전북,임실군,716,15
2023,7,202307,전북,장수군,597,6
2023,7,202307,전북,전주시,41185,266
2023,7,202307,전북,정읍시,3430,41
2023,7,202307,전북,진안군,752,8
2023,7,202307,제주,서귀포시,8599,91
2023,7,202307,제주,제주시,38579,344
2023,7,202307,충남,계룡시,2218,28
2023,7,202307,충남,공주시,4018,57
2023,7,202307,충남,금산군,1803,26
2023,7,202307,충남,논산시,3413,48
2023,7,202307,충남,당진시,6798,102
2023,7,202307,충남,보령시,3367,45
2023,7,202307,충남,부여군,1708,26
2023,7,202307,충남,서산시,7025,116
2023,7,202307,충남,서천군,1376,22
2023,7,202307,충남,아산시,16200,235
2023,7,202307,충남,예산군,2783,48
2023,7,202307,충남,천안시,34688,435
2023,7,202307,충남,청양군,865,21
2023,7,202307,충남,태안군,2193,37
2023,7,202307,충남,홍성군,3466,47
2023,7,202307,충북,괴산군,1211,32
2023,7,202307,충북,단양군,792,26
2023,7,202307,충북,보은군,968,18
2023,7,202307,충북,영동군,1178,22
2023,7,202307,충북,옥천군,1571,25
2023,7,202307,충북,음성군,3818,61
2023,7,202307,충북,제천시,4538,58
2023,7,202307,충북,증평군,1231,14
2023,7,202307,충북,진천군,3561,61
2023,7,202307,충북,청주시,48339,485
2023,7,202307,충북,충주시,7994,138
2023,8,202308,강원,강릉시,10323,146
2023,8,202308,강원,고성군,1043,24
2023,8,202308,강원,동해시,2744,82
2023,8,202308,강원,삼척시,1787,38
2023,8,202308,강원,속초시,3457,59
2023,8,202308,강원,양구군,647,12
2023,8,202308,강원,양양군,1449,28
2023,8,202308,강원,영월군,1384,26
2023,8,202308,강원,원주시,19061,189
2023,8,202308,강원,인제군,1073,22
2023,8,202308,강원,정선군,1319,16
2023,8,202308,강원,철원군,1206,31
2023,8,202308,강원,춘천시,12913,177
2023,8,202308,강원,태백시,1404,23
2023,8,202308,강원,평창군,2071,31
2023,8,202308,강원,홍천군,2380,36
2023,8,202308,강원,화천군,679,8
2023,8,202308,강원,횡성군,2056,27
2023,8,202308,경기,가평군,3381,46
2023,8,202308,경기,고양시,74742,506
2023,8,202308,경기,과천시,7774,38
2023,8,202308,경기,광명시,12129,115
2023,8,202308,경기,광주시,26391,258
2023,8,202308,경기,구리시,9944,77
2023,8,202308,경기,군포시,10534,106
2023,8,202308,경기,김포시,36186,534
2023,8,202308,경기,남양주시,43363,391
2023,8,202308,경기,동두천시,2777,28
2023,8,202308,경기,부천시,32444,232
2023,8,202308,경기,성남시,82417,554
2023,8,202308,경기,수원시,80735,534
2023,8,202308,경기,시흥시,24250,184
2023,8,202308,경기,안산시,25956,225
2023,8,202308,경기,안성시,9296,115
2023,8,202308,경기,안양시,28050,123
2023,8,202308,경기,양주시,12177,160
2023,8,202308,경기,양평군,9055,91
2023,8,202308,경기,여주시,5603,87
2023,8,202308,경기,연천군,1656,37
2023,8,202308,경기,오산시,10502,124
2023,8,202308,경기,용인시,95936,625
2023,8,202308,경기,의왕시,10001,79
2023,8,202308,경기,의정부시,18729,183
2023,8,202308,경기,이천시,11751,158
2023,8,202308,경기,파주시,28409,332
2023,8,202308,경기,평택시,35563,359
2023,8,202308,경기,포천시,6830,92
2023,8,202308,경기,하남시,26692,183
2023,8,202308,경기,화성시,66097,698
2023,8,202308,경남,거제시,7673,71
2023,8,202308,경남,거창군,2020,28
2023,8,202308,경남,고성군,1412,18
2023,8,202308,경남,김해시,23615,203
2023,8,202308,경남,남해군,1171,23
2023,8,202308,경남,밀양시,3552,36
2023,8,202308,경남,사천시,3750,34
2023,8,202308,경남,산청군,1178,12
2023,8,202308,경남,양산시,15151,135
2023,8,202308,경남,의령군,837,14
2023,8,202308,경남,진주시,15165,139
2023,8,202308,경남,창녕군,2064,35
2023,8,202308,경남,창원시,95997,469
2023,8,202308,경남,통영시,3989,37
2023,8,202308,경남,하동군,1208,19
2023,8,202308,경남,함안군,5448,38
2023,8,202308,경남,함양군,1067,19
2023,8,202308,경남,합천군,1209,22
2023,8,202308,경북,경산시,11601,108
2023,8,202308,경북,경주시,10441,141
2023,8,202308,경북,고령군,1346,22
2023,8,202308,경북,구미시,15705,228
2023,8,202308,경북,김천시,4498,90
2023,8,202308,경북,문경시,2022,28
2023,8,202308,경북,봉화군,709,14
2023,8,202308,경북,상주시,2635,57
2023,8,202308,경북,성주군,1856,25
2023,8,202308,경북,안동시,5576,104
2023,8,202308,경북,영덕군,991,19
2023,8,202308,경북,영양군,396,7
2023,8,202308,경북,영주시,2970,65
2023,8,202308,경북,영천시,3912,40
2023,8,202308,경북,예천군,1921,32
2023,8,202308,경북,울릉군,288,3
2023,8,202308,경북,울진군,1608,31
2023,8,202308,경북,의성군,1390,23
2023,8,202308,경북,청도군,1799,16
2023,8,202308,경북,청송군,701,24
2023,8,202308,경북,칠곡군,4704,74
2023,8,202308,경북,포항시,21759,235
2023,8,202308,광주,광산구,19984,225
2023,8,202308,광주,남구,13136,74
2023,8,202308,광주,동구,7201,25
2023,8,202308,광주,북구,19928,158
2023,8,202308,광주,서구,19781,113
2023,8,202308,대구,군위군,925,16
2023,8,202308,대구,남구,7229,41
2023,8,202308,대구,달서구,46300,232
2023,8,202308,대구,달성군,11684,140
2023,8,202308,대구,동구,17780,131
2023,8,202308,대구,북구,18977,168
2023,8,202308,대구,서구,6159,31
2023,8,202308,대구,수성구,62104,153
2023,8,202308,대구,중구,23051,30
2023,8,202308,대전,대덕구,6478,79
2023,8,202308,대전,동구,6994,85
2023,8,202308,대전,서구,24163,226
2023,8,202308,대전,유성구,28676,230
2023,8,202308,대전,중구,9159,101
2023,8,202308,부산,강서구,10940,77
2023,8,202308,부산,금정구,10086,52
2023,8,202308,부산,기장군,10530,71
2023,8,202308,부산,남구,15342,61
2023,8,202308,부산,동구,14486,24
2023,8,202308,부산,동래구,13990,40
2023,8,202308,부산,부산진구,24570,82
2023,8,202308,부산,북구,8767,52
2023,8,202308,부산,사상구,6368,22
2023,8,202308,부산,사하구,8858,51
2023,8,202308,부산,서구,4130,5
2023,8,202308,부산,수영구,16322,42
2023,8,202308,부산,연제구,46947,55
2023,8,202308,부산,영도구,2925,13
2023,8,202308,부산,중구,21903,25
2023,8,202308,부산,해운대구,44021,151
2023,8,202308,서울,강남구,99519,273
2023,8,202308,서울,강동구,25969,94
2023,8,202308,서울,강북구,7928,90
2023,8,202308,서울,강서구,31675,145
2023,8,202308,서울,관악구,14989,79
2023,8,202308,서울,광진구,18924,85
2023,8,202308,서울,구로구,17946,122
2023,8,202308,서울,금천구,10187,34
2023,8,202308,서울,노원구,18227,104
2023,8,202308,서울,도봉구,9690,79
2023,8,202308,서울,동대문구,17285,62
2023,8,202308,서울,동작구,20681,56
2023,8,202308,서울,마포구,28658,111
2023,8,202308,서울,서대문구,17345,103
2023,8,202308,서울,서초구,63204,172
2023,8,202308,서울,성동구,26127,98
2023,8,202308,서울,성북구,20984,115
2023,8,202308,서울,송파구,60118,151
2023,8,202308,서울,양천구,26846,100
2023,8,202308,서울,영등포구,27392,93
2023,8,202308,서울,용산구,25136,90
2023,8,202308,서울,은평구,18478,78
2023,8,202308,서울,종로구,11913,80
2023,8,202308,서울,중구,17865,84
2023,8,202308,서울,중랑구,12468,122
2023,8,202308,세종,세종시,26473,300
2023,8,202308,울산,남구,14508,71
2023,8,202308,울산,동구,3285,38
2023,8,202308,울산,북구,6349,79
2023,8,202308,울산,울주군,8999,75
2023,8,202308,울산,중구,6835,53
2023,8,202308,인천,강화군,4184,60
2023,8,202308,인천,계양구,12492,72
2023,8,202308,인천,남동구,61467,181
2023,8,202308,인천,동구,1845,9
2023,8,202308,인천,미추홀구,24585,80
2023,8,202308,인천,부평구,43049,113
2023,8,202308,인천,서구,47669,246
2023,8,202308,인천,연수구,74724,211
2023,8,202308,인천,옹진군,812,14
2023,8,202308,인천,중구,9782,61
2023,8,202308,전남,강진군,987,17
2023,8,202308,전남,고흥군,1675,18
2023,8,202308,전남,곡성군,987,11
2023,8,202308,전남,광양시,6221,77
2023,8,202308,전남,구례군,721,14
2023,8,202308,전남,나주시,5904,69
2023,8,202308,전남,담양군,2215,23
2023,8,202308,전남,목포시,6893,83
2023,8,202308,전남,무안군,4028,54
2023,8,202308,전남,보성군,1181,16
2023,8,202308,전남,순천시,13413,120
2023,8,202308,전남,신안군,2725,27
2023,8,202308,전남,여수시,11354,92
2023,8,202308,전남,영광군,2144,20
2023,8,202308,전남,영암군,1860,36
2023,8,202308,전남,완도군,1521,14
2023,8,202308,전남,장성군,1901,34
2023,8,202308,전남,장흥군,1051,14
2023,8,202308,전남,진도군,916,14
2023,8,202308,전남,함평군,1378,25
2023,8,202308,전남,해남군,2759,36
2023,8,202308,전남,화순군,2497,29
2023,8,202308,전북,고창군,1790,18
2023,8,202308,전북,군산시,11095,99
2023,8,202308,전북,김제시,2917,35
2023,8,202308,전북,남원시,2370,36
2023,8,202308,전북,무주군,754,13
2023,8,202308,전북,부안군,1556,15
2023,8,202308,전북,순창군,840,10
2023,8,202308,전북,완주군,4090,56
2023,8,202308,전북,익산시,10145,116
2023,8,202308,전북,임실군,710,15
2023,8,202308,전북,장수군,596,6
2023,8,202308,전북,전주시,41050,269
2023,8,202308,전북,정읍시,3433,41
2023,8,202308,전북,진안군,755,8
2023,8,202308,제주,서귀포시,8641,92
2023,8,202308,제주,제주시,38745,335
2023,8,202308,충남,계룡시,2259,27
2023,8,202308,충남,공주시,4062,56
2023,8,202308,충남,금산군,1814,26
2023,8,202308,충남,논산시,3433,50
2023,8,202308,충남,당진시,6833,102
2023,8,202308,충남,보령시,3387,44
2023,8,202308,충남,부여군,1708,27
2023,8,202308,충남,서산시,7070,119
2023,8,202308,충남,서천군,1375,22
2023,8,202308,충남,아산시,16420,236
2023,8,202308,충남,예산군,2794,47
2023,8,202308,충남,천안시,34641,430
2023,8,202308,충남,청양군,859,21
2023,8,202308,충남,태안군,2200,36
2023,8,202308,충남,홍성군,3509,48
2023,8,202308,충북,괴산군,1224,31
2023,8,202308,충북,단양군,799,26
2023,8,202308,충북,보은군,973,18
2023,8,202308,충북,영동군,1175,22
2023,8,202308,충북,옥천군,1575,25
2023,8,202308,충북,음성군,3839,60
2023,8,202308,충북,제천시,4559,56
2023,8,202308,충북,증평군,1257,13
2023,8,202308,충북,진천군,3566,59
2023,8,202308,충북,청주시,48448,491
2023,8,202308,충북,충주시,8023,140
2023,9,202309,강원,강릉시,10426,146
2023,9,202309,강원,고성군,1042,24
2023,9,202309,강원,동해시,2772,81
2023,9,202309,강원,삼척시,1808,38
2023,9,202309,강원,속초시,3473,61
2023,9,202309,강원,양구군,653,12
2023,9,202309,강원,양양군,1457,28
2023,9,202309,강원,영월군,1385,25
2023,9,202309,강원,원주시,19165,187
2023,9,202309,강원,인제군,1077,22
2023,9,202309,강원,정선군,1324,16
2023,9,202309,강원,철원군,1213,31
2023,9,202309,강원,춘천시,12998,176
2023,9,202309,강원,태백시,1409,24
2023,9,202309,강원,평창군,2081,31
2023,9,202309,강원,홍천군,2378,38
2023,9,202309,강원,화천군,684,8
2023,9,202309,강원,횡성군,2062,28
2023,9,202309,경기,가평군,3403,47
2023,9,202309,경기,고양시,75155,512
2023,9,202309,경기,과천시,7838,39
2023,9,202309,경기,광명시,12171,111
2023,9,202309,경기,광주시,26461,285
2023,9,202309,경기,구리시,10016,78
2023,9,202309,경기,군포시,10591,109
2023,9,202309,경기,김포시,36425,538
2023,9,202309,경기,남양주시,43503,398
2023,9,202309,경기,동두천시,2787,29
2023,9,202309,경기,부천시,32603,233
2023,9,202309,경기,성남시,82867,562
2023,9,202309,경기,수원시,81559,534
2023,9,202309,경기,시흥시,24393,188
2023,9,202309,경기,안산시,26135,226
2023,9,202309,경기,안성시,9334,116
2023,9,202309,경기,안양시,28169,123
2023,9,202309,경기,양주시,12356,160
2023,9,202309,경기,양평군,9128,90
2023,9,202309,경기,여주시,5673,87
2023,9,202309,경기,연천군,1669,39
2023,9,202309,경기,오산시,10588,125
2023,9,202309,경기,용인시,96482,623
2023,9,202309,경기,의왕시,10083,79
2023,9,202309,경기,의정부시,18849,182
2023,9,202309,경기,이천시,11780,164
2023,9,202309,경기,파주시,28614,341
2023,9,202309,경기,평택시,35887,359
2023,9,202309,경기,포천시,6834,95
2023,9,202309,경기,하남시,26884,192
2023,9,202309,경기,화성시,66597,697
2023,9,202309,경남,거제시,7732,69
2023,9,202309,경남,거창군,2031,28
2023,9,202309,경남,고성군,1420,17
2023,9,202309,경남,김해시,23747,205
2023,9,202309,경남,남해군,1186,25
2023,9,202309,경남,밀양시,3551,37
2023,9,202309,경남,사천시,3770,35
2023,9,202309,경남,산청군,1181,12
2023,9,202309,경남,양산시,15225,134
2023,9,202309,경남,의령군,845,14
2023,9,202309,경남,진주시,15266,140
2023,9,202309,경남,창녕군,2072,35
2023,9,202309,경남,창원시,96990,468
2023,9,202309,경남,통영시,4013,37
2023,9,202309,경남,하동군,1203,19
2023,9,202309,경남,함안군,5500,39
2023,9,202309,경남,함양군,1073,18
2023,9,202309,경남,합천군,1226,22
2023,9,202309,경북,경산시,11673,108
2023,9,202309,경북,경주시,10497,139
2023,9,202309,경북,고령군,1347,22
2023,9,202309,경북,구미시,15805,229
2023,9,202309,경북,김천시,4510,89
2023,9,202309,경북,문경시,2043,27
2023,9,202309,경북,봉화군,702,13
2023,9,202309,경북,상주시,2653,57
2023,9,202309,경북,성주군,1871,25
2023,9,202309,경북,안동시,5616,104
2023,9,202309,경북,영덕군,1002,20
2023,9,202309,경북,영양군,395,7
2023,9,202309,경북,영주시,2986,65
2023,9,202309,경북,영천시,3943,40
2023,9,202309,경북,예천군,1935,31
2023,9,202309,경북,울릉군,286,3
2023,9,202309,경북,울진군,1622,31
2023,9,202309,경북,의성군,1396,23
2023,9,202309,경북,청도군,1789,16
2023,9,202309,경북,청송군,708,23
2023,9,202309,경북,칠곡군,4727,73
2023,9,202309,경북,포항시,21865,235
2023,9,202309,광주,광산구,20038,226
2023,9,202309,광주,남구,13188,74
2023,9,202309,광주,동구,7236,27
2023,9,202309,광주,북구,20102,161
2023,9,202309,광주,서구,19808,111
2023,9,202309,대구,군위군,927,17
2023,9,202309,대구,남구,7206,41
2023,9,202309,대구,달서구,46333,227
2023,9,202309,대구,달성군,11677,139
2023,9,202309,대구,동구,18012,132
2023,9,202309,대구,북구,19051,168
2023,9,202309,대구,서구,6281,32
2023,9,202309,대구,수성구,62683,154
2023,9,202309,대구,중구,23007,29
2023,9,202309,대전,대덕구,6508,81
2023,9,202309,대전,동구,7027,89
2023,9,202309,대전,서구,24154,227
2023,9,202309,대전,유성구,28996,232
2023,9,202309,대전,중구,9195,100
2023,9,202309,부산,강서구,10982,76
2023,9,202309,부산,금정구,10084,53
2023,9,202309,부산,기장군,10630,70
2023,9,202309,부산,남구,15390,59
2023,9,202309,부산,동구,14983,25
2023,9,202309,부산,동래구,14058,39
2023,9,202309,부산,부산진구,24812,81
2023,9,202309,부산,북구,8787,51
2023,9,202309,부산,사상구,6414,23
2023,9,202309,부산,사하구,8881,53
2023,9,202309,부산,서구,4145,4
2023,9,202309,부산,수영구,16310,42
2023,9,202309,부산,연제구,47123,55
2023,9,202309,부산,영도구,2949,13
2023,9,202309,부산,중구,22045,25
2023,9,202309,부산,해운대구,44187,154
2023,9,202309,서울,강남구,99835,280
2023,9,202309,서울,강동구,26070,93
2023,9,202309,서울,강북구,7973,94
2023,9,202309,서울,강서구,31852,147
2023,9,202309,서울,관악구,15022,76
2023,9,202309,서울,광진구,19041,85
2023,9,202309,서울,구로구,18006,121
2023,9,202309,서울,금천구,10191,34
2023,9,202309,서울,노원구,18347,107
2023,9,202309,서울,도봉구,9689,78
2023,9,202309,서울,동대문구,17481,62
2023,9,202309,서울,동작구,20729,55
2023,9,202309,서울,마포구,28763,109
2023,9,202309,서울,서대문구,17409,106
2023,9,202309,서울,서초구,63689,172
2023,9,202309,서울,성동구,26142,98
2023,9,202309,서울,성북구,21047,118
2023,9,202309,서울,송파구,60325,150
2023,9,202309,서울,양천구,26961,99
2023,9,202309,서울,영등포구,27566,93
2023,9,202309,서울,용산구,25170,89
2023,9,202309,서울,은평구,18642,79
2023,9,202309,서울,종로구,11959,82
2023,9,202309,서울,중구,17647,87
2023,9,202309,서울,중랑구,12508,122
2023,9,202309,세종,세종시,26734,298
2023,9,202309,울산,남구,14559,73
2023,9,202309,울산,동구,3333,37
2023,9,202309,울산,북구,6377,82
2023,9,202309,울산,울주군,9024,74
2023,9,202309,울산,중구,6856,53
2023,9,202309,인천,강화군,4169,61
2023,9,202309,인천,계양구,12707,72
2023,9,202309,인천,남동구,62198,179
2023,9,202309,인천,동구,1849,10
2023,9,202309,인천,미추홀구,24523,80
2023,9,202309,인천,부평구,43038,116
2023,9,202309,인천,서구,48162,255
2023,9,202309,인천,연수구,75667,209
2023,9,202309,인천,옹진군,820,15
2023,9,202309,인천,중구,9900,64
2023,9,202309,전남,강진군,991,17
2023,9,202309,전남,고흥군,1673,18
2023,9,202309,전남,곡성군,995,11
2023,9,202309,전남,광양시,6299,79
2023,9,202309,전남,구례군,727,15
2023,9,202309,전남,나주시,5933,68
2023,9,202309,전남,담양군,2197,24
2023,9,202309,전남,목포시,6946,83
2023,9,202309,전남,무안군,4038,53
2023,9,202309,전남,보성군,1182,16
2023,9,202309,전남,순천시,13425,117
2023,9,202309,전남,신안군,2761,27
2023,9,202309,전남,여수시,11412,90
2023,9,202309,전남,영광군,2142,20
2023,9,202309,전남,영암군,1868,39
2023,9,202309,전남,완도군,1526,14
2023,9,202309,전남,장성군,1925,33
2023,9,202309,전남,장흥군,1051,14
2023,9,202309,전남,진도군,906,14
2023,9,202309,전남,함평군,1309,27
2023,9,202309,전남,해남군,2748,34
2023,9,202309,전남,화순군,2511,29
2023,9,202309,전북,고창군,1811,18
2023,9,202309,전북,군산시,11109,101
2023,9,202309,전북,김제시,2936,35
2023,9,202309,전북,남원시,2369,36
2023,9,202309,전북,무주군,762,13
2023,9,202309,전북,부안군,1563,16
2023,9,202309,전북,순창군,840,11
2023,9,202309,전북,완주군,4090,58
2023,9,202309,전북,익산시,10215,117
2023,9,202309,전북,임실군,707,15
2023,9,202309,전북,장수군,594,6
2023,9,202309,전북,전주시,41059,271
2023,9,202309,전북,정읍시,3438,39
2023,9,202309,전북,진안군,760,8
2023,9,202309,제주,서귀포시,8696,95
2023,9,202309,제주,제주시,38961,340
2023,9,202309,충남,계룡시,2271,25
2023,9,202309,충남,공주시,4086,55
2023,9,202309,충남,금산군,1822,28
2023,9,202309,충남,논산시,3460,50
2023,9,202309,충남,당진시,6887,102
2023,9,202309,충남,보령시,3403,44
2023,9,202309,충남,부여군,1714,27
2023,9,202309,충남,서산시,7103,118
2023,9,202309,충남,서천군,1382,22
2023,9,202309,충남,아산시,16684,234
2023,9,202309,충남,예산군,2812,46
2023,9,202309,충남,천안시,34838,425
2023,9,202309,충남,청양군,851,21
2023,9,202309,충남,태안군,2207,37
2023,9,202309,충남,홍성군,3523,48
2023,9,202309,충북,괴산군,1229,31
2023,9,202309,충북,단양군,812,27
2023,9,202309,충북,보은군,972,18
2023,9,202309,충북,영동군,1190,22
2023,9,202309,충북,옥천군,1593,25
2023,9,202309,충북,음성군,3859,60
2023,9,202309,충북,제천시,4603,55
2023,9,202309,충북,증평군,1250,12
2023,9,202309,충북,진천군,3574,60
2023,9,202309,충북,청주시,48576,487
2023,9,202309,충북,충주시,8064,141
2023,10,202310,강원,강릉시,10465,148
2023,10,202310,강원,고성군,1058,25
2023,10,202310,강원,동해시,2783,81
2023,10,202310,강원,삼척시,1819,39
2023,10,202310,강원,속초시,3489,59
2023,10,202310,강원,양구군,660,12
2023,10,202310,강원,양양군,1474,29
2023,10,202310,강원,영월군,1378,28
2023,10,202310,강원,원주시,19236,189
2023,10,202310,강원,인제군,1076,22
2023,10,202310,강원,정선군,1312,16
2023,10,202310,강원,철원군,1233,31
2023,10,202310,강원,춘천시,13037,175
2023,10,202310,강원,태백시,1425,24
2023,10,202310,강원,평창군,2085,30
2023,10,202310,강원,홍천군,2385,38
2023,10,202310,강원,화천군,700,8
2023,10,202310,강원,횡성군,2060,28
2023,10,202310,경기,가평군,3451,46
2023,10,202310,경기,고양시,75360,518
2023,10,202310,경기,과천시,7852,42
2023,10,202310,경기,광명시,12281,111
2023,10,202310,경기,광주시,26504,284
2023,10,202310,경기,구리시,10013,78
2023,10,202310,경기,군포시,10603,107
2023,10,202310,경기,김포시,36517,536
2023,10,202310,경기,남양주시,43645,395
2023,10,202310,경기,동두천시,2769,31
2023,10,202310,경기,부천시,32763,231
2023,10,202310,경기,성남시,83147,572
2023,10,202310,경기,수원시,82387,550
2023,10,202310,경기,시흥시,24531,188
2023,10,202310,경기,안산시,26200,227
2023,10,202310,경기,안성시,9439,120
2023,10,202310,경기,안양시,28239,127
2023,10,202310,경기,양주시,12516,161
2023,10,202310,경기,양평군,9197,91
2023,10,202310,경기,여주시,5695,95
2023,10,202310,경기,연천군,1679,41
2023,10,202310,경기,오산시,10736,124
2023,10,202310,경기,용인시,96767,664
2023,10,202310,경기,의왕시,10149,79
2023,10,202310,경기,의정부시,18963,182
2023,10,202310,경기,이천시,11881,165
2023,10,202310,경기,파주시,28752,340
2023,10,202310,경기,평택시,36230,360
2023,10,202310,경기,포천시,6874,95
2023,10,202310,경기,하남시,26973,192
2023,10,202310,경기,화성시,66986,703
2023,10,202310,경남,거제시,7759,70
2023,10,202310,경남,거창군,2061,26
2023,10,202310,경남,고성군,1435,15
2023,10,202310,경남,김해시,23848,205
2023,10,202310,경남,남해군,1176,23
2023,10,202310,경남,밀양시,3570,37
2023,10,202310,경남,사천시,3824,36
2023,10,202310,경남,산청군,1197,13
2023,10,202310,경남,양산시,15287,132
2023,10,202310,경남,의령군,849,13
2023,10,202310,경남,진주시,15321,135
2023,10,202310,경남,창녕군,2080,34
2023,10,202310,경남,창원시,97686,481
2023,10,202310,경남,통영시,4047,36
2023,10,202310,경남,하동군,1228,20
2023,10,202310,경남,함안군,5577,39
2023,10,202310,경남,함양군,1078,18
2023,10,202310,경남,합천군,1224,22
2023,10,202310,경북,경산시,11693,110
2023,10,202310,경북,경주시,10546,137
2023,10,202310,경북,고령군,1356,22
2023,10,202310,경북,구미시,15858,227
2023,10,202310,경북,김천시,4535,90
2023,10,202310,경북,문경시,2065,27
2023,10,202310,경북,봉화군,705,13
2023,10,202310,경북,상주시,2672,58
2023,10,202310,경북,성주군,1875,24
2023,10,202310,경북,안동시,5633,104
2023,10,202310,경북,영덕군,1006,19
2023,10,202310,경북,영양군,397,6
2023,10,202310,경북,영주시,3007,64
2023,10,202310,경북,영천시,3952,41
2023,10,202310,경북,예천군,1932,33
2023,10,202310,경북,울릉군,289,3
2023,10,202310,경북,울진군,1638,30
2023,10,202310,경북,의성군,1404,24
2023,10,202310,경북,청도군,1799,17
2023,10,202310,경북,청송군,718,24
2023,10,202310,경북,칠곡군,4718,72
2023,10,202310,경북,포항시,21974,240
2023,10,202310,광주,광산구,20111,223
2023,10,202310,광주,남구,13221,75
2023,10,202310,광주,동구,7246,26
2023,10,202310,광주,북구,20253,163
2023,10,202310,광주,서구,19846,111
2023,10,202310,대구,군위군,939,17
2023,10,202310,대구,남구,7202,40
2023,10,202310,대구,달서구,46260,228
2023,10,202310,대구,달성군,11692,142
2023,10,202310,대구,동구,18101,134
2023,10,202310,대구,북구,19117,169
2023,10,202310,대구,서구,6370,33
2023,10,202310,대구,수성구,62986,155
2023,10,202310,대구,중구,22887,28
2023,10,202310,대전,대덕구,6524,80
2023,10,202310,대전,동구,7094,88
2023,10,202310,대전,서구,24229,225
2023,10,202310,대전,유성구,29184,236
2023,10,202310,대전,중구,9204,100
2023,10,202310,부산,강서구,11039,76
2023,10,202310,부산,금정구,10098,56
2023,10,202310,부산,기장군,10706,66
2023,10,202310,부산,남구,15493,59
2023,10,202310,부산,동구,15542,25
2023,10,202310,부산,동래구,14123,39
2023,10,202310,부산,부산진구,25122,81
2023,10,202310,부산,북구,8817,52
2023,10,202310,부산,사상구,6445,23
2023,10,202310,부산,사하구,8899,54
2023,10,202310,부산,서구,4141,4
2023,10,202310,부산,수영구,16204,43
2023,10,202310,부산,연제구,47222,53
2023,10,202310,부산,영도구,2955,13
2023,10,202310,부산,중구,22191,24
2023,10,202310,부산,해운대구,44315,153
2023,10,202310,서울,강남구,100156,276
2023,10,202310,서울,강동구,26175,93
2023,10,202310,서울,강북구,7960,93
2023,10,202310,서울,강서구,31974,146
2023,10,202310,서울,관악구,15028,76
2023,10,202310,서울,광진구,19019,86
2023,10,202310,서울,구로구,18066,122
2023,10,202310,서울,금천구,10224,33
2023,10,202310,서울,노원구,18435,105
2023,10,202310,서울,도봉구,9710,79
2023,10,202310,서울,동대문구,17673,62
2023,10,202310,서울,동작구,20791,55
2023,10,202310,서울,마포구,28817,110
2023,10,202310,서울,서대문구,17441,110
2023,10,202310,서울,서초구,64066,174
2023,10,202310,서울,성동구,26216,97
2023,10,202310,서울,성북구,21147,118
2023,10,202310,서울,송파구,60515,149
2023,10,202310,서울,양천구,27087,100
2023,10,202310,서울,영등포구,27689,93
2023,10,202310,서울,용산구,25159,89
2023,10,202310,서울,은평구,18766,83
2023,10,202310,서울,종로구,12036,82
2023,10,202310,서울,중구,17371,89
2023,10,202310,서울,중랑구,12570,120
2023,10,202310,세종,세종시,26788,292
2023,10,202310,울산,남구,14581,75
2023,10,202310,울산,동구,3357,37
2023,10,202310,울산,북구,6385,79
2023,10,202310,울산,울주군,9054,79
2023,10,202310,울산,중구,7003,51
2023,10,202310,인천,강화군,4177,61
2023,10,202310,인천,계양구,12724,69
2023,10,202310,인천,남동구,62693,173
2023,10,202310,인천,동구,1855,10
2023,10,202310,인천,미추홀구,24477,79
2023,10,202310,인천,부평구,43059,120
2023,10,202310,인천,서구,48491,261
2023,10,202310,인천,연수구,76318,209
2023,10,202310,인천,옹진군,829,15
2023,10,202310,인천,중구,10010,66
2023,10,202310,전남,강진군,985,17
2023,10,202310,전남,고흥군,1679,17
2023,10,202310,전남,곡성군,995,11
2023,10,202310,전남,광양시,6346,78
2023,10,202310,전남,구례군,723,15
2023,10,202310,전남,나주시,5949,65
2023,10,202310,전남,담양군,2217,26
2023,10,202310,전남,목포시,6991,84
2023,10,202310,전남,무안군,4049,53
2023,10,202310,전남,보성군,1191,14
2023,10,202310,전남,순천시,13531,120
2023,10,202310,전남,신안군,2757,28
2023,10,202310,전남,여수시,11435,90
2023,10,202310,전남,영광군,2159,21
2023,10,202310,전남,영암군,1862,38
2023,10,202310,전남,완도군,1545,14
2023,10,202310,전남,장성군,1924,34
2023,10,202310,전남,장흥군,1061,15
2023,10,202310,전남,진도군,922,14
2023,10,202310,전남,함평군,1261,27
2023,10,202310,전남,해남군,2766,34
2023,10,202310,전남,화순군,2513,28
2023,10,202310,전북,고창군,1816,18
2023,10,202310,전북,군산시,11168,105
2023,10,202310,전북,김제시,2928,35
2023,10,202310,전북,남원시,2369,36
2023,10,202310,전북,무주군,771,13
2023,10,202310,전북,부안군,1567,16
2023,10,202310,전북,순창군,838,12
2023,10,202310,전북,완주군,4129,59
2023,10,202310,전북,익산시,10226,116
2023,10,202310,전북,임실군,712,16
2023,10,202310,전북,장수군,597,6
2023,10,202310,전북,전주시,41044,275
2023,10,202310,전북,정읍시,3452,40
2023,10,202310,전북,진안군,765,8
2023,10,202310,제주,서귀포시,8752,93
2023,10,202310,제주,제주시,39147,344
2023,10,202310,충남,계룡시,2309,25
2023,10,202310,충남,공주시,4094,56
2023,10,202310,충남,금산군,1827,27
2023,10,202310,충남,논산시,3491,50
2023,10,202310,충남,당진시,6944,103
2023,10,202310,충남,보령시,3411,49
2023,10,202310,충남,부여군,1712,27
2023,10,202310,충남,서산시,7134,121
2023,10,202310,충남,서천군,1391,22
2023,10,202310,충남,아산시,16882,231
2023,10,202310,충남,예산군,2831,47
2023,10,202310,충남,천안시,34918,425
2023,10,202310,충남,청양군,862,21
2023,10,202310,충남,태안군,2233,36
2023,10,202310,충남,홍성군,3542,48
2023,10,202310,충북,괴산군,1228,34
2023,10,202310,충북,단양군,822,27
2023,10,202310,충북,보은군,975,19
2023,10,202310,충북,영동군,1193,21
2023,10,202310,충북,옥천군,1612,24
2023,10,202310,충북,음성군,3878,59
2023,10,202310,충북,제천시,4628,58
2023,10,202310,충북,증평군,1252,12
2023,10,202310,충북,진천군,3609,62
2023,10,202310,충북,청주시,48732,491
2023,10,202310,충북,충주시,8016,140
2023,11,202311,강원,강릉시,10532,153
2023,11,202311,강원,고성군,1055,25
2023,11,202311,강원,동해시,2797,82
2023,11,202311,강원,삼척시,1833,39
2023,11,202311,강원,속초시,3507,58
2023,11,202311,강원,양구군,673,13
2023,11,202311,강원,양양군,1482,30
2023,11,202311,강원,영월군,1397,28
2023,11,202311,강원,원주시,19362,189
2023,11,202311,강원,인제군,1079,21
2023,11,202311,강원,정선군,1313,17
2023,11,202311,강원,철원군,1250,30
2023,11,202311,강원,춘천시,13127,176
2023,11,202311,강원,태백시,1442,24
2023,11,202311,강원,평창군,2101,30
2023,11,202311,강원,홍천군,2393,38
2023,11,202311,강원,화천군,694,8
2023,11,202311,강원,횡성군,2075,30
2023,11,202311,경기,가평군,3461,45
2023,11,202311,경기,고양시,75615,527
2023,11,202311,경기,과천시,7867,46
2023,11,202311,경기,광명시,12398,110
2023,11,202311,경기,광주시,26612,282
2023,11,202311,경기,구리시,10063,85
2023,11,202311,경기,군포시,10656,107
2023,11,202311,경기,김포시,36730,534
2023,11,202311,경기,남양주시,43883,399
2023,11,202311,경기,동두천시,2791,33
2023,11,202311,경기,부천시,33010,229
2023,11,202311,경기,성남시,83774,584
2023,11,202311,경기,수원시,83400,547
2023,11,202311,경기,시흥시,24694,191
2023,11,202311,경기,안산시,26315,228
2023,11,202311,경기,안성시,9533,124
2023,11,202311,경기,안양시,28436,131
2023,11,202311,경기,양주시,12636,160
2023,11,202311,경기,양평군,9305,95
2023,11,202311,경기,여주시,5743,95
2023,11,202311,경기,연천군,1669,40
2023,11,202311,경기,오산시,10777,125
2023,11,202311,경기,용인시,97451,720
2023,11,202311,경기,의왕시,10230,79
2023,11,202311,경기,의정부시,19026,180
2023,11,202311,경기,이천시,11907,165
2023,11,202311,경기,파주시,28910,348
2023,11,202311,경기,평택시,36482,363
2023,11,202311,경기,포천시,6980,92
2023,11,202311,경기,하남시,27098,193
2023,11,202311,경기,화성시,67386,711
2023,11,202311,경남,거제시,7808,72
2023,11,202311,경남,거창군,2055,26
2023,11,202311,경남,고성군,1445,15
2023,11,202311,경남,김해시,23997,205
2023,11,202311,경남,남해군,1174,23
2023,11,202311,경남,밀양시,3598,37
2023,11,202311,경남,사천시,3838,37
2023,11,202311,경남,산청군,1203,13
2023,11,202311,경남,양산시,15392,135
2023,11,202311,경남,의령군,855,13
2023,11,202311,경남,진주시,15409,134
2023,11,202311,경남,창녕군,2094,34
2023,11,202311,경남,창원시,98582,502
2023,11,202311,경남,통영시,4057,36
2023,11,202311,경남,하동군,1233,20
2023,11,202311,경남,함안군,6274,40
2023,11,202311,경남,함양군,1091,18
2023,11,202311,경남,합천군,1224,21
2023,11,202311,경북,경산시,11710,107
2023,11,202311,경북,경주시,10600,137
2023,11,202311,경북,고령군,1369,22
2023,11,202311,경북,구미시,15937,230
2023,11,202311,경북,김천시,4574,89
2023,11,202311,경북,문경시,2080,28
2023,11,202311,경북,봉화군,698,13
2023,11,202311,경북,상주시,2704,56
2023,11,202311,경북,성주군,1871,26
2023,11,202311,경북,안동시,5679,104
2023,11,202311,경북,영덕군,1004,20
2023,11,202311,경북,영양군,393,4
2023,11,202311,경북,영주시,3020,62
2023,11,202311,경북,영천시,3961,40
2023,11,202311,경북,예천군,1941,34
2023,11,202311,경북,울릉군,297,3
2023,11,202311,경북,울진군,1651,29
2023,11,202311,경북,의성군,1423,25
2023,11,202311,경북,청도군,1808,16
2023,11,202311,경북,청송군,714,24
2023,11,202311,경북,칠곡군,4711,74
2023,11,202311,경북,포항시,22103,243
2023,11,202311,광주,광산구,20233,222
2023,11,202311,광주,남구,13290,77
2023,11,202311,광주,동구,7313,25
2023,11,202311,광주,북구,20336,164
2023,11,202311,광주,서구,19940,113
2023,11,202311,대구,군위군,944,17
2023,11,202311,대구,남구,7215,40
2023,11,202311,대구,달서구,46200,227
2023,11,202311,대구,달성군,11742,140
2023,11,202311,대구,동구,18286,136
2023,11,202311,대구,북구,19126,165
2023,11,202311,대구,서구,6520,34
2023,11,202311,대구,수성구,63358,159
2023,11,202311,대구,중구,22758,28
2023,11,202311,대전,대덕구,6368,81
2023,11,202311,대전,동구,7104,86
2023,11,202311,대전,서구,24488,226
2023,11,202311,대전,유성구,29594,236
2023,11,202311,대전,중구,9239,101
2023,11,202311,부산,강서구,11144,77
2023,11,202311,부산,금정구,10135,57
2023,11,202311,부산,기장군,10803,66
2023,11,202311,부산,남구,15611,59
2023,11,202311,부산,동구,16262,25
2023,11,202311,부산,동래구,14165,38
2023,11,202311,부산,부산진구,25502,82
2023,11,202311,부산,북구,8849,53
2023,11,202311,부산,사상구,6494,23
2023,11,202311,부산,사하구,8921,53
2023,11,202311,부산,서구,4153,4
2023,11,202311,부산,수영구,16247,43
2023,11,202311,부산,연제구,47033,52
2023,11,202311,부산,영도구,2951,13
2023,11,202311,부산,중구,22396,24
2023,11,202311,부산,해운대구,44348,149
2023,11,202311,서울,강남구,100274,277
2023,11,202311,서울,강동구,26288,89
2023,11,202311,서울,강북구,7984,93
2023,11,202311,서울,강서구,32292,150
2023,11,202311,서울,관악구,15020,77
2023,11,202311,서울,광진구,19025,86
2023,11,202311,서울,구로구,18100,123
2023,11,202311,서울,금천구,10273,33
2023,11,202311,서울,노원구,18559,117
2023,11,202311,서울,도봉구,9731,81
2023,11,202311,서울,동대문구,17794,61
2023,11,202311,서울,동작구,20836,52
2023,11,202311,서울,마포구,28914,110
2023,11,202311,서울,서대문구,17492,112
2023,11,202311,서울,서초구,64360,179
2023,11,202311,서울,성동구,26320,97
2023,11,202311,서울,성북구,21219,118
2023,11,202311,서울,송파구,60679,148
2023,11,202311,서울,양천구,27237,102
2023,11,202311,서울,영등포구,27813,93
2023,11,202311,서울,용산구,25169,90
2023,11,202311,서울,은평구,18929,85
2023,11,202311,서울,종로구,12066,80
2023,11,202311,서울,중구,17148,89
2023,11,202311,서울,중랑구,12617,122
2023,11,202311,세종,세종시,26837,290
2023,11,202311,울산,남구,14653,73
2023,11,202311,울산,동구,3381,37
2023,11,202311,울산,북구,6422,77
2023,11,202311,울산,울주군,9093,76
2023,11,202311,울산,중구,7094,53
2023,11,202311,인천,강화군,4175,61
2023,11,202311,인천,계양구,12726,68
2023,11,202311,인천,남동구,63212,172
2023,11,202311,인천,동구,1859,10
2023,11,202311,인천,미추홀구,24403,80
2023,11,202311,인천,부평구,43307,126
2023,11,202311,인천,서구,48795,266
2023,11,202311,인천,연수구,77247,207
2023,11,202311,인천,옹진군,834,14
2023,11,202311,인천,중구,10102,69
2023,11,202311,전남,강진군,983,17
2023,11,202311,전남,고흥군,1689,17
2023,11,202311,전남,곡성군,1000,11
2023,11,202311,전남,광양시,6404,79
2023,11,202311,전남,구례군,730,15
2023,11,202311,전남,나주시,6004,67
2023,11,202311,전남,담양군,2234,25
2023,11,202311,전남,목포시,6997,85
2023,11,202311,전남,무안군,4059,52
2023,11,202311,전남,보성군,1188,14
2023,11,202311,전남,순천시,13651,122
2023,11,202311,전남,신안군,2814,28
2023,11,202311,전남,여수시,11533,90
2023,11,202311,전남,영광군,2171,21
2023,11,202311,전남,영암군,1883,37
2023,11,202311,전남,완도군,1555,14
2023,11,202311,전남,장성군,1930,34
2023,11,202311,전남,장흥군,1061,15
2023,11,202311,전남,진도군,933,14
2023,11,202311,전남,함평군,1230,26
2023,11,202311,전남,해남군,2771,33
2023,11,202311,전남,화순군,2541,29
2023,11,202311,전북,고창군,1838,19
2023,11,202311,전북,군산시,11221,99
2023,11,202311,전북,김제시,2932,32
2023,11,202311,전북,남원시,2393,36
2023,11,202311,전북,무주군,773,13
2023,11,202311,전북,부안군,1562,17
2023,11,202311,전북,순창군,854,12
2023,11,202311,전북,완주군,4158,58
2023,11,202311,전북,익산시,10260,115
2023,11,202311,전북,임실군,713,15
2023,11,202311,전북,장수군,597,6
2023,11,202311,전북,전주시,41090,279
2023,11,202311,전북,정읍시,3480,40
2023,11,202311,전북,진안군,758,8
2023,11,202311,제주,서귀포시,8826,91
2023,11,202311,제주,제주시,39323,350
2023,11,202311,충남,계룡시,2316,25
2023,11,202311,충남,공주시,4117,58
2023,11,202311,충남,금산군,1832,27
2023,11,202311,충남,논산시,3509,49
2023,11,202311,충남,당진시,6989,104
2023,11,202311,충남,보령시,3439,57
2023,11,202311,충남,부여군,1727,27
2023,11,202311,충남,서산시,7209,123
2023,11,202311,충남,서천군,1392,22
2023,11,202311,충남,아산시,17118,230
2023,11,202311,충남,예산군,2853,46
2023,11,202311,충남,천안시,35037,429
2023,11,202311,충남,청양군,876,21
2023,11,202311,충남,태안군,2234,36
2023,11,202311,충남,홍성군,3566,48
2023,11,202311,충북,괴산군,1229,33
2023,11,202311,충북,단양군,829,26
2023,11,202311,충북,보은군,969,19
2023,11,202311,충북,영동군,1202,21
2023,11,202311,충북,옥천군,1620,24
2023,11,202311,충북,음성군,3908,61
2023,11,202311,충북,제천시,4648,68
2023,11,202311,충북,증평군,1257,12
2023,11,202311,충북,진천군,3615,61
2023,11,202311,충북,청주시,48749,491
2023,11,202311,충북,충주시,8082,139
2023,12,202312,강원,강릉시,10602,152
2023,12,202312,강원,고성군,1054,25
2023,12,202312,강원,동해시,2825,81
2023,12,202312,강원,삼척시,1842,39
2023,12,202312,강원,속초시,3547,57
2023,12,202312,강원,양구군,671,13
2023,12,202312,강원,양양군,1496,31
2023,12,202312,강원,영월군,1396,24
2023,12,202312,강원,원주시,19439,192
2023,12,202312,강원,인제군,1089,20
2023,12,202312,강원,정선군,1320,16
2023,12,202312,강원,철원군,1242,30
2023,12,202312,강원,춘천시,13198,178
2023,12,202312,강원,태백시,1459,23
2023,12,202312,강원,평창군,2120,30
2023,12,202312,강원,홍천군,2413,40
2023,12,202312,강원,화천군,685,8
2023,12,202312,강원,횡성군,2101,31
2023,12,202312,경기,가평군,3481,47
2023,12,202312,경기,고양시,75949,559
2023,12,202312,경기,과천시,7916,48
2023,12,202312,경기,광명시,12483,127
2023,12,202312,경기,광주시,26748,339
2023,12,202312,경기,구리시,10099,85
2023,12,202312,경기,군포시,10702,135
2023,12,202312,경기,김포시,36875,543
2023,12,202312,경기,남양주시,44114,414
2023,12,202312,경기,동두천시,2813,34
2023,12,202312,경기,부천시,33162,258
2023,12,202312,경기,성남시,84102,600
2023,12,202312,경기,수원시,84101,589
2023,12,202312,경기,시흥시,24820,193
2023,12,202312,경기,안산시,26521,228
2023,12,202312,경기,안성시,9605,130
2023,12,202312,경기,안양시,28679,140
2023,12,202312,경기,양주시,12830,160
2023,12,202312,경기,양평군,9336,95
2023,12,202312,경기,여주시,5781,101
2023,12,202312,경기,연천군,1677,41
2023,12,202312,경기,오산시,10826,128
2023,12,202312,경기,용인시,97804,775
2023,12,202312,경기,의왕시,10279,79
2023,12,202312,경기,의정부시,19127,179
2023,12,202312,경기,이천시,11979,165
2023,12,202312,경기,파주시,29023,353
2023,12,202312,경기,평택시,36783,366
2023,12,202312,경기,포천시,6993,94
2023,12,202312,경기,하남시,27166,205
2023,12,202312,경기,화성시,67848,726
2023,12,202312,경남,거제시,7844,74
2023,12,202312,경남,거창군,2055,26
2023,12,202312,경남,고성군,1451,14
2023,12,202312,경남,김해시,24120,205
2023,12,202312,경남,남해군,1169,23
2023,12,202312,경남,밀양시,3621,37
2023,12,202312,경남,사천시,3854,36
2023,12,202312,경남,산청군,1214,12
2023,12,202312,경남,양산시,15483,136
2023,12,202312,경남,의령군,856,13
2023,12,202312,경남,진주시,15470,136
2023,12,202312,경남,창녕군,2118,32
2023,12,202312,경남,창원시,99910,506
2023,12,202312,경남,통영시,4081,38
2023,12,202312,경남,하동군,1239,19
2023,12,202312,경남,함안군,6285,41
2023,12,202312,경남,함양군,1086,18
2023,12,202312,경남,합천군,1228,20
2023,12,202312,경북,경산시,11767,107
2023,12,202312,경북,경주시,10627,138
2023,12,202312,경북,고령군,1361,22
2023,12,202312,경북,구미시,16010,233
2023,12,202312,경북,김천시,4580,89
2023,12,202312,경북,문경시,2081,28
2023,12,202312,경북,봉화군,692,13
2023,12,202312,경북,상주시,2725,55
2023,12,202312,경북,성주군,1867,25
2023,12,202312,경북,안동시,5740,104
2023,12,202312,경북,영덕군,1010,21
2023,12,202312,경북,영양군,395,4
2023,12,202312,경북,영주시,3020,62
2023,12,202312,경북,영천시,3990,40
2023,12,202312,경북,예천군,1958,34
2023,12,202312,경북,울릉군,297,3
2023,12,202312,경북,울진군,1665,29
2023,12,202312,경북,의성군,1434,24
2023,12,202312,경북,청도군,1822,17
2023,12,202312,경북,청송군,732,24
2023,12,202312,경북,칠곡군,4735,73
2023,12,202312,경북,포항시,22304,242
2023,12,202312,광주,광산구,20319,220
2023,12,202312,광주,남구,13313,77
2023,12,202312,광주,동구,7320,26
2023,12,202312,광주,북구,20464,164
2023,12,202312,광주,서구,20102,109
2023,12,202312,대구,군위군,952,17
2023,12,202312,대구,남구,7216,40
2023,12,202312,대구,달서구,46200,225
2023,12,202312,대구,달성군,11808,149
2023,12,202312,대구,동구,18323,137
2023,12,202312,대구,북구,19109,163
2023,12,202312,대구,서구,6523,37
2023,12,202312,대구,수성구,63870,159
2023,12,202312,대구,중구,22863,29
2023,12,202312,대전,대덕구,6397,82
2023,12,202312,대전,동구,7122,85
2023,12,202312,대전,서구,24573,218
2023,12,202312,대전,유성구,29788,240
2023,12,202312,대전,중구,9255,101
2023,12,202312,부산,강서구,11204,78
2023,12,202312,부산,금정구,10145,55
2023,12,202312,부산,기장군,10879,64
2023,12,202312,부산,남구,15638,58
2023,12,202312,부산,동구,16853,24
2023,12,202312,부산,동래구,14181,37
2023,12,202312,부산,부산진구,25891,81
2023,12,202312,부산,북구,8897,53
2023,12,202312,부산,사상구,6542,25
2023,12,202312,부산,사하구,8946,52
2023,12,202312,부산,서구,4169,4
2023,12,202312,부산,수영구,16198,41
2023,12,202312,부산,연제구,47369,55
2023,12,202312,부산,영도구,2980,13
2023,12,202312,부산,중구,22489,24
2023,12,202312,부산,해운대구,44546,149
2023,12,202312,서울,강남구,101352,274
2023,12,202312,서울,강동구,26415,90
2023,12,202312,서울,강북구,8018,94
2023,12,202312,서울,강서구,32558,148
2023,12,202312,서울,관악구,15021,77
2023,12,202312,서울,광진구,19037,90
2023,12,202312,서울,구로구,18171,127
2023,12,202312,서울,금천구,10322,33
2023,12,202312,서울,노원구,18611,117
2023,12,202312,서울,도봉구,9750,81
2023,12,202312,서울,동대문구,17984,62
2023,12,202312,서울,동작구,20922,50
2023,12,202312,서울,마포구,29009,118
2023,12,202312,서울,서대문구,17556,116
2023,12,202312,서울,서초구,64537,182
2023,12,202312,서울,성동구,26418,96
2023,12,202312,서울,성북구,21257,122
2023,12,202312,서울,송파구,60756,158
2023,12,202312,서울,양천구,27330,99
2023,12,202312,서울,영등포구,27951,94
2023,12,202312,서울,용산구,25198,91
2023,12,202312,서울,은평구,18972,86
2023,12,202312,서울,종로구,12070,80
2023,12,202312,서울,중구,17030,90
2023,12,202312,서울,중랑구,12775,122
2023,12,202312,세종,세종시,27085,287
2023,12,202312,울산,남구,14706,71
2023,12,202312,울산,동구,3420,38
2023,12,202312,울산,북구,6505,72
2023,12,202312,울산,울주군,9132,78
2023,12,202312,울산,중구,7155,56
2023,12,202312,인천,강화군,4183,60
2023,12,202312,인천,계양구,12724,65
2023,12,202312,인천,남동구,65020,175
2023,12,202312,인천,동구,1881,12
2023,12,202312,인천,미추홀구,24346,79
2023,12,202312,인천,부평구,43462,133
2023,12,202312,인천,서구,48971,270
2023,12,202312,인천,연수구,78373,223
2023,12,202312,인천,옹진군,826,14
2023,12,202312,인천,중구,10206,68
2023,12,202312,전남,강진군,982,18
2023,12,202312,전남,고흥군,1706,17
2023,12,202312,전남,곡성군,1011,11
2023,12,202312,전남,광양시,6477,78
2023,12,202312,전남,구례군,726,15
2023,12,202312,전남,나주시,6005,68
2023,12,202312,전남,담양군,2249,26
2023,12,202312,전남,목포시,7027,85
2023,12,202312,전남,무안군,4085,54
2023,12,202312,전남,보성군,1182,14
2023,12,202312,전남,순천시,13699,123
2023,12,202312,전남,신안군,2836,26
2023,12,202312,전남,여수시,11612,89
2023,12,202312,전남,영광군,2185,22
2023,12,202312,전남,영암군,1902,36
2023,12,202312,전남,완도군,1559,13
2023,12,202312,전남,장성군,1964,35
2023,12,202312,전남,장흥군,1065,16
2023,12,202312,전남,진도군,936,14
2023,12,202312,전남,함평군,1224,26
2023,12,202312,전남,해남군,2793,35
2023,12,202312,전남,화순군,2551,30
2023,12,202312,전북,고창군,1853,20
2023,12,202312,전북,군산시,11264,99
2023,12,202312,전북,김제시,2951,31
2023,12,202312,전북,남원시,2419,36
2023,12,202312,전북,무주군,779,14
2023,12,202312,전북,부안군,1573,17
2023,12,202312,전북,순창군,870,12
2023,12,202312,전북,완주군,4213,56
2023,12,202312,전북,익산시,10340,120
2023,12,202312,전북,임실군,724,15
2023,12,202312,전북,장수군,607,6
2023,12,202312,전북,전주시,41022,278
2023,12,202312,전북,정읍시,3488,40
2023,12,202312,전북,진안군,763,8
2023,12,202312,제주,서귀포시,8859,91
2023,12,202312,제주,제주시,39415,352
2023,12,202312,충남,계룡시,2326,30
2023,12,202312,충남,공주시,4124,56
2023,12,202312,충남,금산군,1852,30
2023,12,202312,충남,논산시,3498,49
2023,12,202312,충남,당진시,7013,101
2023,12,202312,충남,보령시,3416,59
2023,12,202312,충남,부여군,1739,27
2023,12,202312,충남,서산시,7251,124
2023,12,202312,충남,서천군,1397,23
2023,12,202312,충남,아산시,17299,233
2023,12,202312,충남,예산군,2863,46
2023,12,202312,충남,천안시,35153,426
2023,12,202312,충남,청양군,882,21
2023,12,202312,충남,태안군,2254,37
2023,12,202312,충남,홍성군,3586,48
2023,12,202312,충북,괴산군,1255,32
2023,12,202312,충북,단양군,827,23
2023,12,202312,충북,보은군,973,19
2023,12,202312,충북,영동군,1208,21
2023,12,202312,충북,옥천군,1630,24
2023,12,202312,충북,음성군,3910,61
2023,12,202312,충북,제천시,4664,58
2023,12,202312,충북,증평군,1264,13
2023,12,202312,충북,진천군,3669,61
2023,12,202312,충북,청주시,48759,492
2023,12,202312,충북,충주시,8148,141
2024,1,202401,강원,강릉시,10615,153
2024,1,202401,강원,고성군,1070,23
2024,1,202401,강원,동해시,2816,80
2024,1,202401,강원,삼척시,1847,40
2024,1,202401,강원,속초시,3571,57
2024,1,202401,강원,양구군,665,13
2024,1,202401,강원,양양군,1497,31
2024,1,202401,강원,영월군,1407,24
2024,1,202401,강원,원주시,19535,192
2024,1,202401,강원,인제군,1098,20
2024,1,202401,강원,정선군,1319,16
2024,1,202401,강원,철원군,1249,30
2024,1,202401,강원,춘천시,13219,175
2024,1,202401,강원,태백시,1465,23
2024,1,202401,강원,평창군,2134,30
2024,1,202401,강원,홍천군,2410,40
2024,1,202401,강원,화천군,693,8
2024,1,202401,강원,횡성군,2102,30
2024,1,202401,경기,가평군,3494,49
2024,1,202401,경기,고양시,76076,564
2024,1,202401,경기,과천시,7968,48
2024,1,202401,경기,광명시,12505,126
2024,1,202401,경기,광주시,26814,341
2024,1,202401,경기,구리시,10130,83
2024,1,202401,경기,군포시,10668,133
2024,1,202401,경기,김포시,36795,547
2024,1,202401,경기,남양주시,44129,418
2024,1,202401,경기,동두천시,2848,34
2024,1,202401,경기,부천시,33156,264
2024,1,202401,경기,성남시,84153,599
2024,1,202401,경기,수원시,83947,577
2024,1,202401,경기,시흥시,24894,193
2024,1,202401,경기,안산시,26570,226
2024,1,202401,경기,안성시,9691,130
2024,1,202401,경기,안양시,28810,144
2024,1,202401,경기,양주시,12895,161
2024,1,202401,경기,양평군,9378,93
2024,1,202401,경기,여주시,5792,100
2024,1,202401,경기,연천군,1679,40
2024,1,202401,경기,오산시,10843,128
2024,1,202401,경기,용인시,98025,777
2024,1,202401,경기,의왕시,10279,81
2024,1,202401,경기,의정부시,19105,178
2024,1,202401,경기,이천시,11989,166
2024,1,202401,경기,파주시,29241,353
2024,1,202401,경기,평택시,36912,373
2024,1,202401,경기,포천시,6982,98
2024,1,202401,경기,하남시,27184,204
2024,1,202401,경기,화성시,68118,728
2024,1,202401,경남,거제시,7869,74
2024,1,202401,경남,거창군,2063,26
2024,1,202401,경남,고성군,1451,14
2024,1,202401,경남,김해시,24268,208
2024,1,202401,경남,남해군,1179,23
2024,1,202401,경남,밀양시,3627,37
2024,1,202401,경남,사천시,3847,37
2024,1,202401,경남,산청군,1227,12
2024,1,202401,경남,양산시,15560,132
2024,1,202401,경남,의령군,857,13
2024,1,202401,경남,진주시,15486,137
2024,1,202401,경남,창녕군,2115,32
2024,1,202401,경남,창원시,100170,511
2024,1,202401,경남,통영시,4106,38
2024,1,202401,경남,하동군,1233,20
2024,1,202401,경남,함안군,6308,41
2024,1,202401,경남,함양군,1099,18
2024,1,202401,경남,합천군,1238,20
2024,1,202401,경북,경산시,11827,107
2024,1,202401,경북,경주시,10662,142
2024,1,202401,경북,고령군,1364,22
2024,1,202401,경북,구미시,16105,231
2024,1,202401,경북,김천시,4593,90
2024,1,202401,경북,문경시,2095,28
2024,1,202401,경북,봉화군,685,13
2024,1,202401,경북,상주시,2723,55
2024,1,202401,경북,성주군,1870,25
2024,1,202401,경북,안동시,5739,106
2024,1,202401,경북,영덕군,1014,21
2024,1,202401,경북,영양군,394,4
2024,1,202401,경북,영주시,3027,60
2024,1,202401,경북,영천시,4020,41
2024,1,202401,경북,예천군,1976,33
2024,1,202401,경북,울릉군,300,3
2024,1,202401,경북,울진군,1660,29
2024,1,202401,경북,의성군,1444,24
2024,1,202401,경북,청도군,1838,17
2024,1,202401,경북,청송군,733,24
2024,1,202401,경북,칠곡군,4721,73
2024,1,202401,경북,포항시,22413,241
2024,1,202401,광주,광산구,20438,219
2024,1,202401,광주,남구,13369,77
2024,1,202401,광주,동구,7333,25
2024,1,202401,광주,북구,20506,161
2024,1,202401,광주,서구,20078,108
2024,1,202401,대구,군위군,951,18
2024,1,202401,대구,남구,7214,40
2024,1,202401,대구,달서구,45993,222
2024,1,202401,대구,달성군,11825,147
2024,1,202401,대구,동구,18309,135
2024,1,202401,대구,북구,19133,164
2024,1,202401,대구,서구,6504,36
2024,1,202401,대구,수성구,63936,158
2024,1,202401,대구,중구,22653,30
2024,1,202401,대전,대덕구,6408,82
2024,1,202401,대전,동구,7157,84
2024,1,202401,대전,서구,24638,218
2024,1,202401,대전,유성구,29842,246
2024,1,202401,대전,중구,9231,101
2024,1,202401,부산,강서구,11083,77
2024,1,202401,부산,금정구,10105,57
2024,1,202401,부산,기장군,10934,63
2024,1,202401,부산,남구,15765,62
2024,1,202401,부산,동구,17092,23
2024,1,202401,부산,동래구,14276,36
2024,1,202401,부산,부산진구,25965,80
2024,1,202401,부산,북구,8918,52
2024,1,202401,부산,사상구,6550,27
2024,1,202401,부산,사하구,8950,51
2024,1,202401,부산,서구,4145,4
2024,1,202401,부산,수영구,16046,39
2024,1,202401,부산,연제구,47397,54
2024,1,202401,부산,영도구,2986,13
2024,1,202401,부산,중구,22451,24
2024,1,202401,부산,해운대구,44535,150
2024,1,202401,서울,강남구,101804,276
2024,1,202401,서울,강동구,26431,90
2024,1,202401,서울,강북구,8009,94
2024,1,202401,서울,강서구,32408,151
2024,1,202401,서울,관악구,15001,77
2024,1,202401,서울,광진구,19037,90
2024,1,202401,서울,구로구,18160,125
2024,1,202401,서울,금천구,10313,34
2024,1,202401,서울,노원구,18625,120
2024,1,202401,서울,도봉구,9758,86
2024,1,202401,서울,동대문구,17984,65
2024,1,202401,서울,동작구,20919,49
2024,1,202401,서울,마포구,28986,130
2024,1,202401,서울,서대문구,17545,116
2024,1,202401,서울,서초구,64480,185
2024,1,202401,서울,성동구,26502,99
2024,1,202401,서울,성북구,21255,126
2024,1,202401,서울,송파구,60683,157
2024,1,202401,서울,양천구,27296,100
2024,1,202401,서울,영등포구,27945,94
2024,1,202401,서울,용산구,25165,89
2024,1,202401,서울,은평구,18974,85
2024,1,202401,서울,종로구,12063,81
2024,1,202401,서울,중구,16811,89
2024,1,202401,서울,중랑구,12799,121
2024,1,202401,세종,세종시,27133,287
2024,1,202401,울산,남구,14740,69
2024,1,202401,울산,동구,3451,38
2024,1,202401,울산,북구,6528,72
2024,1,202401,울산,울주군,9160,77
2024,1,202401,울산,중구,7184,57
2024,1,202401,인천,강화군,4174,58
2024,1,202401,인천,계양구,12682,63
2024,1,202401,인천,남동구,64899,168
2024,1,202401,인천,동구,1883,12
2024,1,202401,인천,미추홀구,24314,79
2024,1,202401,인천,부평구,43382,135
2024,1,202401,인천,서구,48990,270
2024,1,202401,인천,연수구,78636,225
2024,1,202401,인천,옹진군,832,14
2024,1,202401,인천,중구,10231,68
2024,1,202401,전남,강진군,997,18
2024,1,202401,전남,고흥군,1706,16
2024,1,202401,전남,곡성군,1027,12
2024,1,202401,전남,광양시,6522,79
2024,1,202401,전남,구례군,724,13
2024,1,202401,전남,나주시,6019,67
2024,1,202401,전남,담양군,2256,26
2024,1,202401,전남,목포시,6998,85
2024,1,202401,전남,무안군,4120,55
2024,1,202401,전남,보성군,1153,15
2024,1,202401,전남,순천시,13727,123
2024,1,202401,전남,신안군,2820,28
2024,1,202401,전남,여수시,11651,89
2024,1,202401,전남,영광군,2190,22
2024,1,202401,전남,영암군,1891,36
2024,1,202401,전남,완도군,1569,13
2024,1,202401,전남,장성군,1959,37
2024,1,202401,전남,장흥군,1078,16
2024,1,202401,전남,진도군,936,13
2024,1,202401,전남,함평군,1206,25
2024,1,202401,전남,해남군,2759,34
2024,1,202401,전남,화순군,2556,29
2024,1,202401,전북,고창군,1869,20
2024,1,202401,전북,군산시,11251,99
2024,1,202401,전북,김제시,2960,33
2024,1,202401,전북,남원시,2444,37
2024,1,202401,전북,무주군,777,15
2024,1,202401,전북,부안군,1578,17
2024,1,202401,전북,순창군,873,12
2024,1,202401,전북,완주군,4243,57
2024,1,202401,전북,익산시,10365,117
2024,1,202401,전북,임실군,720,15
2024,1,202401,전북,장수군,608,7
2024,1,202401,전북,전주시,40873,275
2024,1,202401,전북,정읍시,3496,40
2024,1,202401,전북,진안군,768,7
2024,1,202401,제주,서귀포시,8844,93
2024,1,202401,제주,제주시,39337,356
2024,1,202401,충남,계룡시,2338,29
2024,1,202401,충남,공주시,4099,54
2024,1,202401,충남,금산군,1870,29
2024,1,202401,충남,논산시,3540,51
2024,1,202401,충남,당진시,7037,101
2024,1,202401,충남,보령시,3434,59
2024,1,202401,충남,부여군,1744,28
2024,1,202401,충남,서산시,7250,124
2024,1,202401,충남,서천군,1410,23
2024,1,202401,충남,아산시,17346,231
2024,1,202401,충남,예산군,2879,46
2024,1,202401,충남,천안시,35214,428
2024,1,202401,충남,청양군,885,23
2024,1,202401,충남,태안군,2263,38
2024,1,202401,충남,홍성군,3623,51
2024,1,202401,충북,괴산군,1260,32
2024,1,202401,충북,단양군,830,23
2024,1,202401,충북,보은군,984,19
2024,1,202401,충북,영동군,1218,21
2024,1,202401,충북,옥천군,1646,24
2024,1,202401,충북,음성군,3934,60
2024,1,202401,충북,제천시,4663,58
2024,1,202401,충북,증평군,1271,14
2024,1,202401,충북,진천군,3666,62
2024,1,202401,충북,청주시,48660,488
2024,1,202401,충북,충주시,8187,141
2024,2,202402,강원,강릉시,10679,152
2024,2,202402,강원,고성군,1069,23
2024,2,202402,강원,동해시,2822,82
2024,2,202402,강원,삼척시,1841,41
2024,2,202402,강원,속초시,3595,57
2024,2,202402,강원,양구군,672,13
2024,2,202402,강원,양양군,1511,30
2024,2,202402,강원,영월군,1407,24
2024,2,202402,강원,원주시,19592,192
2024,2,202402,강원,인제군,1095,20
2024,2,202402,강원,정선군,1316,17
2024,2,202402,강원,철원군,1246,30
2024,2,202402,강원,춘천시,13264,178
2024,2,202402,강원,태백시,1472,23
2024,2,202402,강원,평창군,2139,30
2024,2,202402,강원,홍천군,2412,41
2024,2,202402,강원,화천군,686,7
2024,2,202402,강원,횡성군,2122,31
2024,2,202402,경기,가평군,3484,49
2024,2,202402,경기,고양시,76164,561
2024,2,202402,경기,과천시,8032,49
2024,2,202402,경기,광명시,12527,126
2024,2,202402,경기,광주시,26887,338
2024,2,202402,경기,구리시,10158,83
2024,2,202402,경기,군포시,10665,132
2024,2,202402,경기,김포시,36742,546
2024,2,202402,경기,남양주시,44288,426
2024,2,202402,경기,동두천시,2853,32
2024,2,202402,경기,부천시,33066,261
2024,2,202402,경기,성남시,84352,602
2024,2,202402,경기,수원시,83503,580
2024,2,202402,경기,시흥시,24901,197
2024,2,202402,경기,안산시,26466,226
2024,2,202402,경기,안성시,9745,131
2024,2,202402,경기,안양시,28954,144
2024,2,202402,경기,양주시,13057,162
2024,2,202402,경기,양평군,9421,93
2024,2,202402,경기,여주시,5826,101
2024,2,202402,경기,연천군,1676,41
2024,2,202402,경기,오산시,10996,128
2024,2,202402,경기,용인시,98252,773
2024,2,202402,경기,의왕시,10269,83
2024,2,202402,경기,의정부시,19120,178
2024,2,202402,경기,이천시,12008,166
2024,2,202402,경기,파주시,29515,362
2024,2,202402,경기,평택시,37020,376
2024,2,202402,경기,포천시,7000,99
2024,2,202402,경기,하남시,27279,206
2024,2,202402,경기,화성시,68376,724
2024,2,202402,경남,거제시,7881,71
2024,2,202402,경남,거창군,2082,26
2024,2,202402,경남,고성군,1462,14
2024,2,202402,경남,김해시,24381,210
2024,2,202402,경남,남해군,1175,21
2024,2,202402,경남,밀양시,3685,39
2024,2,202402,경남,사천시,3869,39
2024,2,202402,경남,산청군,1231,12
2024,2,202402,경남,양산시,15594,134
2024,2,202402,경남,의령군,858,13
2024,2,202402,경남,진주시,15536,138
2024,2,202402,경남,창녕군,2118,32
2024,2,202402,경남,창원시,100671,516
2024,2,202402,경남,통영시,4119,36
2024,2,202402,경남,하동군,1247,20
2024,2,202402,경남,함안군,6307,41
2024,2,202402,경남,함양군,1111,18
2024,2,202402,경남,합천군,1242,20
2024,2,202402,경북,경산시,11900,108
2024,2,202402,경북,경주시,10693,139
2024,2,202402,경북,고령군,1373,21
2024,2,202402,경북,구미시,16169,228
2024,2,202402,경북,김천시,4614,91
2024,2,202402,경북,문경시,2097,28
2024,2,202402,경북,봉화군,688,12
2024,2,202402,경북,상주시,2728,56
2024,2,202402,경북,성주군,1887,25
2024,2,202402,경북,안동시,5764,105
2024,2,202402,경북,영덕군,1029,20
2024,2,202402,경북,영양군,401,4
2024,2,202402,경북,영주시,3036,61
2024,2,202402,경북,영천시,4049,45
2024,2,202402,경북,예천군,1974,34
2024,2,202402,경북,울릉군,301,3
2024,2,202402,경북,울진군,1663,30
2024,2,202402,경북,의성군,1442,24
2024,2,202402,경북,청도군,1867,17
2024,2,202402,경북,청송군,742,24
2024,2,202402,경북,칠곡군,4743,73
2024,2,202402,경북,포항시,22544,242
2024,2,202402,광주,광산구,20489,215
2024,2,202402,광주,남구,13425,76
2024,2,202402,광주,동구,7347,25
2024,2,202402,광주,북구,20537,161
2024,2,202402,광주,서구,20046,111
2024,2,202402,대구,군위군,952,18
2024,2,202402,대구,남구,7235,41
2024,2,202402,대구,달서구,45852,224
2024,2,202402,대구,달성군,11830,147
2024,2,202402,대구,동구,18220,136
2024,2,202402,대구,북구,19102,160
2024,2,202402,대구,서구,6517,37
2024,2,202402,대구,수성구,64063,159
2024,2,202402,대구,중구,22480,30
2024,2,202402,대전,대덕구,6394,82
2024,2,202402,대전,동구,7155,85
2024,2,202402,대전,서구,24765,220
2024,2,202402,대전,유성구,29847,248
2024,2,202402,대전,중구,9223,96
2024,2,202402,부산,강서구,11092,77
2024,2,202402,부산,금정구,10093,58
2024,2,202402,부산,기장군,10979,62
2024,2,202402,부산,남구,15805,63
2024,2,202402,부산,동구,17269,24
2024,2,202402,부산,동래구,14290,35
2024,2,202402,부산,부산진구,26064,80
2024,2,202402,부산,북구,8936,54
2024,2,202402,부산,사상구,6547,27
2024,2,202402,부산,사하구,8920,50
2024,2,202402,부산,서구,4154,4
2024,2,202402,부산,수영구,15968,38
2024,2,202402,부산,연제구,47579,53
2024,2,202402,부산,영도구,3010,13
2024,2,202402,부산,중구,22539,24
2024,2,202402,부산,해운대구,44383,151
2024,2,202402,서울,강남구,102818,276
2024,2,202402,서울,강동구,26515,96
2024,2,202402,서울,강북구,8054,94
2024,2,202402,서울,강서구,32210,153
2024,2,202402,서울,관악구,15003,78
2024,2,202402,서울,광진구,19014,91
2024,2,202402,서울,구로구,18160,119
2024,2,202402,서울,금천구,10348,34
2024,2,202402,서울,노원구,18681,121
2024,2,202402,서울,도봉구,9762,92
2024,2,202402,서울,동대문구,18031,65
2024,2,202402,서울,동작구,20902,49
2024,2,202402,서울,마포구,28896,131
2024,2,202402,서울,서대문구,17589,117
2024,2,202402,서울,서초구,64488,185
2024,2,202402,서울,성동구,26465,100
2024,2,202402,서울,성북구,21211,128
2024,2,202402,서울,송파구,60873,158
2024,2,202402,서울,양천구,27383,102
2024,2,202402,서울,영등포구,27913,97
2024,2,202402,서울,용산구,25178,88
2024,2,202402,서울,은평구,18960,84
2024,2,202402,서울,종로구,12077,80
2024,2,202402,서울,중구,16622,86
2024,2,202402,서울,중랑구,12810,120
2024,2,202402,세종,세종시,27197,296
2024,2,202402,울산,남구,14800,69
2024,2,202402,울산,동구,3446,39
2024,2,202402,울산,북구,6555,69
2024,2,202402,울산,울주군,9202,76
2024,2,202402,울산,중구,7206,56
2024,2,202402,인천,강화군,4180,58
2024,2,202402,인천,계양구,12682,61
2024,2,202402,인천,남동구,65047,165
2024,2,202402,인천,동구,1895,12
2024,2,202402,인천,미추홀구,24290,78
2024,2,202402,인천,부평구,43417,137
2024,2,202402,인천,서구,48903,270
2024,2,202402,인천,연수구,79307,227
2024,2,202402,인천,옹진군,851,14
2024,2,202402,인천,중구,10387,69
2024,2,202402,전남,강진군,1006,18
2024,2,202402,전남,고흥군,1715,16
2024,2,202402,전남,곡성군,1025,12
2024,2,202402,전남,광양시,6563,78
2024,2,202402,전남,구례군,732,14
2024,2,202402,전남,나주시,6029,68
2024,2,202402,전남,담양군,2251,26
2024,2,202402,전남,목포시,7032,86
2024,2,202402,전남,무안군,4139,55
2024,2,202402,전남,보성군,1174,14
2024,2,202402,전남,순천시,13792,119
2024,2,202402,전남,신안군,2812,28
2024,2,202402,전남,여수시,11698,89
2024,2,202402,전남,영광군,2193,22
2024,2,202402,전남,영암군,1904,34
2024,2,202402,전남,완도군,1571,13
2024,2,202402,전남,장성군,1976,37
2024,2,202402,전남,장흥군,1083,16
2024,2,202402,전남,진도군,943,13
2024,2,202402,전남,함평군,1197,25
2024,2,202402,전남,해남군,2744,34
2024,2,202402,전남,화순군,2567,29
2024,2,202402,전북,고창군,1858,20
2024,2,202402,전북,군산시,11299,98
2024,2,202402,전북,김제시,2980,33
2024,2,202402,전북,남원시,2472,36
2024,2,202402,전북,무주군,776,15
2024,2,202402,전북,부안군,1584,18
2024,2,202402,전북,순창군,878,12
2024,2,202402,전북,완주군,4279,55
2024,2,202402,전북,익산시,10391,117
2024,2,202402,전북,임실군,723,15
2024,2,202402,전북,장수군,606,7
2024,2,202402,전북,전주시,40747,283
2024,2,202402,전북,정읍시,3499,40
2024,2,202402,전북,진안군,762,7
2024,2,202402,제주,서귀포시,8874,96
2024,2,202402,제주,제주시,39570,355
2024,2,202402,충남,계룡시,2365,29
2024,2,202402,충남,공주시,4123,54
2024,2,202402,충남,금산군,1881,31
2024,2,202402,충남,논산시,3543,53
2024,2,202402,충남,당진시,6972,100
2024,2,202402,충남,보령시,3457,59
2024,2,202402,충남,부여군,1769,30
2024,2,202402,충남,서산시,7281,127
2024,2,202402,충남,서천군,1419,23
2024,2,202402,충남,아산시,17472,232
2024,2,202402,충남,예산군,2901,48
2024,2,202402,충남,천안시,35364,428
2024,2,202402,충남,청양군,878,23
2024,2,202402,충남,태안군,2264,39
2024,2,202402,충남,홍성군,3650,52
2024,2,202402,충북,괴산군,1267,31
2024,2,202402,충북,단양군,838,24
2024,2,202402,충북,보은군,992,18
2024,2,202402,충북,영동군,1226,20
2024,2,202402,충북,옥천군,1655,25
2024,2,202402,충북,음성군,3948,59
2024,2,202402,충북,제천시,4680,59
2024,2,202402,충북,증평군,1284,14
2024,2,202402,충북,진천군,3711,63
2024,2,202402,충북,청주시,48504,482
2024,2,202402,충북,충주시,8185,143
2024,3,202403,강원,강릉시,10742,155
2024,3,202403,강원,고성군,1091,23
2024,3,202403,강원,동해시,2815,82
2024,3,202403,강원,삼척시,1871,41
2024,3,202403,강원,속초시,3628,56
2024,3,202403,강원,양구군,679,12
2024,3,202403,강원,양양군,1524,30
2024,3,202403,강원,영월군,1408,24
2024,3,202403,강원,원주시,19734,191
2024,3,202403,강원,인제군,1104,19
2024,3,202403,강원,정선군,1326,16
2024,3,202403,강원,철원군,1246,30
2024,3,202403,강원,춘천시,13330,177
2024,3,202403,강원,태백시,1470,23
2024,3,202403,강원,평창군,2157,31
2024,3,202403,강원,홍천군,2444,42
2024,3,202403,강원,화천군,678,7
2024,3,202403,강원,횡성군,2144,31
2024,3,202403,경기,가평군,3482,49
2024,3,202403,경기,고양시,76471,563
2024,3,202403,경기,과천시,8184,49
2024,3,202403,경기,광명시,12635,128
2024,3,202403,경기,광주시,26972,335
2024,3,202403,경기,구리시,10221,80
2024,3,202403,경기,군포시,10703,131
2024,3,202403,경기,김포시,37002,541
2024,3,202403,경기,남양주시,44601,428
2024,3,202403,경기,동두천시,2848,33
2024,3,202403,경기,부천시,33086,261
2024,3,202403,경기,성남시,84673,603
2024,3,202403,경기,수원시,83662,581
2024,3,202403,경기,시흥시,25061,198
2024,3,202403,경기,안산시,26571,223
2024,3,202403,경기,안성시,9884,140
2024,3,202403,경기,안양시,29077,148
2024,3,202403,경기,양주시,13325,158
2024,3,202403,경기,양평군,9466,92
2024,3,202403,경기,여주시,5873,102
2024,3,202403,경기,연천군,1694,41
2024,3,202403,경기,오산시,11200,135
2024,3,202403,경기,용인시,98618,767
2024,3,202403,경기,의왕시,10302,82
2024,3,202403,경기,의정부시,19182,175
2024,3,202403,경기,이천시,12083,166
2024,3,202403,경기,파주시,29837,360
2024,3,202403,경기,평택시,37358,382
2024,3,202403,경기,포천시,6999,99
2024,3,202403,경기,하남시,27432,209
2024,3,202403,경기,화성시,68977,734
2024,3,202403,경남,거제시,7960,71
2024,3,202403,경남,거창군,2105,25
2024,3,202403,경남,고성군,1476,16
2024,3,202403,경남,김해시,24612,213
2024,3,202403,경남,남해군,1194,20
2024,3,202403,경남,밀양시,3706,38
2024,3,202403,경남,사천시,3912,39
2024,3,202403,경남,산청군,1242,13
2024,3,202403,경남,양산시,15698,133
2024,3,202403,경남,의령군,862,13
2024,3,202403,경남,진주시,15654,136
2024,3,202403,경남,창녕군,2132,31
2024,3,202403,경남,창원시,101118,516
2024,3,202403,경남,통영시,4142,36
2024,3,202403,경남,하동군,1264,21
2024,3,202403,경남,함안군,6385,41
2024,3,202403,경남,함양군,1118,18
2024,3,202403,경남,합천군,1267,20
2024,3,202403,경북,경산시,11958,106
2024,3,202403,경북,경주시,10784,138
2024,3,202403,경북,고령군,1383,21
2024,3,202403,경북,구미시,16349,225
2024,3,202403,경북,김천시,4629,90
2024,3,202403,경북,문경시,2111,29
2024,3,202403,경북,봉화군,696,13
2024,3,202403,경북,상주시,2730,56
2024,3,202403,경북,성주군,1907,28
2024,3,202403,경북,안동시,5806,107
2024,3,202403,경북,영덕군,1034,19
2024,3,202403,경북,영양군,391,4
2024,3,202403,경북,영주시,3066,61
2024,3,202403,경북,영천시,4062,46
2024,3,202403,경북,예천군,1989,33
2024,3,202403,경북,울릉군,312,3
2024,3,202403,경북,울진군,1672,30
2024,3,202403,경북,의성군,1449,23
2024,3,202403,경북,청도군,1878,16
2024,3,202403,경북,청송군,746,25
2024,3,202403,경북,칠곡군,4754,74
2024,3,202403,경북,포항시,22715,242
2024,3,202403,광주,광산구,20568,215
2024,3,202403,광주,남구,13455,74
2024,3,202403,광주,동구,7341,26
2024,3,202403,광주,북구,20712,161
2024,3,202403,광주,서구,20131,110
2024,3,202403,대구,군위군,953,18
2024,3,202403,대구,남구,7251,40
2024,3,202403,대구,달서구,45721,223
2024,3,202403,대구,달성군,11856,145
2024,3,202403,대구,동구,18260,140
2024,3,202403,대구,북구,19170,158
2024,3,202403,대구,서구,6525,36
2024,3,202403,대구,수성구,64231,155
2024,3,202403,대구,중구,22085,30
2024,3,202403,대전,대덕구,6468,83
2024,3,202403,대전,동구,7172,85
2024,3,202403,대전,서구,24855,219
2024,3,202403,대전,유성구,29913,243
2024,3,202403,대전,중구,9306,98
2024,3,202403,부산,강서구,11154,76
2024,3,202403,부산,금정구,10128,58
2024,3,202403,부산,기장군,10985,63
2024,3,202403,부산,남구,15941,63
2024,3,202403,부산,동구,17697,23
2024,3,202403,부산,동래구,14423,36
2024,3,202403,부산,부산진구,26180,79
2024,3,202403,부산,북구,8979,53
2024,3,202403,부산,사상구,6604,25
2024,3,202403,부산,사하구,8955,51
2024,3,202403,부산,서구,4165,4
2024,3,202403,부산,수영구,15986,37
2024,3,202403,부산,연제구,47615,53
2024,3,202403,부산,영도구,3052,14
2024,3,202403,부산,중구,22854,24
2024,3,202403,부산,해운대구,44465,152
2024,3,202403,서울,강남구,103122,273
2024,3,202403,서울,강동구,26750,94
2024,3,202403,서울,강북구,8049,94
2024,3,202403,서울,강서구,32377,152
2024,3,202403,서울,관악구,15034,78
2024,3,202403,서울,광진구,19091,93
2024,3,202403,서울,구로구,18239,121
2024,3,202403,서울,금천구,10396,33
2024,3,202403,서울,노원구,18729,123
2024,3,202403,서울,도봉구,9792,96
2024,3,202403,서울,동대문구,18172,65
2024,3,202403,서울,동작구,20980,48
2024,3,202403,서울,마포구,28964,135
2024,3,202403,서울,서대문구,17684,130
2024,3,202403,서울,서초구,64585,185
2024,3,202403,서울,성동구,26583,101
2024,3,202403,서울,성북구,21312,127
2024,3,202403,서울,송파구,60989,164
2024,3,202403,서울,양천구,27427,99
2024,3,202403,서울,영등포구,27901,99
2024,3,202403,서울,용산구,25208,89
2024,3,202403,서울,은평구,19061,108
2024,3,202403,서울,종로구,12072,78
2024,3,202403,서울,중구,16462,89
2024,3,202403,서울,중랑구,12892,121
2024,3,202403,세종,세종시,27340,300
2024,3,202403,울산,남구,14890,68
2024,3,202403,울산,동구,3476,39
2024,3,202403,울산,북구,6553,74
2024,3,202403,울산,울주군,9248,75
2024,3,202403,울산,중구,7254,56
2024,3,202403,인천,강화군,4196,60
2024,3,202403,인천,계양구,12893,60
2024,3,202403,인천,남동구,65303,167
2024,3,202403,인천,동구,1894,11
2024,3,202403,인천,미추홀구,24220,77
2024,3,202403,인천,부평구,43342,134
2024,3,202403,인천,서구,49070,273
2024,3,202403,인천,연수구,79922,225
2024,3,202403,인천,옹진군,849,14
2024,3,202403,인천,중구,10520,67
2024,3,202403,전남,강진군,1006,18
2024,3,202403,전남,고흥군,1730,16
2024,3,202403,전남,곡성군,1022,12
2024,3,202403,전남,광양시,6622,79
2024,3,202403,전남,구례군,738,14
2024,3,202403,전남,나주시,6055,69
2024,3,202403,전남,담양군,2261,26
2024,3,202403,전남,목포시,7067,86
2024,3,202403,전남,무안군,4189,54
2024,3,202403,전남,보성군,1174,14
2024,3,202403,전남,순천시,13909,118
2024,3,202403,전남,신안군,2960,28
2024,3,202403,전남,여수시,11744,88
2024,3,202403,전남,영광군,2201,23
2024,3,202403,전남,영암군,1932,35
2024,3,202403,전남,완도군,1591,13
2024,3,202403,전남,장성군,1983,38
2024,3,202403,전남,장흥군,1080,17
2024,3,202403,전남,진도군,964,14
2024,3,202403,전남,함평군,1190,24
2024,3,202403,전남,해남군,2759,34
2024,3,202403,전남,화순군,2596,33
2024,3,202403,전북,고창군,1869,20
2024,3,202403,전북,군산시,11370,101
2024,3,202403,전북,김제시,3024,34
2024,3,202403,전북,남원시,2494,36
2024,3,202403,전북,무주군,786,16
2024,3,202403,전북,부안군,1595,18
2024,3,202403,전북,순창군,883,12
2024,3,202403,전북,완주군,4325,52
2024,3,202403,전북,익산시,10458,116
2024,3,202403,전북,임실군,726,15
2024,3,202403,전북,장수군,620,7
2024,3,202403,전북,전주시,40714,279
2024,3,202403,전북,정읍시,3502,42
2024,3,202403,전북,진안군,775,7
2024,3,202403,제주,서귀포시,8933,98
2024,3,202403,제주,제주시,39696,350
2024,3,202403,충남,계룡시,2370,31
2024,3,202403,충남,공주시,4146,53
2024,3,202403,충남,금산군,1878,30
2024,3,202403,충남,논산시,3583,52
2024,3,202403,충남,당진시,7057,100
2024,3,202403,충남,보령시,3464,59
2024,3,202403,충남,부여군,1764,30
2024,3,202403,충남,서산시,7324,130
2024,3,202403,충남,서천군,1433,23
2024,3,202403,충남,아산시,17673,239
2024,3,202403,충남,예산군,2919,47
2024,3,202403,충남,천안시,35645,418
2024,3,202403,충남,청양군,878,23
2024,3,202403,충남,태안군,2275,43
2024,3,202403,충남,홍성군,3693,53
2024,3,202403,충북,괴산군,1279,31
2024,3,202403,충북,단양군,844,24
2024,3,202403,충북,보은군,992,20
2024,3,202403,충북,영동군,1245,22
2024,3,202403,충북,옥천군,1657,25
2024,3,202403,충북,음성군,3965,60
2024,3,202403,충북,제천시,4714,58
2024,3,202403,충북,증평군,1289,14
2024,3,202403,충북,진천군,3782,64
2024,3,202403,충북,청주시,48643,479
2024,3,202403,충북,충주시,8245,144
2024,4,202404,강원,강릉시,10781,155
2024,4,202404,강원,고성군,1103,23
2024,4,202404,강원,동해시,2839,82
2024,4,202404,강원,삼척시,1896,40
2024,4,202404,강원,속초시,3643,57
2024,4,202404,강원,양구군,682,12
2024,4,202404,강원,양양군,1527,31
2024,4,202404,강원,영월군,1414,24
2024,4,202404,강원,원주시,19820,189
2024,4,202404,강원,인제군,1102,18
2024,4,202404,강원,정선군,1331,16
2024,4,202404,강원,철원군,1264,31
2024,4,202404,강원,춘천시,13397,177
2024,4,202404,강원,태백시,1471,23
2024,4,202404,강원,평창군,2171,32
2024,4,202404,강원,홍천군,2467,43
2024,4,202404,강원,화천군,690,7
2024,4,202404,강원,횡성군,2142,29
2024,4,202404,경기,가평군,3512,49
2024,4,202404,경기,고양시,76720,567
2024,4,202404,경기,과천시,8245,50
2024,4,202404,경기,광명시,12657,126
2024,4,202404,경기,광주시,27156,328
2024,4,202404,경기,구리시,10225,80
2024,4,202404,경기,군포시,10730,132
2024,4,202404,경기,김포시,37136,565
2024,4,202404,경기,남양주시,44874,427
2024,4,202404,경기,동두천시,2875,33
2024,4,202404,경기,부천시,33124,262
2024,4,202404,경기,성남시,84899,612
2024,4,202404,경기,수원시,83548,581
2024,4,202404,경기,시흥시,25129,201
2024,4,202404,경기,안산시,26656,228
2024,4,202404,경기,안성시,9952,138
2024,4,202404,경기,안양시,29183,149
2024,4,202404,경기,양주시,13511,154
2024,4,202404,경기,양평군,9514,89
2024,4,202404,경기,여주시,5901,102
2024,4,202404,경기,연천군,1693,41
2024,4,202404,경기,오산시,11312,135
2024,4,202404,경기,용인시,98914,764
2024,4,202404,경기,의왕시,10323,90
2024,4,202404,경기,의정부시,19249,174
2024,4,202404,경기,이천시,12095,167
2024,4,202404,경기,파주시,30086,372
2024,4,202404,경기,평택시,37484,376
2024,4,202404,경기,포천시,7027,102
2024,4,202404,경기,하남시,27597,205
2024,4,202404,경기,화성시,69430,728
2024,4,202404,경남,거제시,8015,72
2024,4,202404,경남,거창군,2132,26
2024,4,202404,경남,고성군,1487,16
2024,4,202404,경남,김해시,24740,213
2024,4,202404,경남,남해군,1188,21
2024,4,202404,경남,밀양시,3732,37
2024,4,202404,경남,사천시,3932,39
2024,4,202404,경남,산청군,1247,13
2024,4,202404,경남,양산시,15769,137
2024,4,202404,경남,의령군,867,13
2024,4,202404,경남,진주시,15724,139
2024,4,202404,경남,창녕군,2139,33
2024,4,202404,경남,창원시,101891,514
2024,4,202404,경남,통영시,4157,36
2024,4,202404,경남,하동군,1281,21
2024,4,202404,경남,함안군,6347,41
2024,4,202404,경남,함양군,1122,18
2024,4,202404,경남,합천군,1282,19
2024,4,202404,경북,경산시,12008,103
2024,4,202404,경북,경주시,10833,138
2024,4,202404,경북,고령군,1405,21
2024,4,202404,경북,구미시,16424,227
2024,4,202404,경북,김천시,4658,90
2024,4,202404,경북,문경시,2139,29
2024,4,202404,경북,봉화군,688,12
2024,4,202404,경북,상주시,2733,56
2024,4,202404,경북,성주군,1931,28
2024,4,202404,경북,안동시,5838,107
2024,4,202404,경북,영덕군,1043,19
2024,4,202404,경북,영양군,396,4
2024,4,202404,경북,영주시,3083,61
2024,4,202404,경북,영천시,4085,44
2024,4,202404,경북,예천군,2007,32
2024,4,202404,경북,울릉군,317,4
2024,4,202404,경북,울진군,1674,33
2024,4,202404,경북,의성군,1455,22
2024,4,202404,경북,청도군,1884,16
2024,4,202404,경북,청송군,745,26
2024,4,202404,경북,칠곡군,4757,71
2024,4,202404,경북,포항시,22844,245
2024,4,202404,광주,광산구,20628,216
2024,4,202404,광주,남구,13512,73
2024,4,202404,광주,동구,7345,25
2024,4,202404,광주,북구,20883,161
2024,4,202404,광주,서구,20096,110
2024,4,202404,대구,군위군,953,18
2024,4,202404,대구,남구,7230,41
2024,4,202404,대구,달서구,45551,219
2024,4,202404,대구,달성군,11854,145
2024,4,202404,대구,동구,18296,137
2024,4,202404,대구,북구,19214,162
2024,4,202404,대구,서구,6501,36
2024,4,202404,대구,수성구,64329,149
2024,4,202404,대구,중구,21944,30
2024,4,202404,대전,대덕구,6513,86
2024,4,202404,대전,동구,7199,85
2024,4,202404,대전,서구,24901,216
2024,4,202404,대전,유성구,29988,247
2024,4,202404,대전,중구,9370,97
2024,4,202404,부산,강서구,11215,77
2024,4,202404,부산,금정구,10127,59
2024,4,202404,부산,기장군,11057,61
2024,4,202404,부산,남구,15988,65
2024,4,202404,부산,동구,18336,22
2024,4,202404,부산,동래구,14487,35
2024,4,202404,부산,부산진구,26258,81
2024,4,202404,부산,북구,8999,52
2024,4,202404,부산,사상구,6630,25
2024,4,202404,부산,사하구,9008,52
2024,4,202404,부산,서구,4167,4
2024,4,202404,부산,수영구,15934,38
2024,4,202404,부산,연제구,47469,54
2024,4,202404,부산,영도구,3046,13
2024,4,202404,부산,중구,23155,24
2024,4,202404,부산,해운대구,44680,151
2024,4,202404,서울,강남구,103263,276
2024,4,202404,서울,강동구,26928,92
2024,4,202404,서울,강북구,8078,95
2024,4,202404,서울,강서구,32301,155
2024,4,202404,서울,관악구,15096,79
2024,4,202404,서울,광진구,19143,91
2024,4,202404,서울,구로구,18318,119
2024,4,202404,서울,금천구,10381,33
2024,4,202404,서울,노원구,18851,128
2024,4,202404,서울,도봉구,9839,104
2024,4,202404,서울,동대문구,18290,66
2024,4,202404,서울,동작구,21057,48
2024,4,202404,서울,마포구,29094,138
2024,4,202404,서울,서대문구,17724,130
2024,4,202404,서울,서초구,64642,192
2024,4,202404,서울,성동구,26626,104
2024,4,202404,서울,성북구,21357,131
2024,4,202404,서울,송파구,61098,164
2024,4,202404,서울,양천구,27409,104
2024,4,202404,서울,영등포구,27963,101
2024,4,202404,서울,용산구,25150,88
2024,4,202404,서울,은평구,19115,114
2024,4,202404,서울,종로구,12065,78
2024,4,202404,서울,중구,16222,90
2024,4,202404,서울,중랑구,12974,130
2024,4,202404,세종,세종시,27463,294
2024,4,202404,울산,남구,14997,68
2024,4,202404,울산,동구,3514,37
2024,4,202404,울산,북구,6586,74
2024,4,202404,울산,울주군,9297,76
2024,4,202404,울산,중구,7298,55
2024,4,202404,인천,강화군,4156,60
2024,4,202404,인천,계양구,13074,59
2024,4,202404,인천,남동구,65685,165
2024,4,202404,인천,동구,1887,11
2024,4,202404,인천,미추홀구,24145,76
2024,4,202404,인천,부평구,43120,132
2024,4,202404,인천,서구,49035,280
2024,4,202404,인천,연수구,80450,219
2024,4,202404,인천,옹진군,849,14
2024,4,202404,인천,중구,10582,64
2024,4,202404,전남,강진군,1014,15
2024,4,202404,전남,고흥군,1754,15
2024,4,202404,전남,곡성군,1036,12
2024,4,202404,전남,광양시,6672,80
2024,4,202404,전남,구례군,751,14
2024,4,202404,전남,나주시,6050,81
2024,4,202404,전남,담양군,2269,27
2024,4,202404,전남,목포시,7095,87
2024,4,202404,전남,무안군,4205,55
2024,4,202404,전남,보성군,1184,15
2024,4,202404,전남,순천시,13970,119
2024,4,202404,전남,신안군,3061,28
2024,4,202404,전남,여수시,11830,90
2024,4,202404,전남,영광군,2232,23
2024,4,202404,전남,영암군,1922,34
2024,4,202404,전남,완도군,1590,13
2024,4,202404,전남,장성군,1997,38
2024,4,202404,전남,장흥군,1086,17
2024,4,202404,전남,진도군,979,14
2024,4,202404,전남,함평군,1188,24
2024,4,202404,전남,해남군,2743,36
2024,4,202404,전남,화순군,2612,34
2024,4,202404,전북,고창군,1866,20
2024,4,202404,전북,군산시,11420,101
2024,4,202404,전북,김제시,3047,34
2024,4,202404,전북,남원시,2519,35
2024,4,202404,전북,무주군,784,18
2024,4,202404,전북,부안군,1621,19
2024,4,202404,전북,순창군,895,12
2024,4,202404,전북,완주군,4335,51
2024,4,202404,전북,익산시,10507,115
2024,4,202404,전북,임실군,726,16
2024,4,202404,전북,장수군,628,6
2024,4,202404,전북,전주시,40619,274
2024,4,202404,전북,정읍시,3501,43
2024,4,202404,전북,진안군,786,7
2024,4,202404,제주,서귀포시,8983,97
2024,4,202404,제주,제주시,39932,350
2024,4,202404,충남,계룡시,2371,32
2024,4,202404,충남,공주시,4139,56
2024,4,202404,충남,금산군,1887,29
2024,4,202404,충남,논산시,3578,52
2024,4,202404,충남,당진시,7093,103
2024,4,202404,충남,보령시,3498,60
2024,4,202404,충남,부여군,1759,30
2024,4,202404,충남,서산시,7355,132
2024,4,202404,충남,서천군,1434,23
2024,4,202404,충남,아산시,17819,237
2024,4,202404,충남,예산군,2924,47
2024,4,202404,충남,천안시,35847,422
2024,4,202404,충남,청양군,882,23
2024,4,202404,충남,태안군,2294,43
2024,4,202404,충남,홍성군,3751,52
2024,4,202404,충북,괴산군,1288,29
2024,4,202404,충북,단양군,851,24
2024,4,202404,충북,보은군,988,19
2024,4,202404,충북,영동군,1253,22
2024,4,202404,충북,옥천군,1655,25
2024,4,202404,충북,음성군,3998,60
2024,4,202404,충북,제천시,4734,59
2024,4,202404,충북,증평군,1309,14
2024,4,202404,충북,진천군,3822,64
2024,4,202404,충북,청주시,48711,485
2024,4,202404,충북,충주시,8290,146
2024,5,202405,강원,강릉시,10845,153
2024,5,202405,강원,고성군,1118,23
2024,5,202405,강원,동해시,2869,84
2024,5,202405,강원,삼척시,1898,39
2024,5,202405,강원,속초시,3662,56
2024,5,202405,강원,양구군,685,11
2024,5,202405,강원,양양군,1536,34
2024,5,202405,강원,영월군,1413,25
2024,5,202405,강원,원주시,19907,190
2024,5,202405,강원,인제군,1108,19
2024,5,202405,강원,정선군,1340,16
2024,5,202405,강원,철원군,1267,30
2024,5,202405,강원,춘천시,13464,178
2024,5,202405,강원,태백시,1489,23
2024,5,202405,강원,평창군,2186,32
2024,5,202405,강원,홍천군,2486,40
2024,5,202405,강원,화천군,693,8
2024,5,202405,강원,횡성군,2143,29
2024,5,202405,경기,가평군,3540,48
2024,5,202405,경기,고양시,77112,569
2024,5,202405,경기,과천시,8357,50
2024,5,202405,경기,광명시,12718,126
2024,5,202405,경기,광주시,27270,325
2024,5,202405,경기,구리시,10282,79
2024,5,202405,경기,군포시,10763,131
2024,5,202405,경기,김포시,37445,568
2024,5,202405,경기,남양주시,45060,426
2024,5,202405,경기,동두천시,2905,32
2024,5,202405,경기,부천시,33242,260
2024,5,202405,경기,성남시,85230,609
2024,5,202405,경기,수원시,84088,588
2024,5,202405,경기,시흥시,25210,200
2024,5,202405,경기,안산시,26828,225
2024,5,202405,경기,안성시,10033,141
2024,5,202405,경기,안양시,29357,146
2024,5,202405,경기,양주시,13668,155
2024,5,202405,경기,양평군,9557,89
2024,5,202405,경기,여주시,5960,102
2024,5,202405,경기,연천군,1697,42
2024,5,202405,경기,오산시,11447,136
2024,5,202405,경기,용인시,99489,768
2024,5,202405,경기,의왕시,10340,90
2024,5,202405,경기,의정부시,19356,178
2024,5,202405,경기,이천시,12140,169
2024,5,202405,경기,파주시,30271,386
2024,5,202405,경기,평택시,37556,380
2024,5,202405,경기,포천시,7023,101
2024,5,202405,경기,하남시,27776,201
2024,5,202405,경기,화성시,69859,729
2024,5,202405,경남,거제시,8047,69
2024,5,202405,경남,거창군,2142,26
2024,5,202405,경남,고성군,1489,16
2024,5,202405,경남,김해시,24923,211
2024,5,202405,경남,남해군,1199,20
2024,5,202405,경남,밀양시,3758,36
2024,5,202405,경남,사천시,3973,41
2024,5,202405,경남,산청군,1256,13
2024,5,202405,경남,양산시,15877,139
2024,5,202405,경남,의령군,883,13
2024,5,202405,경남,진주시,15807,141
2024,5,202405,경남,창녕군,2150,34
2024,5,202405,경남,창원시,102538,514
2024,5,202405,경남,통영시,4196,35
2024,5,202405,경남,하동군,1288,20
2024,5,202405,경남,함안군,6635,40
2024,5,202405,경남,함양군,1125,18
2024,5,202405,경남,합천군,1298,20
2024,5,202405,경북,경산시,12101,103
2024,5,202405,경북,경주시,10912,137
2024,5,202405,경북,고령군,1413,21
2024,5,202405,경북,구미시,16517,225
2024,5,202405,경북,김천시,4693,89
2024,5,202405,경북,문경시,2166,29
2024,5,202405,경북,봉화군,687,12
2024,5,202405,경북,상주시,2737,56
2024,5,202405,경북,성주군,1937,29
2024,5,202405,경북,안동시,5887,109
2024,5,202405,경북,영덕군,1050,19
2024,5,202405,경북,영양군,392,4
2024,5,202405,경북,영주시,3104,61
2024,5,202405,경북,영천시,4077,43
2024,5,202405,경북,예천군,2005,33
2024,5,202405,경북,울릉군,319,4
2024,5,202405,경북,울진군,1688,31
2024,5,202405,경북,의성군,1466,22
2024,5,202405,경북,청도군,1907,15
2024,5,202405,경북,청송군,743,26
2024,5,202405,경북,칠곡군,4780,70
2024,5,202405,경북,포항시,22948,246
2024,5,202405,광주,광산구,20703,218
2024,5,202405,광주,남구,13552,74
2024,5,202405,광주,동구,7362,26
2024,5,202405,광주,북구,21147,156
2024,5,202405,광주,서구,20108,107
2024,5,202405,대구,군위군,961,18
2024,5,202405,대구,남구,7225,40
2024,5,202405,대구,달서구,45344,217
2024,5,202405,대구,달성군,11914,144
2024,5,202405,대구,동구,18393,138
2024,5,202405,대구,북구,19306,162
2024,5,202405,대구,서구,6494,36
2024,5,202405,대구,수성구,64348,149
2024,5,202405,대구,중구,21711,33
2024,5,202405,대전,대덕구,6571,86
2024,5,202405,대전,동구,7246,87
2024,5,202405,대전,서구,24932,215
2024,5,202405,대전,유성구,30208,245
2024,5,202405,대전,중구,9403,96
2024,5,202405,부산,강서구,11314,76
2024,5,202405,부산,금정구,10185,59
2024,5,202405,부산,기장군,11132,62
2024,5,202405,부산,남구,16063,63
2024,5,202405,부산,동구,19052,21
2024,5,202405,부산,동래구,14534,34
2024,5,202405,부산,부산진구,26320,82
2024,5,202405,부산,북구,9044,52
2024,5,202405,부산,사상구,6671,25
2024,5,202405,부산,사하구,9054,52
2024,5,202405,부산,서구,4182,4
2024,5,202405,부산,수영구,15869,38
2024,5,202405,부산,연제구,47524,54
2024,5,202405,부산,영도구,3048,14
2024,5,202405,부산,중구,23558,25
2024,5,202405,부산,해운대구,44768,150
2024,5,202405,서울,강남구,103559,276
2024,5,202405,서울,강동구,27124,92
2024,5,202405,서울,강북구,8100,95
2024,5,202405,서울,강서구,32360,154
2024,5,202405,서울,관악구,15170,79
2024,5,202405,서울,광진구,19234,90
2024,5,202405,서울,구로구,18386,122
2024,5,202405,서울,금천구,10397,33
2024,5,202405,서울,노원구,18918,129
2024,5,202405,서울,도봉구,9932,104
2024,5,202405,서울,동대문구,18360,67
2024,5,202405,서울,동작구,21137,48
2024,5,202405,서울,마포구,29217,140
2024,5,202405,서울,서대문구,17805,133
2024,5,202405,서울,서초구,64883,190
2024,5,202405,서울,성동구,26741,106
2024,5,202405,서울,성북구,21470,133
2024,5,202405,서울,송파구,61233,166
2024,5,202405,서울,양천구,27581,102
2024,5,202405,서울,영등포구,28062,99
2024,5,202405,서울,용산구,25139,88
2024,5,202405,서울,은평구,19196,120
2024,5,202405,서울,종로구,12121,77
2024,5,202405,서울,중구,16019,89
2024,5,202405,서울,중랑구,13080,130
2024,5,202405,세종,세종시,27615,287
2024,5,202405,울산,남구,15117,66
2024,5,202405,울산,동구,3540,38
2024,5,202405,울산,북구,6635,76
2024,5,202405,울산,울주군,9351,76
2024,5,202405,울산,중구,7323,56
2024,5,202405,인천,강화군,4139,61
2024,5,202405,인천,계양구,13412,57
2024,5,202405,인천,남동구,65772,165
2024,5,202405,인천,동구,1915,10
2024,5,202405,인천,미추홀구,24041,77
2024,5,202405,인천,부평구,42937,133
2024,5,202405,인천,서구,49126,283
2024,5,202405,인천,연수구,80966,217
2024,5,202405,인천,옹진군,848,14
2024,5,202405,인천,중구,10662,63
2024,5,202405,전남,강진군,1021,16
2024,5,202405,전남,고흥군,1761,15
2024,5,202405,전남,곡성군,1048,12
2024,5,202405,전남,광양시,6719,78
2024,5,202405,전남,구례군,766,14
2024,5,202405,전남,나주시,6089,83
2024,5,202405,전남,담양군,2280,29
2024,5,202405,전남,목포시,7152,89
2024,5,202405,전남,무안군,4221,54
2024,5,202405,전남,보성군,1198,16
2024,5,202405,전남,순천시,14044,119
2024,5,202405,전남,신안군,3032,28
2024,5,202405,전남,여수시,11904,90
2024,5,202405,전남,영광군,2220,23
2024,5,202405,전남,영암군,1937,33
2024,5,202405,전남,완도군,1602,11
2024,5,202405,전남,장성군,2012,38
2024,5,202405,전남,장흥군,1083,17
2024,5,202405,전남,진도군,975,14
2024,5,202405,전남,함평군,1195,23
2024,5,202405,전남,해남군,2731,37
2024,5,202405,전남,화순군,2623,34
2024,5,202405,전북,고창군,1871,20
2024,5,202405,전북,군산시,11499,104
2024,5,202405,전북,김제시,3079,34
2024,5,202405,전북,남원시,2543,33
2024,5,202405,전북,무주군,798,18
2024,5,202405,전북,부안군,1635,20
2024,5,202405,전북,순창군,891,13
2024,5,202405,전북,완주군,4346,51
2024,5,202405,전북,익산시,10536,115
2024,5,202405,전북,임실군,732,16
2024,5,202405,전북,장수군,622,7
2024,5,202405,전북,전주시,40564,270
2024,5,202405,전북,정읍시,3511,45
2024,5,202405,전북,진안군,784,7
2024,5,202405,제주,서귀포시,9041,97
2024,5,202405,제주,제주시,39980,348
2024,5,202405,충남,계룡시,2382,31
2024,5,202405,충남,공주시,4136,58
2024,5,202405,충남,금산군,1893,31
2024,5,202405,충남,논산시,3582,52
2024,5,202405,충남,당진시,7169,104
2024,5,202405,충남,보령시,3496,65
2024,5,202405,충남,부여군,1784,30
2024,5,202405,충남,서산시,7388,133
2024,5,202405,충남,서천군,1450,24
2024,5,202405,충남,아산시,17940,236
2024,5,202405,충남,예산군,2937,47
2024,5,202405,충남,천안시,36014,419
2024,5,202405,충남,청양군,880,23
2024,5,202405,충남,태안군,2333,42
2024,5,202405,충남,홍성군,3784,54
2024,5,202405,충북,괴산군,1290,29
2024,5,202405,충북,단양군,864,24
2024,5,202405,충북,보은군,992,19
2024,5,202405,충북,영동군,1270,22
2024,5,202405,충북,옥천군,1680,25
2024,5,202405,충북,음성군,3984,60
2024,5,202405,충북,제천시,4770,60
2024,5,202405,충북,증평군,1307,13
2024,5,202405,충북,진천군,3854,63
2024,5,202405,충북,청주시,48874,488
2024,5,202405,충북,충주시,8341,144
2024,6,202406,강원,강릉시,10899,160
2024,6,202406,강원,고성군,1141,21
2024,6,202406,강원,동해시,2903,85
2024,6,202406,강원,삼척시,1913,38
2024,6,202406,강원,속초시,3697,54
2024,6,202406,강원,양구군,687,11
2024,6,202406,강원,양양군,1543,34
2024,6,202406,강원,영월군,1426,27
2024,6,202406,강원,원주시,20018,189
2024,6,202406,강원,인제군,1115,19
2024,6,202406,강원,정선군,1342,16
2024,6,202406,강원,철원군,1264,30
2024,6,202406,강원,춘천시,13560,178
2024,6,202406,강원,태백시,1487,23
2024,6,202406,강원,평창군,2193,31
2024,6,202406,강원,홍천군,2504,40
2024,6,202406,강원,화천군,705,8
2024,6,202406,강원,횡성군,2167,32
2024,6,202406,경기,가평군,3537,48
2024,6,202406,경기,고양시,77592,568
2024,6,202406,경기,과천시,8456,51
2024,6,202406,경기,광명시,12759,126
2024,6,202406,경기,광주시,27416,325
2024,6,202406,경기,구리시,10361,79
2024,6,202406,경기,군포시,10809,131
2024,6,202406,경기,김포시,37709,574
2024,6,202406,경기,남양주시,45205,420
2024,6,202406,경기,동두천시,2918,33
2024,6,202406,경기,부천시,33427,262
2024,6,202406,경기,성남시,85615,613
2024,6,202406,경기,수원시,84988,590
2024,6,202406,경기,시흥시,25378,198
2024,6,202406,경기,안산시,26995,226
2024,6,202406,경기,안성시,10041,139
2024,6,202406,경기,안양시,29579,147
2024,6,202406,경기,양주시,13829,155
2024,6,202406,경기,양평군,9633,91
2024,6,202406,경기,여주시,5988,102
2024,6,202406,경기,연천군,1701,44
2024,6,202406,경기,오산시,11594,134
2024,6,202406,경기,용인시,100005,765
2024,6,202406,경기,의왕시,10352,90
2024,6,202406,경기,의정부시,19470,181
2024,6,202406,경기,이천시,12164,169
2024,6,202406,경기,파주시,30493,394
2024,6,202406,경기,평택시,37673,381
2024,6,202406,경기,포천시,7051,101
2024,6,202406,경기,하남시,27957,201
2024,6,202406,경기,화성시,70338,733
2024,6,202406,경남,거제시,8106,70
2024,6,202406,경남,거창군,2161,23
2024,6,202406,경남,고성군,1505,16
2024,6,202406,경남,김해시,25024,215
2024,6,202406,경남,남해군,1207,20
2024,6,202406,경남,밀양시,3779,36
2024,6,202406,경남,사천시,3983,40
2024,6,202406,경남,산청군,1262,13
2024,6,202406,경남,양산시,16017,135
2024,6,202406,경남,의령군,889,13
2024,6,202406,경남,진주시,15884,143
2024,6,202406,경남,창녕군,2151,34
2024,6,202406,경남,창원시,103350,520
2024,6,202406,경남,통영시,4239,35
2024,6,202406,경남,하동군,1302,20
2024,6,202406,경남,함안군,6733,40
2024,6,202406,경남,함양군,1132,18
2024,6,202406,경남,합천군,1313,21
2024,6,202406,경북,경산시,12210,105
2024,6,202406,경북,경주시,10973,134
2024,6,202406,경북,고령군,1405,21
2024,6,202406,경북,구미시,16671,224
2024,6,202406,경북,김천시,4701,89
2024,6,202406,경북,문경시,2182,29
2024,6,202406,경북,봉화군,692,11
2024,6,202406,경북,상주시,2756,55
2024,6,202406,경북,성주군,1939,29
2024,6,202406,경북,안동시,5933,111
2024,6,202406,경북,영덕군,1067,19
2024,6,202406,경북,영양군,398,4
2024,6,202406,경북,영주시,3121,61
2024,6,202406,경북,영천시,4084,41
2024,6,202406,경북,예천군,2016,32
2024,6,202406,경북,울릉군,324,4
2024,6,202406,경북,울진군,1710,31
2024,6,202406,경북,의성군,1479,22
2024,6,202406,경북,청도군,1913,15
2024,6,202406,경북,청송군,738,26
2024,6,202406,경북,칠곡군,4780,71
2024,6,202406,경북,포항시,23070,249
2024,6,202406,광주,광산구,20776,214
2024,6,202406,광주,남구,13625,75
2024,6,202406,광주,동구,7378,26
2024,6,202406,광주,북구,21326,158
2024,6,202406,광주,서구,20227,106
2024,6,202406,대구,군위군,965,18
2024,6,202406,대구,남구,7202,39
2024,6,202406,대구,달서구,45253,217
2024,6,202406,대구,달성군,11994,142
2024,6,202406,대구,동구,18597,141
2024,6,202406,대구,북구,19474,161
2024,6,202406,대구,서구,6618,39
2024,6,202406,대구,수성구,64596,147
2024,6,202406,대구,중구,21558,33
2024,6,202406,대전,대덕구,6635,89
2024,6,202406,대전,동구,7288,88
2024,6,202406,대전,서구,25005,218
2024,6,202406,대전,유성구,30394,246
2024,6,202406,대전,중구,9448,95
2024,6,202406,부산,강서구,11387,76
2024,6,202406,부산,금정구,10228,59
2024,6,202406,부산,기장군,11290,62
2024,6,202406,부산,남구,16176,65
2024,6,202406,부산,동구,19642,21
2024,6,202406,부산,동래구,14630,33
2024,6,202406,부산,부산진구,26491,80
2024,6,202406,부산,북구,9090,52
2024,6,202406,부산,사상구,6667,25
2024,6,202406,부산,사하구,9148,53
2024,6,202406,부산,서구,4191,4
2024,6,202406,부산,수영구,15796,37
2024,6,202406,부산,연제구,47568,54
2024,6,202406,부산,영도구,3081,13
2024,6,202406,부산,중구,23830,25
2024,6,202406,부산,해운대구,45067,150
2024,6,202406,서울,강남구,103731,265
2024,6,202406,서울,강동구,27344,91
2024,6,202406,서울,강북구,8138,94
2024,6,202406,서울,강서구,32595,152
2024,6,202406,서울,관악구,15200,81
2024,6,202406,서울,광진구,19298,98
2024,6,202406,서울,구로구,18479,122
2024,6,202406,서울,금천구,10476,35
2024,6,202406,서울,노원구,19096,129
2024,6,202406,서울,도봉구,10014,104
2024,6,202406,서울,동대문구,18408,64
2024,6,202406,서울,동작구,21327,47
2024,6,202406,서울,마포구,29265,141
2024,6,202406,서울,서대문구,17871,133
2024,6,202406,서울,서초구,65154,194
2024,6,202406,서울,성동구,26830,103
2024,6,202406,서울,성북구,21543,131
2024,6,202406,서울,송파구,61464,170
2024,6,202406,서울,양천구,27643,102
2024,6,202406,서울,영등포구,28166,100
2024,6,202406,서울,용산구,25208,89
2024,6,202406,서울,은평구,19284,140
2024,6,202406,서울,종로구,12145,78
2024,6,202406,서울,중구,15887,90
2024,6,202406,서울,중랑구,13158,130
2024,6,202406,세종,세종시,27713,283
2024,6,202406,울산,남구,15226,65
2024,6,202406,울산,동구,3570,39
2024,6,202406,울산,북구,6655,76
2024,6,202406,울산,울주군,9396,79
2024,6,202406,울산,중구,7404,56
2024,6,202406,인천,강화군,4132,59
2024,6,202406,인천,계양구,13561,58
2024,6,202406,인천,남동구,66229,166
2024,6,202406,인천,동구,1934,10
2024,6,202406,인천,미추홀구,24027,79
2024,6,202406,인천,부평구,42124,125
2024,6,202406,인천,서구,49912,290
2024,6,202406,인천,연수구,81504,221
2024,6,202406,인천,옹진군,855,14
2024,6,202406,인천,중구,10775,61
2024,6,202406,전남,강진군,1015,16
2024,6,202406,전남,고흥군,1759,17
2024,6,202406,전남,곡성군,1051,11
2024,6,202406,전남,광양시,6780,78
2024,6,202406,전남,구례군,768,14
2024,6,202406,전남,나주시,6113,84
2024,6,202406,전남,담양군,2296,28
2024,6,202406,전남,목포시,7198,89
2024,6,202406,전남,무안군,4255,55
2024,6,202406,전남,보성군,1207,16
2024,6,202406,전남,순천시,14157,116
2024,6,202406,전남,신안군,3003,27
2024,6,202406,전남,여수시,11999,92
2024,6,202406,전남,영광군,2231,22
2024,6,202406,전남,영암군,1943,33
2024,6,202406,전남,완도군,1610,11
2024,6,202406,전남,장성군,2021,38
2024,6,202406,전남,장흥군,1098,16
2024,6,202406,전남,진도군,979,17
2024,6,202406,전남,함평군,1212,22
2024,6,202406,전남,해남군,2722,37
2024,6,202406,전남,화순군,2640,36
2024,6,202406,전북,고창군,1881,20
2024,6,202406,전북,군산시,11558,104
2024,6,202406,전북,김제시,3098,34
2024,6,202406,전북,남원시,2545,33
2024,6,202406,전북,무주군,800,19
2024,6,202406,전북,부안군,1641,19
2024,6,202406,전북,순창군,906,13
2024,6,202406,전북,완주군,4353,49
2024,6,202406,전북,익산시,10578,113
2024,6,202406,전북,임실군,733,16
2024,6,202406,전북,장수군,620,7
2024,6,202406,전북,전주시,40655,289
2024,6,202406,전북,정읍시,3525,45
2024,6,202406,전북,진안군,792,7
2024,6,202406,제주,서귀포시,9046,96
2024,6,202406,제주,제주시,40244,344
2024,6,202406,충남,계룡시,2401,31
2024,6,202406,충남,공주시,4144,56
2024,6,202406,충남,금산군,1905,30
2024,6,202406,충남,논산시,3578,52
2024,6,202406,충남,당진시,7206,104
2024,6,202406,충남,보령시,3506,67
2024,6,202406,충남,부여군,1785,30
2024,6,202406,충남,서산시,7418,133
2024,6,202406,충남,서천군,1459,24
2024,6,202406,충남,아산시,18068,241
2024,6,202406,충남,예산군,2966,49
2024,6,202406,충남,천안시,36174,423
2024,6,202406,충남,청양군,887,24
2024,6,202406,충남,태안군,2342,41
2024,6,202406,충남,홍성군,3814,56
2024,6,202406,충북,괴산군,1284,32
2024,6,202406,충북,단양군,873,25
2024,6,202406,충북,보은군,986,18
2024,6,202406,충북,영동군,1292,22
2024,6,202406,충북,옥천군,1686,25
2024,6,202406,충북,음성군,4004,61
2024,6,202406,충북,제천시,4785,60
2024,6,202406,충북,증평군,1310,13
2024,6,202406,충북,진천군,3882,61
2024,6,202406,충북,청주시,49052,491
2024,6,202406,충북,충주시,8436,145
2024,7,202407,강원,강릉시,10904,158
2024,7,202407,강원,고성군,1135,20
2024,7,202407,강원,동해시,2919,86
2024,7,202407,강원,삼척시,1943,37
2024,7,202407,강원,속초시,3745,52
2024,7,202407,강원,양구군,691,12
2024,7,202407,강원,양양군,1555,33
2024,7,202407,강원,영월군,1429,26
2024,7,202407,강원,원주시,20131,190
2024,7,202407,강원,인제군,1116,18
2024,7,202407,강원,정선군,1351,16
2024,7,202407,강원,철원군,1271,30
2024,7,202407,강원,춘천시,13613,182
2024,7,202407,강원,태백시,1497,24
2024,7,202407,강원,평창군,2179,31
2024,7,202407,강원,홍천군,2510,40
2024,7,202407,강원,화천군,706,8
2024,7,202407,강원,횡성군,2165,32
2024,7,202407,경기,가평군,3551,50
2024,7,202407,경기,고양시,77822,566
2024,7,202407,경기,과천시,8512,50
2024,7,202407,경기,광명시,12798,126
2024,7,202407,경기,광주시,27624,342
2024,7,202407,경기,구리시,10430,78
2024,7,202407,경기,군포시,10821,131
2024,7,202407,경기,김포시,37734,580
2024,7,202407,경기,남양주시,45446,432
2024,7,202407,경기,동두천시,2930,33
2024,7,202407,경기,부천시,33475,261
2024,7,202407,경기,성남시,85833,625
2024,7,202407,경기,수원시,85285,587
2024,7,202407,경기,시흥시,25479,201
2024,7,202407,경기,안산시,27211,225
2024,7,202407,경기,안성시,10068,142
2024,7,202407,경기,안양시,29841,146
2024,7,202407,경기,양주시,13992,155
2024,7,202407,경기,양평군,9662,92
2024,7,202407,경기,여주시,6021,103
2024,7,202407,경기,연천군,1700,45
2024,7,202407,경기,오산시,11736,135
2024,7,202407,경기,용인시,100513,767
2024,7,202407,경기,의왕시,10360,90
2024,7,202407,경기,의정부시,19519,182
2024,7,202407,경기,이천시,12209,170
2024,7,202407,경기,파주시,30694,399
2024,7,202407,경기,평택시,37915,379
2024,7,202407,경기,포천시,7093,97
2024,7,202407,경기,하남시,28083,203
2024,7,202407,경기,화성시,70775,725
2024,7,202407,경남,거제시,8155,71
2024,7,202407,경남,거창군,2153,23
2024,7,202407,경남,고성군,1523,16
2024,7,202407,경남,김해시,25160,219
2024,7,202407,경남,남해군,1218,20
2024,7,202407,경남,밀양시,3791,35
2024,7,202407,경남,사천시,4033,40
2024,7,202407,경남,산청군,1264,13
2024,7,202407,경남,양산시,16150,137
2024,7,202407,경남,의령군,894,13
2024,7,202407,경남,진주시,15923,144
2024,7,202407,경남,창녕군,2174,34
2024,7,202407,경남,창원시,103778,521
2024,7,202407,경남,통영시,4253,36
2024,7,202407,경남,하동군,1306,21
2024,7,202407,경남,함안군,6779,41
2024,7,202407,경남,함양군,1124,17
2024,7,202407,경남,합천군,1332,23
2024,7,202407,경북,경산시,12239,107
2024,7,202407,경북,경주시,11043,135
2024,7,202407,경북,고령군,1420,21
2024,7,202407,경북,구미시,16787,227
2024,7,202407,경북,김천시,4744,89
2024,7,202407,경북,문경시,2192,29
2024,7,202407,경북,봉화군,703,11
2024,7,202407,경북,상주시,2776,54
2024,7,202407,경북,성주군,1934,30
2024,7,202407,경북,안동시,5949,110
2024,7,202407,경북,영덕군,1068,19
2024,7,202407,경북,영양군,399,4
2024,7,202407,경북,영주시,3143,63
2024,7,202407,경북,영천시,4080,41
2024,7,202407,경북,예천군,2013,31
2024,7,202407,경북,울릉군,324,4
2024,7,202407,경북,울진군,1717,32
2024,7,202407,경북,의성군,1479,22
2024,7,202407,경북,청도군,1928,16
2024,7,202407,경북,청송군,741,27
2024,7,202407,경북,칠곡군,4787,72
2024,7,202407,경북,포항시,23238,253
2024,7,202407,광주,광산구,20879,214
2024,7,202407,광주,남구,13659,74
2024,7,202407,광주,동구,7382,26
2024,7,202407,광주,북구,21456,157
2024,7,202407,광주,서구,20240,106
2024,7,202407,대구,군위군,972,18
2024,7,202407,대구,남구,7227,39
2024,7,202407,대구,달서구,45104,217
2024,7,202407,대구,달성군,12045,138
2024,7,202407,대구,동구,18657,141
2024,7,202407,대구,북구,19545,163
2024,7,202407,대구,서구,6573,38
2024,7,202407,대구,수성구,64599,148
2024,7,202407,대구,중구,21379,33
2024,7,202407,대전,대덕구,6642,88
2024,7,202407,대전,동구,7311,87
2024,7,202407,대전,서구,25110,214
2024,7,202407,대전,유성구,30524,245
2024,7,202407,대전,중구,9502,96
2024,7,202407,부산,강서구,11445,78
2024,7,202407,부산,금정구,10221,58
2024,7,202407,부산,기장군,11389,60
2024,7,202407,부산,남구,16262,65
2024,7,202407,부산,동구,19880,22
2024,7,202407,부산,동래구,14703,34
2024,7,202407,부산,부산진구,26645,77
2024,7,202407,부산,북구,9110,52
2024,7,202407,부산,사상구,6709,27
2024,7,202407,부산,사하구,9218,54
2024,7,202407,부산,서구,4207,4
2024,7,202407,부산,수영구,15652,38
2024,7,202407,부산,연제구,47595,53
2024,7,202407,부산,영도구,3106,12
2024,7,202407,부산,중구,24111,24
2024,7,202407,부산,해운대구,45242,150
2024,7,202407,서울,강남구,103730,277
2024,7,202407,서울,강동구,27527,93
2024,7,202407,서울,강북구,8204,95
2024,7,202407,서울,강서구,32689,151
2024,7,202407,서울,관악구,15243,82
2024,7,202407,서울,광진구,19316,88
2024,7,202407,서울,구로구,18526,123
2024,7,202407,서울,금천구,10516,37
2024,7,202407,서울,노원구,19235,127
2024,7,202407,서울,도봉구,10110,104
2024,7,202407,서울,동대문구,18482,63
2024,7,202407,서울,동작구,21392,46
2024,7,202407,서울,마포구,29316,139
2024,7,202407,서울,서대문구,17931,132
2024,7,202407,서울,서초구,65281,197
2024,7,202407,서울,성동구,26933,105
2024,7,202407,서울,성북구,21621,132
2024,7,202407,서울,송파구,61531,179
2024,7,202407,서울,양천구,27749,100
2024,7,202407,서울,영등포구,28289,99
2024,7,202407,서울,용산구,25200,88
2024,7,202407,서울,은평구,19370,140
2024,7,202407,서울,종로구,12223,78
2024,7,202407,서울,중구,15662,90
2024,7,202407,서울,중랑구,13276,124
2024,7,202407,세종,세종시,27853,295
2024,7,202407,울산,남구,15354,64
2024,7,202407,울산,동구,3582,40
2024,7,202407,울산,북구,6702,76
2024,7,202407,울산,울주군,9464,78
2024,7,202407,울산,중구,7452,57
2024,7,202407,인천,강화군,4098,59
2024,7,202407,인천,계양구,13642,60
2024,7,202407,인천,남동구,66395,166
2024,7,202407,인천,동구,1938,8
2024,7,202407,인천,미추홀구,23956,78
2024,7,202407,인천,부평구,42088,129
2024,7,202407,인천,서구,49997,290
2024,7,202407,인천,연수구,82167,223
2024,7,202407,인천,옹진군,860,14
2024,7,202407,인천,중구,10874,64
2024,7,202407,전남,강진군,1023,17
2024,7,202407,전남,고흥군,1774,17
2024,7,202407,전남,곡성군,1063,11
2024,7,202407,전남,광양시,6845,77
2024,7,202407,전남,구례군,769,14
2024,7,202407,전남,나주시,6142,83
2024,7,202407,전남,담양군,2323,29
2024,7,202407,전남,목포시,7235,88
2024,7,202407,전남,무안군,4318,55
2024,7,202407,전남,보성군,1210,16
2024,7,202407,전남,순천시,14228,119
2024,7,202407,전남,신안군,2916,27
2024,7,202407,전남,여수시,12063,90
2024,7,202407,전남,영광군,2238,22
2024,7,202407,전남,영암군,1961,33
2024,7,202407,전남,완도군,1617,11
2024,7,202407,전남,장성군,2040,36
2024,7,202407,전남,장흥군,1097,16
2024,7,202407,전남,진도군,989,17
2024,7,202407,전남,함평군,1205,22
2024,7,202407,전남,해남군,2691,37
2024,7,202407,전남,화순군,2631,37
2024,7,202407,전북,고창군,1898,20
2024,7,202407,전북,군산시,11609,102
2024,7,202407,전북,김제시,3116,35
2024,7,202407,전북,남원시,2562,33
2024,7,202407,전북,무주군,799,21
2024,7,202407,전북,부안군,1651,18
2024,7,202407,전북,순창군,908,13
2024,7,202407,전북,완주군,4376,48
2024,7,202407,전북,익산시,10624,114
2024,7,202407,전북,임실군,732,16
2024,7,202407,전북,장수군,623,7
2024,7,202407,전북,전주시,40519,290
2024,7,202407,전북,정읍시,3544,48
2024,7,202407,전북,진안군,801,6
2024,7,202407,제주,서귀포시,9035,96
2024,7,202407,제주,제주시,40456,345
2024,7,202407,충남,계룡시,2419,32
2024,7,202407,충남,공주시,4120,54
2024,7,202407,충남,금산군,1913,31
2024,7,202407,충남,논산시,3602,51
2024,7,202407,충남,당진시,7270,106
2024,7,202407,충남,보령시,3538,67
2024,7,202407,충남,부여군,1799,30
2024,7,202407,충남,서산시,7452,134
2024,7,202407,충남,서천군,1463,22
2024,7,202407,충남,아산시,18225,243
2024,7,202407,충남,예산군,2982,48
2024,7,202407,충남,천안시,36301,422
2024,7,202407,충남,청양군,895,24
2024,7,202407,충남,태안군,2344,41
2024,7,202407,충남,홍성군,3836,56
2024,7,202407,충북,괴산군,1291,32
2024,7,202407,충북,단양군,873,25
2024,7,202407,충북,보은군,1001,18
2024,7,202407,충북,영동군,1301,23
2024,7,202407,충북,옥천군,1681,25
2024,7,202407,충북,음성군,4030,61
2024,7,202407,충북,제천시,4820,60
2024,7,202407,충북,증평군,1311,12
2024,7,202407,충북,진천군,3911,61
2024,7,202407,충북,청주시,49052,496
2024,7,202407,충북,충주시,8468,142
2024,8,202408,강원,강릉시,10961,161
2024,8,202408,강원,고성군,1138,20
2024,8,202408,강원,동해시,2954,86
2024,8,202408,강원,삼척시,1953,39
2024,8,202408,강원,속초시,3742,52
2024,8,202408,강원,양구군,699,12
2024,8,202408,강원,양양군,1577,34
2024,8,202408,강원,영월군,1443,27
2024,8,202408,강원,원주시,20203,190
2024,8,202408,강원,인제군,1123,18
2024,8,202408,강원,정선군,1348,16
2024,8,202408,강원,철원군,1279,29
2024,8,202408,강원,춘천시,13671,182
2024,8,202408,강원,태백시,1501,23
2024,8,202408,강원,평창군,2181,30
2024,8,202408,강원,홍천군,2512,42
2024,8,202408,강원,화천군,704,8
2024,8,202408,강원,횡성군,2172,33
2024,8,202408,경기,가평군,3572,48
2024,8,202408,경기,고양시,78212,567
2024,8,202408,경기,과천시,8568,49
2024,8,202408,경기,광명시,12856,122
2024,8,202408,경기,광주시,27728,341
2024,8,202408,경기,구리시,10490,78
2024,8,202408,경기,군포시,10839,133
2024,8,202408,경기,김포시,37934,575
2024,8,202408,경기,남양주시,45599,445
2024,8,202408,경기,동두천시,2943,33
2024,8,202408,경기,부천시,33618,264
2024,8,202408,경기,성남시,85969,628
2024,8,202408,경기,수원시,85728,590
2024,8,202408,경기,시흥시,25593,202
2024,8,202408,경기,안산시,27206,230
2024,8,202408,경기,안성시,10135,143
2024,8,202408,경기,안양시,30046,145
2024,8,202408,경기,양주시,14193,155
2024,8,202408,경기,양평군,9719,90
2024,8,202408,경기,여주시,6048,103
2024,8,202408,경기,연천군,1694,44
2024,8,202408,경기,오산시,11885,132
2024,8,202408,경기,용인시,100927,762
2024,8,202408,경기,의왕시,10361,91
2024,8,202408,경기,의정부시,19566,197
2024,8,202408,경기,이천시,12244,169
2024,8,202408,경기,파주시,30874,397
2024,8,202408,경기,평택시,38211,381
2024,8,202408,경기,포천시,7086,97
2024,8,202408,경기,하남시,28151,213
2024,8,202408,경기,화성시,71263,726
2024,8,202408,경남,거제시,8202,73
2024,8,202408,경남,거창군,2150,21
2024,8,202408,경남,고성군,1523,16
2024,8,202408,경남,김해시,25227,220
2024,8,202408,경남,남해군,1225,20
2024,8,202408,경남,밀양시,3835,34
2024,8,202408,경남,사천시,4043,40
2024,8,202408,경남,산청군,1278,13
2024,8,202408,경남,양산시,16263,136
2024,8,202408,경남,의령군,892,13
2024,8,202408,경남,진주시,16053,144
2024,8,202408,경남,창녕군,2160,34
2024,8,202408,경남,창원시,104261,525
2024,8,202408,경남,통영시,4266,35
2024,8,202408,경남,하동군,1324,23
2024,8,202408,경남,함안군,6806,42
2024,8,202408,경남,함양군,1134,18
2024,8,202408,경남,합천군,1336,22
2024,8,202408,경북,경산시,12295,109
2024,8,202408,경북,경주시,11074,136
2024,8,202408,경북,고령군,1424,20
2024,8,202408,경북,구미시,16902,223
2024,8,202408,경북,김천시,4782,91
2024,8,202408,경북,문경시,2193,31
2024,8,202408,경북,봉화군,710,12
2024,8,202408,경북,상주시,2788,55
2024,8,202408,경북,성주군,1931,30
2024,8,202408,경북,안동시,5990,111
2024,8,202408,경북,영덕군,1068,19
2024,8,202408,경북,영양군,400,4
2024,8,202408,경북,영주시,3151,63
2024,8,202408,경북,영천시,4105,42
2024,8,202408,경북,예천군,2014,31
2024,8,202408,경북,울릉군,323,4
2024,8,202408,경북,울진군,1719,32
2024,8,202408,경북,의성군,1482,22
2024,8,202408,경북,청도군,1941,16
2024,8,202408,경북,청송군,749,27
2024,8,202408,경북,칠곡군,4794,71
2024,8,202408,경북,포항시,23403,250
2024,8,202408,광주,광산구,20954,212
2024,8,202408,광주,남구,13691,75
2024,8,202408,광주,동구,7396,26
2024,8,202408,광주,북구,21600,158
2024,8,202408,광주,서구,20212,108
2024,8,202408,대구,군위군,978,19
2024,8,202408,대구,남구,7263,39
2024,8,202408,대구,달서구,44929,220
2024,8,202408,대구,달성군,12118,135
2024,8,202408,대구,동구,18735,138
2024,8,202408,대구,북구,19615,162
2024,8,202408,대구,서구,6574,39
2024,8,202408,대구,수성구,64728,151
2024,8,202408,대구,중구,21236,38
2024,8,202408,대전,대덕구,6686,89
2024,8,202408,대전,동구,7419,92
2024,8,202408,대전,서구,25142,210
2024,8,202408,대전,유성구,30610,247
2024,8,202408,대전,중구,9652,98
2024,8,202408,부산,강서구,11499,75
2024,8,202408,부산,금정구,10263,58
2024,8,202408,부산,기장군,11497,58
2024,8,202408,부산,남구,16260,64
2024,8,202408,부산,동구,20118,21
2024,8,202408,부산,동래구,14769,34
2024,8,202408,부산,부산진구,26771,77
2024,8,202408,부산,북구,9166,55
2024,8,202408,부산,사상구,6777,27
2024,8,202408,부산,사하구,9264,55
2024,8,202408,부산,서구,4239,5
2024,8,202408,부산,수영구,15554,38
2024,8,202408,부산,연제구,47684,50
2024,8,202408,부산,영도구,3122,13
2024,8,202408,부산,중구,24591,22
2024,8,202408,부산,해운대구,45265,150
2024,8,202408,서울,강남구,104201,272
2024,8,202408,서울,강동구,27830,92
2024,8,202408,서울,강북구,8229,96
2024,8,202408,서울,강서구,32907,155
2024,8,202408,서울,관악구,15290,82
2024,8,202408,서울,광진구,19365,85
2024,8,202408,서울,구로구,18587,122
2024,8,202408,서울,금천구,10550,36
2024,8,202408,서울,노원구,19370,130
2024,8,202408,서울,도봉구,10175,113
2024,8,202408,서울,동대문구,18542,63
2024,8,202408,서울,동작구,21405,45
2024,8,202408,서울,마포구,29360,141
2024,8,202408,서울,서대문구,17927,132
2024,8,202408,서울,서초구,65498,196
2024,8,202408,서울,성동구,26911,107
2024,8,202408,서울,성북구,21689,130
2024,8,202408,서울,송파구,61652,191
2024,8,202408,서울,양천구,27895,100
2024,8,202408,서울,영등포구,28296,97
2024,8,202408,서울,용산구,25258,87
2024,8,202408,서울,은평구,19396,142
2024,8,202408,서울,종로구,12251,80
2024,8,202408,서울,중구,15475,90
2024,8,202408,서울,중랑구,13387,122
2024,8,202408,세종,세종시,27931,326
2024,8,202408,울산,남구,15424,63
2024,8,202408,울산,동구,3594,40
2024,8,202408,울산,북구,6735,78
2024,8,202408,울산,울주군,9539,78
2024,8,202408,울산,중구,7502,58
2024,8,202408,인천,강화군,4087,60
2024,8,202408,인천,계양구,13801,61
2024,8,202408,인천,남동구,66617,164
2024,8,202408,인천,동구,1939,6
2024,8,202408,인천,미추홀구,23907,78
2024,8,202408,인천,부평구,42130,127
2024,8,202408,인천,서구,49974,292
2024,8,202408,인천,연수구,82460,224
2024,8,202408,인천,옹진군,867,14
2024,8,202408,인천,중구,10916,63
2024,8,202408,전남,강진군,1031,16
2024,8,202408,전남,고흥군,1789,17
2024,8,202408,전남,곡성군,1068,11
2024,8,202408,전남,광양시,6921,78
2024,8,202408,전남,구례군,767,13
2024,8,202408,전남,나주시,6177,81
2024,8,202408,전남,담양군,2345,28
2024,8,202408,전남,목포시,7234,86
2024,8,202408,전남,무안군,4380,56
2024,8,202408,전남,보성군,1205,16
2024,8,202408,전남,순천시,14273,120
2024,8,202408,전남,신안군,2874,29
2024,8,202408,전남,여수시,12096,89
2024,8,202408,전남,영광군,2234,22
2024,8,202408,전남,영암군,1958,33
2024,8,202408,전남,완도군,1636,11
2024,8,202408,전남,장성군,2040,36
2024,8,202408,전남,장흥군,1102,16
2024,8,202408,전남,진도군,1002,17
2024,8,202408,전남,함평군,1212,25
2024,8,202408,전남,해남군,2692,36
2024,8,202408,전남,화순군,2643,38
2024,8,202408,전북,고창군,1908,21
2024,8,202408,전북,군산시,11631,99
2024,8,202408,전북,김제시,3140,34
2024,8,202408,전북,남원시,2565,33
2024,8,202408,전북,무주군,805,22
2024,8,202408,전북,부안군,1653,19
2024,8,202408,전북,순창군,907,14
2024,8,202408,전북,완주군,4428,48
2024,8,202408,전북,익산시,10722,115
2024,8,202408,전북,임실군,732,16
2024,8,202408,전북,장수군,628,7
2024,8,202408,전북,전주시,40427,289
2024,8,202408,전북,정읍시,3574,49
2024,8,202408,전북,진안군,799,6
2024,8,202408,제주,서귀포시,9085,101
2024,8,202408,제주,제주시,40651,344
2024,8,202408,충남,계룡시,2428,33
2024,8,202408,충남,공주시,4143,54
2024,8,202408,충남,금산군,1916,31
2024,8,202408,충남,논산시,3627,49
2024,8,202408,충남,당진시,7322,107
2024,8,202408,충남,보령시,3536,67
2024,8,202408,충남,부여군,1807,30
2024,8,202408,충남,서산시,7490,133
2024,8,202408,충남,서천군,1458,24
2024,8,202408,충남,아산시,18412,242
2024,8,202408,충남,예산군,2992,47
2024,8,202408,충남,천안시,36404,427
2024,8,202408,충남,청양군,909,24
2024,8,202408,충남,태안군,2348,41
2024,8,202408,충남,홍성군,3837,53
2024,8,202408,충북,괴산군,1296,31
2024,8,202408,충북,단양군,881,25
2024,8,202408,충북,보은군,1018,18
2024,8,202408,충북,영동군,1304,23
2024,8,202408,충북,옥천군,1678,26
2024,8,202408,충북,음성군,4059,63
2024,8,202408,충북,제천시,4861,60
2024,8,202408,충북,증평군,1309,12
2024,8,202408,충북,진천군,3938,58
2024,8,202408,충북,청주시,49171,495
2024,8,202408,충북,충주시,8547,144
2024,9,202409,강원,강릉시,11017,164
2024,9,202409,강원,고성군,1151,20
2024,9,202409,강원,동해시,2973,85
2024,9,202409,강원,삼척시,1961,40
2024,9,202409,강원,속초시,3750,49
2024,9,202409,강원,양구군,697,12
2024,9,202409,강원,양양군,1591,34
2024,9,202409,강원,영월군,1437,26
2024,9,202409,강원,원주시,20301,190
2024,9,202409,강원,인제군,1129,18
2024,9,202409,강원,정선군,1349,17
2024,9,202409,강원,철원군,1292,29
2024,9,202409,강원,춘천시,13740,186
2024,9,202409,강원,태백시,1511,22
2024,9,202409,강원,평창군,2195,31
2024,9,202409,강원,홍천군,2531,42
2024,9,202409,강원,화천군,710,9
2024,9,202409,강원,횡성군,2176,35
2024,9,202409,경기,가평군,3589,51
2024,9,202409,경기,고양시,78407,569
2024,9,202409,경기,과천시,8613,49
2024,9,202409,경기,광명시,12889,122
2024,9,202409,경기,광주시,27865,336
2024,9,202409,경기,구리시,10535,80
2024,9,202409,경기,군포시,10841,133
2024,9,202409,경기,김포시,38081,565
2024,9,202409,경기,남양주시,45684,447
2024,9,202409,경기,동두천시,2963,34
2024,9,202409,경기,부천시,33720,263
2024,9,202409,경기,성남시,86212,637
2024,9,202409,경기,수원시,85990,584
2024,9,202409,경기,시흥시,25646,198
2024,9,202409,경기,안산시,27392,232
2024,9,202409,경기,안성시,10222,142
2024,9,202409,경기,안양시,30381,145
2024,9,202409,경기,양주시,14319,156
2024,9,202409,경기,양평군,9750,90
2024,9,202409,경기,여주시,6057,102
2024,9,202409,경기,연천군,1711,45
2024,9,202409,경기,오산시,12050,131
2024,9,202409,경기,용인시,101312,755
2024,9,202409,경기,의왕시,10376,91
2024,9,202409,경기,의정부시,19661,200
2024,9,202409,경기,이천시,12292,170
2024,9,202409,경기,파주시,31064,394
2024,9,202409,경기,평택시,38613,387
2024,9,202409,경기,포천시,7097,107
2024,9,202409,경기,하남시,28221,211
2024,9,202409,경기,화성시,71725,726
2024,9,202409,경남,거제시,8224,74
2024,9,202409,경남,거창군,2147,21
2024,9,202409,경남,고성군,1531,16
2024,9,202409,경남,김해시,25321,223
2024,9,202409,경남,남해군,1240,21
2024,9,202409,경남,밀양시,3831,33
2024,9,202409,경남,사천시,4062,41
2024,9,202409,경남,산청군,1280,13
2024,9,202409,경남,양산시,16385,135
2024,9,202409,경남,의령군,895,13
2024,9,202409,경남,진주시,16100,147
2024,9,202409,경남,창녕군,2170,33
2024,9,202409,경남,창원시,105660,525
2024,9,202409,경남,통영시,4275,35
2024,9,202409,경남,하동군,1326,22
2024,9,202409,경남,함안군,6818,42
2024,9,202409,경남,함양군,1142,18
2024,9,202409,경남,합천군,1330,23
2024,9,202409,경북,경산시,12331,111
2024,9,202409,경북,경주시,11110,133
2024,9,202409,경북,고령군,1424,18
2024,9,202409,경북,구미시,16989,225
2024,9,202409,경북,김천시,4800,91
2024,9,202409,경북,문경시,2223,30
2024,9,202409,경북,봉화군,717,12
2024,9,202409,경북,상주시,2801,56
2024,9,202409,경북,성주군,1939,31
2024,9,202409,경북,안동시,6037,111
2024,9,202409,경북,영덕군,1075,19
2024,9,202409,경북,영양군,403,5
2024,9,202409,경북,영주시,3164,61
2024,9,202409,경북,영천시,4131,43
2024,9,202409,경북,예천군,2017,33
2024,9,202409,경북,울릉군,325,6
2024,9,202409,경북,울진군,1726,32
2024,9,202409,경북,의성군,1497,22
2024,9,202409,경북,청도군,1943,16
2024,9,202409,경북,청송군,748,27
2024,9,202409,경북,칠곡군,4777,69
2024,9,202409,경북,포항시,23534,250
2024,9,202409,광주,광산구,21026,209
2024,9,202409,광주,남구,13744,72
2024,9,202409,광주,동구,7430,25
2024,9,202409,광주,북구,21723,159
2024,9,202409,광주,서구,20354,110
2024,9,202409,대구,군위군,986,20
2024,9,202409,대구,남구,7263,39
2024,9,202409,대구,달서구,44787,217
2024,9,202409,대구,달성군,12170,135
2024,9,202409,대구,동구,18832,135
2024,9,202409,대구,북구,19648,160
2024,9,202409,대구,서구,6700,39
2024,9,202409,대구,수성구,64927,147
2024,9,202409,대구,중구,20953,38
2024,9,202409,대전,대덕구,6719,89
2024,9,202409,대전,동구,7569,94
2024,9,202409,대전,서구,25219,211
2024,9,202409,대전,유성구,30750,244
2024,9,202409,대전,중구,9720,94
2024,9,202409,부산,강서구,11537,74
2024,9,202409,부산,금정구,10314,60
2024,9,202409,부산,기장군,11728,56
2024,9,202409,부산,남구,16334,62
2024,9,202409,부산,동구,20555,23
2024,9,202409,부산,동래구,14868,34
2024,9,202409,부산,부산진구,26889,75
2024,9,202409,부산,북구,9182,56
2024,9,202409,부산,사상구,6700,31
2024,9,202409,부산,사하구,9293,55
2024,9,202409,부산,서구,4285,6
2024,9,202409,부산,수영구,15560,36
2024,9,202409,부산,연제구,49855,63
2024,9,202409,부산,영도구,3104,13
2024,9,202409,부산,중구,25377,22
2024,9,202409,부산,해운대구,43485,137
2024,9,202409,서울,강남구,104411,271
2024,9,202409,서울,강동구,27972,95
2024,9,202409,서울,강북구,8320,95
2024,9,202409,서울,강서구,33123,151
2024,9,202409,서울,관악구,15327,82
2024,9,202409,서울,광진구,19411,85
2024,9,202409,서울,구로구,18657,127
2024,9,202409,서울,금천구,10562,35
2024,9,202409,서울,노원구,19449,130
2024,9,202409,서울,도봉구,10231,113
2024,9,202409,서울,동대문구,18669,61
2024,9,202409,서울,동작구,21502,46
2024,9,202409,서울,마포구,29477,141
2024,9,202409,서울,서대문구,18028,133
2024,9,202409,서울,서초구,65744,197
2024,9,202409,서울,성동구,26985,105
2024,9,202409,서울,성북구,21778,131
2024,9,202409,서울,송파구,61904,191
2024,9,202409,서울,양천구,28019,102
2024,9,202409,서울,영등포구,28347,99
2024,9,202409,서울,용산구,25320,87
2024,9,202409,서울,은평구,19463,141
2024,9,202409,서울,종로구,12279,77
2024,9,202409,서울,중구,15398,93
2024,9,202409,서울,중랑구,13449,121
2024,9,202409,세종,세종시,28072,332
2024,9,202409,울산,남구,15474,64
2024,9,202409,울산,동구,3600,41
2024,9,202409,울산,북구,6789,78
2024,9,202409,울산,울주군,9594,78
2024,9,202409,울산,중구,7541,60
2024,9,202409,인천,강화군,4094,58
2024,9,202409,인천,계양구,13877,60
2024,9,202409,인천,남동구,67048,165
2024,9,202409,인천,동구,1937,7
2024,9,202409,인천,미추홀구,23735,77
2024,9,202409,인천,부평구,42235,128
2024,9,202409,인천,서구,50245,291
2024,9,202409,인천,연수구,82937,235
2024,9,202409,인천,옹진군,868,13
2024,9,202409,인천,중구,10956,67
2024,9,202409,전남,강진군,1027,16
2024,9,202409,전남,고흥군,1793,17
2024,9,202409,전남,곡성군,1064,11
2024,9,202409,전남,광양시,6962,76
2024,9,202409,전남,구례군,778,13
2024,9,202409,전남,나주시,6215,82
2024,9,202409,전남,담양군,2362,28
2024,9,202409,전남,목포시,7266,85
2024,9,202409,전남,무안군,4432,55
2024,9,202409,전남,보성군,1203,15
2024,9,202409,전남,순천시,14332,121
2024,9,202409,전남,신안군,2855,28
2024,9,202409,전남,여수시,12135,89
2024,9,202409,전남,영광군,2268,23
2024,9,202409,전남,영암군,1958,33
2024,9,202409,전남,완도군,1642,11
2024,9,202409,전남,장성군,2040,36
2024,9,202409,전남,장흥군,1112,15
2024,9,202409,전남,진도군,999,18
2024,9,202409,전남,함평군,1198,24
2024,9,202409,전남,해남군,2700,37
2024,9,202409,전남,화순군,2671,39
2024,9,202409,전북,고창군,1923,21
2024,9,202409,전북,군산시,11667,98
2024,9,202409,전북,김제시,3164,34
2024,9,202409,전북,남원시,2568,34
2024,9,202409,전북,무주군,813,22
2024,9,202409,전북,부안군,1661,20
2024,9,202409,전북,순창군,916,15
2024,9,202409,전북,완주군,4431,49
2024,9,202409,전북,익산시,10750,116
2024,9,202409,전북,임실군,742,16
2024,9,202409,전북,장수군,630,8
2024,9,202409,전북,전주시,40440,287
2024,9,202409,전북,정읍시,3564,49
2024,9,202409,전북,진안군,800,6
2024,9,202409,제주,서귀포시,9072,102
2024,9,202409,제주,제주시,40788,345
2024,9,202409,충남,계룡시,2450,33
2024,9,202409,충남,공주시,4171,54
2024,9,202409,충남,금산군,1910,31
2024,9,202409,충남,논산시,3628,53
2024,9,202409,충남,당진시,7329,108
2024,9,202409,충남,보령시,3544,66
2024,9,202409,충남,부여군,1810,30
2024,9,202409,충남,서산시,7494,135
2024,9,202409,충남,서천군,1469,23
2024,9,202409,충남,아산시,18501,243
2024,9,202409,충남,예산군,3020,48
2024,9,202409,충남,천안시,36681,419
2024,9,202409,충남,청양군,903,24
2024,9,202409,충남,태안군,2362,41
2024,9,202409,충남,홍성군,3865,56
2024,9,202409,충북,괴산군,1295,29
2024,9,202409,충북,단양군,882,25
2024,9,202409,충북,보은군,1010,18
2024,9,202409,충북,영동군,1307,23
2024,9,202409,충북,옥천군,1687,26
2024,9,202409,충북,음성군,4062,63
2024,9,202409,충북,제천시,4891,61
2024,9,202409,충북,증평군,1305,12
2024,9,202409,충북,진천군,3954,58
2024,9,202409,충북,청주시,49148,497
2024,9,202409,충북,충주시,8614,144
2024,10,202410,강원,강릉시,11028,165
2024,10,202410,강원,고성군,1150,19
2024,10,202410,강원,동해시,2988,87
2024,10,202410,강원,삼척시,1987,38
2024,10,202410,강원,속초시,3763,50
2024,10,202410,강원,양구군,705,12
2024,10,202410,강원,양양군,1592,34
2024,10,202410,강원,영월군,1441,27
2024,10,202410,강원,원주시,20402,189
2024,10,202410,강원,인제군,1138,18
2024,10,202410,강원,정선군,1347,17
2024,10,202410,강원,철원군,1299,29
2024,10,202410,강원,춘천시,13791,187
2024,10,202410,강원,태백시,1511,22
2024,10,202410,강원,평창군,2201,30
2024,10,202410,강원,홍천군,2531,42
2024,10,202410,강원,화천군,725,10
2024,10,202410,강원,횡성군,2201,34
2024,10,202410,경기,가평군,3600,54
2024,10,202410,경기,고양시,78608,577
2024,10,202410,경기,과천시,8640,51
2024,10,202410,경기,광명시,12990,124
2024,10,202410,경기,광주시,27999,337
2024,10,202410,경기,구리시,10607,81
2024,10,202410,경기,군포시,10793,133
2024,10,202410,경기,김포시,38240,565
2024,10,202410,경기,남양주시,45633,443
2024,10,202410,경기,동두천시,2985,34
2024,10,202410,경기,부천시,33832,270
2024,10,202410,경기,성남시,86346,640
2024,10,202410,경기,수원시,87031,581
2024,10,202410,경기,시흥시,25716,199
2024,10,202410,경기,안산시,27475,228
2024,10,202410,경기,안성시,10331,144
2024,10,202410,경기,안양시,30580,146
2024,10,202410,경기,양주시,14456,160
2024,10,202410,경기,양평군,9796,88
2024,10,202410,경기,여주시,6086,99
2024,10,202410,경기,연천군,1712,44
2024,10,202410,경기,오산시,12133,131
2024,10,202410,경기,용인시,101550,750
2024,10,202410,경기,의왕시,10358,90
2024,10,202410,경기,의정부시,19721,198
2024,10,202410,경기,이천시,12309,170
2024,10,202410,경기,파주시,31102,393
2024,10,202410,경기,평택시,38831,386
2024,10,202410,경기,포천시,7115,106
2024,10,202410,경기,하남시,28291,209
2024,10,202410,경기,화성시,72098,761
2024,10,202410,경남,거제시,8224,75
2024,10,202410,경남,거창군,2161,21
2024,10,202410,경남,고성군,1545,16
2024,10,202410,경남,김해시,25373,222
2024,10,202410,경남,남해군,1247,20
2024,10,202410,경남,밀양시,3846,32
2024,10,202410,경남,사천시,4094,40
2024,10,202410,경남,산청군,1281,13
2024,10,202410,경남,양산시,16471,139
2024,10,202410,경남,의령군,890,13
2024,10,202410,경남,진주시,16167,146
2024,10,202410,경남,창녕군,2176,34
2024,10,202410,경남,창원시,106289,530
2024,10,202410,경남,통영시,4262,34
2024,10,202410,경남,하동군,1325,23
2024,10,202410,경남,함안군,6821,42
2024,10,202410,경남,함양군,1157,18
2024,10,202410,경남,합천군,1340,23
2024,10,202410,경북,경산시,12351,111
2024,10,202410,경북,경주시,11188,134
2024,10,202410,경북,고령군,1437,19
2024,10,202410,경북,구미시,17063,224
2024,10,202410,경북,김천시,4826,91
2024,10,202410,경북,문경시,2242,32
2024,10,202410,경북,봉화군,720,13
2024,10,202410,경북,상주시,2814,56
2024,10,202410,경북,성주군,1950,31
2024,10,202410,경북,안동시,6053,113
2024,10,202410,경북,영덕군,1078,19
2024,10,202410,경북,영양군,405,5
2024,10,202410,경북,영주시,3176,61
2024,10,202410,경북,영천시,4141,44
2024,10,202410,경북,예천군,2024,34
2024,10,202410,경북,울릉군,328,6
2024,10,202410,경북,울진군,1734,32
2024,10,202410,경북,의성군,1497,20
2024,10,202410,경북,청도군,1937,18
2024,10,202410,경북,청송군,753,27
2024,10,202410,경북,칠곡군,4781,69
2024,10,202410,경북,포항시,23604,248
2024,10,202410,광주,광산구,21068,208
2024,10,202410,광주,남구,13800,73
2024,10,202410,광주,동구,7446,25
2024,10,202410,광주,북구,21781,158
2024,10,202410,광주,서구,20430,112
2024,10,202410,대구,군위군,975,20
2024,10,202410,대구,남구,7275,38
2024,10,202410,대구,달서구,44608,221
2024,10,202410,대구,달성군,12193,133
2024,10,202410,대구,동구,18948,132
2024,10,202410,대구,북구,19646,161
2024,10,202410,대구,서구,6810,37
2024,10,202410,대구,수성구,64937,149
2024,10,202410,대구,중구,20812,38
2024,10,202410,대전,대덕구,6738,85
2024,10,202410,대전,동구,7632,95
2024,10,202410,대전,서구,25221,207
2024,10,202410,대전,유성구,30843,244
2024,10,202410,대전,중구,9790,98
2024,10,202410,부산,강서구,11542,75
2024,10,202410,부산,금정구,10279,58
2024,10,202410,부산,기장군,11869,58
2024,10,202410,부산,남구,16349,62
2024,10,202410,부산,동구,20664,22
2024,10,202410,부산,동래구,15086,35
2024,10,202410,부산,부산진구,27061,73
2024,10,202410,부산,북구,9183,59
2024,10,202410,부산,사상구,6672,42
2024,10,202410,부산,사하구,9394,54
2024,10,202410,부산,서구,4309,6
2024,10,202410,부산,수영구,15507,36
2024,10,202410,부산,연제구,52906,100
2024,10,202410,부산,영도구,3088,13
2024,10,202410,부산,중구,25630,22
2024,10,202410,부산,해운대구,40666,107
2024,10,202410,서울,강남구,104530,271
2024,10,202410,서울,강동구,28140,96
2024,10,202410,서울,강북구,8388,97
2024,10,202410,서울,강서구,33431,157
2024,10,202410,서울,관악구,15307,82
2024,10,202410,서울,광진구,19411,85
2024,10,202410,서울,구로구,18659,127
2024,10,202410,서울,금천구,10575,36
2024,10,202410,서울,노원구,19490,132
2024,10,202410,서울,도봉구,10249,113
2024,10,202410,서울,동대문구,18728,64
2024,10,202410,서울,동작구,21553,46
2024,10,202410,서울,마포구,29515,139
2024,10,202410,서울,서대문구,18070,134
2024,10,202410,서울,서초구,66027,203
2024,10,202410,서울,성동구,27012,101
2024,10,202410,서울,성북구,21799,133
2024,10,202410,서울,송파구,62085,190
2024,10,202410,서울,양천구,28186,103
2024,10,202410,서울,영등포구,28377,100
2024,10,202410,서울,용산구,25354,83
2024,10,202410,서울,은평구,19468,141
2024,10,202410,서울,종로구,12265,75
2024,10,202410,서울,중구,15268,92
2024,10,202410,서울,중랑구,13467,121
2024,10,202410,세종,세종시,28134,333
2024,10,202410,울산,남구,15503,67
2024,10,202410,울산,동구,3621,43
2024,10,202410,울산,북구,6807,81
2024,10,202410,울산,울주군,9637,79
2024,10,202410,울산,중구,7565,59
2024,10,202410,인천,강화군,4105,55
2024,10,202410,인천,계양구,13888,63
2024,10,202410,인천,남동구,67086,166
2024,10,202410,인천,동구,1941,7
2024,10,202410,인천,미추홀구,23493,78
2024,10,202410,인천,부평구,42245,152
2024,10,202410,인천,서구,50401,300
2024,10,202410,인천,연수구,83062,236
2024,10,202410,인천,옹진군,864,14
2024,10,202410,인천,중구,10974,75
2024,10,202410,전남,강진군,1038,15
2024,10,202410,전남,고흥군,1789,17
2024,10,202410,전남,곡성군,1059,12
2024,10,202410,전남,광양시,7002,75
2024,10,202410,전남,구례군,785,13
2024,10,202410,전남,나주시,6224,83
2024,10,202410,전남,담양군,2343,28
2024,10,202410,전남,목포시,7264,85
2024,10,202410,전남,무안군,4454,55
2024,10,202410,전남,보성군,1205,16
2024,10,202410,전남,순천시,14339,120
2024,10,202410,전남,신안군,2846,29
2024,10,202410,전남,여수시,12155,90
2024,10,202410,전남,영광군,2303,24
2024,10,202410,전남,영암군,1965,34
2024,10,202410,전남,완도군,1648,11
2024,10,202410,전남,장성군,2038,36
2024,10,202410,전남,장흥군,1122,15
2024,10,202410,전남,진도군,1002,18
2024,10,202410,전남,함평군,1207,26
2024,10,202410,전남,해남군,2713,35
2024,10,202410,전남,화순군,2672,38
2024,10,202410,전북,고창군,1916,21
2024,10,202410,전북,군산시,11688,96
2024,10,202410,전북,김제시,3185,34
2024,10,202410,전북,남원시,2569,34
2024,10,202410,전북,무주군,810,22
2024,10,202410,전북,부안군,1677,20
2024,10,202410,전북,순창군,917,15
2024,10,202410,전북,완주군,4461,48
2024,10,202410,전북,익산시,10798,116
2024,10,202410,전북,임실군,739,16
2024,10,202410,전북,장수군,624,8
2024,10,202410,전북,전주시,40299,288
2024,10,202410,전북,정읍시,3594,50
2024,10,202410,전북,진안군,803,7
2024,10,202410,제주,서귀포시,9094,107
2024,10,202410,제주,제주시,41599,346
2024,10,202410,충남,계룡시,2470,33
2024,10,202410,충남,공주시,4196,54
2024,10,202410,충남,금산군,1919,31
2024,10,202410,충남,논산시,3637,52
2024,10,202410,충남,당진시,7377,108
2024,10,202410,충남,보령시,3553,67
2024,10,202410,충남,부여군,1814,30
2024,10,202410,충남,서산시,7480,137
2024,10,202410,충남,서천군,1484,23
2024,10,202410,충남,아산시,18592,240
2024,10,202410,충남,예산군,3036,50
2024,10,202410,충남,천안시,36725,421
2024,10,202410,충남,청양군,906,24
2024,10,202410,충남,태안군,2372,40
2024,10,202410,충남,홍성군,3873,56
2024,10,202410,충북,괴산군,1295,29
2024,10,202410,충북,단양군,891,25
2024,10,202410,충북,보은군,1007,19
2024,10,202410,충북,영동군,1315,23
2024,10,202410,충북,옥천군,1694,27
2024,10,202410,충북,음성군,4085,65
2024,10,202410,충북,제천시,4907,61
2024,10,202410,충북,증평군,1304,12
2024,10,202410,충북,진천군,3974,59
2024,10,202410,충북,청주시,49174,492
2024,10,202410,충북,충주시,8690,146
2024,11,202411,강원,강릉시,11023,166
2024,11,202411,강원,고성군,1166,20
2024,11,202411,강원,동해시,3013,90
2024,11,202411,강원,삼척시,1993,38
2024,11,202411,강원,속초시,3761,50
2024,11,202411,강원,양구군,701,12
2024,11,202411,강원,양양군,1602,32
2024,11,202411,강원,영월군,1435,27
2024,11,202411,강원,원주시,20497,189
2024,11,202411,강원,인제군,1133,18
2024,11,202411,강원,정선군,1347,17
2024,11,202411,강원,철원군,1301,28
2024,11,202411,강원,춘천시,13791,187
2024,11,202411,강원,태백시,1505,22
2024,11,202411,강원,평창군,2184,30
2024,11,202411,강원,홍천군,2552,41
2024,11,202411,강원,화천군,723,10
2024,11,202411,강원,횡성군,2215,33
2024,11,202411,경기,가평군,3620,55
2024,11,202411,경기,고양시,78832,601
2024,11,202411,경기,과천시,8717,55
2024,11,202411,경기,광명시,13144,126
2024,11,202411,경기,광주시,28097,340
2024,11,202411,경기,구리시,10683,81
2024,11,202411,경기,군포시,10792,134
2024,11,202411,경기,김포시,38272,563
2024,11,202411,경기,남양주시,45742,444
2024,11,202411,경기,동두천시,3007,34
2024,11,202411,경기,부천시,34113,270
2024,11,202411,경기,성남시,86538,645
2024,11,202411,경기,수원시,87862,584
2024,11,202411,경기,시흥시,25829,197
2024,11,202411,경기,안산시,27652,227
2024,11,202411,경기,안성시,10499,145
2024,11,202411,경기,안양시,30858,154
2024,11,202411,경기,양주시,14609,159
2024,11,202411,경기,양평군,9799,90
2024,11,202411,경기,여주시,6104,98
2024,11,202411,경기,연천군,1720,44
2024,11,202411,경기,오산시,12240,134
2024,11,202411,경기,용인시,102006,748
2024,11,202411,경기,의왕시,10402,90
2024,11,202411,경기,의정부시,19823,201
2024,11,202411,경기,이천시,12336,172
2024,11,202411,경기,파주시,31281,403
2024,11,202411,경기,평택시,39076,390
2024,11,202411,경기,포천시,7162,107
2024,11,202411,경기,하남시,28405,210
2024,11,202411,경기,화성시,72498,760
2024,11,202411,경남,거제시,8260,73
2024,11,202411,경남,거창군,2171,21
2024,11,202411,경남,고성군,1540,16
2024,11,202411,경남,김해시,25513,224
2024,11,202411,경남,남해군,1246,20
2024,11,202411,경남,밀양시,3865,33
2024,11,202411,경남,사천시,4112,39
2024,11,202411,경남,산청군,1274,13
2024,11,202411,경남,양산시,16573,143
2024,11,202411,경남,의령군,900,13
2024,11,202411,경남,진주시,16014,147
2024,11,202411,경남,창녕군,2205,32
2024,11,202411,경남,창원시,106586,533
2024,11,202411,경남,통영시,4258,33
2024,11,202411,경남,하동군,1348,23
2024,11,202411,경남,함안군,6709,40
2024,11,202411,경남,함양군,1603,18
2024,11,202411,경남,합천군,1345,22
2024,11,202411,경북,경산시,12387,110
2024,11,202411,경북,경주시,11220,135
2024,11,202411,경북,고령군,1450,19
2024,11,202411,경북,구미시,17102,226
2024,11,202411,경북,김천시,4859,90
2024,11,202411,경북,문경시,2250,33
2024,11,202411,경북,봉화군,722,13
2024,11,202411,경북,상주시,2819,56
2024,11,202411,경북,성주군,1960,30
2024,11,202411,경북,안동시,6082,114
2024,11,202411,경북,영덕군,1084,20
2024,11,202411,경북,영양군,406,5
2024,11,202411,경북,영주시,3201,62
2024,11,202411,경북,영천시,4171,41
2024,11,202411,경북,예천군,2028,33
2024,11,202411,경북,울릉군,330,7
2024,11,202411,경북,울진군,1757,32
2024,11,202411,경북,의성군,1501,20
2024,11,202411,경북,청도군,1934,18
2024,11,202411,경북,청송군,753,27
2024,11,202411,경북,칠곡군,4799,67
2024,11,202411,경북,포항시,23763,250
2024,11,202411,광주,광산구,21141,208
2024,11,202411,광주,남구,13840,72
2024,11,202411,광주,동구,7439,23
2024,11,202411,광주,북구,21843,155
2024,11,202411,광주,서구,20483,111
2024,11,202411,대구,군위군,976,20
2024,11,202411,대구,남구,7326,38
2024,11,202411,대구,달서구,44453,218
2024,11,202411,대구,달성군,12259,136
2024,11,202411,대구,동구,19080,130
2024,11,202411,대구,북구,19758,160
2024,11,202411,대구,서구,6831,37
2024,11,202411,대구,수성구,66085,150
2024,11,202411,대구,중구,20773,39
2024,11,202411,대전,대덕구,6765,84
2024,11,202411,대전,동구,7691,95
2024,11,202411,대전,서구,25298,209
2024,11,202411,대전,유성구,30981,243
2024,11,202411,대전,중구,9838,98
2024,11,202411,부산,강서구,11568,78
2024,11,202411,부산,금정구,10306,57
2024,11,202411,부산,기장군,11935,58
2024,11,202411,부산,남구,16359,63
2024,11,202411,부산,동구,20820,21
2024,11,202411,부산,동래구,15307,37
2024,11,202411,부산,부산진구,27396,73
2024,11,202411,부산,북구,9204,58
2024,11,202411,부산,사상구,6722,39
2024,11,202411,부산,사하구,9517,53
2024,11,202411,부산,서구,4299,6
2024,11,202411,부산,수영구,15566,35
2024,11,202411,부산,연제구,52806,97
2024,11,202411,부산,영도구,3097,13
2024,11,202411,부산,중구,25784,22
2024,11,202411,부산,해운대구,40612,107
2024,11,202411,서울,강남구,104744,270
2024,11,202411,서울,강동구,28602,96
2024,11,202411,서울,강북구,8391,96
2024,11,202411,서울,강서구,33673,152
2024,11,202411,서울,관악구,15368,82
2024,11,202411,서울,광진구,19412,83
2024,11,202411,서울,구로구,18690,127
2024,11,202411,서울,금천구,10577,37
2024,11,202411,서울,노원구,19599,133
2024,11,202411,서울,도봉구,10315,120
2024,11,202411,서울,동대문구,18767,61
2024,11,202411,서울,동작구,21650,46
2024,11,202411,서울,마포구,29621,137
2024,11,202411,서울,서대문구,18140,134
2024,11,202411,서울,서초구,66222,202
2024,11,202411,서울,성동구,27063,102
2024,11,202411,서울,성북구,21857,133
2024,11,202411,서울,송파구,62300,189
2024,11,202411,서울,양천구,28283,103
2024,11,202411,서울,영등포구,28494,100
2024,11,202411,서울,용산구,25411,85
2024,11,202411,서울,은평구,19552,142
2024,11,202411,서울,종로구,12258,77
2024,11,202411,서울,중구,15128,92
2024,11,202411,서울,중랑구,13502,124
2024,11,202411,세종,세종시,28225,333
2024,11,202411,울산,남구,15563,66
2024,11,202411,울산,동구,3641,43
2024,11,202411,울산,북구,6871,82
2024,11,202411,울산,울주군,9704,78
2024,11,202411,울산,중구,7605,60
2024,11,202411,인천,강화군,4108,55
2024,11,202411,인천,계양구,14009,64
2024,11,202411,인천,남동구,67167,166
2024,11,202411,인천,동구,1964,7
2024,11,202411,인천,미추홀구,23306,80
2024,11,202411,인천,부평구,42369,153
2024,11,202411,인천,서구,50624,304
2024,11,202411,인천,연수구,83439,241
2024,11,202411,인천,옹진군,868,14
2024,11,202411,인천,중구,11056,76
2024,11,202411,전남,강진군,1056,14
2024,11,202411,전남,고흥군,1805,17
2024,11,202411,전남,곡성군,1062,12
2024,11,202411,전남,광양시,7055,77
2024,11,202411,전남,구례군,792,14
2024,11,202411,전남,나주시,6241,86
2024,11,202411,전남,담양군,2351,28
2024,11,202411,전남,목포시,7228,85
2024,11,202411,전남,무안군,4478,55
2024,11,202411,전남,보성군,1204,19
2024,11,202411,전남,순천시,14354,120
2024,11,202411,전남,신안군,2822,29
2024,11,202411,전남,여수시,12172,88
2024,11,202411,전남,영광군,2320,25
2024,11,202411,전남,영암군,1972,34
2024,11,202411,전남,완도군,1667,11
2024,11,202411,전남,장성군,2051,36
2024,11,202411,전남,장흥군,1135,15
2024,11,202411,전남,진도군,1008,18
2024,11,202411,전남,함평군,1208,27
2024,11,202411,전남,해남군,2709,35
2024,11,202411,전남,화순군,2685,38
2024,11,202411,전북,고창군,1927,21
2024,11,202411,전북,군산시,11753,95
2024,11,202411,전북,김제시,3196,35
2024,11,202411,전북,남원시,2587,34
2024,11,202411,전북,무주군,815,22
2024,11,202411,전북,부안군,1684,20
2024,11,202411,전북,순창군,916,15
2024,11,202411,전북,완주군,4471,45
2024,11,202411,전북,익산시,10854,118
2024,11,202411,전북,임실군,741,16
2024,11,202411,전북,장수군,629,8
2024,11,202411,전북,전주시,40265,286
2024,11,202411,전북,정읍시,3622,49
2024,11,202411,전북,진안군,808,7
2024,11,202411,제주,서귀포시,9096,111
2024,11,202411,제주,제주시,41853,345
2024,11,202411,충남,계룡시,2493,31
2024,11,202411,충남,공주시,4166,55
2024,11,202411,충남,금산군,1918,32
2024,11,202411,충남,논산시,3639,52
2024,11,202411,충남,당진시,7413,107
2024,11,202411,충남,보령시,3548,67
2024,11,202411,충남,부여군,1827,30
2024,11,202411,충남,서산시,7486,137
2024,11,202411,충남,서천군,1500,23
2024,11,202411,충남,아산시,18677,241
2024,11,202411,충남,예산군,3060,51
2024,11,202411,충남,천안시,36976,421
2024,11,202411,충남,청양군,905,25
2024,11,202411,충남,태안군,2379,40
2024,11,202411,충남,홍성군,3892,56
2024,11,202411,충북,괴산군,1306,32
2024,11,202411,충북,단양군,892,24
2024,11,202411,충북,보은군,1010,19
2024,11,202411,충북,영동군,1320,22
2024,11,202411,충북,옥천군,1702,26
2024,11,202411,충북,음성군,4136,64
2024,11,202411,충북,제천시,4929,62
2024,11,202411,충북,증평군,1319,12
2024,11,202411,충북,진천군,3976,59
2024,11,202411,충북,청주시,49376,491
2024,11,202411,충북,충주시,8745,147
2024,12,202412,강원,강릉시,11081,171
2024,12,202412,강원,고성군,1177,21
2024,12,202412,강원,동해시,3034,90
2024,12,202412,강원,삼척시,1999,38
2024,12,202412,강원,속초시,3771,52
2024,12,202412,강원,양구군,710,12
2024,12,202412,강원,양양군,1617,32
2024,12,202412,강원,영월군,1441,26
2024,12,202412,강원,원주시,20523,188
2024,12,202412,강원,인제군,1139,18
2024,12,202412,강원,정선군,1346,17
2024,12,202412,강원,철원군,1321,29
2024,12,202412,강원,춘천시,13863,188
2024,12,202412,강원,태백시,1506,26
2024,12,202412,강원,평창군,2184,30
2024,12,202412,강원,홍천군,2554,40
2024,12,202412,강원,화천군,725,15
2024,12,202412,강원,횡성군,2211,38
2024,12,202412,경기,가평군,3620,55
2024,12,202412,경기,고양시,78987,617
2024,12,202412,경기,과천시,8743,52
2024,12,202412,경기,광명시,13265,129
2024,12,202412,경기,광주시,28179,359
2024,12,202412,경기,구리시,10739,80
2024,12,202412,경기,군포시,10825,136
2024,12,202412,경기,김포시,38492,587
2024,12,202412,경기,남양주시,45874,469
2024,12,202412,경기,동두천시,3030,35
2024,12,202412,경기,부천시,34184,272
2024,12,202412,경기,성남시,86835,655
2024,12,202412,경기,수원시,88609,633
2024,12,202412,경기,시흥시,25933,197
2024,12,202412,경기,안산시,27829,228
2024,12,202412,경기,안성시,10529,157
2024,12,202412,경기,안양시,31070,157
2024,12,202412,경기,양주시,14728,161
2024,12,202412,경기,양평군,9846,93
2024,12,202412,경기,여주시,6120,98
2024,12,202412,경기,연천군,1725,43
2024,12,202412,경기,오산시,12386,133
2024,12,202412,경기,용인시,102436,752
2024,12,202412,경기,의왕시,10390,89
2024,12,202412,경기,의정부시,19917,201
2024,12,202412,경기,이천시,12416,171
2024,12,202412,경기,파주시,31445,413
2024,12,202412,경기,평택시,39161,400
2024,12,202412,경기,포천시,7244,117
2024,12,202412,경기,하남시,28419,211
2024,12,202412,경기,화성시,72800,821
2024,12,202412,경남,거제시,8309,73
2024,12,202412,경남,거창군,2190,21
2024,12,202412,경남,고성군,1541,16
2024,12,202412,경남,김해시,25593,247
2024,12,202412,경남,남해군,1246,20
2024,12,202412,경남,밀양시,3842,32
2024,12,202412,경남,사천시,4138,38
2024,12,202412,경남,산청군,1288,13
2024,12,202412,경남,양산시,16718,142
2024,12,202412,경남,의령군,915,13
2024,12,202412,경남,진주시,16080,146
2024,12,202412,경남,창녕군,2231,32
2024,12,202412,경남,창원시,107385,540
2024,12,202412,경남,통영시,4264,31
2024,12,202412,경남,하동군,1347,23
2024,12,202412,경남,함안군,6099,39
2024,12,202412,경남,함양군,2349,21
2024,12,202412,경남,합천군,1365,21
2024,12,202412,경북,경산시,12420,112
2024,12,202412,경북,경주시,11284,137
2024,12,202412,경북,고령군,1447,20
2024,12,202412,경북,구미시,17199,227
2024,12,202412,경북,김천시,4905,89
2024,12,202412,경북,문경시,2240,33
2024,12,202412,경북,봉화군,725,13
2024,12,202412,경북,상주시,2841,56
2024,12,202412,경북,성주군,1963,30
2024,12,202412,경북,안동시,6110,113
2024,12,202412,경북,영덕군,1097,20
2024,12,202412,경북,영양군,407,5
2024,12,202412,경북,영주시,3216,63
2024,12,202412,경북,영천시,4177,39
2024,12,202412,경북,예천군,2042,33
2024,12,202412,경북,울릉군,331,7
2024,12,202412,경북,울진군,1753,32
2024,12,202412,경북,의성군,1508,21
2024,12,202412,경북,청도군,1952,18
2024,12,202412,경북,청송군,754,27
2024,12,202412,경북,칠곡군,4803,67
2024,12,202412,경북,포항시,23878,249
2024,12,202412,광주,광산구,21279,205
2024,12,202412,광주,남구,13935,71
2024,12,202412,광주,동구,7466,23
2024,12,202412,광주,북구,21858,156
2024,12,202412,광주,서구,20531,112
2024,12,202412,대구,군위군,990,20
2024,12,202412,대구,남구,7417,38
2024,12,202412,대구,달서구,44395,217
2024,12,202412,대구,달성군,12312,135
2024,12,202412,대구,동구,19146,127
2024,12,202412,대구,북구,19845,161
2024,12,202412,대구,서구,6893,39
2024,12,202412,대구,수성구,66184,149
2024,12,202412,대구,중구,20669,39
2024,12,202412,대전,대덕구,6727,86
2024,12,202412,대전,동구,7732,95
2024,12,202412,대전,서구,25373,207
2024,12,202412,대전,유성구,31210,245
2024,12,202412,대전,중구,9933,98
2024,12,202412,부산,강서구,11617,77
2024,12,202412,부산,금정구,10327,58
2024,12,202412,부산,기장군,12020,57
2024,12,202412,부산,남구,16416,63
2024,12,202412,부산,동구,20818,21
2024,12,202412,부산,동래구,15406,38
2024,12,202412,부산,부산진구,27867,72
2024,12,202412,부산,북구,9247,57
2024,12,202412,부산,사상구,6793,39
2024,12,202412,부산,사하구,9617,55
2024,12,202412,부산,서구,4326,6
2024,12,202412,부산,수영구,15637,36
2024,12,202412,부산,연제구,53073,95
2024,12,202412,부산,영도구,3098,13
2024,12,202412,부산,중구,25776,23
2024,12,202412,부산,해운대구,40634,105
2024,12,202412,서울,강남구,104990,270
2024,12,202412,서울,강동구,29772,97
2024,12,202412,서울,강북구,8446,97
2024,12,202412,서울,강서구,33924,154
2024,12,202412,서울,관악구,15408,84
2024,12,202412,서울,광진구,19423,82
2024,12,202412,서울,구로구,18592,129
2024,12,202412,서울,금천구,10636,36
2024,12,202412,서울,노원구,19667,133
2024,12,202412,서울,도봉구,10400,123
2024,12,202412,서울,동대문구,18782,63
2024,12,202412,서울,동작구,21696,45
2024,12,202412,서울,마포구,29575,141
2024,12,202412,서울,서대문구,18162,135
2024,12,202412,서울,서초구,66394,200
2024,12,202412,서울,성동구,27046,105
2024,12,202412,서울,성북구,21976,131
2024,12,202412,서울,송파구,62322,191
2024,12,202412,서울,양천구,28390,104
2024,12,202412,서울,영등포구,28490,108
2024,12,202412,서울,용산구,25428,87
2024,12,202412,서울,은평구,19662,142
2024,12,202412,서울,종로구,12295,77
2024,12,202412,서울,중구,14947,91
2024,12,202412,서울,중랑구,13562,124
2024,12,202412,세종,세종시,28369,337
2024,12,202412,울산,남구,15645,66
2024,12,202412,울산,동구,3654,42
2024,12,202412,울산,북구,6866,83
2024,12,202412,울산,울주군,9755,78
2024,12,202412,울산,중구,7633,58
2024,12,202412,인천,강화군,4113,55
2024,12,202412,인천,계양구,13886,64
2024,12,202412,인천,남동구,67565,165
2024,12,202412,인천,동구,1973,6
2024,12,202412,인천,미추홀구,23089,81
2024,12,202412,인천,부평구,42596,150
2024,12,202412,인천,서구,50775,311
2024,12,202412,인천,연수구,83634,241
2024,12,202412,인천,옹진군,870,15
2024,12,202412,인천,중구,11132,78
2024,12,202412,전남,강진군,1067,13
2024,12,202412,전남,고흥군,1803,18
2024,12,202412,전남,곡성군,1073,12
2024,12,202412,전남,광양시,7079,76
2024,12,202412,전남,구례군,793,14
2024,12,202412,전남,나주시,6258,84
2024,12,202412,전남,담양군,2350,27
2024,12,202412,전남,목포시,7247,87
2024,12,202412,전남,무안군,4536,53
2024,12,202412,전남,보성군,1207,19
2024,12,202412,전남,순천시,14471,119
2024,12,202412,전남,신안군,2804,28
2024,12,202412,전남,여수시,12169,89
2024,12,202412,전남,영광군,2327,25
2024,12,202412,전남,영암군,1981,34
2024,12,202412,전남,완도군,1669,11
2024,12,202412,전남,장성군,2050,36
2024,12,202412,전남,장흥군,1130,15
2024,12,202412,전남,진도군,1019,18
2024,12,202412,전남,함평군,1199,26
2024,12,202412,전남,해남군,2712,35
2024,12,202412,전남,화순군,2697,42
2024,12,202412,전북,고창군,1930,21
2024,12,202412,전북,군산시,11823,94
2024,12,202412,전북,김제시,3197,34
2024,12,202412,전북,남원시,2599,35
2024,12,202412,전북,무주군,818,22
2024,12,202412,전북,부안군,1691,20
2024,12,202412,전북,순창군,922,15
2024,12,202412,전북,완주군,4487,47
2024,12,202412,전북,익산시,10935,118
2024,12,202412,전북,임실군,745,16
2024,12,202412,전북,장수군,640,8
2024,12,202412,전북,전주시,40223,287
2024,12,202412,전북,정읍시,3649,49
2024,12,202412,전북,진안군,814,7
2024,12,202412,제주,서귀포시,9130,113
2024,12,202412,제주,제주시,42110,344
2024,12,202412,충남,계룡시,2508,29
2024,12,202412,충남,공주시,4192,54
2024,12,202412,충남,금산군,1935,32
2024,12,202412,충남,논산시,3670,55
2024,12,202412,충남,당진시,7449,109
2024,12,202412,충남,보령시,3540,66
2024,12,202412,충남,부여군,1829,30
2024,12,202412,충남,서산시,7497,139
2024,12,202412,충남,서천군,1496,25
2024,12,202412,충남,아산시,18777,243
2024,12,202412,충남,예산군,3095,49
2024,12,202412,충남,천안시,37056,419
2024,12,202412,충남,청양군,911,24
2024,12,202412,충남,태안군,2400,41
2024,12,202412,충남,홍성군,3903,56
2024,12,202412,충북,괴산군,1312,32
2024,12,202412,충북,단양군,897,25
2024,12,202412,충북,보은군,1010,19
2024,12,202412,충북,영동군,1323,22
2024,12,202412,충북,옥천군,1710,26
2024,12,202412,충북,음성군,4163,63
2024,12,202412,충북,제천시,4926,63
2024,12,202412,충북,증평군,1319,11
2024,12,202412,충북,진천군,3996,60
2024,12,202412,충북,청주시,49377,497
2024,12,202412,충북,충주시,8813,145
2025,1,202501,강원,강릉시,11081,171
2025,1,202501,강원,고성군,1168,21
2025,1,202501,강원,동해시,3030,90
2025,1,202501,강원,삼척시,2013,38
2025,1,202501,강원,속초시,3791,52
2025,1,202501,강원,양구군,714,12
2025,1,202501,강원,양양군,1610,32
2025,1,202501,강원,영월군,1433,27
2025,1,202501,강원,원주시,20560,191
2025,1,202501,강원,인제군,1151,18
2025,1,202501,강원,정선군,1360,16
2025,1,202501,강원,철원군,1333,28
2025,1,202501,강원,춘천시,13890,189
2025,1,202501,강원,태백시,1507,26
2025,1,202501,강원,평창군,2206,30
2025,1,202501,강원,홍천군,2555,40
2025,1,202501,강원,화천군,729,15
2025,1,202501,강원,횡성군,2219,39
2025,1,202501,경기,가평군,3617,55
2025,1,202501,경기,고양시,79024,617
2025,1,202501,경기,과천시,8746,52
2025,1,202501,경기,광명시,13353,135
2025,1,202501,경기,광주시,28158,356
2025,1,202501,경기,구리시,10767,79
2025,1,202501,경기,군포시,10812,135
2025,1,202501,경기,김포시,38378,587
2025,1,202501,경기,남양주시,45830,468
2025,1,202501,경기,동두천시,3037,35
2025,1,202501,경기,부천시,34124,272
2025,1,202501,경기,성남시,86883,653
2025,1,202501,경기,수원시,88279,636
2025,1,202501,경기,시흥시,25878,197
2025,1,202501,경기,안산시,27837,224
2025,1,202501,경기,안성시,10597,160
2025,1,202501,경기,안양시,31172,167
2025,1,202501,경기,양주시,14773,159
2025,1,202501,경기,양평군,9873,94
2025,1,202501,경기,여주시,6135,99
2025,1,202501,경기,연천군,1764,43
2025,1,202501,경기,오산시,12438,134
2025,1,202501,경기,용인시,102606,749
2025,1,202501,경기,의왕시,10391,88
2025,1,202501,경기,의정부시,19970,202
2025,1,202501,경기,이천시,12444,170
2025,1,202501,경기,파주시,31599,415
2025,1,202501,경기,평택시,39388,397
2025,1,202501,경기,포천시,7290,117
2025,1,202501,경기,하남시,28439,212
2025,1,202501,경기,화성시,73072,843
2025,1,202501,경남,거제시,8332,74
2025,1,202501,경남,거창군,2184,21
2025,1,202501,경남,고성군,1553,15
2025,1,202501,경남,김해시,25650,244
2025,1,202501,경남,남해군,1242,22
2025,1,202501,경남,밀양시,3859,32
2025,1,202501,경남,사천시,4154,38
2025,1,202501,경남,산청군,1287,13
2025,1,202501,경남,양산시,16799,153
2025,1,202501,경남,의령군,923,13
2025,1,202501,경남,진주시,16108,147
2025,1,202501,경남,창녕군,2227,32
2025,1,202501,경남,창원시,107892,539
2025,1,202501,경남,통영시,4271,32
2025,1,202501,경남,하동군,1358,23
2025,1,202501,경남,함안군,6067,38
2025,1,202501,경남,함양군,2455,21
2025,1,202501,경남,합천군,1369,18
2025,1,202501,경북,경산시,12432,110
2025,1,202501,경북,경주시,11307,137
2025,1,202501,경북,고령군,1450,20
2025,1,202501,경북,구미시,17256,227
2025,1,202501,경북,김천시,4950,90
2025,1,202501,경북,문경시,2250,34
2025,1,202501,경북,봉화군,729,13
2025,1,202501,경북,상주시,2854,56
2025,1,202501,경북,성주군,1962,29
2025,1,202501,경북,안동시,6155,112
2025,1,202501,경북,영덕군,1098,19
2025,1,202501,경북,영양군,405,5
2025,1,202501,경북,영주시,3214,62
2025,1,202501,경북,영천시,4187,39
2025,1,202501,경북,예천군,2049,33
2025,1,202501,경북,울릉군,338,7
2025,1,202501,경북,울진군,1760,30
2025,1,202501,경북,의성군,1516,20
2025,1,202501,경북,청도군,1969,19
2025,1,202501,경북,청송군,753,27
2025,1,202501,경북,칠곡군,4830,66
2025,1,202501,경북,포항시,23971,250
2025,1,202501,광주,광산구,21285,205
2025,1,202501,광주,남구,14000,72
2025,1,202501,광주,동구,7457,23
2025,1,202501,광주,북구,21891,155
2025,1,202501,광주,서구,20545,113
2025,1,202501,대구,군위군,984,20
2025,1,202501,대구,남구,7491,39
2025,1,202501,대구,달서구,44154,219
2025,1,202501,대구,달성군,12348,134
2025,1,202501,대구,동구,19094,131
2025,1,202501,대구,북구,19825,161
2025,1,202501,대구,서구,7649,37
2025,1,202501,대구,수성구,65414,148
2025,1,202501,대구,중구,20374,40
2025,1,202501,대전,대덕구,6717,85
2025,1,202501,대전,동구,7827,93
2025,1,202501,대전,서구,25398,206
2025,1,202501,대전,유성구,31273,247
2025,1,202501,대전,중구,9964,99
2025,1,202501,부산,강서구,11682,76
2025,1,202501,부산,금정구,10324,67
2025,1,202501,부산,기장군,11993,56
2025,1,202501,부산,남구,16465,63
2025,1,202501,부산,동구,20948,21
2025,1,202501,부산,동래구,15478,38
2025,1,202501,부산,부산진구,28203,69
2025,1,202501,부산,북구,9252,56
2025,1,202501,부산,사상구,6806,39
2025,1,202501,부산,사하구,9663,54
2025,1,202501,부산,서구,4343,6
2025,1,202501,부산,수영구,15665,38
2025,1,202501,부산,연제구,53273,94
2025,1,202501,부산,영도구,3110,13
2025,1,202501,부산,중구,25932,23
2025,1,202501,부산,해운대구,40675,106
2025,1,202501,서울,강남구,104846,272
2025,1,202501,서울,강동구,30558,98
2025,1,202501,서울,강북구,8474,97
2025,1,202501,서울,강서구,33701,151
2025,1,202501,서울,관악구,15358,84
2025,1,202501,서울,광진구,19462,83
2025,1,202501,서울,구로구,18570,125
2025,1,202501,서울,금천구,10573,37
2025,1,202501,서울,노원구,19726,132
2025,1,202501,서울,도봉구,10434,124
2025,1,202501,서울,동대문구,18793,64
2025,1,202501,서울,동작구,21696,45
2025,1,202501,서울,마포구,29589,141
2025,1,202501,서울,서대문구,18185,135
2025,1,202501,서울,서초구,66416,199
2025,1,202501,서울,성동구,27114,104
2025,1,202501,서울,성북구,21979,129
2025,1,202501,서울,송파구,62364,191
2025,1,202501,서울,양천구,28568,106
2025,1,202501,서울,영등포구,28490,109
2025,1,202501,서울,용산구,25451,86
2025,1,202501,서울,은평구,19726,141
2025,1,202501,서울,종로구,12308,77
2025,1,202501,서울,중구,14791,89
2025,1,202501,서울,중랑구,13586,123
2025,1,202501,세종,세종시,28479,335
2025,1,202501,울산,남구,15709,72
2025,1,202501,울산,동구,3653,41
2025,1,202501,울산,북구,6899,80
2025,1,202501,울산,울주군,9775,78
2025,1,202501,울산,중구,7669,58
2025,1,202501,인천,강화군,4114,55
2025,1,202501,인천,계양구,13874,65
2025,1,202501,인천,남동구,67386,166
2025,1,202501,인천,동구,1995,6
2025,1,202501,인천,미추홀구,22841,80
2025,1,202501,인천,부평구,42604,149
2025,1,202501,인천,서구,50582,311
2025,1,202501,인천,연수구,83911,240
2025,1,202501,인천,옹진군,869,15
2025,1,202501,인천,중구,11192,79
2025,1,202501,전남,강진군,1066,13
2025,1,202501,전남,고흥군,1817,18
2025,1,202501,전남,곡성군,1088,11
2025,1,202501,전남,광양시,7114,76
2025,1,202501,전남,구례군,792,14
2025,1,202501,전남,나주시,6268,85
2025,1,202501,전남,담양군,2370,27
2025,1,202501,전남,목포시,7233,89
2025,1,202501,전남,무안군,4564,52
2025,1,202501,전남,보성군,1219,19
2025,1,202501,전남,순천시,14541,119
2025,1,202501,전남,신안군,2758,29
2025,1,202501,전남,여수시,12192,88
2025,1,202501,전남,영광군,2352,26
2025,1,202501,전남,영암군,1990,34
2025,1,202501,전남,완도군,1672,11
2025,1,202501,전남,장성군,2068,34
2025,1,202501,전남,장흥군,1122,14
2025,1,202501,전남,진도군,1019,18
2025,1,202501,전남,함평군,1204,23
2025,1,202501,전남,해남군,2720,35
2025,1,202501,전남,화순군,2703,41
2025,1,202501,전북,고창군,1936,21
2025,1,202501,전북,군산시,11852,94
2025,1,202501,전북,김제시,3229,36
2025,1,202501,전북,남원시,2604,35
2025,1,202501,전북,무주군,820,22
2025,1,202501,전북,부안군,1689,20
2025,1,202501,전북,순창군,928,16
2025,1,202501,전북,완주군,4516,46
2025,1,202501,전북,익산시,10990,119
2025,1,202501,전북,임실군,748,16
2025,1,202501,전북,장수군,640,7
2025,1,202501,전북,전주시,40072,286
2025,1,202501,전북,정읍시,3668,49
2025,1,202501,전북,진안군,830,7
2025,1,202501,제주,서귀포시,9152,114
2025,1,202501,제주,제주시,42062,339
2025,1,202501,충남,계룡시,2508,30
2025,1,202501,충남,공주시,4208,55
2025,1,202501,충남,금산군,1932,32
2025,1,202501,충남,논산시,3680,56
2025,1,202501,충남,당진시,7480,108
2025,1,202501,충남,보령시,3549,65
2025,1,202501,충남,부여군,1837,29
2025,1,202501,충남,서산시,7503,141
2025,1,202501,충남,서천군,1503,26
2025,1,202501,충남,아산시,18805,239
2025,1,202501,충남,예산군,3124,50
2025,1,202501,충남,천안시,37094,424
2025,1,202501,충남,청양군,906,24
2025,1,202501,충남,태안군,2412,41
2025,1,202501,충남,홍성군,3925,56
2025,1,202501,충북,괴산군,1311,31
2025,1,202501,충북,단양군,899,25
2025,1,202501,충북,보은군,1014,19
2025,1,202501,충북,영동군,1325,23
2025,1,202501,충북,옥천군,1699,25
2025,1,202501,충북,음성군,4171,66
2025,1,202501,충북,제천시,4939,63
2025,1,202501,충북,증평군,1324,11
2025,1,202501,충북,진천군,3994,59
2025,1,202501,충북,청주시,49205,495
2025,1,202501,충북,충주시,8843,146
2025,2,202502,강원,강릉시,11131,172
2025,2,202502,강원,고성군,1156,21
2025,2,202502,강원,동해시,3057,90
2025,2,202502,강원,삼척시,1997,38
2025,2,202502,강원,속초시,3790,52
2025,2,202502,강원,양구군,715,11
2025,2,202502,강원,양양군,1624,32
2025,2,202502,강원,영월군,1440,28
2025,2,202502,강원,원주시,20622,190
2025,2,202502,강원,인제군,1140,17
2025,2,202502,강원,정선군,1359,16
2025,2,202502,강원,철원군,1339,29
2025,2,202502,강원,춘천시,13927,191
2025,2,202502,강원,태백시,1499,26
2025,2,202502,강원,평창군,2206,29
2025,2,202502,강원,홍천군,2554,42
2025,2,202502,강원,화천군,731,15
2025,2,202502,강원,횡성군,2210,37
2025,2,202502,경기,가평군,3611,55
2025,2,202502,경기,고양시,78986,621
2025,2,202502,경기,과천시,8751,52
2025,2,202502,경기,광명시,13434,137
2025,2,202502,경기,광주시,28220,360
2025,2,202502,경기,구리시,10746,79
2025,2,202502,경기,군포시,10791,133
2025,2,202502,경기,김포시,38369,581
2025,2,202502,경기,남양주시,45888,466
2025,2,202502,경기,동두천시,3047,36
2025,2,202502,경기,부천시,34154,269
2025,2,202502,경기,성남시,86940,661
2025,2,202502,경기,수원시,87267,625
2025,2,202502,경기,시흥시,25926,195
2025,2,202502,경기,안산시,27721,224
2025,2,202502,경기,안성시,10683,161
2025,2,202502,경기,안양시,31420,167
2025,2,202502,경기,양주시,14836,162
2025,2,202502,경기,양평군,9873,95
2025,2,202502,경기,여주시,6148,101
2025,2,202502,경기,연천군,1774,42
2025,2,202502,경기,오산시,12533,135
2025,2,202502,경기,용인시,102989,744
2025,2,202502,경기,의왕시,10426,89
2025,2,202502,경기,의정부시,19993,202
2025,2,202502,경기,이천시,12493,169
2025,2,202502,경기,파주시,31795,422
2025,2,202502,경기,평택시,39637,402
2025,2,202502,경기,포천시,7311,120
2025,2,202502,경기,하남시,28419,214
2025,2,202502,경기,화성시,73475,871
2025,2,202502,경남,거제시,8356,74
2025,2,202502,경남,거창군,2189,21
2025,2,202502,경남,고성군,1556,15
2025,2,202502,경남,김해시,25833,244
2025,2,202502,경남,남해군,1248,22
2025,2,202502,경남,밀양시,3882,31
2025,2,202502,경남,사천시,4170,36
2025,2,202502,경남,산청군,1305,13
2025,2,202502,경남,양산시,16871,161
2025,2,202502,경남,의령군,929,13
2025,2,202502,경남,진주시,16173,147
2025,2,202502,경남,창녕군,2235,33
2025,2,202502,경남,창원시,108309,542
2025,2,202502,경남,통영시,4258,32
2025,2,202502,경남,하동군,1361,24
2025,2,202502,경남,함안군,6136,38
2025,2,202502,경남,함양군,2468,20
2025,2,202502,경남,합천군,1370,19
2025,2,202502,경북,경산시,12478,111
2025,2,202502,경북,경주시,11347,136
2025,2,202502,경북,고령군,1461,20
2025,2,202502,경북,구미시,17318,231
2025,2,202502,경북,김천시,4979,93
2025,2,202502,경북,문경시,2252,33
2025,2,202502,경북,봉화군,718,13
2025,2,202502,경북,상주시,2879,58
2025,2,202502,경북,성주군,1972,29
2025,2,202502,경북,안동시,6170,109
2025,2,202502,경북,영덕군,1098,18
2025,2,202502,경북,영양군,408,5
2025,2,202502,경북,영주시,3236,62
2025,2,202502,경북,영천시,4165,38
2025,2,202502,경북,예천군,2072,34
2025,2,202502,경북,울릉군,333,6
2025,2,202502,경북,울진군,1774,30
2025,2,202502,경북,의성군,1508,21
2025,2,202502,경북,청도군,1986,18
2025,2,202502,경북,청송군,768,27
2025,2,202502,경북,칠곡군,4852,68
2025,2,202502,경북,포항시,24088,249
2025,2,202502,광주,광산구,21299,203
2025,2,202502,광주,남구,14101,71
2025,2,202502,광주,동구,7448,24
2025,2,202502,광주,북구,21951,160
2025,2,202502,광주,서구,20461,118
2025,2,202502,대구,군위군,989,20
2025,2,202502,대구,남구,7570,40
2025,2,202502,대구,달서구,43921,218
2025,2,202502,대구,달성군,12332,133
2025,2,202502,대구,동구,19075,136
2025,2,202502,대구,북구,19760,158
2025,2,202502,대구,서구,7545,38
2025,2,202502,대구,수성구,65439,151
2025,2,202502,대구,중구,20128,37
2025,2,202502,대전,대덕구,6715,84
2025,2,202502,대전,동구,7871,92
2025,2,202502,대전,서구,25550,209
2025,2,202502,대전,유성구,31205,246
2025,2,202502,대전,중구,9988,100
2025,2,202502,부산,강서구,11697,78
2025,2,202502,부산,금정구,10290,75
2025,2,202502,부산,기장군,11937,53
2025,2,202502,부산,남구,16516,63
2025,2,202502,부산,동구,20905,20
2025,2,202502,부산,동래구,15588,37
2025,2,202502,부산,부산진구,28594,71
2025,2,202502,부산,북구,9232,56
2025,2,202502,부산,사상구,6780,39
2025,2,202502,부산,사하구,9703,53
2025,2,202502,부산,서구,4333,6
2025,2,202502,부산,수영구,15608,38
2025,2,202502,부산,연제구,53374,97
2025,2,202502,부산,영도구,3118,14
2025,2,202502,부산,중구,26136,23
2025,2,202502,부산,해운대구,40943,103
2025,2,202502,서울,강남구,104907,275
2025,2,202502,서울,강동구,31572,101
2025,2,202502,서울,강북구,8489,96
2025,2,202502,서울,강서구,33498,155
2025,2,202502,서울,관악구,15380,85
2025,2,202502,서울,광진구,19441,83
2025,2,202502,서울,구로구,18546,123
2025,2,202502,서울,금천구,10549,37
2025,2,202502,서울,노원구,19770,128
2025,2,202502,서울,도봉구,10426,123
2025,2,202502,서울,동대문구,18941,63
2025,2,202502,서울,동작구,21685,42
2025,2,202502,서울,마포구,29615,142
2025,2,202502,서울,서대문구,18140,132
2025,2,202502,서울,서초구,66490,197
2025,2,202502,서울,성동구,27159,102
2025,2,202502,서울,성북구,22027,125
2025,2,202502,서울,송파구,62481,191
2025,2,202502,서울,양천구,28649,104
2025,2,202502,서울,영등포구,28538,110
2025,2,202502,서울,용산구,25477,85
2025,2,202502,서울,은평구,19763,142
2025,2,202502,서울,종로구,12294,77
2025,2,202502,서울,중구,14504,91
2025,2,202502,서울,중랑구,13577,125
2025,2,202502,세종,세종시,28604,331
2025,2,202502,울산,남구,15778,72
2025,2,202502,울산,동구,3657,40
2025,2,202502,울산,북구,6882,81
2025,2,202502,울산,울주군,9785,82
2025,2,202502,울산,중구,7687,60
2025,2,202502,인천,강화군,4134,57
2025,2,202502,인천,계양구,13993,63
2025,2,202502,인천,남동구,66674,170
2025,2,202502,인천,동구,1986,7
2025,2,202502,인천,미추홀구,22683,79
2025,2,202502,인천,부평구,42451,148
2025,2,202502,인천,서구,50598,318
2025,2,202502,인천,연수구,83992,244
2025,2,202502,인천,옹진군,870,15
2025,2,202502,인천,중구,11372,80
2025,2,202502,전남,강진군,1062,13
2025,2,202502,전남,고흥군,1838,17
2025,2,202502,전남,곡성군,1100,11
2025,2,202502,전남,광양시,7154,76
2025,2,202502,전남,구례군,800,14
2025,2,202502,전남,나주시,6285,86
2025,2,202502,전남,담양군,2384,28
2025,2,202502,전남,목포시,7239,86
2025,2,202502,전남,무안군,4578,52
2025,2,202502,전남,보성군,1215,19
2025,2,202502,전남,순천시,14600,118
2025,2,202502,전남,신안군,2756,29
2025,2,202502,전남,여수시,12207,87
2025,2,202502,전남,영광군,2365,26
2025,2,202502,전남,영암군,2000,35
2025,2,202502,전남,완도군,1677,12
2025,2,202502,전남,장성군,2083,33
2025,2,202502,전남,장흥군,1135,14
2025,2,202502,전남,진도군,1027,17
2025,2,202502,전남,함평군,1202,23
2025,2,202502,전남,해남군,2742,35
2025,2,202502,전남,화순군,2707,41
2025,2,202502,전북,고창군,1946,21
2025,2,202502,전북,군산시,11864,93
2025,2,202502,전북,김제시,3270,36
2025,2,202502,전북,남원시,2601,35
2025,2,202502,전북,무주군,818,22
2025,2,202502,전북,부안군,1697,21
2025,2,202502,전북,순창군,945,16
2025,2,202502,전북,완주군,4582,47
2025,2,202502,전북,익산시,11018,119
2025,2,202502,전북,임실군,747,16
2025,2,202502,전북,장수군,638,7
2025,2,202502,전북,전주시,39941,286
2025,2,202502,전북,정읍시,3667,49
2025,2,202502,전북,진안군,839,5
2025,2,202502,제주,서귀포시,9138,114
2025,2,202502,제주,제주시,42261,337
2025,2,202502,충남,계룡시,2503,31
2025,2,202502,충남,공주시,4199,54
2025,2,202502,충남,금산군,1921,32
2025,2,202502,충남,논산시,3684,55
2025,2,202502,충남,당진시,7488,107
2025,2,202502,충남,보령시,3546,66
2025,2,202502,충남,부여군,1855,29
2025,2,202502,충남,서산시,7520,140
2025,2,202502,충남,서천군,1506,25
2025,2,202502,충남,아산시,18933,238
2025,2,202502,충남,예산군,3115,50
2025,2,202502,충남,천안시,37199,425
2025,2,202502,충남,청양군,910,24
2025,2,202502,충남,태안군,2406,41
2025,2,202502,충남,홍성군,3967,55
2025,2,202502,충북,괴산군,1319,31
2025,2,202502,충북,단양군,903,24
2025,2,202502,충북,보은군,1025,19
2025,2,202502,충북,영동군,1324,23
2025,2,202502,충북,옥천군,1720,25
2025,2,202502,충북,음성군,4184,67
2025,2,202502,충북,제천시,4944,64
2025,2,202502,충북,증평군,1329,11
2025,2,202502,충북,진천군,4001,58
2025,2,202502,충북,청주시,49189,496
2025,2,202502,충북,충주시,8846,146
2025,3,202503,강원,강릉시,11174,170
2025,3,202503,강원,고성군,1164,20
2025,3,202503,강원,동해시,3065,87
2025,3,202503,강원,삼척시,2007,39
2025,3,202503,강원,속초시,3824,52
2025,3,202503,강원,양구군,730,11
2025,3,202503,강원,양양군,1635,33
2025,3,202503,강원,영월군,1448,27
2025,3,202503,강원,원주시,20704,191
2025,3,202503,강원,인제군,1129,17
2025,3,202503,강원,정선군,1352,16
2025,3,202503,강원,철원군,1350,29
2025,3,202503,강원,춘천시,13988,194
2025,3,202503,강원,태백시,1515,25
2025,3,202503,강원,평창군,2217,30
2025,3,202503,강원,홍천군,2568,43
2025,3,202503,강원,화천군,731,15
2025,3,202503,강원,횡성군,2202,38
2025,3,202503,경기,가평군,3621,55
2025,3,202503,경기,고양시,79294,622
2025,3,202503,경기,과천시,8743,53
2025,3,202503,경기,광명시,13562,137
2025,3,202503,경기,광주시,28291,359
2025,3,202503,경기,구리시,10770,79
2025,3,202503,경기,군포시,10791,131
2025,3,202503,경기,김포시,38422,586
2025,3,202503,경기,남양주시,45958,465
2025,3,202503,경기,동두천시,3051,35
2025,3,202503,경기,부천시,34212,273
2025,3,202503,경기,성남시,87118,660
2025,3,202503,경기,수원시,87137,622
2025,3,202503,경기,시흥시,25983,192
2025,3,202503,경기,안산시,27648,219
2025,3,202503,경기,안성시,10775,159
2025,3,202503,경기,안양시,31663,169
2025,3,202503,경기,양주시,14879,162
2025,3,202503,경기,양평군,9964,94
2025,3,202503,경기,여주시,6166,99
2025,3,202503,경기,연천군,1805,42
2025,3,202503,경기,오산시,12663,137
2025,3,202503,경기,용인시,103280,742
2025,3,202503,경기,의왕시,10459,91
2025,3,202503,경기,의정부시,20145,200
2025,3,202503,경기,이천시,12523,167
2025,3,202503,경기,파주시,32000,419
2025,3,202503,경기,평택시,39840,400
2025,3,202503,경기,포천시,7340,120
2025,3,202503,경기,하남시,28472,212
2025,3,202503,경기,화성시,73843,872
2025,3,202503,경남,거제시,8383,75
2025,3,202503,경남,거창군,2199,21
2025,3,202503,경남,고성군,1571,15
2025,3,202503,경남,김해시,26012,247
2025,3,202503,경남,남해군,1269,23
2025,3,202503,경남,밀양시,3903,33
2025,3,202503,경남,사천시,4172,36
2025,3,202503,경남,산청군,1310,13
2025,3,202503,경남,양산시,16951,164
2025,3,202503,경남,의령군,933,13
2025,3,202503,경남,진주시,16219,147
2025,3,202503,경남,창녕군,2245,33
2025,3,202503,경남,창원시,109092,545
2025,3,202503,경남,통영시,4280,32
2025,3,202503,경남,하동군,1374,22
2025,3,202503,경남,함안군,6157,35
2025,3,202503,경남,함양군,2565,20
2025,3,202503,경남,합천군,1371,20
2025,3,202503,경북,경산시,12481,117
2025,3,202503,경북,경주시,11443,139
2025,3,202503,경북,고령군,1484,21
2025,3,202503,경북,구미시,17363,228
2025,3,202503,경북,김천시,5024,92
2025,3,202503,경북,문경시,2281,33
2025,3,202503,경북,봉화군,728,13
2025,3,202503,경북,상주시,2887,58
2025,3,202503,경북,성주군,1957,27
2025,3,202503,경북,안동시,6200,109
2025,3,202503,경북,영덕군,1099,18
2025,3,202503,경북,영양군,415,5
2025,3,202503,경북,영주시,3246,62
2025,3,202503,경북,영천시,4181,37
2025,3,202503,경북,예천군,2094,35
2025,3,202503,경북,울릉군,336,6
2025,3,202503,경북,울진군,1793,29
2025,3,202503,경북,의성군,1498,23
2025,3,202503,경북,청도군,1989,19
2025,3,202503,경북,청송군,775,28
2025,3,202503,경북,칠곡군,4869,69
2025,3,202503,경북,포항시,24195,249
2025,3,202503,광주,광산구,21306,205
2025,3,202503,광주,남구,14126,71
2025,3,202503,광주,동구,7457,23
2025,3,202503,광주,북구,21975,161
2025,3,202503,광주,서구,20522,107
2025,3,202503,대구,군위군,995,20
2025,3,202503,대구,남구,7611,39
2025,3,202503,대구,달서구,43697,215
2025,3,202503,대구,달성군,12390,135
2025,3,202503,대구,동구,19078,136
2025,3,202503,대구,북구,19777,162
2025,3,202503,대구,서구,7573,39
2025,3,202503,대구,수성구,65396,153
2025,3,202503,대구,중구,19835,37
2025,3,202503,대전,대덕구,6677,82
2025,3,202503,대전,동구,7902,92
2025,3,202503,대전,서구,25845,209
2025,3,202503,대전,유성구,31192,243
2025,3,202503,대전,중구,10029,99
2025,3,202503,부산,강서구,11702,77
2025,3,202503,부산,금정구,10333,80
2025,3,202503,부산,기장군,12029,53
2025,3,202503,부산,남구,16551,63
2025,3,202503,부산,동구,20941,21
2025,3,202503,부산,동래구,15692,36
2025,3,202503,부산,부산진구,29015,72
2025,3,202503,부산,북구,9261,55
2025,3,202503,부산,사상구,6809,37
2025,3,202503,부산,사하구,9716,54
2025,3,202503,부산,서구,4335,6
2025,3,202503,부산,수영구,15738,39
2025,3,202503,부산,연제구,53382,95
2025,3,202503,부산,영도구,3113,14
2025,3,202503,부산,중구,26635,22
2025,3,202503,부산,해운대구,41317,102
2025,3,202503,서울,강남구,105009,281
2025,3,202503,서울,강동구,32124,101
2025,3,202503,서울,강북구,8530,94
2025,3,202503,서울,강서구,33511,155
2025,3,202503,서울,관악구,15450,85
2025,3,202503,서울,광진구,19527,86
2025,3,202503,서울,구로구,18537,122
2025,3,202503,서울,금천구,10563,37
2025,3,202503,서울,노원구,19750,124
2025,3,202503,서울,도봉구,10494,123
2025,3,202503,서울,동대문구,19148,65
2025,3,202503,서울,동작구,21792,46
2025,3,202503,서울,마포구,29642,140
2025,3,202503,서울,서대문구,18191,135
2025,3,202503,서울,서초구,66560,195
2025,3,202503,서울,성동구,27186,105
2025,3,202503,서울,성북구,22034,124
2025,3,202503,서울,송파구,62528,196
2025,3,202503,서울,양천구,28684,103
2025,3,202503,서울,영등포구,28609,111
2025,3,202503,서울,용산구,25425,85
2025,3,202503,서울,은평구,19785,140
2025,3,202503,서울,종로구,12299,75
2025,3,202503,서울,중구,14440,89
2025,3,202503,서울,중랑구,13636,123
2025,3,202503,세종,세종시,28673,333
2025,3,202503,울산,남구,15836,73
2025,3,202503,울산,동구,3651,39
2025,3,202503,울산,북구,6922,81
2025,3,202503,울산,울주군,9820,82
2025,3,202503,울산,중구,7697,61
2025,3,202503,인천,강화군,4156,59
2025,3,202503,인천,계양구,14034,64
2025,3,202503,인천,남동구,66511,170
2025,3,202503,인천,동구,1995,6
2025,3,202503,인천,미추홀구,22604,81
2025,3,202503,인천,부평구,42317,147
2025,3,202503,인천,서구,50698,323
2025,3,202503,인천,연수구,83954,243
2025,3,202503,인천,옹진군,883,14
2025,3,202503,인천,중구,11563,91
2025,3,202503,전남,강진군,1075,13
2025,3,202503,전남,고흥군,1842,16
2025,3,202503,전남,곡성군,1102,13
2025,3,202503,전남,광양시,7205,77
2025,3,202503,전남,구례군,801,15
2025,3,202503,전남,나주시,6339,86
2025,3,202503,전남,담양군,2392,27
2025,3,202503,전남,목포시,7265,85
2025,3,202503,전남,무안군,4627,52
2025,3,202503,전남,보성군,1222,21
2025,3,202503,전남,순천시,14693,116
2025,3,202503,전남,신안군,2746,28
2025,3,202503,전남,여수시,12249,86
2025,3,202503,전남,영광군,2399,27
2025,3,202503,전남,영암군,2011,35
2025,3,202503,전남,완도군,1690,12
2025,3,202503,전남,장성군,2110,35
2025,3,202503,전남,장흥군,1145,15
2025,3,202503,전남,진도군,1030,17
2025,3,202503,전남,함평군,1209,22
2025,3,202503,전남,해남군,2749,35
2025,3,202503,전남,화순군,2724,42
2025,3,202503,전북,고창군,1949,21
2025,3,202503,전북,군산시,11836,95
2025,3,202503,전북,김제시,3297,38
2025,3,202503,전북,남원시,2615,34
2025,3,202503,전북,무주군,827,21
2025,3,202503,전북,부안군,1699,21
2025,3,202503,전북,순창군,953,16
2025,3,202503,전북,완주군,4616,50
2025,3,202503,전북,익산시,11115,119
2025,3,202503,전북,임실군,755,16
2025,3,202503,전북,장수군,644,7
2025,3,202503,전북,전주시,39797,283
2025,3,202503,전북,정읍시,3673,47
2025,3,202503,전북,진안군,842,5
2025,3,202503,제주,서귀포시,9158,113
2025,3,202503,제주,제주시,42302,338
2025,3,202503,충남,계룡시,2528,30
2025,3,202503,충남,공주시,4213,53
2025,3,202503,충남,금산군,1927,33
2025,3,202503,충남,논산시,3669,54
2025,3,202503,충남,당진시,7529,109
2025,3,202503,충남,보령시,3541,67
2025,3,202503,충남,부여군,1861,29
2025,3,202503,충남,서산시,7528,138
2025,3,202503,충남,서천군,1512,25
2025,3,202503,충남,아산시,18983,233
2025,3,202503,충남,예산군,3137,50
2025,3,202503,충남,천안시,37219,434
2025,3,202503,충남,청양군,892,23
2025,3,202503,충남,태안군,2414,42
2025,3,202503,충남,홍성군,3989,57
2025,3,202503,충북,괴산군,1320,32
2025,3,202503,충북,단양군,908,24
2025,3,202503,충북,보은군,1023,19
2025,3,202503,충북,영동군,1333,24
2025,3,202503,충북,옥천군,1732,25
2025,3,202503,충북,음성군,4214,67
2025,3,202503,충북,제천시,4967,64
2025,3,202503,충북,증평군,1330,12
2025,3,202503,충북,진천군,4008,58
2025,3,202503,충북,청주시,49199,496
2025,3,202503,충북,충주시,8892,143
2025,4,202504,강원,강릉시,11226,170
2025,4,202504,강원,고성군,1168,19
2025,4,202504,강원,동해시,3084,87
2025,4,202504,강원,삼척시,2018,41
2025,4,202504,강원,속초시,3840,53
2025,4,202504,강원,양구군,739,11
2025,4,202504,강원,양양군,1630,33
2025,4,202504,강원,영월군,1455,27
2025,4,202504,강원,원주시,20738,190
2025,4,202504,강원,인제군,1122,16
2025,4,202504,강원,정선군,1349,16
2025,4,202504,강원,철원군,1370,30
2025,4,202504,강원,춘천시,14023,194
2025,4,202504,강원,태백시,1516,25
2025,4,202504,강원,평창군,2216,31
2025,4,202504,강원,홍천군,2572,43
2025,4,202504,강원,화천군,729,15
2025,4,202504,강원,횡성군,2214,38
2025,4,202504,경기,가평군,3607,55
2025,4,202504,경기,고양시,79237,626
2025,4,202504,경기,과천시,8696,54
2025,4,202504,경기,광명시,13634,141
2025,4,202504,경기,광주시,28275,354
2025,4,202504,경기,구리시,10745,81
2025,4,202504,경기,군포시,10751,130
2025,4,202504,경기,김포시,38504,583
2025,4,202504,경기,남양주시,46051,468
2025,4,202504,경기,동두천시,3064,35
2025,4,202504,경기,부천시,34256,273
2025,4,202504,경기,성남시,87174,664
2025,4,202504,경기,수원시,87578,645
2025,4,202504,경기,시흥시,25963,190
2025,4,202504,경기,안산시,27643,219
2025,4,202504,경기,안성시,10762,163
2025,4,202504,경기,안양시,31879,170
2025,4,202504,경기,양주시,14940,161
2025,4,202504,경기,양평군,9954,95
2025,4,202504,경기,여주시,6188,99
2025,4,202504,경기,연천군,1796,41
2025,4,202504,경기,오산시,12652,137
2025,4,202504,경기,용인시,103525,738
2025,4,202504,경기,의왕시,10457,91
2025,4,202504,경기,의정부시,20158,196
2025,4,202504,경기,이천시,12564,168
2025,4,202504,경기,파주시,32115,420
2025,4,202504,경기,평택시,39932,397
2025,4,202504,경기,포천시,7343,121
2025,4,202504,경기,하남시,28508,212
2025,4,202504,경기,화성시,73981,870
2025,4,202504,경남,거제시,8417,75
2025,4,202504,경남,거창군,2208,21
2025,4,202504,경남,고성군,1571,15
2025,4,202504,경남,김해시,26087,264
2025,4,202504,경남,남해군,1264,23
2025,4,202504,경남,밀양시,3918,33
2025,4,202504,경남,사천시,4195,35
2025,4,202504,경남,산청군,1312,13
2025,4,202504,경남,양산시,16951,166
2025,4,202504,경남,의령군,929,13
2025,4,202504,경남,진주시,16292,145
2025,4,202504,경남,창녕군,2252,33
2025,4,202504,경남,창원시,109411,541
2025,4,202504,경남,통영시,4282,32
2025,4,202504,경남,하동군,1376,22
2025,4,202504,경남,함안군,6284,32
2025,4,202504,경남,함양군,2601,21
2025,4,202504,경남,합천군,1365,20
2025,4,202504,경북,경산시,12527,118
2025,4,202504,경북,경주시,11457,136
2025,4,202504,경북,고령군,1484,20
2025,4,202504,경북,구미시,17399,229
2025,4,202504,경북,김천시,5009,96
2025,4,202504,경북,문경시,2274,33
2025,4,202504,경북,봉화군,730,14
2025,4,202504,경북,상주시,2910,58
2025,4,202504,경북,성주군,1954,25
2025,4,202504,경북,안동시,6251,108
2025,4,202504,경북,영덕군,1118,18
2025,4,202504,경북,영양군,427,5
2025,4,202504,경북,영주시,3267,61
2025,4,202504,경북,영천시,4175,38
2025,4,202504,경북,예천군,2093,34
2025,4,202504,경북,울릉군,335,6
2025,4,202504,경북,울진군,1811,29
2025,4,202504,경북,의성군,1502,25
2025,4,202504,경북,청도군,1990,19
2025,4,202504,경북,청송군,782,29
2025,4,202504,경북,칠곡군,4857,66
2025,4,202504,경북,포항시,24286,249
2025,4,202504,광주,광산구,21396,197
2025,4,202504,광주,남구,14127,72
2025,4,202504,광주,동구,7432,23
2025,4,202504,광주,북구,21994,161
2025,4,202504,광주,서구,20439,107
2025,4,202504,대구,군위군,990,21
2025,4,202504,대구,남구,7613,41
2025,4,202504,대구,달서구,43539,212
2025,4,202504,대구,달성군,12440,136
2025,4,202504,대구,동구,19127,138
2025,4,202504,대구,북구,19874,158
2025,4,202504,대구,서구,7554,38
2025,4,202504,대구,수성구,65138,153
2025,4,202504,대구,중구,19582,36
2025,4,202504,대전,대덕구,6709,83
2025,4,202504,대전,동구,7919,91
2025,4,202504,대전,서구,25983,209
2025,4,202504,대전,유성구,31234,242
2025,4,202504,대전,중구,10079,98
2025,4,202504,부산,강서구,11658,76
2025,4,202504,부산,금정구,10334,80
2025,4,202504,부산,기장군,12212,55
2025,4,202504,부산,남구,16640,62
2025,4,202504,부산,동구,20913,20
2025,4,202504,부산,동래구,15752,35
2025,4,202504,부산,부산진구,29373,71
2025,4,202504,부산,북구,9273,57
2025,4,202504,부산,사상구,6862,38
2025,4,202504,부산,사하구,9805,55
2025,4,202504,부산,서구,4340,6
2025,4,202504,부산,수영구,15800,40
2025,4,202504,부산,연제구,53323,94
2025,4,202504,부산,영도구,3125,14
2025,4,202504,부산,중구,26986,20
2025,4,202504,부산,해운대구,41529,101
2025,4,202504,서울,강남구,104720,278
2025,4,202504,서울,강동구,32372,99
2025,4,202504,서울,강북구,8512,95
2025,4,202504,서울,강서구,33546,158
2025,4,202504,서울,관악구,15488,86
2025,4,202504,서울,광진구,19548,87
2025,4,202504,서울,구로구,18579,122
2025,4,202504,서울,금천구,10610,37
2025,4,202504,서울,노원구,19732,121
2025,4,202504,서울,도봉구,10539,122
2025,4,202504,서울,동대문구,19201,65
2025,4,202504,서울,동작구,21838,45
2025,4,202504,서울,마포구,29604,143
2025,4,202504,서울,서대문구,18212,136
2025,4,202504,서울,서초구,66431,197
2025,4,202504,서울,성동구,27145,105
2025,4,202504,서울,성북구,22224,124
2025,4,202504,서울,송파구,62651,196
2025,4,202504,서울,양천구,28723,100
2025,4,202504,서울,영등포구,28641,113
2025,4,202504,서울,용산구,25471,85
2025,4,202504,서울,은평구,19842,141
2025,4,202504,서울,종로구,12299,76
2025,4,202504,서울,중구,14362,90
2025,4,202504,서울,중랑구,13733,122
2025,4,202504,세종,세종시,28698,337
2025,4,202504,울산,남구,15925,73
2025,4,202504,울산,동구,3664,37
2025,4,202504,울산,북구,6933,83
2025,4,202504,울산,울주군,9825,81
2025,4,202504,울산,중구,7694,60
2025,4,202504,인천,강화군,4166,55
2025,4,202504,인천,계양구,13947,61
2025,4,202504,인천,남동구,66505,167
2025,4,202504,인천,동구,1975,6
2025,4,202504,인천,미추홀구,22434,80
2025,4,202504,인천,부평구,41951,160
2025,4,202504,인천,서구,50675,319
2025,4,202504,인천,연수구,83981,246
2025,4,202504,인천,옹진군,1038,19
2025,4,202504,인천,중구,11616,101
2025,4,202504,전남,강진군,1074,13
2025,4,202504,전남,고흥군,1865,17
2025,4,202504,전남,곡성군,1095,13
2025,4,202504,전남,광양시,7242,75
2025,4,202504,전남,구례군,803,15
2025,4,202504,전남,나주시,6377,89
2025,4,202504,전남,담양군,2385,28
2025,4,202504,전남,목포시,7281,86
2025,4,202504,전남,무안군,4673,50
2025,4,202504,전남,보성군,1228,21
2025,4,202504,전남,순천시,14743,116
2025,4,202504,전남,신안군,2736,29
2025,4,202504,전남,여수시,12249,86
2025,4,202504,전남,영광군,2407,26
2025,4,202504,전남,영암군,2015,35
2025,4,202504,전남,완도군,1693,12
2025,4,202504,전남,장성군,2133,37
2025,4,202504,전남,장흥군,1148,14
2025,4,202504,전남,진도군,1047,17
2025,4,202504,전남,함평군,1211,23
2025,4,202504,전남,해남군,2771,33
2025,4,202504,전남,화순군,2744,43
2025,4,202504,전북,고창군,1974,22
2025,4,202504,전북,군산시,11864,97
2025,4,202504,전북,김제시,3293,36
2025,4,202504,전북,남원시,2626,34
2025,4,202504,전북,무주군,826,22
2025,4,202504,전북,부안군,1703,22
2025,4,202504,전북,순창군,954,16
2025,4,202504,전북,완주군,4653,53
2025,4,202504,전북,익산시,11191,118
2025,4,202504,전북,임실군,765,16
2025,4,202504,전북,장수군,640,7
2025,4,202504,전북,전주시,39580,279
2025,4,202504,전북,정읍시,3677,48
2025,4,202504,전북,진안군,840,5
2025,4,202504,제주,서귀포시,9173,111
2025,4,202504,제주,제주시,42306,329
2025,4,202504,충남,계룡시,2535,31
2025,4,202504,충남,공주시,4231,50
2025,4,202504,충남,금산군,1919,32
2025,4,202504,충남,논산시,3688,54
2025,4,202504,충남,당진시,7577,111
2025,4,202504,충남,보령시,3562,69
2025,4,202504,충남,부여군,1876,29
2025,4,202504,충남,서산시,7541,136
2025,4,202504,충남,서천군,1513,25
2025,4,202504,충남,아산시,19021,232
2025,4,202504,충남,예산군,3144,52
2025,4,202504,충남,천안시,37292,430
2025,4,202504,충남,청양군,892,23
2025,4,202504,충남,태안군,2431,42
2025,4,202504,충남,홍성군,3989,59
2025,4,202504,충북,괴산군,1327,32
2025,4,202504,충북,단양군,906,24
2025,4,202504,충북,보은군,1020,20
2025,4,202504,충북,영동군,1336,24
2025,4,202504,충북,옥천군,1755,27
2025,4,202504,충북,음성군,4244,68
2025,4,202504,충북,제천시,4966,65
2025,4,202504,충북,증평군,1329,12
2025,4,202504,충북,진천군,4021,59
2025,4,202504,충북,청주시,49087,498
2025,4,202504,충북,충주시,8903,144
2025,5,202505,강원,강릉시,11260,175
2025,5,202505,강원,고성군,1179,17
2025,5,202505,강원,동해시,3101,88
2025,5,202505,강원,삼척시,2045,41
2025,5,202505,강원,속초시,3870,52
2025,5,202505,강원,양구군,744,11
2025,5,202505,강원,양양군,1630,33
2025,5,202505,강원,영월군,1457,27
2025,5,202505,강원,원주시,20864,190
2025,5,202505,강원,인제군,1128,17
2025,5,202505,강원,정선군,1343,16
2025,5,202505,강원,철원군,1369,29
2025,5,202505,강원,춘천시,14085,196
2025,5,202505,강원,태백시,1529,25
2025,5,202505,강원,평창군,2231,32
2025,5,202505,강원,홍천군,2568,43
2025,5,202505,강원,화천군,720,16
2025,5,202505,강원,횡성군,2223,37
2025,5,202505,경기,가평군,3612,56
2025,5,202505,경기,고양시,79467,640
2025,5,202505,경기,과천시,8683,57
2025,5,202505,경기,광명시,13806,143
2025,5,202505,경기,광주시,28364,348
2025,5,202505,경기,구리시,10789,81
2025,5,202505,경기,군포시,10796,129
2025,5,202505,경기,김포시,38609,587
2025,5,202505,경기,남양주시,46062,466
2025,5,202505,경기,동두천시,3087,35
2025,5,202505,경기,부천시,34323,277
2025,5,202505,경기,성남시,87560,688
2025,5,202505,경기,수원시,88180,645
2025,5,202505,경기,시흥시,26069,189
2025,5,202505,경기,안산시,27671,220
2025,5,202505,경기,안성시,10782,163
2025,5,202505,경기,안양시,32106,171
2025,5,202505,경기,양주시,15078,163
2025,5,202505,경기,양평군,9981,93
2025,5,202505,경기,여주시,6217,98
2025,5,202505,경기,연천군,1818,41
2025,5,202505,경기,오산시,12782,139
2025,5,202505,경기,용인시,103963,736
2025,5,202505,경기,의왕시,10511,90
2025,5,202505,경기,의정부시,20209,193
2025,5,202505,경기,이천시,12597,170
2025,5,202505,경기,파주시,32292,416
2025,5,202505,경기,평택시,40044,395
2025,5,202505,경기,포천시,7399,122
2025,5,202505,경기,하남시,28611,208
2025,5,202505,경기,화성시,74477,870
2025,5,202505,경남,거제시,8431,78
2025,5,202505,경남,거창군,2216,23
2025,5,202505,경남,고성군,1585,16
2025,5,202505,경남,김해시,26227,263
2025,5,202505,경남,남해군,1274,23
2025,5,202505,경남,밀양시,3944,32
2025,5,202505,경남,사천시,4210,35
2025,5,202505,경남,산청군,1316,13
2025,5,202505,경남,양산시,17045,167
2025,5,202505,경남,의령군,936,13
2025,5,202505,경남,진주시,16337,145
2025,5,202505,경남,창녕군,2254,34
2025,5,202505,경남,창원시,110268,534
2025,5,202505,경남,통영시,4319,32
2025,5,202505,경남,하동군,1383,23
2025,5,202505,경남,함안군,6446,32
2025,5,202505,경남,함양군,2613,20
2025,5,202505,경남,합천군,1361,20
2025,5,202505,경북,경산시,12536,121
2025,5,202505,경북,경주시,11483,134
2025,5,202505,경북,고령군,1496,20
2025,5,202505,경북,구미시,17478,227
2025,5,202505,경북,김천시,5030,94
2025,5,202505,경북,문경시,2283,33
2025,5,202505,경북,봉화군,735,12
2025,5,202505,경북,상주시,2904,57
2025,5,202505,경북,성주군,1953,26
2025,5,202505,경북,안동시,6272,108
2025,5,202505,경북,영덕군,1117,18
2025,5,202505,경북,영양군,426,5
2025,5,202505,경북,영주시,3299,61
2025,5,202505,경북,영천시,4207,37
2025,5,202505,경북,예천군,2101,35
2025,5,202505,경북,울릉군,334,6
2025,5,202505,경북,울진군,1820,30
2025,5,202505,경북,의성군,1499,25
2025,5,202505,경북,청도군,2012,20
2025,5,202505,경북,청송군,790,29
2025,5,202505,경북,칠곡군,4862,66
2025,5,202505,경북,포항시,24420,248
2025,5,202505,광주,광산구,21474,198
2025,5,202505,광주,남구,14160,73
2025,5,202505,광주,동구,7449,23
2025,5,202505,광주,북구,22035,164
2025,5,202505,광주,서구,20458,105
2025,5,202505,대구,군위군,986,22
2025,5,202505,대구,남구,7617,41
2025,5,202505,대구,달서구,43563,211
2025,5,202505,대구,달성군,12507,136
2025,5,202505,대구,동구,19227,138
2025,5,202505,대구,북구,19974,159
2025,5,202505,대구,서구,7546,39
2025,5,202505,대구,수성구,65010,153
2025,5,202505,대구,중구,19242,35
2025,5,202505,대전,대덕구,6760,85
2025,5,202505,대전,동구,7998,91
2025,5,202505,대전,서구,26097,204
2025,5,202505,대전,유성구,31292,246
2025,5,202505,대전,중구,10190,97
2025,5,202505,부산,강서구,11746,77
2025,5,202505,부산,금정구,10364,83
2025,5,202505,부산,기장군,12288,54
2025,5,202505,부산,남구,16706,59
2025,5,202505,부산,동구,21139,20
2025,5,202505,부산,동래구,15837,37
2025,5,202505,부산,부산진구,29732,70
2025,5,202505,부산,북구,9335,54
2025,5,202505,부산,사상구,6891,39
2025,5,202505,부산,사하구,9860,54
2025,5,202505,부산,서구,4353,6
2025,5,202505,부산,수영구,15865,40
2025,5,202505,부산,연제구,53412,91
2025,5,202505,부산,영도구,3144,14
2025,5,202505,부산,중구,27225,19
2025,5,202505,부산,해운대구,41944,100
2025,5,202505,서울,강남구,104722,277
2025,5,202505,서울,강동구,32649,103
2025,5,202505,서울,강북구,8533,96
2025,5,202505,서울,강서구,33720,159
2025,5,202505,서울,관악구,15579,86
2025,5,202505,서울,광진구,19670,87
2025,5,202505,서울,구로구,18664,120
2025,5,202505,서울,금천구,10663,36
2025,5,202505,서울,노원구,19790,119
2025,5,202505,서울,도봉구,10600,123
2025,5,202505,서울,동대문구,19176,64
2025,5,202505,서울,동작구,21909,47
2025,5,202505,서울,마포구,29717,143
2025,5,202505,서울,서대문구,18263,136
2025,5,202505,서울,서초구,66660,196
2025,5,202505,서울,성동구,27302,104
2025,5,202505,서울,성북구,22441,124
2025,5,202505,서울,송파구,62811,198
2025,5,202505,서울,양천구,28885,97
2025,5,202505,서울,영등포구,28713,114
2025,5,202505,서울,용산구,25487,90
2025,5,202505,서울,은평구,19921,142
2025,5,202505,서울,종로구,12316,76
2025,5,202505,서울,중구,14262,88
2025,5,202505,서울,중랑구,13793,122
2025,5,202505,세종,세종시,28867,332
2025,5,202505,울산,남구,16020,74
2025,5,202505,울산,동구,3681,38
2025,5,202505,울산,북구,6957,79
2025,5,202505,울산,울주군,9905,82
2025,5,202505,울산,중구,7730,61
2025,5,202505,인천,강화군,4164,57
2025,5,202505,인천,계양구,14191,58
2025,5,202505,인천,남동구,66764,165
2025,5,202505,인천,동구,1973,8
2025,5,202505,인천,미추홀구,22334,81
2025,5,202505,인천,부평구,41702,162
2025,5,202505,인천,서구,51084,329
2025,5,202505,인천,연수구,84220,241
2025,5,202505,인천,옹진군,1042,19
2025,5,202505,인천,중구,11730,105
2025,5,202505,전남,강진군,1067,13
2025,5,202505,전남,고흥군,1883,16
2025,5,202505,전남,곡성군,1107,13
2025,5,202505,전남,광양시,7291,75
2025,5,202505,전남,구례군,812,16
2025,5,202505,전남,나주시,6409,89
2025,5,202505,전남,담양군,2392,28
2025,5,202505,전남,목포시,7331,88
2025,5,202505,전남,무안군,4701,50
2025,5,202505,전남,보성군,1222,19
2025,5,202505,전남,순천시,14835,117
2025,5,202505,전남,신안군,2783,31
2025,5,202505,전남,여수시,12283,86
2025,5,202505,전남,영광군,2436,26
2025,5,202505,전남,영암군,2017,35
2025,5,202505,전남,완도군,1697,12
2025,5,202505,전남,장성군,2159,36
2025,5,202505,전남,장흥군,1151,14
2025,5,202505,전남,진도군,1056,17
2025,5,202505,전남,함평군,1212,23
2025,5,202505,전남,해남군,2824,31
2025,5,202505,전남,화순군,2761,42
2025,5,202505,전북,고창군,1969,22
2025,5,202505,전북,군산시,11922,99
2025,5,202505,전북,김제시,3319,37
2025,5,202505,전북,남원시,2628,35
2025,5,202505,전북,무주군,827,22
2025,5,202505,전북,부안군,1714,21
2025,5,202505,전북,순창군,951,16
2025,5,202505,전북,완주군,4671,53
2025,5,202505,전북,익산시,11241,115
2025,5,202505,전북,임실군,761,17
2025,5,202505,전북,장수군,659,7
2025,5,202505,전북,전주시,39451,280
2025,5,202505,전북,정읍시,3694,49
2025,5,202505,전북,진안군,844,5
2025,5,202505,제주,서귀포시,9194,112
2025,5,202505,제주,제주시,42339,329
2025,5,202505,충남,계룡시,2548,29
2025,5,202505,충남,공주시,4222,50
2025,5,202505,충남,금산군,1929,31
2025,5,202505,충남,논산시,3705,53
2025,5,202505,충남,당진시,7621,113
2025,5,202505,충남,보령시,3581,67
2025,5,202505,충남,부여군,1872,31
2025,5,202505,충남,서산시,7568,138
2025,5,202505,충남,서천군,1519,25
2025,5,202505,충남,아산시,19085,230
2025,5,202505,충남,예산군,3158,51
2025,5,202505,충남,천안시,37419,431
2025,5,202505,충남,청양군,890,24
2025,5,202505,충남,태안군,2455,42
2025,5,202505,충남,홍성군,4021,58
2025,5,202505,충북,괴산군,1324,32
2025,5,202505,충북,단양군,907,24
2025,5,202505,충북,보은군,1024,21
2025,5,202505,충북,영동군,1333,26
2025,5,202505,충북,옥천군,1757,28
2025,5,202505,충북,음성군,4279,69
2025,5,202505,충북,제천시,5003,65
2025,5,202505,충북,증평군,1334,13
2025,5,202505,충북,진천군,4046,57
2025,5,202505,충북,청주시,49176,497
2025,5,202505,충북,충주시,8957,142
2025,6,202506,강원,강릉시,11305,173
2025,6,202506,강원,고성군,1193,17
2025,6,202506,강원,동해시,3100,87
2025,6,202506,강원,삼척시,2079,40
2025,6,202506,강원,속초시,3894,51
2025,6,202506,강원,양구군,748,11
2025,6,202506,강원,양양군,1632,33
2025,6,202506,강원,영월군,1462,28
2025,6,202506,강원,원주시,20914,189
2025,6,202506,강원,인제군,1136,17
2025,6,202506,강원,정선군,1354,16
2025,6,202506,강원,철원군,1370,29
2025,6,202506,강원,춘천시,14150,200
2025,6,202506,강원,태백시,1517,25
2025,6,202506,강원,평창군,2236,32
2025,6,202506,강원,홍천군,2579,44
2025,6,202506,강원,화천군,717,16
2025,6,202506,강원,횡성군,2227,37
2025,6,202506,경기,가평군,3634,57
2025,6,202506,경기,고양시,79595,649
2025,6,202506,경기,과천시,8653,61
2025,6,202506,경기,광명시,14058,143
2025,6,202506,경기,광주시,28410,351
2025,6,202506,경기,구리시,10820,80
2025,6,202506,경기,군포시,10804,130
2025,6,202506,경기,김포시,38762,596
2025,6,202506,경기,남양주시,46188,464
2025,6,202506,경기,동두천시,3090,34
2025,6,202506,경기,부천시,34417,275
2025,6,202506,경기,성남시,87736,686
2025,6,202506,경기,수원시,89144,636
2025,6,202506,경기,시흥시,26144,187
2025,6,202506,경기,안산시,27900,220
2025,6,202506,경기,안성시,10829,166
2025,6,202506,경기,안양시,32277,171
2025,6,202506,경기,양주시,15178,167
2025,6,202506,경기,양평군,9994,92
2025,6,202506,경기,여주시,6239,102
2025,6,202506,경기,연천군,1836,41
2025,6,202506,경기,오산시,12873,138
2025,6,202506,경기,용인시,104492,727
2025,6,202506,경기,의왕시,10647,91
2025,6,202506,경기,의정부시,20210,195
2025,6,202506,경기,이천시,12627,173
2025,6,202506,경기,파주시,32606,416
2025,6,202506,경기,평택시,40069,403
2025,6,202506,경기,포천시,7488,122
2025,6,202506,경기,하남시,28832,209
2025,6,202506,경기,화성시,75008,877
2025,6,202506,경남,거제시,8502,77
2025,6,202506,경남,거창군,2215,23
2025,6,202506,경남,고성군,1602,16
2025,6,202506,경남,김해시,26338,263
2025,6,202506,경남,남해군,1280,23
2025,6,202506,경남,밀양시,3953,31
2025,6,202506,경남,사천시,4217,37
2025,6,202506,경남,산청군,1319,14
2025,6,202506,경남,양산시,17112,171
2025,6,202506,경남,의령군,937,13
2025,6,202506,경남,진주시,16489,144
2025,6,202506,경남,창녕군,2276,34
2025,6,202506,경남,창원시,110635,533
2025,6,202506,경남,통영시,4324,31
2025,6,202506,경남,하동군,1377,23
2025,6,202506,경남,함안군,6442,33
2025,6,202506,경남,함양군,2683,21
2025,6,202506,경남,합천군,1357,19
2025,6,202506,경북,경산시,12535,120
2025,6,202506,경북,경주시,11528,134
2025,6,202506,경북,고령군,1504,21
2025,6,202506,경북,구미시,17636,227
2025,6,202506,경북,김천시,5044,96
2025,6,202506,경북,문경시,2290,32
2025,6,202506,경북,봉화군,739,12
2025,6,202506,경북,상주시,2928,58
2025,6,202506,경북,성주군,1971,27
2025,6,202506,경북,안동시,6306,110
2025,6,202506,경북,영덕군,1127,19
2025,6,202506,경북,영양군,420,5
2025,6,202506,경북,영주시,3311,60
2025,6,202506,경북,영천시,4214,39
2025,6,202506,경북,예천군,2119,33
2025,6,202506,경북,울릉군,336,6
2025,6,202506,경북,울진군,1833,30
2025,6,202506,경북,의성군,1520,25
2025,6,202506,경북,청도군,2029,20
2025,6,202506,경북,청송군,796,29
2025,6,202506,경북,칠곡군,4851,68
2025,6,202506,경북,포항시,24492,248
2025,6,202506,광주,광산구,21557,200
2025,6,202506,광주,남구,14172,73
2025,6,202506,광주,동구,7462,22
2025,6,202506,광주,북구,22044,164
2025,6,202506,광주,서구,20612,105
2025,6,202506,대구,군위군,986,22
2025,6,202506,대구,남구,7644,41
2025,6,202506,대구,달서구,43613,209
2025,6,202506,대구,달성군,12539,137
2025,6,202506,대구,동구,19227,137
2025,6,202506,대구,북구,20088,163
2025,6,202506,대구,서구,7620,39
2025,6,202506,대구,수성구,64814,152
2025,6,202506,대구,중구,18927,36
2025,6,202506,대전,대덕구,6837,85
2025,6,202506,대전,동구,7996,89
2025,6,202506,대전,서구,26167,200
2025,6,202506,대전,유성구,31449,247
2025,6,202506,대전,중구,10297,97
2025,6,202506,부산,강서구,11842,77
2025,6,202506,부산,금정구,10393,84
2025,6,202506,부산,기장군,12405,53
2025,6,202506,부산,남구,16786,58
2025,6,202506,부산,동구,21097,20
2025,6,202506,부산,동래구,15884,37
2025,6,202506,부산,부산진구,29993,71
2025,6,202506,부산,북구,9369,56
2025,6,202506,부산,사상구,6943,39
2025,6,202506,부산,사하구,9912,53
2025,6,202506,부산,서구,4382,6
2025,6,202506,부산,수영구,15865,40
2025,6,202506,부산,연제구,53408,89
2025,6,202506,부산,영도구,3147,12
2025,6,202506,부산,중구,27309,19
2025,6,202506,부산,해운대구,41860,101
2025,6,202506,서울,강남구,105217,275
2025,6,202506,서울,강동구,32852,104
2025,6,202506,서울,강북구,8561,96
2025,6,202506,서울,강서구,34067,154
2025,6,202506,서울,관악구,15653,86
2025,6,202506,서울,광진구,19760,88
2025,6,202506,서울,구로구,18727,119
2025,6,202506,서울,금천구,10671,35
2025,6,202506,서울,노원구,19846,117
2025,6,202506,서울,도봉구,10618,125
2025,6,202506,서울,동대문구,19296,62
2025,6,202506,서울,동작구,22013,49
2025,6,202506,서울,마포구,29805,144
2025,6,202506,서울,서대문구,18309,136
2025,6,202506,서울,서초구,66973,195
2025,6,202506,서울,성동구,27484,102
2025,6,202506,서울,성북구,22609,124
2025,6,202506,서울,송파구,62994,198
2025,6,202506,서울,양천구,28997,94
2025,6,202506,서울,영등포구,28808,114
2025,6,202506,서울,용산구,25546,91
2025,6,202506,서울,은평구,20006,144
2025,6,202506,서울,종로구,12341,77
2025,6,202506,서울,중구,14189,91
2025,6,202506,서울,중랑구,13839,123
2025,6,202506,세종,세종시,28896,330
2025,6,202506,울산,남구,16128,72
2025,6,202506,울산,동구,3697,36
2025,6,202506,울산,북구,6990,80
2025,6,202506,울산,울주군,9942,85
2025,6,202506,울산,중구,7790,61
2025,6,202506,인천,강화군,4140,56
2025,6,202506,인천,계양구,15345,54
2025,6,202506,인천,남동구,67129,165
2025,6,202506,인천,동구,1991,8
2025,6,202506,인천,미추홀구,22278,80
2025,6,202506,인천,부평구,41381,162
2025,6,202506,인천,서구,51416,331
2025,6,202506,인천,연수구,84591,240
2025,6,202506,인천,옹진군,1044,19
2025,6,202506,인천,중구,11794,111
2025,6,202506,전남,강진군,1071,13
2025,6,202506,전남,고흥군,1890,17
2025,6,202506,전남,곡성군,1099,13
2025,6,202506,전남,광양시,7335,73
2025,6,202506,전남,구례군,816,16
2025,6,202506,전남,나주시,6424,92
2025,6,202506,전남,담양군,2413,28
2025,6,202506,전남,목포시,7357,87
2025,6,202506,전남,무안군,4747,51
2025,6,202506,전남,보성군,1216,16
2025,6,202506,전남,순천시,14960,116
2025,6,202506,전남,신안군,2770,31
2025,6,202506,전남,여수시,12314,88
2025,6,202506,전남,영광군,2473,26
2025,6,202506,전남,영암군,2041,34
2025,6,202506,전남,완도군,1707,11
2025,6,202506,전남,장성군,2167,38
2025,6,202506,전남,장흥군,1158,14
2025,6,202506,전남,진도군,1052,16
2025,6,202506,전남,함평군,1217,23
2025,6,202506,전남,해남군,2859,31
2025,6,202506,전남,화순군,2765,41
2025,6,202506,전북,고창군,1991,22
2025,6,202506,전북,군산시,11920,98
2025,6,202506,전북,김제시,3328,36
2025,6,202506,전북,남원시,2633,34
2025,6,202506,전북,무주군,831,23
2025,6,202506,전북,부안군,1726,20
2025,6,202506,전북,순창군,959,17
2025,6,202506,전북,완주군,4686,54
2025,6,202506,전북,익산시,11260,114
2025,6,202506,전북,임실군,758,16
2025,6,202506,전북,장수군,657,7
2025,6,202506,전북,전주시,39390,280
2025,6,202506,전북,정읍시,3701,50
2025,6,202506,전북,진안군,853,6
2025,6,202506,제주,서귀포시,9177,116
2025,6,202506,제주,제주시,42386,330
2025,6,202506,충남,계룡시,2540,29
2025,6,202506,충남,공주시,4227,49
2025,6,202506,충남,금산군,1937,29
2025,6,202506,충남,논산시,3693,54
2025,6,202506,충남,당진시,7660,114
2025,6,202506,충남,보령시,3581,69
2025,6,202506,충남,부여군,1877,31
2025,6,202506,충남,서산시,7564,137
2025,6,202506,충남,서천군,1523,24
2025,6,202506,충남,아산시,19147,229
2025,6,202506,충남,예산군,3158,51
2025,6,202506,충남,천안시,37524,433
2025,6,202506,충남,청양군,896,24
2025,6,202506,충남,태안군,2470,43
2025,6,202506,충남,홍성군,4028,59
2025,6,202506,충북,괴산군,1340,31
2025,6,202506,충북,단양군,911,24
2025,6,202506,충북,보은군,1044,20
2025,6,202506,충북,영동군,1330,25
2025,6,202506,충북,옥천군,1761,29
2025,6,202506,충북,음성군,4339,70
2025,6,202506,충북,제천시,5002,65
2025,6,202506,충북,증평군,1350,13
2025,6,202506,충북,진천군,4023,57
2025,6,202506,충북,청주시,49092,496
2025,6,202506,충북,충주시,8970,137
2025,7,202507,강원,강릉시,11327,173
2025,7,202507,강원,고성군,1216,17
2025,7,202507,강원,동해시,3095,87
2025,7,202507,강원,삼척시,2090,40
2025,7,202507,강원,속초시,3935,51
2025,7,202507,강원,양구군,751,10
2025,7,202507,강원,양양군,1629,29
2025,7,202507,강원,영월군,1448,26
2025,7,202507,강원,원주시,21051,192
2025,7,202507,강원,인제군,1161,17
2025,7,202507,강원,정선군,1365,18
2025,7,202507,강원,철원군,1383,29
2025,7,202507,강원,춘천시,14207,199
2025,7,202507,강원,태백시,1529,25
2025,7,202507,강원,평창군,2234,32
2025,7,202507,강원,홍천군,2580,41
2025,7,202507,강원,화천군,728,17
2025,7,202507,강원,횡성군,2245,40
2025,7,202507,경기,가평군,3643,58
2025,7,202507,경기,고양시,79688,646
2025,7,202507,경기,과천시,8587,61
2025,7,202507,경기,광명시,14319,143
2025,7,202507,경기,광주시,28436,371
2025,7,202507,경기,구리시,10832,80
2025,7,202507,경기,군포시,10815,130
2025,7,202507,경기,김포시,38792,596
2025,7,202507,경기,남양주시,46345,468
2025,7,202507,경기,동두천시,3099,34
2025,7,202507,경기,부천시,34537,277
2025,7,202507,경기,성남시,87986,691
2025,7,202507,경기,수원시,89661,634
2025,7,202507,경기,시흥시,26211,187
2025,7,202507,경기,안산시,27955,218
2025,7,202507,경기,안성시,10923,170
2025,7,202507,경기,안양시,32379,183
2025,7,202507,경기,양주시,15240,171
2025,7,202507,경기,양평군,10009,91
2025,7,202507,경기,여주시,6246,103
2025,7,202507,경기,연천군,1817,40
2025,7,202507,경기,오산시,12891,138
2025,7,202507,경기,용인시,104783,726
2025,7,202507,경기,의왕시,10848,89
2025,7,202507,경기,의정부시,20322,197
2025,7,202507,경기,이천시,12661,171
2025,7,202507,경기,파주시,32792,416
2025,7,202507,경기,평택시,40285,405
2025,7,202507,경기,포천시,7470,123
2025,7,202507,경기,하남시,28890,209
2025,7,202507,경기,화성시,75352,884
2025,7,202507,경남,거제시,8529,75
2025,7,202507,경남,거창군,2235,23
2025,7,202507,경남,고성군,1597,16
2025,7,202507,경남,김해시,26522,270
2025,7,202507,경남,남해군,1289,24
2025,7,202507,경남,밀양시,3954,31
2025,7,202507,경남,사천시,4250,37
2025,7,202507,경남,산청군,1311,15
2025,7,202507,경남,양산시,17254,174
2025,7,202507,경남,의령군,937,13
2025,7,202507,경남,진주시,16529,144
2025,7,202507,경남,창녕군,2301,33
2025,7,202507,경남,창원시,111108,525
2025,7,202507,경남,통영시,4328,32
2025,7,202507,경남,하동군,1379,23
2025,7,202507,경남,함안군,6765,33
2025,7,202507,경남,함양군,2696,21
2025,7,202507,경남,합천군,1368,19
2025,7,202507,경북,경산시,12600,121
2025,7,202507,경북,경주시,11582,135
2025,7,202507,경북,고령군,1518,20
2025,7,202507,경북,구미시,17647,230
2025,7,202507,경북,김천시,5086,97
2025,7,202507,경북,문경시,2296,32
2025,7,202507,경북,봉화군,736,13
2025,7,202507,경북,상주시,2948,60
2025,7,202507,경북,성주군,1988,28
2025,7,202507,경북,안동시,6381,109
2025,7,202507,경북,영덕군,1141,19
2025,7,202507,경북,영양군,420,6
2025,7,202507,경북,영주시,3325,61
2025,7,202507,경북,영천시,4229,39
2025,7,202507,경북,예천군,2122,32
2025,7,202507,경북,울릉군,344,7
2025,7,202507,경북,울진군,1852,30
2025,7,202507,경북,의성군,1526,25
2025,7,202507,경북,청도군,2043,20
2025,7,202507,경북,청송군,806,28
2025,7,202507,경북,칠곡군,4869,67
2025,7,202507,경북,포항시,24555,246
2025,7,202507,광주,광산구,21572,200
2025,7,202507,광주,남구,14182,73
2025,7,202507,광주,동구,7441,22
2025,7,202507,광주,북구,21997,163
2025,7,202507,광주,서구,20666,105
2025,7,202507,대구,군위군,994,22
2025,7,202507,대구,남구,7677,41
2025,7,202507,대구,달서구,43805,210
2025,7,202507,대구,달성군,12567,134
2025,7,202507,대구,동구,19292,137
2025,7,202507,대구,북구,20142,163
2025,7,202507,대구,서구,7627,41
2025,7,202507,대구,수성구,64619,151
2025,7,202507,대구,중구,18686,38
2025,7,202507,대전,대덕구,6844,85
2025,7,202507,대전,동구,8040,89
2025,7,202507,대전,서구,26315,200
2025,7,202507,대전,유성구,31479,247
2025,7,202507,대전,중구,10361,96
2025,7,202507,부산,강서구,11980,74
2025,7,202507,부산,금정구,10425,88
2025,7,202507,부산,기장군,12468,53
2025,7,202507,부산,남구,16800,59
2025,7,202507,부산,동구,21218,20
2025,7,202507,부산,동래구,15941,38
2025,7,202507,부산,부산진구,30305,70
2025,7,202507,부산,북구,9366,56
2025,7,202507,부산,사상구,6970,39
2025,7,202507,부산,사하구,9968,54
2025,7,202507,부산,서구,4392,7
2025,7,202507,부산,수영구,15920,39
2025,7,202507,부산,연제구,53692,89
2025,7,202507,부산,영도구,3182,12
2025,7,202507,부산,중구,27438,19
2025,7,202507,부산,해운대구,42057,102
2025,7,202507,서울,강남구,105197,275
2025,7,202507,서울,강동구,33075,105
2025,7,202507,서울,강북구,8554,95
2025,7,202507,서울,강서구,34016,156
2025,7,202507,서울,관악구,15663,81
2025,7,202507,서울,광진구,19815,86
2025,7,202507,서울,구로구,18693,119
2025,7,202507,서울,금천구,10677,36
2025,7,202507,서울,노원구,19894,117
2025,7,202507,서울,도봉구,10652,125
2025,7,202507,서울,동대문구,19430,62
2025,7,202507,서울,동작구,22036,47
2025,7,202507,서울,마포구,29761,143
2025,7,202507,서울,서대문구,18469,137
2025,7,202507,서울,서초구,67401,190
2025,7,202507,서울,성동구,27586,104
2025,7,202507,서울,성북구,22678,123
2025,7,202507,서울,송파구,63089,198
2025,7,202507,서울,양천구,29027,95
2025,7,202507,서울,영등포구,28857,114
2025,7,202507,서울,용산구,25385,89
2025,7,202507,서울,은평구,20066,145
2025,7,202507,서울,종로구,12349,78
2025,7,202507,서울,중구,14040,90
2025,7,202507,서울,중랑구,13919,122
2025,7,202507,세종,세종시,28963,327
2025,7,202507,울산,남구,16186,71
2025,7,202507,울산,동구,3740,37
2025,7,202507,울산,북구,7030,80
2025,7,202507,울산,울주군,9980,85
2025,7,202507,울산,중구,7794,60
2025,7,202507,인천,강화군,4138,55
2025,7,202507,인천,계양구,15592,54
2025,7,202507,인천,남동구,67104,161
2025,7,202507,인천,동구,1988,8
2025,7,202507,인천,미추홀구,22191,81
2025,7,202507,인천,부평구,41041,163
2025,7,202507,인천,서구,51539,329
2025,7,202507,인천,연수구,84865,242
2025,7,202507,인천,옹진군,1047,17
2025,7,202507,인천,중구,11853,133
2025,7,202507,전남,강진군,1079,13
2025,7,202507,전남,고흥군,1891,17
2025,7,202507,전남,곡성군,1106,13
2025,7,202507,전남,광양시,7378,74
2025,7,202507,전남,구례군,815,17
2025,7,202507,전남,나주시,6405,92
2025,7,202507,전남,담양군,2416,27
2025,7,202507,전남,목포시,7350,84
2025,7,202507,전남,무안군,4834,54
2025,7,202507,전남,보성군,1212,16
2025,7,202507,전남,순천시,15003,116
2025,7,202507,전남,신안군,2756,32
2025,7,202507,전남,여수시,12358,86
2025,7,202507,전남,영광군,2482,26
2025,7,202507,전남,영암군,2025,34
2025,7,202507,전남,완도군,1715,11
2025,7,202507,전남,장성군,2156,38
2025,7,202507,전남,장흥군,1176,14
2025,7,202507,전남,진도군,1049,16
2025,7,202507,전남,함평군,1225,23
2025,7,202507,전남,해남군,2842,31
2025,7,202507,전남,화순군,2785,41
2025,7,202507,전북,고창군,2005,21
2025,7,202507,전북,군산시,11935,100
2025,7,202507,전북,김제시,3347,35
2025,7,202507,전북,남원시,2638,34
2025,7,202507,전북,무주군,831,23
2025,7,202507,전북,부안군,1735,18
2025,7,202507,전북,순창군,965,17
2025,7,202507,전북,완주군,4699,55
2025,7,202507,전북,익산시,11260,115
2025,7,202507,전북,임실군,759,17
2025,7,202507,전북,장수군,661,7
2025,7,202507,전북,전주시,39344,283
2025,7,202507,전북,정읍시,3715,51
2025,7,202507,전북,진안군,870,6
2025,7,202507,제주,서귀포시,9205,118
2025,7,202507,제주,제주시,42343,321
2025,7,202507,충남,계룡시,2544,29
2025,7,202507,충남,공주시,4256,50
2025,7,202507,충남,금산군,1966,29
2025,7,202507,충남,논산시,3707,53
2025,7,202507,충남,당진시,7667,114
2025,7,202507,충남,보령시,3585,67
2025,7,202507,충남,부여군,1869,32
2025,7,202507,충남,서산시,7590,135
2025,7,202507,충남,서천군,1523,22
2025,7,202507,충남,아산시,19172,228
2025,7,202507,충남,예산군,3180,49
2025,7,202507,충남,천안시,37558,434
2025,7,202507,충남,청양군,896,24
2025,7,202507,충남,태안군,2476,45
2025,7,202507,충남,홍성군,4041,60
2025,7,202507,충북,괴산군,1345,29
2025,7,202507,충북,단양군,908,24
2025,7,202507,충북,보은군,1045,21
2025,7,202507,충북,영동군,1326,25
2025,7,202507,충북,옥천군,1756,28
2025,7,202507,충북,음성군,4379,72
2025,7,202507,충북,제천시,5007,65
2025,7,202507,충북,증평군,1359,13
2025,7,202507,충북,진천군,4023,58
2025,7,202507,충북,청주시,49018,501
2025,7,202507,충북,충주시,9014,135
2025,8,202508,강원,강릉시,11295,176
2025,8,202508,강원,고성군,1190,22
2025,8,202508,강원,동해시,3124,87
2025,8,202508,강원,삼척시,2109,40
2025,8,202508,강원,속초시,3932,51
2025,8,202508,강원,양구군,765,10
2025,8,202508,강원,양양군,1645,27
2025,8,202508,강원,영월군,1446,27
2025,8,202508,강원,원주시,21154,188
2025,8,202508,강원,인제군,1161,17
2025,8,202508,강원,정선군,1369,19
2025,8,202508,강원,철원군,1393,29
2025,8,202508,강원,춘천시,14258,199
2025,8,202508,강원,태백시,1530,24
2025,8,202508,강원,평창군,2222,29
2025,8,202508,강원,홍천군,2590,41
2025,8,202508,강원,화천군,728,18
2025,8,202508,강원,횡성군,2255,40
2025,8,202508,경기,가평군,3640,59
2025,8,202508,경기,고양시,79898,643
2025,8,202508,경기,과천시,8586,60
2025,8,202508,경기,광명시,14490,145
2025,8,202508,경기,광주시,28494,399
2025,8,202508,경기,구리시,10884,81
2025,8,202508,경기,군포시,10865,133
2025,8,202508,경기,김포시,38803,591
2025,8,202508,경기,남양주시,46475,470
2025,8,202508,경기,동두천시,3118,36
2025,8,202508,경기,부천시,34583,284
2025,8,202508,경기,성남시,88167,698
2025,8,202508,경기,수원시,90050,656
2025,8,202508,경기,시흥시,26333,189
2025,8,202508,경기,안산시,28024,220
2025,8,202508,경기,안성시,10991,168
2025,8,202508,경기,안양시,32552,184
2025,8,202508,경기,양주시,15337,171
2025,8,202508,경기,양평군,10048,88
2025,8,202508,경기,여주시,6239,94
2025,8,202508,경기,연천군,1835,41
2025,8,202508,경기,오산시,12969,142
2025,8,202508,경기,용인시,105088,728
2025,8,202508,경기,의왕시,10972,89
2025,8,202508,경기,의정부시,20280,207
2025,8,202508,경기,이천시,12737,177
2025,8,202508,경기,파주시,32948,419
2025,8,202508,경기,평택시,40542,410
2025,8,202508,경기,포천시,7469,121
2025,8,202508,경기,하남시,28968,209
2025,8,202508,경기,화성시,75921,887
2025,8,202508,경남,거제시,8564,76
2025,8,202508,경남,거창군,2235,23
2025,8,202508,경남,고성군,1611,16
2025,8,202508,경남,김해시,26676,271
2025,8,202508,경남,남해군,1286,24
2025,8,202508,경남,밀양시,3948,31
2025,8,202508,경남,사천시,4304,35
2025,8,202508,경남,산청군,1321,15
2025,8,202508,경남,양산시,17304,173
2025,8,202508,경남,의령군,942,14
2025,8,202508,경남,진주시,16537,146
2025,8,202508,경남,창녕군,2299,34
2025,8,202508,경남,창원시,111452,524
2025,8,202508,경남,통영시,4343,33
2025,8,202508,경남,하동군,1385,22
2025,8,202508,경남,함안군,7012,32
2025,8,202508,경남,함양군,2693,20
2025,8,202508,경남,합천군,1379,19
2025,8,202508,경북,경산시,12626,118
2025,8,202508,경북,경주시,11645,138
2025,8,202508,경북,고령군,1517,21
2025,8,202508,경북,구미시,17714,228
2025,8,202508,경북,김천시,5093,97
2025,8,202508,경북,문경시,2317,32
2025,8,202508,경북,봉화군,740,13
2025,8,202508,경북,상주시,2956,61
2025,8,202508,경북,성주군,2000,28
2025,8,202508,경북,안동시,6421,108
2025,8,202508,경북,영덕군,1148,18
2025,8,202508,경북,영양군,416,6
2025,8,202508,경북,영주시,3344,60
2025,8,202508,경북,영천시,4250,40
2025,8,202508,경북,예천군,2115,33
2025,8,202508,경북,울릉군,331,6
2025,8,202508,경북,울진군,1869,30
2025,8,202508,경북,의성군,1557,25
2025,8,202508,경북,청도군,2053,21
2025,8,202508,경북,청송군,802,28
2025,8,202508,경북,칠곡군,4893,64
2025,8,202508,경북,포항시,24650,245
2025,8,202508,광주,광산구,21651,197
2025,8,202508,광주,남구,14235,77
2025,8,202508,광주,동구,7465,21
2025,8,202508,광주,북구,22003,164
2025,8,202508,광주,서구,20701,106
2025,8,202508,대구,군위군,988,22
2025,8,202508,대구,남구,7698,43
2025,8,202508,대구,달서구,44121,210
2025,8,202508,대구,달성군,12563,130
2025,8,202508,대구,동구,19359,136
2025,8,202508,대구,북구,20246,159
2025,8,202508,대구,서구,7660,39
2025,8,202508,대구,수성구,64547,148
2025,8,202508,대구,중구,18375,38
2025,8,202508,대전,대덕구,6856,85
2025,8,202508,대전,동구,8039,90
2025,8,202508,대전,서구,26475,202
2025,8,202508,대전,유성구,31501,245
2025,8,202508,대전,중구,10391,95
2025,8,202508,부산,강서구,12067,77
2025,8,202508,부산,금정구,10406,88
2025,8,202508,부산,기장군,12594,56
2025,8,202508,부산,남구,16855,59
2025,8,202508,부산,동구,21348,21
2025,8,202508,부산,동래구,16000,37
2025,8,202508,부산,부산진구,30489,70
2025,8,202508,부산,북구,9413,53
2025,8,202508,부산,사상구,6980,38
2025,8,202508,부산,사하구,9987,55
2025,8,202508,부산,서구,4403,6
2025,8,202508,부산,수영구,15986,40
2025,8,202508,부산,연제구,54362,88
2025,8,202508,부산,영도구,3178,12
2025,8,202508,부산,중구,27653,19
2025,8,202508,부산,해운대구,42289,99
2025,8,202508,서울,강남구,105237,277
2025,8,202508,서울,강동구,33339,108
2025,8,202508,서울,강북구,8578,96
2025,8,202508,서울,강서구,34039,155
2025,8,202508,서울,관악구,15731,81
2025,8,202508,서울,광진구,19821,87
2025,8,202508,서울,구로구,18691,121
2025,8,202508,서울,금천구,10724,35
2025,8,202508,서울,노원구,19981,116
2025,8,202508,서울,도봉구,10721,125
2025,8,202508,서울,동대문구,19544,61
2025,8,202508,서울,동작구,22115,47
2025,8,202508,서울,마포구,29786,143
2025,8,202508,서울,서대문구,18588,137
2025,8,202508,서울,서초구,68027,193
2025,8,202508,서울,성동구,27809,102
2025,8,202508,서울,성북구,22769,123
2025,8,202508,서울,송파구,63227,198
2025,8,202508,서울,양천구,29073,94
2025,8,202508,서울,영등포구,28894,113
2025,8,202508,서울,용산구,25418,89
2025,8,202508,서울,은평구,20140,144
2025,8,202508,서울,종로구,12343,78
2025,8,202508,서울,중구,13917,92
2025,8,202508,서울,중랑구,13973,121
2025,8,202508,세종,세종시,29145,323
2025,8,202508,울산,남구,16262,71
2025,8,202508,울산,동구,3758,37
2025,8,202508,울산,북구,7083,80
2025,8,202508,울산,울주군,10025,84
2025,8,202508,울산,중구,7773,58
2025,8,202508,인천,강화군,4131,55
2025,8,202508,인천,계양구,15956,56
2025,8,202508,인천,남동구,67130,161
2025,8,202508,인천,동구,1963,8
2025,8,202508,인천,미추홀구,21969,79
2025,8,202508,인천,부평구,40799,167
2025,8,202508,인천,서구,51649,327
2025,8,202508,인천,연수구,85317,243
2025,8,202508,인천,옹진군,1053,19
2025,8,202508,인천,중구,11950,145
2025,8,202508,전남,강진군,1081,13
2025,8,202508,전남,고흥군,1901,17
2025,8,202508,전남,곡성군,1108,13
2025,8,202508,전남,광양시,7380,73
2025,8,202508,전남,구례군,826,17
2025,8,202508,전남,나주시,6455,91
2025,8,202508,전남,담양군,2425,28
2025,8,202508,전남,목포시,7321,85
2025,8,202508,전남,무안군,4883,55
2025,8,202508,전남,보성군,1212,16
2025,8,202508,전남,순천시,15038,115
2025,8,202508,전남,신안군,2756,30
2025,8,202508,전남,여수시,12388,87
2025,8,202508,전남,영광군,2502,27
2025,8,202508,전남,영암군,2026,35
2025,8,202508,전남,완도군,1718,11
2025,8,202508,전남,장성군,2156,38
2025,8,202508,전남,장흥군,1188,14
2025,8,202508,전남,진도군,1057,16
2025,8,202508,전남,함평군,1216,22
2025,8,202508,전남,해남군,2881,33
2025,8,202508,전남,화순군,2787,41
2025,8,202508,전북,고창군,2031,20
2025,8,202508,전북,군산시,11984,100
2025,8,202508,전북,김제시,3373,34
2025,8,202508,전북,남원시,2647,35
2025,8,202508,전북,무주군,835,23
2025,8,202508,전북,부안군,1730,18
2025,8,202508,전북,순창군,973,16
2025,8,202508,전북,완주군,4711,53
2025,8,202508,전북,익산시,11259,114
2025,8,202508,전북,임실군,766,17
2025,8,202508,전북,장수군,660,7
2025,8,202508,전북,전주시,39307,289
2025,8,202508,전북,정읍시,3726,52
2025,8,202508,전북,진안군,867,6
2025,8,202508,제주,서귀포시,9244,121
2025,8,202508,제주,제주시,42356,318
2025,8,202508,충남,계룡시,2557,28
2025,8,202508,충남,공주시,4301,50
2025,8,202508,충남,금산군,1947,29
2025,8,202508,충남,논산시,3728,53
2025,8,202508,충남,당진시,7681,115
2025,8,202508,충남,보령시,3593,66
2025,8,202508,충남,부여군,1883,32
2025,8,202508,충남,서산시,7606,135
2025,8,202508,충남,서천군,1523,21
2025,8,202508,충남,아산시,19262,225
2025,8,202508,충남,예산군,3221,48
2025,8,202508,충남,천안시,37699,433
2025,8,202508,충남,청양군,898,23
2025,8,202508,충남,태안군,2472,43
2025,8,202508,충남,홍성군,4024,59
2025,8,202508,충북,괴산군,1339,29
2025,8,202508,충북,단양군,913,24
2025,8,202508,충북,보은군,1046,21
2025,8,202508,충북,영동군,1335,24
2025,8,202508,충북,옥천군,1766,30
2025,8,202508,충북,음성군,4421,72
2025,8,202508,충북,제천시,5011,66
2025,8,202508,충북,증평군,1360,14
2025,8,202508,충북,진천군,4024,60
2025,8,202508,충북,청주시,49041,504
2025,8,202508,충북,충주시,9054,137
2025,9,202509,강원,강릉시,11378,175
2025,9,202509,강원,고성군,1192,23
2025,9,202509,강원,동해시,3155,87
2025,9,202509,강원,삼척시,2124,41
2025,9,202509,강원,속초시,3953,51
2025,9,202509,강원,양구군,774,10
2025,9,202509,강원,양양군,1659,27
2025,9,202509,강원,영월군,1456,27
2025,9,202509,강원,원주시,21274,187
2025,9,202509,강원,인제군,1167,17
2025,9,202509,강원,정선군,1386,19
2025,9,202509,강원,철원군,1407,30
2025,9,202509,강원,춘천시,14315,204
2025,9,202509,강원,태백시,1529,23
2025,9,202509,강원,평창군,2235,31
2025,9,202509,강원,홍천군,2613,40
2025,9,202509,강원,화천군,729,18
2025,9,202509,강원,횡성군,2267,40
2025,9,202509,경기,가평군,3652,57
2025,9,202509,경기,고양시,80259,656
2025,9,202509,경기,과천시,8568,62
2025,9,202509,경기,광명시,14597,145
2025,9,202509,경기,광주시,28547,423
2025,9,202509,경기,구리시,10916,80
2025,9,202509,경기,군포시,10925,142
2025,9,202509,경기,김포시,38601,589
2025,9,202509,경기,남양주시,46622,470
2025,9,202509,경기,동두천시,3120,34
2025,9,202509,경기,부천시,34771,288
2025,9,202509,경기,성남시,89205,713
2025,9,202509,경기,수원시,89951,671
2025,9,202509,경기,시흥시,26464,191
2025,9,202509,경기,안산시,27987,218
2025,9,202509,경기,안성시,10941,169
2025,9,202509,경기,안양시,32731,189
2025,9,202509,경기,양주시,15455,176
2025,9,202509,경기,양평군,10062,88
2025,9,202509,경기,여주시,6301,99
2025,9,202509,경기,연천군,1866,40
2025,9,202509,경기,오산시,13100,146
2025,9,202509,경기,용인시,105004,728
2025,9,202509,경기,의왕시,11080,90
2025,9,202509,경기,의정부시,20430,206
2025,9,202509,경기,이천시,12803,181
2025,9,202509,경기,파주시,33127,419
2025,9,202509,경기,평택시,40930,412
2025,9,202509,경기,포천시,7465,122
2025,9,202509,경기,하남시,29033,206
2025,9,202509,경기,화성시,76434,900
2025,9,202509,경남,거제시,8639,75
2025,9,202509,경남,거창군,2238,24
2025,9,202509,경남,고성군,1616,16
2025,9,202509,경남,김해시,26941,271
2025,9,202509,경남,남해군,1289,25
2025,9,202509,경남,밀양시,3981,31
2025,9,202509,경남,사천시,4338,34
2025,9,202509,경남,산청군,1321,15
2025,9,202509,경남,양산시,17362,175
2025,9,202509,경남,의령군,948,14
2025,9,202509,경남,진주시,16636,144
2025,9,202509,경남,창녕군,2287,34
2025,9,202509,경남,창원시,112212,520
2025,9,202509,경남,통영시,4359,34
2025,9,202509,경남,하동군,1408,22
2025,9,202509,경남,함안군,7437,32
2025,9,202509,경남,함양군,2797,21
2025,9,202509,경남,합천군,1382,20
2025,9,202509,경북,경산시,12714,116
2025,9,202509,경북,경주시,11711,143
2025,9,202509,경북,고령군,1524,21
2025,9,202509,경북,구미시,17860,222
2025,9,202509,경북,김천시,5130,98
2025,9,202509,경북,문경시,2339,33
2025,9,202509,경북,봉화군,742,13
2025,9,202509,경북,상주시,2971,60
2025,9,202509,경북,성주군,2018,28
2025,9,202509,경북,안동시,6463,108
2025,9,202509,경북,영덕군,1158,18
2025,9,202509,경북,영양군,419,6
2025,9,202509,경북,영주시,3348,60
2025,9,202509,경북,영천시,4262,42
2025,9,202509,경북,예천군,2126,34
2025,9,202509,경북,울릉군,337,6
2025,9,202509,경북,울진군,1876,30
2025,9,202509,경북,의성군,1561,25
2025,9,202509,경북,청도군,2061,22
2025,9,202509,경북,청송군,803,28
2025,9,202509,경북,칠곡군,4915,64
2025,9,202509,경북,포항시,24775,245
2025,9,202509,광주,광산구,21724,198
2025,9,202509,광주,남구,14313,77
2025,9,202509,광주,동구,7458,21
2025,9,202509,광주,북구,22089,163
2025,9,202509,광주,서구,20802,106
2025,9,202509,대구,군위군,996,23
2025,9,202509,대구,남구,7732,41
2025,9,202509,대구,달서구,44368,203
2025,9,202509,대구,달성군,12597,128
2025,9,202509,대구,동구,19439,135
2025,9,202509,대구,북구,20287,158
2025,9,202509,대구,서구,7767,41
2025,9,202509,대구,수성구,62671,147
2025,9,202509,대구,중구,18087,40
2025,9,202509,대전,대덕구,6873,83
2025,9,202509,대전,동구,8067,91
2025,9,202509,대전,서구,26655,202
2025,9,202509,대전,유성구,31628,246
2025,9,202509,대전,중구,10408,95
2025,9,202509,부산,강서구,12191,77
2025,9,202509,부산,금정구,10445,91
2025,9,202509,부산,기장군,12553,57
2025,9,202509,부산,남구,16952,57
2025,9,202509,부산,동구,21391,21
2025,9,202509,부산,동래구,16081,37
2025,9,202509,부산,부산진구,30644,68
2025,9,202509,부산,북구,9469,51
2025,9,202509,부산,사상구,7016,39
2025,9,202509,부산,사하구,10016,53
2025,9,202509,부산,서구,4406,6
2025,9,202509,부산,수영구,16082,40
2025,9,202509,부산,연제구,54589,86
2025,9,202509,부산,영도구,3173,11
2025,9,202509,부산,중구,28033,20
2025,9,202509,부산,해운대구,44583,99
2025,9,202509,서울,강남구,104971,273
2025,9,202509,서울,강동구,33588,109
2025,9,202509,서울,강북구,8611,98
2025,9,202509,서울,강서구,33832,161
2025,9,202509,서울,관악구,15824,79
2025,9,202509,서울,광진구,19913,86
2025,9,202509,서울,구로구,18663,117
2025,9,202509,서울,금천구,10777,34
2025,9,202509,서울,노원구,20084,115
2025,9,202509,서울,도봉구,10830,123
2025,9,202509,서울,동대문구,19660,61
2025,9,202509,서울,동작구,22125,47
2025,9,202509,서울,마포구,29902,143
2025,9,202509,서울,서대문구,18662,139
2025,9,202509,서울,서초구,68434,189
2025,9,202509,서울,성동구,27948,103
2025,9,202509,서울,성북구,22880,125
2025,9,202509,서울,송파구,63407,198
2025,9,202509,서울,양천구,29178,92
2025,9,202509,서울,영등포구,28966,112
2025,9,202509,서울,용산구,25461,91
2025,9,202509,서울,은평구,20199,146
2025,9,202509,서울,종로구,12381,78
2025,9,202509,서울,중구,14136,96
2025,9,202509,서울,중랑구,14056,122
2025,9,202509,세종,세종시,29273,321
2025,9,202509,울산,남구,16368,71
2025,9,202509,울산,동구,3773,36
2025,9,202509,울산,북구,7125,81
2025,9,202509,울산,울주군,10076,85
2025,9,202509,울산,중구,7838,60
2025,9,202509,인천,강화군,4120,56
2025,9,202509,인천,계양구,16341,55
2025,9,202509,인천,남동구,66109,153
2025,9,202509,인천,동구,1967,7
2025,9,202509,인천,미추홀구,21875,80
2025,9,202509,인천,부평구,40570,169
2025,9,202509,인천,서구,52007,335
2025,9,202509,인천,연수구,85662,239
2025,9,202509,인천,옹진군,1059,19
2025,9,202509,인천,중구,12049,155
2025,9,202509,전남,강진군,1086,13
2025,9,202509,전남,고흥군,1917,16
2025,9,202509,전남,곡성군,1112,13
2025,9,202509,전남,광양시,7436,72
2025,9,202509,전남,구례군,829,17
2025,9,202509,전남,나주시,6500,88
2025,9,202509,전남,담양군,2432,28
2025,9,202509,전남,목포시,7326,85
2025,9,202509,전남,무안군,4947,53
2025,9,202509,전남,보성군,1215,16
2025,9,202509,전남,순천시,15087,116
2025,9,202509,전남,신안군,2737,30
2025,9,202509,전남,여수시,12419,87
2025,9,202509,전남,영광군,2503,28
2025,9,202509,전남,영암군,2031,36
2025,9,202509,전남,완도군,1715,12
2025,9,202509,전남,장성군,2166,38
2025,9,202509,전남,장흥군,1190,14
2025,9,202509,전남,진도군,1060,17
2025,9,202509,전남,함평군,1225,22
2025,9,202509,전남,해남군,2858,34
2025,9,202509,전남,화순군,2797,42
2025,9,202509,전북,고창군,2049,22
2025,9,202509,전북,군산시,11988,99
2025,9,202509,전북,김제시,3414,37
2025,9,202509,전북,남원시,2665,34
2025,9,202509,전북,무주군,837,22
2025,9,202509,전북,부안군,1736,18
2025,9,202509,전북,순창군,978,16
2025,9,202509,전북,완주군,4714,52
2025,9,202509,전북,익산시,11280,114
2025,9,202509,전북,임실군,780,18
2025,9,202509,전북,장수군,660,7
2025,9,202509,전북,전주시,39096,284
2025,9,202509,전북,정읍시,3743,52
2025,9,202509,전북,진안군,876,6
2025,9,202509,제주,서귀포시,9277,122
2025,9,202509,제주,제주시,42459,322
2025,9,202509,충남,계룡시,2570,28
2025,9,202509,충남,공주시,4317,51
2025,9,202509,충남,금산군,1958,31
2025,9,202509,충남,논산시,3742,54
2025,9,202509,충남,당진시,7711,117
2025,9,202509,충남,보령시,3599,67
2025,9,202509,충남,부여군,1893,33
2025,9,202509,충남,서산시,7608,134
2025,9,202509,충남,서천군,1539,23
2025,9,202509,충남,아산시,19383,228
2025,9,202509,충남,예산군,3248,47
2025,9,202509,충남,천안시,37915,434
2025,9,202509,충남,청양군,900,23
2025,9,202509,충남,태안군,2475,40
2025,9,202509,충남,홍성군,4057,58
2025,9,202509,충북,괴산군,1335,30
2025,9,202509,충북,단양군,919,24
2025,9,202509,충북,보은군,1048,18
2025,9,202509,충북,영동군,1336,24
2025,9,202509,충북,옥천군,1766,26
2025,9,202509,충북,음성군,4433,72
2025,9,202509,충북,제천시,5043,66
2025,9,202509,충북,증평군,1363,14
2025,9,202509,충북,진천군,4036,58
2025,9,202509,충북,청주시,49224,507
2025,9,202509,충북,충주시,9044,137
2025,10,202510,강원,강릉시,11406,178
2025,10,202510,강원,고성군,1187,23
2025,10,202510,강원,동해시,3158,89
2025,10,202510,강원,삼척시,2131,43
2025,10,202510,강원,속초시,3983,49
2025,10,202510,강원,양구군,789,10
2025,10,202510,강원,양양군,1639,27
2025,10,202510,강원,영월군,1469,27
2025,10,202510,강원,원주시,21289,186
2025,10,202510,강원,인제군,1160,17
2025,10,202510,강원,정선군,1428,19
2025,10,202510,강원,철원군,1405,30
2025,10,202510,강원,춘천시,14340,203
2025,10,202510,강원,태백시,1522,23
2025,10,202510,강원,평창군,2254,32
2025,10,202510,강원,홍천군,2623,40
2025,10,202510,강원,화천군,723,18
2025,10,202510,강원,횡성군,2283,37
2025,10,202510,경기,가평군,3666,59
2025,10,202510,경기,고양시,80382,651
2025,10,202510,경기,과천시,8555,63
2025,10,202510,경기,광명시,14610,145
2025,10,202510,경기,광주시,28593,427
2025,10,202510,경기,구리시,10941,79
2025,10,202510,경기,군포시,10924,142
2025,10,202510,경기,김포시,38338,610
2025,10,202510,경기,남양주시,46752,474
2025,10,202510,경기,동두천시,3112,34
2025,10,202510,경기,부천시,34892,286
2025,10,202510,경기,성남시,88608,712
2025,10,202510,경기,수원시,89149,668
2025,10,202510,경기,시흥시,26552,191
2025,10,202510,경기,안산시,27955,216
2025,10,202510,경기,안성시,11024,171
2025,10,202510,경기,안양시,32768,189
2025,10,202510,경기,양주시,15509,179
2025,10,202510,경기,양평군,10075,89
2025,10,202510,경기,여주시,6312,103
2025,10,202510,경기,연천군,1884,40
2025,10,202510,경기,오산시,13084,146
2025,10,202510,경기,용인시,105164,737
2025,10,202510,경기,의왕시,11175,90
2025,10,202510,경기,의정부시,20400,203
2025,10,202510,경기,이천시,12818,180
2025,10,202510,경기,파주시,33323,420
2025,10,202510,경기,평택시,41238,408
2025,10,202510,경기,포천시,7423,127
2025,10,202510,경기,하남시,29099,206
2025,10,202510,경기,화성시,76868,906
2025,10,202510,경남,거제시,8716,75
2025,10,202510,경남,거창군,2239,23
2025,10,202510,경남,고성군,1627,18
2025,10,202510,경남,김해시,27019,274
2025,10,202510,경남,남해군,1314,27
2025,10,202510,경남,밀양시,3994,29
2025,10,202510,경남,사천시,4377,33
2025,10,202510,경남,산청군,1315,15
2025,10,202510,경남,양산시,17501,187
2025,10,202510,경남,의령군,940,14
2025,10,202510,경남,진주시,16694,144
2025,10,202510,경남,진해시,1,0
2025,10,202510,경남,창녕군,2267,33
2025,10,202510,경남,창원시,112559,519
2025,10,202510,경남,통영시,4370,34
2025,10,202510,경남,하동군,1411,23
2025,10,202510,경남,함안군,7606,30
2025,10,202510,경남,함양군,2809,21
2025,10,202510,경남,합천군,1384,20
2025,10,202510,경북,경산시,12730,120
2025,10,202510,경북,경주시,11776,145
2025,10,202510,경북,고령군,1533,21
2025,10,202510,경북,구미시,17943,221
2025,10,202510,경북,김천시,5155,99
2025,10,202510,경북,문경시,2352,33
2025,10,202510,경북,봉화군,749,13
2025,10,202510,경북,상주시,2999,59
2025,10,202510,경북,성주군,2010,28
2025,10,202510,경북,안동시,6493,109
2025,10,202510,경북,영덕군,1165,18
2025,10,202510,경북,영양군,435,6
2025,10,202510,경북,영주시,3351,60
2025,10,202510,경북,영천시,4281,42
2025,10,202510,경북,예천군,2120,35
2025,10,202510,경북,울릉군,333,7
2025,10,202510,경북,울진군,1884,29
2025,10,202510,경북,의성군,1571,26
2025,10,202510,경북,청도군,2074,21
2025,10,202510,경북,청송군,803,28
2025,10,202510,경북,칠곡군,4896,65
2025,10,202510,경북,포항시,24857,249
2025,10,202510,광주,광산구,21737,198
2025,10,202510,광주,남구,14402,76
2025,10,202510,광주,동구,7483,21
2025,10,202510,광주,북구,22156,165
2025,10,202510,광주,서구,20731,103
2025,10,202510,대구,군위군,998,21
2025,10,202510,대구,남구,7760,41
2025,10,202510,대구,달서구,44749,200
2025,10,202510,대구,달성군,12606,130
2025,10,202510,대구,동구,19308,132
2025,10,202510,대구,북구,20303,157
2025,10,202510,대구,서구,7842,40
2025,10,202510,대구,수성구,64194,146
2025,10,202510,대구,중구,17810,40
2025,10,202510,대전,대덕구,6903,84
2025,10,202510,대전,동구,8127,90
2025,10,202510,대전,서구,26750,201
2025,10,202510,대전,유성구,31670,240
2025,10,202510,대전,중구,10475,94
2025,10,202510,부산,강서구,12273,78
2025,10,202510,부산,금정구,10490,85
2025,10,202510,부산,기장군,12476,55
2025,10,202510,부산,남구,16920,56
2025,10,202510,부산,동구,21324,20
2025,10,202510,부산,동래구,16105,37
2025,10,202510,부산,부산진구,30740,69
2025,10,202510,부산,북구,9483,50
2025,10,202510,부산,사상구,7022,42
2025,10,202510,부산,사하구,10066,51
2025,10,202510,부산,서구,4396,5
2025,10,202510,부산,수영구,16133,39
2025,10,202510,부산,연제구,54598,84
2025,10,202510,부산,영도구,3187,11
2025,10,202510,부산,중구,28284,20
2025,10,202510,부산,해운대구,42604,97
2025,10,202510,서울,강남구,105109,275
2025,10,202510,서울,강동구,33734,109
2025,10,202510,서울,강북구,8601,98
2025,10,202510,서울,강서구,33640,158
2025,10,202510,서울,관악구,15850,82
2025,10,202510,서울,광진구,19953,85
2025,10,202510,서울,구로구,18683,118
2025,10,202510,서울,금천구,10833,34
2025,10,202510,서울,노원구,20175,122
2025,10,202510,서울,도봉구,10869,126
2025,10,202510,서울,동대문구,19696,59
2025,10,202510,서울,동작구,22185,45
2025,10,202510,서울,마포구,29954,141
2025,10,202510,서울,서대문구,18749,139
2025,10,202510,서울,서초구,68690,189
2025,10,202510,서울,성동구,28071,103
2025,10,202510,서울,성북구,22944,128
2025,10,202510,서울,송파구,63557,201
2025,10,202510,서울,양천구,29394,91
2025,10,202510,서울,영등포구,28962,112
2025,10,202510,서울,용산구,25478,91
2025,10,202510,서울,은평구,20245,146
2025,10,202510,서울,종로구,12371,78
2025,10,202510,서울,중구,14002,97
2025,10,202510,서울,중랑구,14064,122
2025,10,202510,세종,세종시,29380,323
2025,10,202510,울산,남구,16428,70
2025,10,202510,울산,동구,3795,36
2025,10,202510,울산,북구,7103,82
2025,10,202510,울산,울주군,10115,85
2025,10,202510,울산,중구,7854,60
2025,10,202510,인천,강화군,4108,56
2025,10,202510,인천,계양구,16475,53
2025,10,202510,인천,남동구,66956,148
2025,10,202510,인천,동구,1966,6
2025,10,202510,인천,미추홀구,21620,79
2025,10,202510,인천,부평구,40304,172
2025,10,202510,인천,서구,52384,341
2025,10,202510,인천,연수구,85774,239
2025,10,202510,인천,옹진군,1108,19
2025,10,202510,인천,중구,12138,162
2025,10,202510,전남,강진군,1084,15
2025,10,202510,전남,고흥군,1922,16
2025,10,202510,전남,곡성군,1119,14
2025,10,202510,전남,광양시,7428,72
2025,10,202510,전남,구례군,826,17
2025,10,202510,전남,나주시,6531,89
2025,10,202510,전남,담양군,2438,27
2025,10,202510,전남,목포시,7342,82
2025,10,202510,전남,무안군,4962,56
2025,10,202510,전남,보성군,1225,15
2025,10,202510,전남,순천시,15123,118
2025,10,202510,전남,신안군,2758,32
2025,10,202510,전남,여수시,12398,90
2025,10,202510,전남,영광군,2521,28
2025,10,202510,전남,영암군,2032,32
2025,10,202510,전남,완도군,1719,11
2025,10,202510,전남,장성군,2172,37
2025,10,202510,전남,장흥군,1188,14
2025,10,202510,전남,진도군,1053,17
2025,10,202510,전남,함평군,1217,22
2025,10,202510,전남,해남군,2838,34
2025,10,202510,전남,화순군,2795,49
2025,10,202510,전북,고창군,2056,22
2025,10,202510,전북,군산시,12083,98
2025,10,202510,전북,김제시,3461,37
2025,10,202510,전북,남원시,2656,34
2025,10,202510,전북,무주군,846,22
2025,10,202510,전북,부안군,1730,17
2025,10,202510,전북,순창군,993,15
2025,10,202510,전북,완주군,4733,55
2025,10,202510,전북,익산시,11284,113
2025,10,202510,전북,임실군,791,18
2025,10,202510,전북,장수군,668,7
2025,10,202510,전북,전주시,39008,281
2025,10,202510,전북,정읍시,3751,54
2025,10,202510,전북,진안군,875,6
2025,10,202510,제주,서귀포시,9254,122
2025,10,202510,제주,제주시,42384,326
2025,10,202510,충남,계룡시,2567,27
2025,10,202510,충남,공주시,4329,51
2025,10,202510,충남,금산군,1939,30
2025,10,202510,충남,논산시,3775,53
2025,10,202510,충남,당진시,7729,117
2025,10,202510,충남,보령시,3614,66
2025,10,202510,충남,부여군,1894,34
2025,10,202510,충남,서산시,7608,135
2025,10,202510,충남,서천군,1526,23
2025,10,202510,충남,아산시,19454,227
2025,10,202510,충남,예산군,3235,48
2025,10,202510,충남,천안시,37947,431
2025,10,202510,충남,청양군,931,23
2025,10,202510,충남,태안군,2488,40
2025,10,202510,충남,홍성군,4086,56
2025,10,202510,충북,괴산군,1329,31
2025,10,202510,충북,단양군,914,24
2025,10,202510,충북,보은군,1052,18
2025,10,202510,충북,영동군,1330,24
2025,10,202510,충북,옥천군,1778,27
2025,10,202510,충북,음성군,4442,74
2025,10,202510,충북,제천시,5066,67
2025,10,202510,충북,증평군,1359,14
2025,10,202510,충북,진천군,4054,57
2025,10,202510,충북,청주시,49281,508
2025,10,202510,충북,충주시,9051,139
2025,11,202511,강원,강릉시,11413,183
2025,11,202511,강원,고성군,1191,24
2025,11,202511,강원,동해시,3163,90
2025,11,202511,강원,삼척시,2153,43
2025,11,202511,강원,속초시,3975,56
2025,11,202511,강원,양구군,779,10
2025,11,202511,강원,양양군,1640,25
2025,11,202511,강원,영월군,1472,27
2025,11,202511,강원,원주시,21371,191
2025,11,202511,강원,인제군,1161,17
2025,11,202511,강원,정선군,1541,19
2025,11,202511,강원,철원군,1423,30
2025,11,202511,강원,춘천시,14415,202
2025,11,202511,강원,태백시,1513,22
2025,11,202511,강원,평창군,2232,34
2025,11,202511,강원,홍천군,2625,42
2025,11,202511,강원,화천군,730,21
2025,11,202511,강원,횡성군,2282,36
2025,11,202511,경기,가평군,3663,59
2025,11,202511,경기,고양시,80504,655
2025,11,202511,경기,과천시,8580,63
2025,11,202511,경기,광명시,14765,148
2025,11,202511,경기,광주시,28626,428
2025,11,202511,경기,구리시,11006,81
2025,11,202511,경기,군포시,10912,150
2025,11,202511,경기,김포시,38376,609
2025,11,202511,경기,남양주시,46795,467
2025,11,202511,경기,동두천시,3133,35
2025,11,202511,경기,부천시,35021,284
2025,11,202511,경기,성남시,89001,708
2025,11,202511,경기,수원시,90099,669
2025,11,202511,경기,시흥시,26643,194
2025,11,202511,경기,안산시,28109,217
2025,11,202511,경기,안성시,11122,171
2025,11,202511,경기,안양시,32914,192
2025,11,202511,경기,양주시,15606,178
2025,11,202511,경기,양평군,10061,91
2025,11,202511,경기,여주시,6325,103
2025,11,202511,경기,연천군,1904,39
2025,11,202511,경기,오산시,13155,147
2025,11,202511,경기,용인시,105458,733
2025,11,202511,경기,의왕시,11304,90
2025,11,202511,경기,의정부시,20479,198
2025,11,202511,경기,이천시,12913,182
2025,11,202511,경기,파주시,33542,422
2025,11,202511,경기,평택시,41588,414
2025,11,202511,경기,포천시,7482,127
2025,11,202511,경기,하남시,29137,207
2025,11,202511,경기,화성시,77174,902
2025,11,202511,경남,거제시,8755,75
2025,11,202511,경남,거창군,2260,23
2025,11,202511,경남,고성군,1632,18
2025,11,202511,경남,김해시,27081,274
2025,11,202511,경남,남해군,1360,28
2025,11,202511,경남,밀양시,4001,28
2025,11,202511,경남,사천시,4413,33
2025,11,202511,경남,산청군,1310,15
2025,11,202511,경남,양산시,17541,183
2025,11,202511,경남,의령군,943,14
2025,11,202511,경남,진주시,16773,143
2025,11,202511,경남,진해시,1,0
2025,11,202511,경남,창녕군,2264,34
2025,11,202511,경남,창원시,112592,517
2025,11,202511,경남,통영시,4382,31
2025,11,202511,경남,하동군,1411,23
2025,11,202511,경남,함안군,7934,31
2025,11,202511,경남,함양군,2812,21
2025,11,202511,경남,합천군,1384,20
2025,11,202511,경북,경산시,12765,116
2025,11,202511,경북,경주시,11815,144
2025,11,202511,경북,고령군,1540,21
2025,11,202511,경북,구미시,18015,221
2025,11,202511,경북,김천시,5181,98
2025,11,202511,경북,문경시,2376,34
2025,11,202511,경북,봉화군,748,13
2025,11,202511,경북,상주시,3015,60
2025,11,202511,경북,성주군,2024,29
2025,11,202511,경북,안동시,6523,109
2025,11,202511,경북,영덕군,1139,18
2025,11,202511,경북,영양군,447,7
2025,11,202511,경북,영주시,3356,59
2025,11,202511,경북,영천시,4294,43
2025,11,202511,경북,예천군,2135,36
2025,11,202511,경북,울릉군,332,7
2025,11,202511,경북,울진군,1897,31
2025,11,202511,경북,의성군,1574,26
2025,11,202511,경북,청도군,2069,23
2025,11,202511,경북,청송군,815,28
2025,11,202511,경북,칠곡군,4896,64
2025,11,202511,경북,포항시,24940,250
2025,11,202511,광주,광산구,21763,198
2025,11,202511,광주,남구,14429,76
2025,11,202511,광주,동구,7518,21
2025,11,202511,광주,북구,22215,165
2025,11,202511,광주,서구,20778,106
2025,11,202511,대구,군위군,1018,21
2025,11,202511,대구,남구,7796,37
2025,11,202511,대구,달서구,45108,202
2025,11,202511,대구,달성군,12650,127
2025,11,202511,대구,동구,19463,128
2025,11,202511,대구,북구,20373,157
2025,11,202511,대구,서구,7901,40
2025,11,202511,대구,수성구,63988,148
2025,11,202511,대구,중구,17548,41
2025,11,202511,대전,대덕구,6904,87
2025,11,202511,대전,동구,8177,90
2025,11,202511,대전,서구,26856,200
2025,11,202511,대전,유성구,31783,238
2025,11,202511,대전,중구,10505,96
2025,11,202511,부산,강서구,12414,78
2025,11,202511,부산,금정구,10505,87
2025,11,202511,부산,기장군,12517,57
2025,11,202511,부산,남구,17020,54
2025,11,202511,부산,동구,21330,20
2025,11,202511,부산,동래구,16226,36
2025,11,202511,부산,부산진구,31073,70
2025,11,202511,부산,북구,9557,50
2025,11,202511,부산,사상구,7046,44
2025,11,202511,부산,사하구,10089,50
2025,11,202511,부산,서구,4411,5
2025,11,202511,부산,수영구,16262,38
2025,11,202511,부산,연제구,55021,83
2025,11,202511,부산,영도구,3217,12
2025,11,202511,부산,중구,28586,20
2025,11,202511,부산,해운대구,42090,96
2025,11,202511,서울,강남구,105990,274
2025,11,202511,서울,강동구,33912,106
2025,11,202511,서울,강북구,8635,97
2025,11,202511,서울,강서구,33847,156
2025,11,202511,서울,관악구,15919,82
2025,11,202511,서울,광진구,20013,85
2025,11,202511,서울,구로구,18732,118
2025,11,202511,서울,금천구,10901,35
2025,11,202511,서울,노원구,20268,124
2025,11,202511,서울,도봉구,10918,126
2025,11,202511,서울,동대문구,19810,60
2025,11,202511,서울,동작구,22211,43
2025,11,202511,서울,마포구,30070,140
2025,11,202511,서울,서대문구,18791,139
2025,11,202511,서울,서초구,68998,193
2025,11,202511,서울,성동구,28203,102
2025,11,202511,서울,성북구,23004,128
2025,11,202511,서울,송파구,63693,199
2025,11,202511,서울,양천구,29562,92
2025,11,202511,서울,영등포구,29071,113
2025,11,202511,서울,용산구,25569,93
2025,11,202511,서울,은평구,20266,146
2025,11,202511,서울,종로구,12453,78
2025,11,202511,서울,중구,13939,96
2025,11,202511,서울,중랑구,14112,123
2025,11,202511,세종,세종시,29463,323
2025,11,202511,울산,남구,16551,68
2025,11,202511,울산,동구,3824,37
2025,11,202511,울산,북구,7132,79
2025,11,202511,울산,울주군,10193,87
2025,11,202511,울산,중구,7892,60
2025,11,202511,인천,강화군,4075,57
2025,11,202511,인천,계양구,16534,55
2025,11,202511,인천,남동구,66693,144
2025,11,202511,인천,동구,1977,7
2025,11,202511,인천,미추홀구,21315,78
2025,11,202511,인천,부평구,39992,182
2025,11,202511,인천,서구,52537,344
2025,11,202511,인천,연수구,85944,238
2025,11,202511,인천,옹진군,1191,19
2025,11,202511,인천,중구,12218,163
2025,11,202511,전남,강진군,1080,15
2025,11,202511,전남,고흥군,1920,15
2025,11,202511,전남,곡성군,1123,14
2025,11,202511,전남,광양시,7462,72
2025,11,202511,전남,구례군,832,16
2025,11,202511,전남,나주시,6568,91
2025,11,202511,전남,담양군,2448,27
2025,11,202511,전남,목포시,7322,83
2025,11,202511,전남,무안군,5007,54
2025,11,202511,전남,보성군,1228,15
2025,11,202511,전남,순천시,15218,119
2025,11,202511,전남,신안군,2807,30
2025,11,202511,전남,여수시,12404,91
2025,11,202511,전남,영광군,2540,28
2025,11,202511,전남,영암군,2029,32
2025,11,202511,전남,완도군,1727,11
2025,11,202511,전남,장성군,2186,37
2025,11,202511,전남,장흥군,1177,14
2025,11,202511,전남,진도군,1057,18
2025,11,202511,전남,함평군,1227,21
2025,11,202511,전남,해남군,2844,35
2025,11,202511,전남,화순군,2821,50
2025,11,202511,전북,고창군,2052,22
2025,11,202511,전북,군산시,12072,96
2025,11,202511,전북,김제시,3455,38
2025,11,202511,전북,남원시,2673,34
2025,11,202511,전북,무주군,850,22
2025,11,202511,전북,부안군,1723,17
2025,11,202511,전북,순창군,1018,16
2025,11,202511,전북,완주군,4783,56
2025,11,202511,전북,익산시,11330,114
2025,11,202511,전북,임실군,785,18
2025,11,202511,전북,장수군,679,7
2025,11,202511,전북,전주시,38882,283
2025,11,202511,전북,정읍시,3771,54
2025,11,202511,전북,진안군,889,6
2025,11,202511,제주,서귀포시,9236,123
2025,11,202511,제주,제주시,42357,327
2025,11,202511,충남,계룡시,2568,27
2025,11,202511,충남,공주시,4328,51
2025,11,202511,충남,금산군,1941,33
2025,11,202511,충남,논산시,3807,51
2025,11,202511,충남,당진시,7776,119
2025,11,202511,충남,보령시,3615,67
2025,11,202511,충남,부여군,1889,34
2025,11,202511,충남,서산시,7609,135
2025,11,202511,충남,서천군,1546,25
2025,11,202511,충남,아산시,19515,223
2025,11,202511,충남,예산군,3252,49
2025,11,202511,충남,천안시,38037,436
2025,11,202511,충남,청양군,946,23
2025,11,202511,충남,태안군,2495,41
2025,11,202511,충남,홍성군,4126,54
2025,11,202511,충북,괴산군,1339,30
2025,11,202511,충북,단양군,918,24
2025,11,202511,충북,보은군,1054,19
2025,11,202511,충북,영동군,1319,24
2025,11,202511,충북,옥천군,1790,28
2025,11,202511,충북,음성군,4523,74
2025,11,202511,충북,제천시,5058,68
2025,11,202511,충북,증평군,1364,14
2025,11,202511,충북,진천군,4047,58
2025,11,202511,충북,청주시,49406,507
2025,11,202511,충북,충주시,9094,139
2025,12,202512,강원,강릉시,11420,184
2025,12,202512,강원,고성군,1190,24
2025,12,202512,강원,동해시,3174,90
2025,12,202512,강원,삼척시,2158,43
2025,12,202512,강원,속초시,3966,57
2025,12,202512,강원,양구군,787,10
2025,12,202512,강원,양양군,1640,26
2025,12,202512,강원,영월군,1458,27
2025,12,202512,강원,원주시,21458,189
2025,12,202512,강원,인제군,1162,16
2025,12,202512,강원,정선군,1587,20
2025,12,202512,강원,철원군,1438,30
2025,12,202512,강원,춘천시,14497,200
2025,12,202512,강원,태백시,1512,22
2025,12,202512,강원,평창군,2235,34
2025,12,202512,강원,홍천군,2623,42
2025,12,202512,강원,화천군,738,20
2025,12,202512,강원,횡성군,2282,35
2025,12,202512,경기,가평군,3653,59
2025,12,202512,경기,고양시,80782,658
2025,12,202512,경기,과천시,8622,62
2025,12,202512,경기,광명시,15089,147
2025,12,202512,경기,광주시,28691,433
2025,12,202512,경기,구리시,11010,81
2025,12,202512,경기,군포시,10909,153
2025,12,202512,경기,김포시,38543,600
2025,12,202512,경기,남양주시,46871,463
2025,12,202512,경기,동두천시,3134,35
2025,12,202512,경기,부천시,35310,284
2025,12,202512,경기,성남시,89236,729
2025,12,202512,경기,수원시,92672,659
2025,12,202512,경기,시흥시,26790,192
2025,12,202512,경기,안산시,28361,220
2025,12,202512,경기,안성시,11252,170
2025,12,202512,경기,안양시,33014,188
2025,12,202512,경기,양주시,15660,185
2025,12,202512,경기,양평군,10090,90
2025,12,202512,경기,여주시,6335,103
2025,12,202512,경기,연천군,1983,37
2025,12,202512,경기,오산시,13340,145
2025,12,202512,경기,용인시,106056,731
2025,12,202512,경기,의왕시,11407,89
2025,12,202512,경기,의정부시,20514,196
2025,12,202512,경기,이천시,12953,181
2025,12,202512,경기,파주시,33636,421
2025,12,202512,경기,평택시,41730,430
2025,12,202512,경기,포천시,7505,130
2025,12,202512,경기,하남시,29153,212
2025,12,202512,경기,화성시,77542,925
2025,12,202512,경남,거제시,8818,75
2025,12,202512,경남,거창군,2287,23
2025,12,202512,경남,고성군,1642,17
2025,12,202512,경남,김해시,27241,286
2025,12,202512,경남,남해군,1396,28
2025,12,202512,경남,밀양시,4004,28
2025,12,202512,경남,사천시,4445,34
2025,12,202512,경남,산청군,1321,15
2025,12,202512,경남,양산시,17622,183
2025,12,202512,경남,의령군,951,14
2025,12,202512,경남,진주시,16801,144
2025,12,202512,경남,창녕군,2271,33
2025,12,202512,경남,창원시,112623,514
2025,12,202512,경남,통영시,4375,32
2025,12,202512,경남,하동군,1405,24
2025,12,202512,경남,함안군,7971,31
2025,12,202512,경남,함양군,2824,21
2025,12,202512,경남,합천군,1382,20
2025,12,202512,경북,경산시,12822,118
2025,12,202512,경북,경주시,11857,141
2025,12,202512,경북,고령군,1536,21
2025,12,202512,경북,구미시,18072,224
2025,12,202512,경북,김천시,5187,99
2025,12,202512,경북,문경시,2377,34
2025,12,202512,경북,봉화군,763,14
2025,12,202512,경북,상주시,3020,59
2025,12,202512,경북,성주군,2021,28
2025,12,202512,경북,안동시,6541,107
2025,12,202512,경북,영덕군,1150,18
2025,12,202512,경북,영양군,457,7
2025,12,202512,경북,영주시,3357,60
2025,12,202512,경북,영천시,4274,42
2025,12,202512,경북,예천군,2151,35
2025,12,202512,경북,울릉군,332,7
2025,12,202512,경북,울진군,1915,31
2025,12,202512,경북,의성군,1576,28
2025,12,202512,경북,청도군,2075,23
2025,12,202512,경북,청송군,817,28
2025,12,202512,경북,칠곡군,4908,62
2025,12,202512,경북,포항시,25062,253
2025,12,202512,광주,광산구,21790,199
2025,12,202512,광주,남구,14426,75
2025,12,202512,광주,동구,7529,21
2025,12,202512,광주,북구,22233,165
2025,12,202512,광주,서구,20942,107
2025,12,202512,대구,군위군,1035,20
2025,12,202512,대구,남구,7797,38
2025,12,202512,대구,달서구,45457,201
2025,12,202512,대구,달성군,12676,120
2025,12,202512,대구,동구,19723,125
2025,12,202512,대구,북구,20467,161
2025,12,202512,대구,서구,8043,40
2025,12,202512,대구,수성구,63801,148
2025,12,202512,대구,중구,17351,41
2025,12,202512,대전,대덕구,6947,88
2025,12,202512,대전,동구,8141,88
2025,12,202512,대전,서구,26972,199
2025,12,202512,대전,유성구,32002,238
2025,12,202512,대전,중구,10541,95
2025,12,202512,부산,강서구,12454,79
2025,12,202512,부산,금정구,10577,86
2025,12,202512,부산,기장군,12773,59
2025,12,202512,부산,남구,17127,55
2025,12,202512,부산,동구,21314,20
2025,12,202512,부산,동래구,16237,36
2025,12,202512,부산,부산진구,31270,68
2025,12,202512,부산,북구,9570,49
2025,12,202512,부산,사상구,7097,45
2025,12,202512,부산,사하구,10124,51
2025,12,202512,부산,서구,4404,5
2025,12,202512,부산,수영구,16544,37
2025,12,202512,부산,연제구,55156,84
2025,12,202512,부산,영도구,3233,11
2025,12,202512,부산,중구,28484,20
2025,12,202512,부산,해운대구,42442,97
2025,12,202512,서울,강남구,106083,269
2025,12,202512,서울,강동구,33996,104
2025,12,202512,서울,강북구,8656,94
2025,12,202512,서울,강서구,34585,152
2025,12,202512,서울,관악구,15961,82
2025,12,202512,서울,광진구,20030,86
2025,12,202512,서울,구로구,18568,118
2025,12,202512,서울,금천구,10942,40
2025,12,202512,서울,노원구,20308,121
2025,12,202512,서울,도봉구,10933,130
2025,12,202512,서울,동대문구,20040,60
2025,12,202512,서울,동작구,22175,43
2025,12,202512,서울,마포구,30057,138
2025,12,202512,서울,서대문구,18889,139
2025,12,202512,서울,서초구,69314,192
2025,12,202512,서울,성동구,28539,106
2025,12,202512,서울,성북구,22980,126
2025,12,202512,서울,송파구,63782,213
2025,12,202512,서울,양천구,29629,91
2025,12,202512,서울,영등포구,29094,114
2025,12,202512,서울,용산구,25575,92
2025,12,202512,서울,은평구,20331,150
2025,12,202512,서울,종로구,12482,79
2025,12,202512,서울,중구,13862,92
2025,12,202512,서울,중랑구,14155,128
2025,12,202512,세종,세종시,29497,323
2025,12,202512,울산,남구,16631,74
2025,12,202512,울산,동구,3839,38
2025,12,202512,울산,북구,7220,80
2025,12,202512,울산,울주군,10207,86
2025,12,202512,울산,중구,7913,63
2025,12,202512,인천,강화군,4075,57
2025,12,202512,인천,계양구,16392,55
2025,12,202512,인천,남동구,67074,146
2025,12,202512,인천,동구,1980,8
2025,12,202512,인천,미추홀구,21095,77
2025,12,202512,인천,부평구,39789,182
2025,12,202512,인천,서구,52957,348
2025,12,202512,인천,연수구,86216,239
2025,12,202512,인천,옹진군,1255,19
2025,12,202512,인천,중구,12283,161
2025,12,202512,전남,강진군,1086,14
2025,12,202512,전남,고흥군,1936,15
2025,12,202512,전남,곡성군,1165,14
2025,12,202512,전남,광양시,7471,72
2025,12,202512,전남,구례군,842,16
2025,12,202512,전남,나주시,6572,92
2025,12,202512,전남,담양군,2468,26
2025,12,202512,전남,목포시,7308,82
2025,12,202512,전남,무안군,5055,54
2025,12,202512,전남,보성군,1238,15
2025,12,202512,전남,순천시,15263,121
2025,12,202512,전남,신안군,2813,30
2025,12,202512,전남,여수시,12425,91
2025,12,202512,전남,영광군,2566,28
2025,12,202512,전남,영암군,2045,33
2025,12,202512,전남,완도군,1726,12
2025,12,202512,전남,장성군,2188,38
2025,12,202512,전남,장흥군,1178,14
2025,12,202512,전남,진도군,1064,16
2025,12,202512,전남,함평군,1234,22
2025,12,202512,전남,해남군,2901,34
2025,12,202512,전남,화순군,2847,49
2025,12,202512,전북,고창군,2061,22
2025,12,202512,전북,군산시,12124,96
2025,12,202512,전북,김제시,3464,39
2025,12,202512,전북,남원시,2687,34
2025,12,202512,전북,무주군,849,21
2025,12,202512,전북,부안군,1719,17
2025,12,202512,전북,순창군,1029,16
2025,12,202512,전북,완주군,4795,55
2025,12,202512,전북,익산시,11396,109
2025,12,202512,전북,임실군,798,18
2025,12,202512,전북,장수군,711,7
2025,12,202512,전북,전주시,38784,282
2025,12,202512,전북,정읍시,3788,54
2025,12,202512,전북,진안군,894,6
2025,12,202512,제주,서귀포시,9271,122
2025,12,202512,제주,제주시,42327,324
2025,12,202512,충남,계룡시,2571,25
2025,12,202512,충남,공주시,4359,56
2025,12,202512,충남,금산군,1939,34
2025,12,202512,충남,논산시,3802,52
2025,12,202512,충남,당진시,7777,120
2025,12,202512,충남,보령시,3608,67
2025,12,202512,충남,부여군,1891,34
2025,12,202512,충남,서산시,7620,133
2025,12,202512,충남,서천군,1547,25
2025,12,202512,충남,아산시,19645,225
2025,12,202512,충남,예산군,3273,50
2025,12,202512,충남,천안시,38196,444
2025,12,202512,충남,청양군,966,23
2025,12,202512,충남,태안군,2487,39
2025,12,202512,충남,홍성군,4150,56
2025,12,202512,충북,괴산군,1446,31
2025,12,202512,충북,단양군,909,24
2025,12,202512,충북,보은군,1093,19
2025,12,202512,충북,영동군,1341,24
2025,12,202512,충북,옥천군,1884,31
2025,12,202512,충북,음성군,4580,76
2025,12,202512,충북,제천시,5075,67
2025,12,202512,충북,증평군,1349,14
2025,12,202512,충북,진천군,4047,57
2025,12,202512,충북,청주시,49396,512
2025,12,202512,충북,충주시,9120,138
